Using pre-set license
Built from '2022.3/china_unity/release' branch; Version is '2022.3.34f1c1 (1e17368ca73f) revision 1972022'; Using compiler version '192829333'; Build Type 'Release'
OS: 'Windows 11  (10.0.22621) 64bit Professional' Language: 'zh' Physical Memory: 65349 MB
BatchMode: 1, IsHumanControllingUs: 0, StartBugReporterOnCrash: 0, Is64bit: 1, IsPro: 1

COMMAND LINE ARGUMENTS:
C:\Program Files\Unity\Hub\Editor\2022.3.34f1c1\Editor\Unity.exe
-adb2
-batchMode
-noUpm
-name
AssetImportWorker1
-projectPath
D:/模型下载/dg1
-logFile
Logs/AssetImportWorker1.log
-srvPort
59977
Successfully changed project path to: D:/模型下载/dg1
D:/模型下载/dg1
[UnityMemory] Configuration Parameters - Can be set up in boot.config
    "memorysetup-bucket-allocator-granularity=16"
    "memorysetup-bucket-allocator-bucket-count=8"
    "memorysetup-bucket-allocator-block-size=33554432"
    "memorysetup-bucket-allocator-block-count=8"
    "memorysetup-main-allocator-block-size=16777216"
    "memorysetup-thread-allocator-block-size=16777216"
    "memorysetup-gfx-main-allocator-block-size=16777216"
    "memorysetup-gfx-thread-allocator-block-size=16777216"
    "memorysetup-cache-allocator-block-size=4194304"
    "memorysetup-typetree-allocator-block-size=2097152"
    "memorysetup-profiler-bucket-allocator-granularity=16"
    "memorysetup-profiler-bucket-allocator-bucket-count=8"
    "memorysetup-profiler-bucket-allocator-block-size=33554432"
    "memorysetup-profiler-bucket-allocator-block-count=8"
    "memorysetup-profiler-allocator-block-size=16777216"
    "memorysetup-profiler-editor-allocator-block-size=1048576"
    "memorysetup-temp-allocator-size-main=16777216"
    "memorysetup-job-temp-allocator-block-size=2097152"
    "memorysetup-job-temp-allocator-block-size-background=1048576"
    "memorysetup-job-temp-allocator-reduction-small-platforms=262144"
    "memorysetup-allocator-temp-initial-block-size-main=262144"
    "memorysetup-allocator-temp-initial-block-size-worker=262144"
    "memorysetup-temp-allocator-size-background-worker=32768"
    "memorysetup-temp-allocator-size-job-worker=262144"
    "memorysetup-temp-allocator-size-preload-manager=33554432"
    "memorysetup-temp-allocator-size-nav-mesh-worker=65536"
    "memorysetup-temp-allocator-size-audio-worker=65536"
    "memorysetup-temp-allocator-size-cloud-worker=32768"
    "memorysetup-temp-allocator-size-gi-baking-worker=262144"
    "memorysetup-temp-allocator-size-gfx=262144"
Player connection [31664] Host "[IP] 192.168.0.53 [Port] 0 [Flags] 2 [Guid] 29188105 [EditorId] 29188105 [Version] 1048832 [Id] WindowsEditor(7,HZHD) [Debug] 1 [PackageName] WindowsEditor [ProjectName] Editor" joined multi-casting on [225.0.0.222:54997]...

Player connection [31664] Host "[IP] 192.168.0.53 [Port] 0 [Flags] 2 [Guid] 29188105 [EditorId] 29188105 [Version] 1048832 [Id] WindowsEditor(7,HZHD) [Debug] 1 [PackageName] WindowsEditor [ProjectName] Editor" joined alternative multi-casting on [225.0.0.222:34997]...

[PhysX] Initialized MultithreadedTaskDispatcher with 20 workers.
Refreshing native plugins compatible for Editor in 14.90 ms, found 3 plugins.
Preloading 0 native plugins for Editor in 0.00 ms.
Initialize engine version: 2022.3.34f1c1 (1e17368ca73f)
[Subsystems] Discovering subsystems at path C:/Program Files/Unity/Hub/Editor/2022.3.34f1c1/Editor/Data/Resources/UnitySubsystems
[Subsystems] Discovering subsystems at path D:/模型下载/dg1/Assets
GfxDevice: creating device client; threaded=0; jobified=0
Direct3D:
    Version:  Direct3D 11.0 [level 11.1]
    Renderer: NVIDIA GeForce RTX 4060 Ti (ID=0x2803)
    Vendor:   NVIDIA
    VRAM:     16109 MB
    Driver:   32.0.15.5585
Initialize mono
Mono path[0] = 'C:/Program Files/Unity/Hub/Editor/2022.3.34f1c1/Editor/Data/Managed'
Mono path[1] = 'C:/Program Files/Unity/Hub/Editor/2022.3.34f1c1/Editor/Data/MonoBleedingEdge/lib/mono/unityjit-win32'
Mono config path = 'C:/Program Files/Unity/Hub/Editor/2022.3.34f1c1/Editor/Data/MonoBleedingEdge/etc'
Using monoOptions --debugger-agent=transport=dt_socket,embedding=1,server=y,suspend=n,address=127.0.0.1:56348
Begin MonoManager ReloadAssembly
Registering precompiled unity dll's ...
Register platform support module: C:/Program Files/Unity/Hub/Editor/2022.3.34f1c1/Editor/Data/PlaybackEngines/AndroidPlayer/UnityEditor.Android.Extensions.dll
Register platform support module: C:/Program Files/Unity/Hub/Editor/2022.3.34f1c1/Editor/Data/PlaybackEngines/WindowsStandaloneSupport/UnityEditor.WindowsStandalone.Extensions.dll
Registered in 0.021644 seconds.
- Loaded All Assemblies, in  0.376 seconds
Native extension for WindowsStandalone target not found
Native extension for Android target not found
Android Extension - Scanning For ADB Devices 247 ms
Mono: successfully reloaded assembly
- Finished resetting the current domain, in  0.498 seconds
Domain Reload Profiling: 868ms
	BeginReloadAssembly (132ms)
		ExecutionOrderSort (0ms)
		DisableScriptedObjects (0ms)
		BackupInstance (0ms)
		ReleaseScriptingObjects (0ms)
		CreateAndSetChildDomain (1ms)
	RebuildCommonClasses (28ms)
	RebuildNativeTypeToScriptingClass (7ms)
	initialDomainReloadingComplete (76ms)
	LoadAllAssembliesAndSetupDomain (126ms)
		LoadAssemblies (126ms)
		RebuildTransferFunctionScriptingTraits (0ms)
		AnalyzeDomain (123ms)
			TypeCache.Refresh (122ms)
				TypeCache.ScanAssembly (109ms)
			ScanForSourceGeneratedMonoScriptInfo (0ms)
			ResolveRequiredComponents (0ms)
	FinalizeReload (499ms)
		ReleaseScriptCaches (0ms)
		RebuildScriptCaches (0ms)
		SetupLoadedEditorAssemblies (460ms)
			LogAssemblyErrors (0ms)
			InitializePlatformSupportModulesInManaged (338ms)
			SetLoadedEditorAssemblies (3ms)
			RefreshPlugins (0ms)
			BeforeProcessingInitializeOnLoad (2ms)
			ProcessInitializeOnLoadAttributes (79ms)
			ProcessInitializeOnLoadMethodAttributes (38ms)
			AfterProcessingInitializeOnLoad (0ms)
			EditorAssembliesLoaded (0ms)
		ExecutionOrderSort2 (0ms)
		AwakeInstancesAfterBackupRestoration (0ms)
========================================================================
Worker process is ready to serve import requests
Begin MonoManager ReloadAssembly
- Loaded All Assemblies, in  0.581 seconds
Refreshing native plugins compatible for Editor in 4.99 ms, found 3 plugins.
Native extension for WindowsStandalone target not found
Native extension for Android target not found
Package Manager log level set to [2]
[Package Manager] Server::EnsureServerProcessIsRunning -- launch failed, reason: Unity was launched with the -noUpm command-line argument
[Package Manager] UpmClient::Send -- Unable to send message (not connected to UPM process).
[Package Manager] Cannot connect to Unity Package Manager local server
Mono: successfully reloaded assembly
- Finished resetting the current domain, in  0.467 seconds
Domain Reload Profiling: 1039ms
	BeginReloadAssembly (152ms)
		ExecutionOrderSort (0ms)
		DisableScriptedObjects (4ms)
		BackupInstance (0ms)
		ReleaseScriptingObjects (0ms)
		CreateAndSetChildDomain (16ms)
	RebuildCommonClasses (27ms)
	RebuildNativeTypeToScriptingClass (7ms)
	initialDomainReloadingComplete (51ms)
	LoadAllAssembliesAndSetupDomain (336ms)
		LoadAssemblies (318ms)
		RebuildTransferFunctionScriptingTraits (0ms)
		AnalyzeDomain (118ms)
			TypeCache.Refresh (103ms)
				TypeCache.ScanAssembly (88ms)
			ScanForSourceGeneratedMonoScriptInfo (11ms)
			ResolveRequiredComponents (3ms)
	FinalizeReload (467ms)
		ReleaseScriptCaches (0ms)
		RebuildScriptCaches (0ms)
		SetupLoadedEditorAssemblies (349ms)
			LogAssemblyErrors (0ms)
			InitializePlatformSupportModulesInManaged (27ms)
			SetLoadedEditorAssemblies (3ms)
			RefreshPlugins (0ms)
			BeforeProcessingInitializeOnLoad (57ms)
			ProcessInitializeOnLoadAttributes (221ms)
			ProcessInitializeOnLoadMethodAttributes (16ms)
			AfterProcessingInitializeOnLoad (25ms)
			EditorAssembliesLoaded (0ms)
		ExecutionOrderSort2 (0ms)
		AwakeInstancesAfterBackupRestoration (13ms)
Launched and connected shader compiler UnityShaderCompiler.exe after 0.05 seconds
Refreshing native plugins compatible for Editor in 9.67 ms, found 3 plugins.
Preloading 0 native plugins for Editor in 0.00 ms.
Unloading 3130 Unused Serialized files (Serialized files now loaded: 0)
Unloading 41 unused Assets / (32.8 KB). Loaded Objects now: 3602.
Memory consumption went from 131.4 MB to 131.3 MB.
Total: 2.504500 ms (FindLiveObjects: 0.279600 ms CreateObjectMapping: 0.122800 ms MarkObjects: 2.043600 ms  DeleteObjects: 0.055200 ms)

AssetImportParameters requested are different than current active one (requested -> active):
  custom:container-demuxer-ogg: 62fdf1f143b41e24485cea50d1cbac27 -> 
  custom:video-codec-MediaFoundation-h265: 746d11721c4dcdbdad8f713fa42b33f4 -> 
  custom:video-decoder-ogg-theora: a1e56fd34408186e4bbccfd4996cb3dc -> 
  custom:framework-win-MediaFoundation: 216162199b28c13a410421893ffa2e32 -> 
  custom:CustomObjectIndexerAttribute: 9a22284fe3817be447336de3de66b15e -> 
  custom:container-demuxer-webm: 4f35f7cbe854078d1ac9338744f61a02 -> 
  custom:container-muxer-webm: aa71ff27fc2769a1b78a27578f13a17b -> 
  custom:video-decoder-webm-vp8: 9c59270c3fd7afecdb556c50c9e8de78 -> 
  custom:SearchIndexIgnoredProperties: e643bd26f0fe6173181afceb89e7c659 -> 
  custom:AudioImporter_EditorPlatform: d09bf68614088b80899f8185d706f6e7 -> 
  custom:video-encoder-webm-vp8: eb34c28f22e8b96e1ab97ce403110664 -> 
  custom:audio-decoder-ogg-vorbis: bf7c407c2cedff20999df2af8eb42d56 -> 
  custom:audio-encoder-webm-vorbis: bf7c407c2cedff20999df2af8eb42d56 -> 
========================================================================
Received Import Request.
  Time since last request: 4232.357705 seconds.
  path: Assets/AnimationClip/2.anim
  artifactKey: Guid(cda31f715a1a40539ad596c550e081de) Importer(815301076,1909f56bfc062723c751e8b465ee728b)
Start importing Assets/AnimationClip/2.anim using Guid(cda31f715a1a40539ad596c550e081de) Importer(815301076,1909f56bfc062723c751e8b465ee728b) [PhysX] Initialized MultithreadedTaskDispatcher with 20 workers.
 -> (artifact id: '538b31b9dc2e52e8a1091f91d9017fdb') in 0.010748 seconds
Number of updated asset objects reloaded before import = 0
Number of asset objects unloaded after import = 1
========================================================================
Received Prepare
Begin MonoManager ReloadAssembly
Symbol file LoadedFromMemory is not a mono symbol file
- Loaded All Assemblies, in  0.546 seconds
Refreshing native plugins compatible for Editor in 4.52 ms, found 3 plugins.
Native extension for WindowsStandalone target not found
Native extension for Android target not found
[Package Manager] Server::EnsureServerProcessIsRunning -- launch failed, reason: Unity was launched with the -noUpm command-line argument
[Package Manager] UpmClient::Send -- Unable to send message (not connected to UPM process).
[Package Manager] Cannot connect to Unity Package Manager local server
Mono: successfully reloaded assembly
- Finished resetting the current domain, in  0.720 seconds
Domain Reload Profiling: 1256ms
	BeginReloadAssembly (160ms)
		ExecutionOrderSort (0ms)
		DisableScriptedObjects (3ms)
		BackupInstance (0ms)
		ReleaseScriptingObjects (0ms)
		CreateAndSetChildDomain (20ms)
	RebuildCommonClasses (29ms)
	RebuildNativeTypeToScriptingClass (7ms)
	initialDomainReloadingComplete (64ms)
	LoadAllAssembliesAndSetupDomain (275ms)
		LoadAssemblies (322ms)
		RebuildTransferFunctionScriptingTraits (0ms)
		AnalyzeDomain (59ms)
			TypeCache.Refresh (47ms)
				TypeCache.ScanAssembly (37ms)
			ScanForSourceGeneratedMonoScriptInfo (7ms)
			ResolveRequiredComponents (4ms)
	FinalizeReload (721ms)
		ReleaseScriptCaches (0ms)
		RebuildScriptCaches (0ms)
		SetupLoadedEditorAssemblies (315ms)
			LogAssemblyErrors (0ms)
			InitializePlatformSupportModulesInManaged (28ms)
			SetLoadedEditorAssemblies (3ms)
			RefreshPlugins (0ms)
			BeforeProcessingInitializeOnLoad (56ms)
			ProcessInitializeOnLoadAttributes (190ms)
			ProcessInitializeOnLoadMethodAttributes (15ms)
			AfterProcessingInitializeOnLoad (22ms)
			EditorAssembliesLoaded (0ms)
		ExecutionOrderSort2 (0ms)
		AwakeInstancesAfterBackupRestoration (12ms)
Refreshing native plugins compatible for Editor in 7.29 ms, found 3 plugins.
Preloading 0 native plugins for Editor in 0.00 ms.
Unloading 3123 Unused Serialized files (Serialized files now loaded: 0)
Unloading 34 unused Assets / (35.8 KB). Loaded Objects now: 3606.
Memory consumption went from 129.9 MB to 129.9 MB.
Total: 2.487700 ms (FindLiveObjects: 0.210700 ms CreateObjectMapping: 0.205600 ms MarkObjects: 2.004200 ms  DeleteObjects: 0.065800 ms)

Prepare: number of updated asset objects reloaded= 0
AssetImportParameters requested are different than current active one (requested -> active):
  custom:container-demuxer-ogg: 62fdf1f143b41e24485cea50d1cbac27 -> 
  custom:video-codec-MediaFoundation-h265: 746d11721c4dcdbdad8f713fa42b33f4 -> 
  custom:video-decoder-ogg-theora: a1e56fd34408186e4bbccfd4996cb3dc -> 
  custom:framework-win-MediaFoundation: 216162199b28c13a410421893ffa2e32 -> 
  custom:CustomObjectIndexerAttribute: 9a22284fe3817be447336de3de66b15e -> 
  custom:container-demuxer-webm: 4f35f7cbe854078d1ac9338744f61a02 -> 
  custom:container-muxer-webm: aa71ff27fc2769a1b78a27578f13a17b -> 
  custom:video-decoder-webm-vp8: 9c59270c3fd7afecdb556c50c9e8de78 -> 
  custom:SearchIndexIgnoredProperties: e643bd26f0fe6173181afceb89e7c659 -> 
  custom:AudioImporter_EditorPlatform: d09bf68614088b80899f8185d706f6e7 -> 
  custom:video-encoder-webm-vp8: eb34c28f22e8b96e1ab97ce403110664 -> 
  custom:audio-decoder-ogg-vorbis: bf7c407c2cedff20999df2af8eb42d56 -> 
  custom:audio-encoder-webm-vorbis: bf7c407c2cedff20999df2af8eb42d56 -> 
========================================================================
Received Import Request.
  Time since last request: 102.091116 seconds.
  path: Assets/Resources/1637.dat.png
  artifactKey: Guid(2d434a58d87940f69467d62c88606aa7) Importer(815301076,1909f56bfc062723c751e8b465ee728b)
Start importing Assets/Resources/1637.dat.png using Guid(2d434a58d87940f69467d62c88606aa7) Importer(815301076,1909f56bfc062723c751e8b465ee728b) [PhysX] Initialized MultithreadedTaskDispatcher with 20 workers.
[PhysX] Initialized MultithreadedTaskDispatcher with 20 workers.
 -> (artifact id: '2eb089efbc3d0978ed5015d348ed4d64') in 0.071425 seconds
Number of updated asset objects reloaded before import = 0
Number of asset objects unloaded after import = 3
========================================================================
Received Import Request.
  Time since last request: 0.000022 seconds.
  path: Assets/Resources/1675.dat.png
  artifactKey: Guid(5818386d295e41b690d805b00f47302b) Importer(815301076,1909f56bfc062723c751e8b465ee728b)
Start importing Assets/Resources/1675.dat.png using Guid(5818386d295e41b690d805b00f47302b) Importer(815301076,1909f56bfc062723c751e8b465ee728b) [PhysX] Initialized MultithreadedTaskDispatcher with 20 workers.
[PhysX] Initialized MultithreadedTaskDispatcher with 20 workers.
 -> (artifact id: 'e909c59a638d9db6d400bd1df7b920c1') in 0.020151 seconds
Number of updated asset objects reloaded before import = 0
Number of asset objects unloaded after import = 3
========================================================================
Received Import Request.
  Time since last request: 0.000020 seconds.
  path: Assets/Resources/2007.dat.png
  artifactKey: Guid(f3ead3ea2f2d440c9024c62e65817309) Importer(815301076,1909f56bfc062723c751e8b465ee728b)
Start importing Assets/Resources/2007.dat.png using Guid(f3ead3ea2f2d440c9024c62e65817309) Importer(815301076,1909f56bfc062723c751e8b465ee728b) [PhysX] Initialized MultithreadedTaskDispatcher with 20 workers.
[PhysX] Initialized MultithreadedTaskDispatcher with 20 workers.
 -> (artifact id: 'f7be8cd5191b4ac639e1d14c607bc2e8') in 0.023742 seconds
Number of updated asset objects reloaded before import = 0
Number of asset objects unloaded after import = 3
========================================================================
Received Import Request.
  Time since last request: 0.000013 seconds.
  path: Assets/Resources/1640.dat.png
  artifactKey: Guid(7f79dda22ade4fd3a3408951b80dafc2) Importer(815301076,1909f56bfc062723c751e8b465ee728b)
Start importing Assets/Resources/1640.dat.png using Guid(7f79dda22ade4fd3a3408951b80dafc2) Importer(815301076,1909f56bfc062723c751e8b465ee728b) [PhysX] Initialized MultithreadedTaskDispatcher with 20 workers.
[PhysX] Initialized MultithreadedTaskDispatcher with 20 workers.
 -> (artifact id: 'e9057899a88380a102157234daf7da3a') in 0.013130 seconds
Number of updated asset objects reloaded before import = 0
Number of asset objects unloaded after import = 3
========================================================================
Received Import Request.
  Time since last request: 0.000014 seconds.
  path: Assets/Resources/1676.dat.png
  artifactKey: Guid(1a65ee54e8fb4521890a2b4708f50710) Importer(815301076,1909f56bfc062723c751e8b465ee728b)
Start importing Assets/Resources/1676.dat.png using Guid(1a65ee54e8fb4521890a2b4708f50710) Importer(815301076,1909f56bfc062723c751e8b465ee728b) [PhysX] Initialized MultithreadedTaskDispatcher with 20 workers.
[PhysX] Initialized MultithreadedTaskDispatcher with 20 workers.
 -> (artifact id: '6046892ea96a5a5dc2c102d24d498a1a') in 0.018943 seconds
Number of updated asset objects reloaded before import = 0
Number of asset objects unloaded after import = 3
========================================================================
Received Import Request.
  Time since last request: 0.000014 seconds.
  path: Assets/Resources/1925.dat.png
  artifactKey: Guid(a8233f5685d9490280fe51f5054d11bf) Importer(815301076,1909f56bfc062723c751e8b465ee728b)
Start importing Assets/Resources/1925.dat.png using Guid(a8233f5685d9490280fe51f5054d11bf) Importer(815301076,1909f56bfc062723c751e8b465ee728b) [PhysX] Initialized MultithreadedTaskDispatcher with 20 workers.
[PhysX] Initialized MultithreadedTaskDispatcher with 20 workers.
 -> (artifact id: '0f14f25e4612beaea496afbd9d2936f5') in 0.008977 seconds
Number of updated asset objects reloaded before import = 0
Number of asset objects unloaded after import = 3
========================================================================
Received Import Request.
  Time since last request: 1.835104 seconds.
  path: Assets/MonoBehaviour/3729.dat.asset
  artifactKey: Guid(1d21e32fb2964b3eb714588caa4ce321) Importer(815301076,1909f56bfc062723c751e8b465ee728b)
Start importing Assets/MonoBehaviour/3729.dat.asset using Guid(1d21e32fb2964b3eb714588caa4ce321) Importer(815301076,1909f56bfc062723c751e8b465ee728b) [PhysX] Initialized MultithreadedTaskDispatcher with 20 workers.
 -> (artifact id: '2ee4405a99029c34549b0a9d7fa0fc44') in 0.041342 seconds
Number of updated asset objects reloaded before import = 0
Number of asset objects unloaded after import = 3
========================================================================
Received Import Request.
  Time since last request: 0.000017 seconds.
  path: Assets/MonoBehaviour/3832.dat.asset
  artifactKey: Guid(3e026e09ad9648798f355ed98b957e32) Importer(815301076,1909f56bfc062723c751e8b465ee728b)
Start importing Assets/MonoBehaviour/3832.dat.asset using Guid(3e026e09ad9648798f355ed98b957e32) Importer(815301076,1909f56bfc062723c751e8b465ee728b) [PhysX] Initialized MultithreadedTaskDispatcher with 20 workers.
 -> (artifact id: '300d4a4512ab7ce9a30a3133ffe5937c') in 0.011919 seconds
Number of updated asset objects reloaded before import = 0
Number of asset objects unloaded after import = 3
========================================================================
Received Import Request.
  Time since last request: 39.086367 seconds.
  path: Assets/Resources/战斗场景预制件/山贼战斗场景.prefab
  artifactKey: Guid(2408acdd34a845c38767ebf40650a280) Importer(815301076,1909f56bfc062723c751e8b465ee728b)
Start importing Assets/Resources/战斗场景预制件/山贼战斗场景.prefab using Guid(2408acdd34a845c38767ebf40650a280) Importer(815301076,1909f56bfc062723c751e8b465ee728b) [PhysX] Initialized MultithreadedTaskDispatcher with 20 workers.
[PhysX] Initialized MultithreadedTaskDispatcher with 20 workers.
 -> (artifact id: '83d8ee5a13dc4e25f66dc4d4e1e7a8e0') in 0.104646 seconds
Number of updated asset objects reloaded before import = 0
Number of asset objects unloaded after import = 526
========================================================================
Received Import Request.
  Time since last request: 27.626709 seconds.
  path: Assets/AnimationClip/2.anim
  artifactKey: Guid(cda31f715a1a40539ad596c550e081de) Importer(2089858483,0ecaa5967403d082aa24f35e1b516d23)
Start importing Assets/AnimationClip/2.anim using Guid(cda31f715a1a40539ad596c550e081de) Importer(2089858483,0ecaa5967403d082aa24f35e1b516d23) [PhysX] Initialized MultithreadedTaskDispatcher with 20 workers.
 -> (artifact id: '88b338fe0edf572ad230cfb71a6dc657') in 0.062402 seconds
Number of updated asset objects reloaded before import = 0
Number of asset objects unloaded after import = 1
========================================================================
Received Import Request.
  Time since last request: 0.000017 seconds.
  path: Assets/AnimationClip/3.anim
  artifactKey: Guid(f9efa37eaabe4c6c873815079b3e7619) Importer(2089858483,0ecaa5967403d082aa24f35e1b516d23)
Start importing Assets/AnimationClip/3.anim using Guid(f9efa37eaabe4c6c873815079b3e7619) Importer(2089858483,0ecaa5967403d082aa24f35e1b516d23) [PhysX] Initialized MultithreadedTaskDispatcher with 20 workers.
 -> (artifact id: 'fe20b0f0e4e38b64a14dbbfc50562931') in 0.003865 seconds
Number of updated asset objects reloaded before import = 0
Number of asset objects unloaded after import = 1
========================================================================
Received Import Request.
  Time since last request: 0.000054 seconds.
  path: Assets/AnimatorController/瀑布.controller
  artifactKey: Guid(c45f5bae8a104c1ab63b53a0c62a8ccd) Importer(2089858483,0ecaa5967403d082aa24f35e1b516d23)
Start importing Assets/AnimatorController/瀑布.controller using Guid(c45f5bae8a104c1ab63b53a0c62a8ccd) Importer(2089858483,0ecaa5967403d082aa24f35e1b516d23) [PhysX] Initialized MultithreadedTaskDispatcher with 20 workers.
 -> (artifact id: '40b9d95bc07d2fd8b24488689a721bb9') in 0.004092 seconds
Number of updated asset objects reloaded before import = 0
Number of asset objects unloaded after import = 4
========================================================================
Received Import Request.
  Time since last request: 0.000017 seconds.
  path: Assets/AnimationClip/弩骑兵_走.anim
  artifactKey: Guid(b1d04fea42924072ad29aca205e77ae3) Importer(2089858483,0ecaa5967403d082aa24f35e1b516d23)
Start importing Assets/AnimationClip/弩骑兵_走.anim using Guid(b1d04fea42924072ad29aca205e77ae3) Importer(2089858483,0ecaa5967403d082aa24f35e1b516d23) [PhysX] Initialized MultithreadedTaskDispatcher with 20 workers.
 -> (artifact id: '3fab967aee6333b189352b6543d1d2b5') in 0.004328 seconds
Number of updated asset objects reloaded before import = 0
Number of asset objects unloaded after import = 1
========================================================================
Received Import Request.
  Time since last request: 0.000013 seconds.
  path: Assets/AnimatorController/鱼.controller
  artifactKey: Guid(c83fbff56f5e4392bcf3e18bbc0a8680) Importer(2089858483,0ecaa5967403d082aa24f35e1b516d23)
Start importing Assets/AnimatorController/鱼.controller using Guid(c83fbff56f5e4392bcf3e18bbc0a8680) Importer(2089858483,0ecaa5967403d082aa24f35e1b516d23) [PhysX] Initialized MultithreadedTaskDispatcher with 20 workers.
 -> (artifact id: '67a2443937f4d88093be1ba5a2852945') in 0.005206 seconds
Number of updated asset objects reloaded before import = 0
Number of asset objects unloaded after import = 4
========================================================================
Received Import Request.
  Time since last request: 0.000014 seconds.
  path: Assets/Images/10219.dat.png
  artifactKey: Guid(aa081af2d9f448e6b1a6b71a0d3dcd49) Importer(2089858483,0ecaa5967403d082aa24f35e1b516d23)
Start importing Assets/Images/10219.dat.png using Guid(aa081af2d9f448e6b1a6b71a0d3dcd49) Importer(2089858483,0ecaa5967403d082aa24f35e1b516d23) [PhysX] Initialized MultithreadedTaskDispatcher with 20 workers.
 -> (artifact id: '7a98de4e1c18a52ac41a517f4d18f7fb') in 0.031045 seconds
Number of updated asset objects reloaded before import = 0
Number of asset objects unloaded after import = 3
========================================================================
Received Import Request.
  Time since last request: 0.000014 seconds.
  path: Assets/Images/10145.dat.png
  artifactKey: Guid(6586ca65ab1d4e9d8bc12807b6ea09f6) Importer(2089858483,0ecaa5967403d082aa24f35e1b516d23)
Start importing Assets/Images/10145.dat.png using Guid(6586ca65ab1d4e9d8bc12807b6ea09f6) Importer(2089858483,0ecaa5967403d082aa24f35e1b516d23) [PhysX] Initialized MultithreadedTaskDispatcher with 20 workers.
 -> (artifact id: 'bbd888ee67775641d6deaa592efaa57c') in 0.007272 seconds
Number of updated asset objects reloaded before import = 0
Number of asset objects unloaded after import = 3
========================================================================
Received Import Request.
  Time since last request: 0.000045 seconds.
  path: Assets/AnimatorController/底部特效控制.controller
  artifactKey: Guid(d10d82a9087b40c7be1185eb3f6b21f8) Importer(2089858483,0ecaa5967403d082aa24f35e1b516d23)
Start importing Assets/AnimatorController/底部特效控制.controller using Guid(d10d82a9087b40c7be1185eb3f6b21f8) Importer(2089858483,0ecaa5967403d082aa24f35e1b516d23) [PhysX] Initialized MultithreadedTaskDispatcher with 20 workers.
 -> (artifact id: '3843cae99166d2c3bc045302f844db4c') in 0.004823 seconds
Number of updated asset objects reloaded before import = 0
Number of asset objects unloaded after import = 27
========================================================================
Received Import Request.
  Time since last request: 0.000012 seconds.
  path: Assets/AnimationClip/弩骑兵_等待.anim
  artifactKey: Guid(72c2b6e01ff64c30bbcaa5c63440f278) Importer(2089858483,0ecaa5967403d082aa24f35e1b516d23)
Start importing Assets/AnimationClip/弩骑兵_等待.anim using Guid(72c2b6e01ff64c30bbcaa5c63440f278) Importer(2089858483,0ecaa5967403d082aa24f35e1b516d23) [PhysX] Initialized MultithreadedTaskDispatcher with 20 workers.
 -> (artifact id: '1a16483e3add272f1274d51d8245ec73') in 0.004446 seconds
Number of updated asset objects reloaded before import = 0
Number of asset objects unloaded after import = 1
========================================================================
Received Import Request.
  Time since last request: 0.000012 seconds.
  path: Assets/AnimatorController/火星子.controller
  artifactKey: Guid(7dee7cd2f78d43219d0d8ac0050a0fb7) Importer(2089858483,0ecaa5967403d082aa24f35e1b516d23)
Start importing Assets/AnimatorController/火星子.controller using Guid(7dee7cd2f78d43219d0d8ac0050a0fb7) Importer(2089858483,0ecaa5967403d082aa24f35e1b516d23) [PhysX] Initialized MultithreadedTaskDispatcher with 20 workers.
 -> (artifact id: 'c233066056d7689f3ac4f2335b1d7d54') in 0.002760 seconds
Number of updated asset objects reloaded before import = 0
Number of asset objects unloaded after import = 4
========================================================================
Received Import Request.
  Time since last request: 0.000011 seconds.
  path: Assets/AnimationClip/头像特效5.anim
  artifactKey: Guid(5c050cec8b3b452897f5b3430f552e54) Importer(2089858483,0ecaa5967403d082aa24f35e1b516d23)
Start importing Assets/AnimationClip/头像特效5.anim using Guid(5c050cec8b3b452897f5b3430f552e54) Importer(2089858483,0ecaa5967403d082aa24f35e1b516d23) [PhysX] Initialized MultithreadedTaskDispatcher with 20 workers.
 -> (artifact id: '4e5fd48ff1eb1b62282aa4efb10e85ef') in 0.003801 seconds
Number of updated asset objects reloaded before import = 0
Number of asset objects unloaded after import = 1
========================================================================
Received Import Request.
  Time since last request: 0.000019 seconds.
  path: Assets/Images/10157.dat.png
  artifactKey: Guid(ba03a9c1ba214d29ba092b5db843b538) Importer(2089858483,0ecaa5967403d082aa24f35e1b516d23)
Start importing Assets/Images/10157.dat.png using Guid(ba03a9c1ba214d29ba092b5db843b538) Importer(2089858483,0ecaa5967403d082aa24f35e1b516d23) [PhysX] Initialized MultithreadedTaskDispatcher with 20 workers.
 -> (artifact id: '49c2eda28c87ea17d5b172be4f7b1317') in 0.007895 seconds
Number of updated asset objects reloaded before import = 0
Number of asset objects unloaded after import = 3
========================================================================
Received Import Request.
  Time since last request: 0.000021 seconds.
  path: Assets/AnimationClip/头像特效6.anim
  artifactKey: Guid(70981c06064246c5b645a6e10bff0bd0) Importer(2089858483,0ecaa5967403d082aa24f35e1b516d23)
Start importing Assets/AnimationClip/头像特效6.anim using Guid(70981c06064246c5b645a6e10bff0bd0) Importer(2089858483,0ecaa5967403d082aa24f35e1b516d23) [PhysX] Initialized MultithreadedTaskDispatcher with 20 workers.
 -> (artifact id: 'eb76cb2628723fdb40d2aedb2ff898c2') in 0.004580 seconds
Number of updated asset objects reloaded before import = 0
Number of asset objects unloaded after import = 1
========================================================================
Received Import Request.
  Time since last request: 0.000019 seconds.
  path: Assets/Font/强化等级.ttf
  artifactKey: Guid(116ebfd9e7f64eaba80e904b977abd66) Importer(2089858483,0ecaa5967403d082aa24f35e1b516d23)
Start importing Assets/Font/强化等级.ttf using Guid(116ebfd9e7f64eaba80e904b977abd66) Importer(2089858483,0ecaa5967403d082aa24f35e1b516d23) [PhysX] Initialized MultithreadedTaskDispatcher with 20 workers.
 -> (artifact id: '7605dba70a2e16211125880b064dd829') in 0.008393 seconds
Number of updated asset objects reloaded before import = 0
Number of asset objects unloaded after import = 1
========================================================================
Received Import Request.
  Time since last request: 0.000015 seconds.
  path: Assets/Images/10213.dat.png
  artifactKey: Guid(3513625ce25548fe964afb04f24c4b8b) Importer(2089858483,0ecaa5967403d082aa24f35e1b516d23)
Start importing Assets/Images/10213.dat.png using Guid(3513625ce25548fe964afb04f24c4b8b) Importer(2089858483,0ecaa5967403d082aa24f35e1b516d23) [PhysX] Initialized MultithreadedTaskDispatcher with 20 workers.
 -> (artifact id: '150bd5b9e519d9f1b60a0bbe564fb0d9') in 0.009788 seconds
Number of updated asset objects reloaded before import = 0
Number of asset objects unloaded after import = 3
========================================================================
Received Import Request.
  Time since last request: 0.000022 seconds.
  path: Assets/Images/10352.dat.png
  artifactKey: Guid(dc335075ab5440afa7fada5b8d9b22b0) Importer(2089858483,0ecaa5967403d082aa24f35e1b516d23)
Start importing Assets/Images/10352.dat.png using Guid(dc335075ab5440afa7fada5b8d9b22b0) Importer(2089858483,0ecaa5967403d082aa24f35e1b516d23) [PhysX] Initialized MultithreadedTaskDispatcher with 20 workers.
 -> (artifact id: 'db2835cfc4a555638ab7fb2f50a1d2a3') in 0.008944 seconds
Number of updated asset objects reloaded before import = 0
Number of asset objects unloaded after import = 3
========================================================================
Received Import Request.
  Time since last request: 0.000015 seconds.
  path: Assets/AnimationClip/头像特效7.anim
  artifactKey: Guid(b17b61b7dc23484797928d761306e424) Importer(2089858483,0ecaa5967403d082aa24f35e1b516d23)
Start importing Assets/AnimationClip/头像特效7.anim using Guid(b17b61b7dc23484797928d761306e424) Importer(2089858483,0ecaa5967403d082aa24f35e1b516d23) [PhysX] Initialized MultithreadedTaskDispatcher with 20 workers.
 -> (artifact id: '8c4fb1b28a9260644a866ad8c2dc3a52') in 0.003802 seconds
Number of updated asset objects reloaded before import = 0
Number of asset objects unloaded after import = 1
========================================================================
Received Import Request.
  Time since last request: 0.000017 seconds.
  path: Assets/Images/10244.dat.png
  artifactKey: Guid(85e623fe8cd743198c10ce18fbc84603) Importer(2089858483,0ecaa5967403d082aa24f35e1b516d23)
Start importing Assets/Images/10244.dat.png using Guid(85e623fe8cd743198c10ce18fbc84603) Importer(2089858483,0ecaa5967403d082aa24f35e1b516d23) [PhysX] Initialized MultithreadedTaskDispatcher with 20 workers.
 -> (artifact id: '036ecdb0df41ae091df7198affb6bdce') in 0.007363 seconds
Number of updated asset objects reloaded before import = 0
Number of asset objects unloaded after import = 3
========================================================================
Received Import Request.
  Time since last request: 0.000018 seconds.
  path: Assets/AnimationClip/底部特效2.anim
  artifactKey: Guid(7c9ac23ab8a34078a59b96d53647c915) Importer(2089858483,0ecaa5967403d082aa24f35e1b516d23)
Start importing Assets/AnimationClip/底部特效2.anim using Guid(7c9ac23ab8a34078a59b96d53647c915) Importer(2089858483,0ecaa5967403d082aa24f35e1b516d23) [PhysX] Initialized MultithreadedTaskDispatcher with 20 workers.
 -> (artifact id: '866570d13dfa1dd615b6702b127f1733') in 0.005615 seconds
Number of updated asset objects reloaded before import = 0
Number of asset objects unloaded after import = 1
========================================================================
Received Import Request.
  Time since last request: 0.000034 seconds.
  path: Assets/Images/10266.dat.png
  artifactKey: Guid(e9ccfb121ab4454d81331ceb47ff365b) Importer(2089858483,0ecaa5967403d082aa24f35e1b516d23)
Start importing Assets/Images/10266.dat.png using Guid(e9ccfb121ab4454d81331ceb47ff365b) Importer(2089858483,0ecaa5967403d082aa24f35e1b516d23) [PhysX] Initialized MultithreadedTaskDispatcher with 20 workers.
 -> (artifact id: '56baf2ba8ce28ed76d3da25802d50b58') in 0.008429 seconds
Number of updated asset objects reloaded before import = 0
Number of asset objects unloaded after import = 3
========================================================================
Received Import Request.
  Time since last request: 0.000017 seconds.
  path: Assets/AnimationClip/底部特效6.anim
  artifactKey: Guid(2495f7f7597742fd9657f7a3635d4660) Importer(2089858483,0ecaa5967403d082aa24f35e1b516d23)
Start importing Assets/AnimationClip/底部特效6.anim using Guid(2495f7f7597742fd9657f7a3635d4660) Importer(2089858483,0ecaa5967403d082aa24f35e1b516d23) [PhysX] Initialized MultithreadedTaskDispatcher with 20 workers.
 -> (artifact id: 'ac7bc3edda1d8d32dfb0c284d0125124') in 0.003916 seconds
Number of updated asset objects reloaded before import = 0
Number of asset objects unloaded after import = 1
========================================================================
Received Import Request.
  Time since last request: 0.000018 seconds.
  path: Assets/Font/铜钱数字.ttf
  artifactKey: Guid(301602b75b79471db7e74fc037e873d7) Importer(2089858483,0ecaa5967403d082aa24f35e1b516d23)
Start importing Assets/Font/铜钱数字.ttf using Guid(301602b75b79471db7e74fc037e873d7) Importer(2089858483,0ecaa5967403d082aa24f35e1b516d23) [PhysX] Initialized MultithreadedTaskDispatcher with 20 workers.
 -> (artifact id: '1c8341f1755d6f61d3e5979f6b33d60a') in 0.004577 seconds
Number of updated asset objects reloaded before import = 0
Number of asset objects unloaded after import = 1
========================================================================
Received Import Request.
  Time since last request: 0.000018 seconds.
  path: Assets/Images/10352.dat_d1.png
  artifactKey: Guid(3fd4372b09e04e3485e6f691733d86fa) Importer(2089858483,0ecaa5967403d082aa24f35e1b516d23)
Start importing Assets/Images/10352.dat_d1.png using Guid(3fd4372b09e04e3485e6f691733d86fa) Importer(2089858483,0ecaa5967403d082aa24f35e1b516d23) [PhysX] Initialized MultithreadedTaskDispatcher with 20 workers.
 -> (artifact id: '43a53c7cef687f704caf7b3f8837b08c') in 0.009496 seconds
Number of updated asset objects reloaded before import = 0
Number of asset objects unloaded after import = 3
========================================================================
Received Import Request.
  Time since last request: 0.000026 seconds.
  path: Assets/Images/10215.dat.png
  artifactKey: Guid(908abf41501b4ef88ab9a68d5ad40937) Importer(2089858483,0ecaa5967403d082aa24f35e1b516d23)
Start importing Assets/Images/10215.dat.png using Guid(908abf41501b4ef88ab9a68d5ad40937) Importer(2089858483,0ecaa5967403d082aa24f35e1b516d23) [PhysX] Initialized MultithreadedTaskDispatcher with 20 workers.
 -> (artifact id: '8bc211d4bec41b3525c183616df02c9b') in 0.008598 seconds
Number of updated asset objects reloaded before import = 0
Number of asset objects unloaded after import = 3
========================================================================
Received Import Request.
  Time since last request: 0.000016 seconds.
  path: Assets/Images/10224.dat.png
  artifactKey: Guid(3cb4e6f270bf466389aed05008274acf) Importer(2089858483,0ecaa5967403d082aa24f35e1b516d23)
Start importing Assets/Images/10224.dat.png using Guid(3cb4e6f270bf466389aed05008274acf) Importer(2089858483,0ecaa5967403d082aa24f35e1b516d23) [PhysX] Initialized MultithreadedTaskDispatcher with 20 workers.
 -> (artifact id: 'fd959a2ffe3ad1709b4b89f61271c3cd') in 0.007717 seconds
Number of updated asset objects reloaded before import = 0
Number of asset objects unloaded after import = 3
========================================================================
Received Import Request.
  Time since last request: 0.000014 seconds.
  path: Assets/Images/10242.dat.png
  artifactKey: Guid(070aadab011a437db47beb694de96ba2) Importer(2089858483,0ecaa5967403d082aa24f35e1b516d23)
Start importing Assets/Images/10242.dat.png using Guid(070aadab011a437db47beb694de96ba2) Importer(2089858483,0ecaa5967403d082aa24f35e1b516d23) [PhysX] Initialized MultithreadedTaskDispatcher with 20 workers.
 -> (artifact id: 'b6322044be81dee2cda1c2d60250bdd8') in 0.007575 seconds
Number of updated asset objects reloaded before import = 0
Number of asset objects unloaded after import = 3
========================================================================
Received Import Request.
  Time since last request: 0.000016 seconds.
  path: Assets/Images/10144.dat.png
  artifactKey: Guid(eb0cff774331443bb14f570c655304a0) Importer(2089858483,0ecaa5967403d082aa24f35e1b516d23)
Start importing Assets/Images/10144.dat.png using Guid(eb0cff774331443bb14f570c655304a0) Importer(2089858483,0ecaa5967403d082aa24f35e1b516d23) [PhysX] Initialized MultithreadedTaskDispatcher with 20 workers.
 -> (artifact id: '6eea28f0a2ba849db06c2f782db270d2') in 0.007766 seconds
Number of updated asset objects reloaded before import = 0
Number of asset objects unloaded after import = 3
========================================================================
Received Import Request.
  Time since last request: 0.000014 seconds.
  path: Assets/Images/10256.dat_d1.png
  artifactKey: Guid(fd0e748577ee4b6995940750a567d009) Importer(2089858483,0ecaa5967403d082aa24f35e1b516d23)
Start importing Assets/Images/10256.dat_d1.png using Guid(fd0e748577ee4b6995940750a567d009) Importer(2089858483,0ecaa5967403d082aa24f35e1b516d23) [PhysX] Initialized MultithreadedTaskDispatcher with 20 workers.
 -> (artifact id: 'bb5b0ecc83845868b521c2a96b7cd35b') in 0.008174 seconds
Number of updated asset objects reloaded before import = 0
Number of asset objects unloaded after import = 3
========================================================================
Received Import Request.
  Time since last request: 0.000021 seconds.
  path: Assets/Images/10142.dat.png
  artifactKey: Guid(79e9066564bd49c888156dfd03b09f14) Importer(2089858483,0ecaa5967403d082aa24f35e1b516d23)
Start importing Assets/Images/10142.dat.png using Guid(79e9066564bd49c888156dfd03b09f14) Importer(2089858483,0ecaa5967403d082aa24f35e1b516d23) [PhysX] Initialized MultithreadedTaskDispatcher with 20 workers.
 -> (artifact id: '236b6231e11651cac0700dc32045d54b') in 0.008674 seconds
Number of updated asset objects reloaded before import = 0
Number of asset objects unloaded after import = 3
========================================================================
Received Import Request.
  Time since last request: 0.000017 seconds.
  path: Assets/Images/10222.dat.png
  artifactKey: Guid(229277deb9654209a08c099ebb6c43a8) Importer(2089858483,0ecaa5967403d082aa24f35e1b516d23)
Start importing Assets/Images/10222.dat.png using Guid(229277deb9654209a08c099ebb6c43a8) Importer(2089858483,0ecaa5967403d082aa24f35e1b516d23) [PhysX] Initialized MultithreadedTaskDispatcher with 20 workers.
 -> (artifact id: '899bea80f936388ed3ced52f0f1b4183') in 0.007527 seconds
Number of updated asset objects reloaded before import = 0
Number of asset objects unloaded after import = 3
========================================================================
Received Import Request.
  Time since last request: 0.000029 seconds.
  path: Assets/AnimationClip/底部特效4.anim
  artifactKey: Guid(ecaf347ad8fb48e49a9c0f80c25cb051) Importer(2089858483,0ecaa5967403d082aa24f35e1b516d23)
Start importing Assets/AnimationClip/底部特效4.anim using Guid(ecaf347ad8fb48e49a9c0f80c25cb051) Importer(2089858483,0ecaa5967403d082aa24f35e1b516d23) [PhysX] Initialized MultithreadedTaskDispatcher with 20 workers.
 -> (artifact id: '64fc1d2aef0fb32e5448ea10587402c0') in 0.004571 seconds
Number of updated asset objects reloaded before import = 0
Number of asset objects unloaded after import = 1
========================================================================
Received Import Request.
  Time since last request: 0.000021 seconds.
  path: Assets/AnimationClip/弩骑兵_攻击.anim
  artifactKey: Guid(76e564a7a8c24024a0a6ab4e216456da) Importer(2089858483,0ecaa5967403d082aa24f35e1b516d23)
Start importing Assets/AnimationClip/弩骑兵_攻击.anim using Guid(76e564a7a8c24024a0a6ab4e216456da) Importer(2089858483,0ecaa5967403d082aa24f35e1b516d23) [PhysX] Initialized MultithreadedTaskDispatcher with 20 workers.
 -> (artifact id: 'c9b018020b52a748e9c6bd6940668e47') in 0.003662 seconds
Number of updated asset objects reloaded before import = 0
Number of asset objects unloaded after import = 1
========================================================================
Received Import Request.
  Time since last request: 0.000014 seconds.
  path: Assets/AnimationClip/4.anim
  artifactKey: Guid(2161b85eac8f4be994333a24b7d6a9ab) Importer(2089858483,0ecaa5967403d082aa24f35e1b516d23)
Start importing Assets/AnimationClip/4.anim using Guid(2161b85eac8f4be994333a24b7d6a9ab) Importer(2089858483,0ecaa5967403d082aa24f35e1b516d23) [PhysX] Initialized MultithreadedTaskDispatcher with 20 workers.
 -> (artifact id: '92be989dadbb3c1f3e792c1310838b7b') in 0.004117 seconds
Number of updated asset objects reloaded before import = 0
Number of asset objects unloaded after import = 1
========================================================================
Received Import Request.
  Time since last request: 0.000015 seconds.
  path: Assets/Images/10251.dat.png
  artifactKey: Guid(d547e1c16f604e0c82c7638ea18cf8ad) Importer(2089858483,0ecaa5967403d082aa24f35e1b516d23)
Start importing Assets/Images/10251.dat.png using Guid(d547e1c16f604e0c82c7638ea18cf8ad) Importer(2089858483,0ecaa5967403d082aa24f35e1b516d23) [PhysX] Initialized MultithreadedTaskDispatcher with 20 workers.
 -> (artifact id: 'd017f90a7a5e4a7445c74be8ad1f8bee') in 0.007293 seconds
Number of updated asset objects reloaded before import = 0
Number of asset objects unloaded after import = 3
========================================================================
Received Import Request.
  Time since last request: 0.000019 seconds.
  path: Assets/Images/10159.dat.png
  artifactKey: Guid(c29e88e4df1a4009963f6fee07327ab6) Importer(2089858483,0ecaa5967403d082aa24f35e1b516d23)
Start importing Assets/Images/10159.dat.png using Guid(c29e88e4df1a4009963f6fee07327ab6) Importer(2089858483,0ecaa5967403d082aa24f35e1b516d23) [PhysX] Initialized MultithreadedTaskDispatcher with 20 workers.
 -> (artifact id: 'd25b9b7adfa5a798ed427f64bf8fb2b3') in 0.007507 seconds
Number of updated asset objects reloaded before import = 0
Number of asset objects unloaded after import = 3
========================================================================
Received Import Request.
  Time since last request: 0.000019 seconds.
  path: Assets/Images/10208.dat.png
  artifactKey: Guid(d398694c2643445faa4947546a24fefd) Importer(2089858483,0ecaa5967403d082aa24f35e1b516d23)
Start importing Assets/Images/10208.dat.png using Guid(d398694c2643445faa4947546a24fefd) Importer(2089858483,0ecaa5967403d082aa24f35e1b516d23) [PhysX] Initialized MultithreadedTaskDispatcher with 20 workers.
 -> (artifact id: '92dd2635bded6d51292c09d2cb91fbc3') in 0.009021 seconds
Number of updated asset objects reloaded before import = 0
Number of asset objects unloaded after import = 3
========================================================================
Received Import Request.
  Time since last request: 0.000041 seconds.
  path: Assets/AnimationClip/头像特效3.anim
  artifactKey: Guid(d862bda8b59345cd8b2578af78333583) Importer(2089858483,0ecaa5967403d082aa24f35e1b516d23)
Start importing Assets/AnimationClip/头像特效3.anim using Guid(d862bda8b59345cd8b2578af78333583) Importer(2089858483,0ecaa5967403d082aa24f35e1b516d23) [PhysX] Initialized MultithreadedTaskDispatcher with 20 workers.
 -> (artifact id: '8b5e545ec7050c67338df99e66741408') in 0.006021 seconds
Number of updated asset objects reloaded before import = 0
Number of asset objects unloaded after import = 1
========================================================================
Received Import Request.
  Time since last request: 0.000025 seconds.
  path: Assets/AnimationClip/头像特效4.anim
  artifactKey: Guid(3c848262415a4896a2779ad948a7a4cd) Importer(2089858483,0ecaa5967403d082aa24f35e1b516d23)
Start importing Assets/AnimationClip/头像特效4.anim using Guid(3c848262415a4896a2779ad948a7a4cd) Importer(2089858483,0ecaa5967403d082aa24f35e1b516d23) [PhysX] Initialized MultithreadedTaskDispatcher with 20 workers.
 -> (artifact id: '1af0642c4432f2b8558416c98e2b4067') in 0.005549 seconds
Number of updated asset objects reloaded before import = 0
Number of asset objects unloaded after import = 1
========================================================================
Received Import Request.
  Time since last request: 0.000026 seconds.
  path: Assets/Images/10263.dat.png
  artifactKey: Guid(18a131af077a483ba5f0293bec0c93cb) Importer(2089858483,0ecaa5967403d082aa24f35e1b516d23)
Start importing Assets/Images/10263.dat.png using Guid(18a131af077a483ba5f0293bec0c93cb) Importer(2089858483,0ecaa5967403d082aa24f35e1b516d23) [PhysX] Initialized MultithreadedTaskDispatcher with 20 workers.
 -> (artifact id: '6b42231041958e5105e692a73dda6a34') in 0.008164 seconds
Number of updated asset objects reloaded before import = 0
Number of asset objects unloaded after import = 3
========================================================================
Received Import Request.
  Time since last request: 0.000016 seconds.
  path: Assets/Images/10248.dat.png
  artifactKey: Guid(1d2e6762e0604e6cacce652377dd7176) Importer(2089858483,0ecaa5967403d082aa24f35e1b516d23)
Start importing Assets/Images/10248.dat.png using Guid(1d2e6762e0604e6cacce652377dd7176) Importer(2089858483,0ecaa5967403d082aa24f35e1b516d23) [PhysX] Initialized MultithreadedTaskDispatcher with 20 workers.
 -> (artifact id: '608078d2b1bb1b79ff2abdda4d1de8dd') in 0.007838 seconds
Number of updated asset objects reloaded before import = 0
Number of asset objects unloaded after import = 3
========================================================================
Received Import Request.
  Time since last request: 0.000015 seconds.
  path: Assets/AnimationClip/弩骑兵_跑.anim
  artifactKey: Guid(34066831d674478abc211611cec9da4c) Importer(2089858483,0ecaa5967403d082aa24f35e1b516d23)
Start importing Assets/AnimationClip/弩骑兵_跑.anim using Guid(34066831d674478abc211611cec9da4c) Importer(2089858483,0ecaa5967403d082aa24f35e1b516d23) [PhysX] Initialized MultithreadedTaskDispatcher with 20 workers.
 -> (artifact id: '4722fceff0154629f3f93a5f76d2a3df') in 0.004602 seconds
Number of updated asset objects reloaded before import = 0
Number of asset objects unloaded after import = 1
========================================================================
Received Import Request.
  Time since last request: 0.000166 seconds.
  path: Assets/Font/战斗界面兵力数字.ttf
  artifactKey: Guid(459a043e739244868435e66e03127a56) Importer(2089858483,0ecaa5967403d082aa24f35e1b516d23)
Start importing Assets/Font/战斗界面兵力数字.ttf using Guid(459a043e739244868435e66e03127a56) Importer(2089858483,0ecaa5967403d082aa24f35e1b516d23) [PhysX] Initialized MultithreadedTaskDispatcher with 20 workers.
 -> (artifact id: 'cceef80237c3abed1a53d2774c50b95a') in 0.003232 seconds
Number of updated asset objects reloaded before import = 0
Number of asset objects unloaded after import = 1
========================================================================
Received Import Request.
  Time since last request: 0.000018 seconds.
  path: Assets/Images/10266.dat_d1.png
  artifactKey: Guid(c2c20bcace91443586ffb699d4f68ee5) Importer(2089858483,0ecaa5967403d082aa24f35e1b516d23)
Start importing Assets/Images/10266.dat_d1.png using Guid(c2c20bcace91443586ffb699d4f68ee5) Importer(2089858483,0ecaa5967403d082aa24f35e1b516d23) [PhysX] Initialized MultithreadedTaskDispatcher with 20 workers.
 -> (artifact id: '330f718ad41df283d61ed6acab60a202') in 0.007858 seconds
Number of updated asset objects reloaded before import = 0
Number of asset objects unloaded after import = 3
========================================================================
Received Import Request.
  Time since last request: 0.000015 seconds.
  path: Assets/AnimationClip/头像特效2.anim
  artifactKey: Guid(9d40b4f159bc4357800efbe738426ed5) Importer(2089858483,0ecaa5967403d082aa24f35e1b516d23)
Start importing Assets/AnimationClip/头像特效2.anim using Guid(9d40b4f159bc4357800efbe738426ed5) Importer(2089858483,0ecaa5967403d082aa24f35e1b516d23) [PhysX] Initialized MultithreadedTaskDispatcher with 20 workers.
 -> (artifact id: '9599667f78de2c749be46933bd95af2f') in 0.003435 seconds
Number of updated asset objects reloaded before import = 0
Number of asset objects unloaded after import = 1
========================================================================
Received Import Request.
  Time since last request: 0.000013 seconds.
  path: Assets/Images/10197.dat.png
  artifactKey: Guid(47419d83619b44cbb0eb909190665637) Importer(2089858483,0ecaa5967403d082aa24f35e1b516d23)
Start importing Assets/Images/10197.dat.png using Guid(47419d83619b44cbb0eb909190665637) Importer(2089858483,0ecaa5967403d082aa24f35e1b516d23) [PhysX] Initialized MultithreadedTaskDispatcher with 20 workers.
 -> (artifact id: '9509d80ccfa5a08d174cf4d907d7acab') in 0.007112 seconds
Number of updated asset objects reloaded before import = 0
Number of asset objects unloaded after import = 3
========================================================================
Received Import Request.
  Time since last request: 0.000013 seconds.
  path: Assets/AnimationClip/头像特效1.anim
  artifactKey: Guid(26e80e27f446484bb612add0cf3b5067) Importer(2089858483,0ecaa5967403d082aa24f35e1b516d23)
Start importing Assets/AnimationClip/头像特效1.anim using Guid(26e80e27f446484bb612add0cf3b5067) Importer(2089858483,0ecaa5967403d082aa24f35e1b516d23) [PhysX] Initialized MultithreadedTaskDispatcher with 20 workers.
 -> (artifact id: '5afd906ac1a1a7630198d3a6d10bcf10') in 0.003123 seconds
Number of updated asset objects reloaded before import = 0
Number of asset objects unloaded after import = 1
========================================================================
Received Import Request.
  Time since last request: 0.000011 seconds.
  path: Assets/Images/10156.dat.png
  artifactKey: Guid(18d4076961474a53a0b2f40948ed403a) Importer(2089858483,0ecaa5967403d082aa24f35e1b516d23)
Start importing Assets/Images/10156.dat.png using Guid(18d4076961474a53a0b2f40948ed403a) Importer(2089858483,0ecaa5967403d082aa24f35e1b516d23) [PhysX] Initialized MultithreadedTaskDispatcher with 20 workers.
 -> (artifact id: '6f450b8800caec4fa608755d1b90c865') in 0.006984 seconds
Number of updated asset objects reloaded before import = 0
Number of asset objects unloaded after import = 3
========================================================================
Received Import Request.
  Time since last request: 0.000017 seconds.
  path: Assets/Font/伤害数字.ttf
  artifactKey: Guid(95d44a1438b84e51a287538071bc892c) Importer(2089858483,0ecaa5967403d082aa24f35e1b516d23)
Start importing Assets/Font/伤害数字.ttf using Guid(95d44a1438b84e51a287538071bc892c) Importer(2089858483,0ecaa5967403d082aa24f35e1b516d23) [PhysX] Initialized MultithreadedTaskDispatcher with 20 workers.
 -> (artifact id: '15ec2d76234013040f3ebf6e38ca4bd9') in 0.003420 seconds
Number of updated asset objects reloaded before import = 0
Number of asset objects unloaded after import = 1
========================================================================
Received Import Request.
  Time since last request: 0.000013 seconds.
  path: Assets/Images/10217.dat.png
  artifactKey: Guid(62be7bfa925d472c98c9cc5ff5e212dc) Importer(2089858483,0ecaa5967403d082aa24f35e1b516d23)
Start importing Assets/Images/10217.dat.png using Guid(62be7bfa925d472c98c9cc5ff5e212dc) Importer(2089858483,0ecaa5967403d082aa24f35e1b516d23) [PhysX] Initialized MultithreadedTaskDispatcher with 20 workers.
 -> (artifact id: '1e22defb5d123436d3834bf1d2276bd9') in 0.007409 seconds
Number of updated asset objects reloaded before import = 0
Number of asset objects unloaded after import = 3
========================================================================
Received Import Request.
  Time since last request: 0.000013 seconds.
  path: Assets/AnimatorController/头像特效控制.controller
  artifactKey: Guid(9e1ed598141b436d8813c02f97fed69c) Importer(2089858483,0ecaa5967403d082aa24f35e1b516d23)
Start importing Assets/AnimatorController/头像特效控制.controller using Guid(9e1ed598141b436d8813c02f97fed69c) Importer(2089858483,0ecaa5967403d082aa24f35e1b516d23) [PhysX] Initialized MultithreadedTaskDispatcher with 20 workers.
 -> (artifact id: '3b46f10b32d6ffc2c629d178f17dcb43') in 0.005065 seconds
Number of updated asset objects reloaded before import = 0
Number of asset objects unloaded after import = 24
========================================================================
Received Import Request.
  Time since last request: 0.000024 seconds.
  path: Assets/AnimationClip/火焰动画.anim
  artifactKey: Guid(19f1742d6729433fba952d5a378c1479) Importer(2089858483,0ecaa5967403d082aa24f35e1b516d23)
Start importing Assets/AnimationClip/火焰动画.anim using Guid(19f1742d6729433fba952d5a378c1479) Importer(2089858483,0ecaa5967403d082aa24f35e1b516d23) [PhysX] Initialized MultithreadedTaskDispatcher with 20 workers.
 -> (artifact id: '506e2ef1c07e335dce09072b243d3ea7') in 0.003953 seconds
Number of updated asset objects reloaded before import = 0
Number of asset objects unloaded after import = 1
========================================================================
Received Import Request.
  Time since last request: 0.000075 seconds.
  path: Assets/Images/10250.dat.png
  artifactKey: Guid(2ea4bc25901047bbb8e90def68868725) Importer(2089858483,0ecaa5967403d082aa24f35e1b516d23)
Start importing Assets/Images/10250.dat.png using Guid(2ea4bc25901047bbb8e90def68868725) Importer(2089858483,0ecaa5967403d082aa24f35e1b516d23) [PhysX] Initialized MultithreadedTaskDispatcher with 20 workers.
 -> (artifact id: 'a887837a34086dbfc39920694f9d90e3') in 0.007272 seconds
Number of updated asset objects reloaded before import = 0
Number of asset objects unloaded after import = 3
========================================================================
Received Import Request.
  Time since last request: 0.000014 seconds.
  path: Assets/Font/战斗界面时间数字.ttf
  artifactKey: Guid(786c63451df3475885d9053a46d884a3) Importer(2089858483,0ecaa5967403d082aa24f35e1b516d23)
Start importing Assets/Font/战斗界面时间数字.ttf using Guid(786c63451df3475885d9053a46d884a3) Importer(2089858483,0ecaa5967403d082aa24f35e1b516d23) [PhysX] Initialized MultithreadedTaskDispatcher with 20 workers.
 -> (artifact id: 'fee7e5db4284888bafea94ca73ffcb88') in 0.003611 seconds
Number of updated asset objects reloaded before import = 0
Number of asset objects unloaded after import = 1
========================================================================
Received Import Request.
  Time since last request: 0.000012 seconds.
  path: Assets/Images/10225.dat.png
  artifactKey: Guid(89dd193c48db4f988fe07590bcf73e1c) Importer(2089858483,0ecaa5967403d082aa24f35e1b516d23)
Start importing Assets/Images/10225.dat.png using Guid(89dd193c48db4f988fe07590bcf73e1c) Importer(2089858483,0ecaa5967403d082aa24f35e1b516d23) [PhysX] Initialized MultithreadedTaskDispatcher with 20 workers.
 -> (artifact id: 'e8b69557ff22b5db3249e1be32097caa') in 0.006808 seconds
Number of updated asset objects reloaded before import = 0
Number of asset objects unloaded after import = 3
========================================================================
Received Import Request.
  Time since last request: 1.493052 seconds.
  path: Assets/Images/10363.dat.png
  artifactKey: Guid(314a3e1eaf2a4b3d9decc021557d3b1f) Importer(2089858483,0ecaa5967403d082aa24f35e1b516d23)
Start importing Assets/Images/10363.dat.png using Guid(314a3e1eaf2a4b3d9decc021557d3b1f) Importer(2089858483,0ecaa5967403d082aa24f35e1b516d23) [PhysX] Initialized MultithreadedTaskDispatcher with 20 workers.
 -> (artifact id: '92812f68bb7bc500504f0a345673dfb6') in 0.009651 seconds
Number of updated asset objects reloaded before import = 0
Number of asset objects unloaded after import = 3
========================================================================
Received Import Request.
  Time since last request: 0.000108 seconds.
  path: Assets/Images/10478.dat.png
  artifactKey: Guid(6a734f89af694a12909635a52d48a3c9) Importer(2089858483,0ecaa5967403d082aa24f35e1b516d23)
Start importing Assets/Images/10478.dat.png using Guid(6a734f89af694a12909635a52d48a3c9) Importer(2089858483,0ecaa5967403d082aa24f35e1b516d23) [PhysX] Initialized MultithreadedTaskDispatcher with 20 workers.
 -> (artifact id: '206d7e2bc38d448705b374dd8439537c') in 0.008136 seconds
Number of updated asset objects reloaded before import = 0
Number of asset objects unloaded after import = 3
========================================================================
Received Import Request.
  Time since last request: 0.000017 seconds.
  path: Assets/Images/1288.dat.png
  artifactKey: Guid(5fb8542e04c34f3ea7b456a03740f5bb) Importer(2089858483,0ecaa5967403d082aa24f35e1b516d23)
Start importing Assets/Images/1288.dat.png using Guid(5fb8542e04c34f3ea7b456a03740f5bb) Importer(2089858483,0ecaa5967403d082aa24f35e1b516d23) [PhysX] Initialized MultithreadedTaskDispatcher with 20 workers.
 -> (artifact id: '2d54e411de0a795aa7268668a9d49526') in 0.031915 seconds
Number of updated asset objects reloaded before import = 0
Number of asset objects unloaded after import = 16
========================================================================
Received Import Request.
  Time since last request: 0.000016 seconds.
  path: Assets/Images/10364.dat.png
  artifactKey: Guid(bd8345c923a44efcb56af6b6ca99acc2) Importer(2089858483,0ecaa5967403d082aa24f35e1b516d23)
Start importing Assets/Images/10364.dat.png using Guid(bd8345c923a44efcb56af6b6ca99acc2) Importer(2089858483,0ecaa5967403d082aa24f35e1b516d23) [PhysX] Initialized MultithreadedTaskDispatcher with 20 workers.
 -> (artifact id: 'ed3c7c048e0ff6f5ce9a5b1e667182ff') in 0.007881 seconds
Number of updated asset objects reloaded before import = 0
Number of asset objects unloaded after import = 3
========================================================================
Received Import Request.
  Time since last request: 0.000013 seconds.
  path: Assets/Images/1291.dat.png
  artifactKey: Guid(5d42a19bd763457f928118211b4d8e40) Importer(2089858483,0ecaa5967403d082aa24f35e1b516d23)
Start importing Assets/Images/1291.dat.png using Guid(5d42a19bd763457f928118211b4d8e40) Importer(2089858483,0ecaa5967403d082aa24f35e1b516d23) [PhysX] Initialized MultithreadedTaskDispatcher with 20 workers.
 -> (artifact id: 'e4c393b66f2607abd94a730520e047bd') in 0.032926 seconds
Number of updated asset objects reloaded before import = 0
Number of asset objects unloaded after import = 16
========================================================================
Received Import Request.
  Time since last request: 0.000019 seconds.
  path: Assets/Images/10398.dat.png
  artifactKey: Guid(afbe360cdd444018add33a97d074104b) Importer(2089858483,0ecaa5967403d082aa24f35e1b516d23)
Start importing Assets/Images/10398.dat.png using Guid(afbe360cdd444018add33a97d074104b) Importer(2089858483,0ecaa5967403d082aa24f35e1b516d23) [PhysX] Initialized MultithreadedTaskDispatcher with 20 workers.
 -> (artifact id: '1ce8ecc386708de448a1d4e805128404') in 0.007405 seconds
Number of updated asset objects reloaded before import = 0
Number of asset objects unloaded after import = 3
========================================================================
Received Import Request.
  Time since last request: 0.000013 seconds.
  path: Assets/Images/2123.dat.png
  artifactKey: Guid(bb71f78528384ea99765ff82ce76f052) Importer(2089858483,0ecaa5967403d082aa24f35e1b516d23)
Start importing Assets/Images/2123.dat.png using Guid(bb71f78528384ea99765ff82ce76f052) Importer(2089858483,0ecaa5967403d082aa24f35e1b516d23) [PhysX] Initialized MultithreadedTaskDispatcher with 20 workers.
 -> (artifact id: 'ed0e919eafe601ed078b3d9c96329ff4') in 0.009634 seconds
Number of updated asset objects reloaded before import = 0
Number of asset objects unloaded after import = 3
========================================================================
Received Import Request.
  Time since last request: 0.000015 seconds.
  path: Assets/Images/2175.png
  artifactKey: Guid(01781510e3b740babd4206cf09588909) Importer(2089858483,0ecaa5967403d082aa24f35e1b516d23)
Start importing Assets/Images/2175.png using Guid(01781510e3b740babd4206cf09588909) Importer(2089858483,0ecaa5967403d082aa24f35e1b516d23) [PhysX] Initialized MultithreadedTaskDispatcher with 20 workers.
 -> (artifact id: '9d17c8095b148cecfefbb8af196c1dd2') in 0.007030 seconds
Number of updated asset objects reloaded before import = 0
Number of asset objects unloaded after import = 3
========================================================================
Received Import Request.
  Time since last request: 0.000013 seconds.
  path: Assets/Images/2128.dat.png
  artifactKey: Guid(97ebe35ff2bd43baba0a53368b2cd95f) Importer(2089858483,0ecaa5967403d082aa24f35e1b516d23)
Start importing Assets/Images/2128.dat.png using Guid(97ebe35ff2bd43baba0a53368b2cd95f) Importer(2089858483,0ecaa5967403d082aa24f35e1b516d23) [PhysX] Initialized MultithreadedTaskDispatcher with 20 workers.
 -> (artifact id: 'ddc8bb2fda780d96e594073e4fb66708') in 0.037068 seconds
Number of updated asset objects reloaded before import = 0
Number of asset objects unloaded after import = 3
========================================================================
Received Import Request.
  Time since last request: 0.000017 seconds.
  path: Assets/Images/10390.dat.png
  artifactKey: Guid(85598cc3269d4c9daf1974d81a65b45f) Importer(2089858483,0ecaa5967403d082aa24f35e1b516d23)
Start importing Assets/Images/10390.dat.png using Guid(85598cc3269d4c9daf1974d81a65b45f) Importer(2089858483,0ecaa5967403d082aa24f35e1b516d23) [PhysX] Initialized MultithreadedTaskDispatcher with 20 workers.
 -> (artifact id: '18d4da8193e70923f3b06369c764d1f8') in 0.007632 seconds
Number of updated asset objects reloaded before import = 0
Number of asset objects unloaded after import = 3
========================================================================
Received Import Request.
  Time since last request: 0.000012 seconds.
  path: Assets/Images/1656.dat.png
  artifactKey: Guid(0fd0eab8edd24f758e1e336f40063644) Importer(2089858483,0ecaa5967403d082aa24f35e1b516d23)
Start importing Assets/Images/1656.dat.png using Guid(0fd0eab8edd24f758e1e336f40063644) Importer(2089858483,0ecaa5967403d082aa24f35e1b516d23) [PhysX] Initialized MultithreadedTaskDispatcher with 20 workers.
 -> (artifact id: '14dca9e8e7dfc86b133150cc75c37eb5') in 0.009026 seconds
Number of updated asset objects reloaded before import = 0
Number of asset objects unloaded after import = 3
========================================================================
Received Import Request.
  Time since last request: 0.000016 seconds.
  path: Assets/Images/10526.dat 1.png
  artifactKey: Guid(7273bbe56c7e4f8a9ace1cd858003e09) Importer(2089858483,0ecaa5967403d082aa24f35e1b516d23)
Start importing Assets/Images/10526.dat 1.png using Guid(7273bbe56c7e4f8a9ace1cd858003e09) Importer(2089858483,0ecaa5967403d082aa24f35e1b516d23) [PhysX] Initialized MultithreadedTaskDispatcher with 20 workers.
 -> (artifact id: '293bfa1f67100a98bd389180f4539b48') in 0.007932 seconds
Number of updated asset objects reloaded before import = 0
Number of asset objects unloaded after import = 3
========================================================================
Received Import Request.
  Time since last request: 0.000028 seconds.
  path: Assets/Images/10380.dat.png
  artifactKey: Guid(fefa0706318d4f3a8d7e9bcef2bcdd7f) Importer(2089858483,0ecaa5967403d082aa24f35e1b516d23)
Start importing Assets/Images/10380.dat.png using Guid(fefa0706318d4f3a8d7e9bcef2bcdd7f) Importer(2089858483,0ecaa5967403d082aa24f35e1b516d23) [PhysX] Initialized MultithreadedTaskDispatcher with 20 workers.
 -> (artifact id: '9377afdd661878bbe6341ee805d1d8b8') in 0.007821 seconds
Number of updated asset objects reloaded before import = 0
Number of asset objects unloaded after import = 3
========================================================================
Received Import Request.
  Time since last request: 0.000015 seconds.
  path: Assets/Images/1657.dat.png
  artifactKey: Guid(f1625cd1cd4f4a8a9da1458e0ea6a03b) Importer(2089858483,0ecaa5967403d082aa24f35e1b516d23)
Start importing Assets/Images/1657.dat.png using Guid(f1625cd1cd4f4a8a9da1458e0ea6a03b) Importer(2089858483,0ecaa5967403d082aa24f35e1b516d23) [PhysX] Initialized MultithreadedTaskDispatcher with 20 workers.
 -> (artifact id: '9e8186d1733702062e46103f496b9404') in 0.052683 seconds
Number of updated asset objects reloaded before import = 0
Number of asset objects unloaded after import = 3
========================================================================
Received Import Request.
  Time since last request: 0.000040 seconds.
  path: Assets/Images/10386.dat.png
  artifactKey: Guid(b42822e9e1864635a1533a83cf77f92d) Importer(2089858483,0ecaa5967403d082aa24f35e1b516d23)
Start importing Assets/Images/10386.dat.png using Guid(b42822e9e1864635a1533a83cf77f92d) Importer(2089858483,0ecaa5967403d082aa24f35e1b516d23) [PhysX] Initialized MultithreadedTaskDispatcher with 20 workers.
 -> (artifact id: 'b35f6ead8078ba349e70985bf0cfe2c2') in 0.009282 seconds
Number of updated asset objects reloaded before import = 0
Number of asset objects unloaded after import = 3
========================================================================
Received Import Request.
  Time since last request: 0.000015 seconds.
  path: Assets/Images/2013.dat.png
  artifactKey: Guid(9791a09958024d9d8256314805b71a3c) Importer(2089858483,0ecaa5967403d082aa24f35e1b516d23)
Start importing Assets/Images/2013.dat.png using Guid(9791a09958024d9d8256314805b71a3c) Importer(2089858483,0ecaa5967403d082aa24f35e1b516d23) [PhysX] Initialized MultithreadedTaskDispatcher with 20 workers.
 -> (artifact id: '0681c5704d68919d393c2939b12afab5') in 0.007092 seconds
Number of updated asset objects reloaded before import = 0
Number of asset objects unloaded after import = 3
========================================================================
Received Import Request.
  Time since last request: 0.000011 seconds.
  path: Assets/Images/2122.dat.png
  artifactKey: Guid(8ee25912ba4f4a5086ff36611aabfcff) Importer(2089858483,0ecaa5967403d082aa24f35e1b516d23)
Start importing Assets/Images/2122.dat.png using Guid(8ee25912ba4f4a5086ff36611aabfcff) Importer(2089858483,0ecaa5967403d082aa24f35e1b516d23) [PhysX] Initialized MultithreadedTaskDispatcher with 20 workers.
 -> (artifact id: 'aeca97e361575a3c8bfa5ab68e680544') in 0.007787 seconds
Number of updated asset objects reloaded before import = 0
Number of asset objects unloaded after import = 3
========================================================================
Received Import Request.
  Time since last request: 0.000014 seconds.
  path: Assets/Images/1876.dat.png
  artifactKey: Guid(7e8a6293be154fa0bd065512d1c5a707) Importer(2089858483,0ecaa5967403d082aa24f35e1b516d23)
Start importing Assets/Images/1876.dat.png using Guid(7e8a6293be154fa0bd065512d1c5a707) Importer(2089858483,0ecaa5967403d082aa24f35e1b516d23) [PhysX] Initialized MultithreadedTaskDispatcher with 20 workers.
 -> (artifact id: 'b1cee75f079a051cc61d243cf4b90ff8') in 0.008215 seconds
Number of updated asset objects reloaded before import = 0
Number of asset objects unloaded after import = 3
========================================================================
Received Import Request.
  Time since last request: 0.000013 seconds.
  path: Assets/Images/12088.dat_d1.png
  artifactKey: Guid(c892e260bba54c98a8c80a3c81480f58) Importer(2089858483,0ecaa5967403d082aa24f35e1b516d23)
Start importing Assets/Images/12088.dat_d1.png using Guid(c892e260bba54c98a8c80a3c81480f58) Importer(2089858483,0ecaa5967403d082aa24f35e1b516d23) [PhysX] Initialized MultithreadedTaskDispatcher with 20 workers.
 -> (artifact id: '2b0bf14746d7bf63fedc14c5182a3763') in 0.009672 seconds
Number of updated asset objects reloaded before import = 0
Number of asset objects unloaded after import = 3
========================================================================
Received Import Request.
  Time since last request: 0.000016 seconds.
  path: Assets/Images/2002.dat.png
  artifactKey: Guid(844381da47e147f1ae9c1f4ce47d4f71) Importer(2089858483,0ecaa5967403d082aa24f35e1b516d23)
Start importing Assets/Images/2002.dat.png using Guid(844381da47e147f1ae9c1f4ce47d4f71) Importer(2089858483,0ecaa5967403d082aa24f35e1b516d23) [PhysX] Initialized MultithreadedTaskDispatcher with 20 workers.
 -> (artifact id: 'a4b193f50d5e54b3131ac7468211fe71') in 0.007340 seconds
Number of updated asset objects reloaded before import = 0
Number of asset objects unloaded after import = 3
========================================================================
Received Import Request.
  Time since last request: 0.000012 seconds.
  path: Assets/Images/10372.dat.png
  artifactKey: Guid(0c106df3e4644ed68b79b15ffa56e112) Importer(2089858483,0ecaa5967403d082aa24f35e1b516d23)
Start importing Assets/Images/10372.dat.png using Guid(0c106df3e4644ed68b79b15ffa56e112) Importer(2089858483,0ecaa5967403d082aa24f35e1b516d23) [PhysX] Initialized MultithreadedTaskDispatcher with 20 workers.
 -> (artifact id: 'b66d2bd3e11dd8daa35c260b0dd7de28') in 0.007204 seconds
Number of updated asset objects reloaded before import = 0
Number of asset objects unloaded after import = 3
========================================================================
Received Import Request.
  Time since last request: 0.000014 seconds.
  path: Assets/Images/1287.dat.png
  artifactKey: Guid(8d364c86e10d4689a4277225925c4d12) Importer(2089858483,0ecaa5967403d082aa24f35e1b516d23)
Start importing Assets/Images/1287.dat.png using Guid(8d364c86e10d4689a4277225925c4d12) Importer(2089858483,0ecaa5967403d082aa24f35e1b516d23) [PhysX] Initialized MultithreadedTaskDispatcher with 20 workers.
 -> (artifact id: '2a40569e64574271da5c69d61597cca3') in 0.022431 seconds
Number of updated asset objects reloaded before import = 0
Number of asset objects unloaded after import = 15
========================================================================
Received Import Request.
  Time since last request: 0.000017 seconds.
  path: Assets/Images/10450.dat.png
  artifactKey: Guid(ce4147a8bbe64c0bb97e8910e148c6e8) Importer(2089858483,0ecaa5967403d082aa24f35e1b516d23)
Start importing Assets/Images/10450.dat.png using Guid(ce4147a8bbe64c0bb97e8910e148c6e8) Importer(2089858483,0ecaa5967403d082aa24f35e1b516d23) [PhysX] Initialized MultithreadedTaskDispatcher with 20 workers.
 -> (artifact id: 'a8b258e15e32addecf4c9c66a7709d6f') in 0.007411 seconds
Number of updated asset objects reloaded before import = 0
Number of asset objects unloaded after import = 3
========================================================================
Received Import Request.
  Time since last request: 0.000013 seconds.
  path: Assets/Images/10545.dat.png
  artifactKey: Guid(5d5eb62d38a04be2b4369ac584a92cb1) Importer(2089858483,0ecaa5967403d082aa24f35e1b516d23)
Start importing Assets/Images/10545.dat.png using Guid(5d5eb62d38a04be2b4369ac584a92cb1) Importer(2089858483,0ecaa5967403d082aa24f35e1b516d23) [PhysX] Initialized MultithreadedTaskDispatcher with 20 workers.
 -> (artifact id: '4d4c2d48bf4a176278d87bbe111853ab') in 0.007057 seconds
Number of updated asset objects reloaded before import = 0
Number of asset objects unloaded after import = 3
========================================================================
Received Import Request.
  Time since last request: 0.000014 seconds.
  path: Assets/Images/10514.dat.png
  artifactKey: Guid(394132b4892648aaaecc8148be3d25be) Importer(2089858483,0ecaa5967403d082aa24f35e1b516d23)
Start importing Assets/Images/10514.dat.png using Guid(394132b4892648aaaecc8148be3d25be) Importer(2089858483,0ecaa5967403d082aa24f35e1b516d23) [PhysX] Initialized MultithreadedTaskDispatcher with 20 workers.
 -> (artifact id: '3d9adbcb76fbf3a104b2aaeb19e1cfdc') in 0.007304 seconds
Number of updated asset objects reloaded before import = 0
Number of asset objects unloaded after import = 3
========================================================================
Received Import Request.
  Time since last request: 0.000012 seconds.
  path: Assets/Images/10557.dat.png
  artifactKey: Guid(bd533ab51b854d50be3391f4060d7e44) Importer(2089858483,0ecaa5967403d082aa24f35e1b516d23)
Start importing Assets/Images/10557.dat.png using Guid(bd533ab51b854d50be3391f4060d7e44) Importer(2089858483,0ecaa5967403d082aa24f35e1b516d23) [PhysX] Initialized MultithreadedTaskDispatcher with 20 workers.
 -> (artifact id: '69ffef2a4eef5da15c506cfc21516453') in 0.006955 seconds
Number of updated asset objects reloaded before import = 0
Number of asset objects unloaded after import = 3
========================================================================
Received Import Request.
  Time since last request: 0.000012 seconds.
  path: Assets/Images/2010.dat.png
  artifactKey: Guid(ac670dfbd44242479acdb927ec1c9d49) Importer(2089858483,0ecaa5967403d082aa24f35e1b516d23)
Start importing Assets/Images/2010.dat.png using Guid(ac670dfbd44242479acdb927ec1c9d49) Importer(2089858483,0ecaa5967403d082aa24f35e1b516d23) [PhysX] Initialized MultithreadedTaskDispatcher with 20 workers.
 -> (artifact id: 'f1ef6e4095c5e35757044c041e0e7929') in 0.006961 seconds
Number of updated asset objects reloaded before import = 0
Number of asset objects unloaded after import = 3
========================================================================
Received Import Request.
  Time since last request: 0.000014 seconds.
  path: Assets/Images/2006.dat.png
  artifactKey: Guid(804cae3b82b84bf88972b142d148c174) Importer(2089858483,0ecaa5967403d082aa24f35e1b516d23)
Start importing Assets/Images/2006.dat.png using Guid(804cae3b82b84bf88972b142d148c174) Importer(2089858483,0ecaa5967403d082aa24f35e1b516d23) [PhysX] Initialized MultithreadedTaskDispatcher with 20 workers.
 -> (artifact id: 'af6b5d06a21009f0a0ff419f1178c368') in 0.020607 seconds
Number of updated asset objects reloaded before import = 0
Number of asset objects unloaded after import = 3
========================================================================
Received Import Request.
  Time since last request: 0.000015 seconds.
  path: Assets/Images/2196.dat.png
  artifactKey: Guid(673c24ac8ade47c4b40bdb247e9e6741) Importer(2089858483,0ecaa5967403d082aa24f35e1b516d23)
Start importing Assets/Images/2196.dat.png using Guid(673c24ac8ade47c4b40bdb247e9e6741) Importer(2089858483,0ecaa5967403d082aa24f35e1b516d23) [PhysX] Initialized MultithreadedTaskDispatcher with 20 workers.
 -> (artifact id: 'f52f4c4889da214b88ac9e5334ae32c3') in 0.008408 seconds
Number of updated asset objects reloaded before import = 0
Number of asset objects unloaded after import = 3
========================================================================
Received Import Request.
  Time since last request: 0.000013 seconds.
  path: Assets/Images/11003.dat.png
  artifactKey: Guid(ce7a1f73f2694827847786becffbcfde) Importer(2089858483,0ecaa5967403d082aa24f35e1b516d23)
Start importing Assets/Images/11003.dat.png using Guid(ce7a1f73f2694827847786becffbcfde) Importer(2089858483,0ecaa5967403d082aa24f35e1b516d23) [PhysX] Initialized MultithreadedTaskDispatcher with 20 workers.
 -> (artifact id: 'b7fc81f21c427e98f3660be7222fa6d8') in 0.006750 seconds
Number of updated asset objects reloaded before import = 0
Number of asset objects unloaded after import = 3
========================================================================
Received Import Request.
  Time since last request: 0.000019 seconds.
  path: Assets/Images/2171.dat.png
  artifactKey: Guid(6ba3e822888245468b898afb5a208be8) Importer(2089858483,0ecaa5967403d082aa24f35e1b516d23)
Start importing Assets/Images/2171.dat.png using Guid(6ba3e822888245468b898afb5a208be8) Importer(2089858483,0ecaa5967403d082aa24f35e1b516d23) [PhysX] Initialized MultithreadedTaskDispatcher with 20 workers.
 -> (artifact id: '705ccdd176ced6c438ef81175e6f3e7e') in 0.008001 seconds
Number of updated asset objects reloaded before import = 0
Number of asset objects unloaded after import = 3
========================================================================
Received Import Request.
  Time since last request: 0.000014 seconds.
  path: Assets/Images/12088.dat.png
  artifactKey: Guid(3396ea873d464f36935f72865099b42c) Importer(2089858483,0ecaa5967403d082aa24f35e1b516d23)
Start importing Assets/Images/12088.dat.png using Guid(3396ea873d464f36935f72865099b42c) Importer(2089858483,0ecaa5967403d082aa24f35e1b516d23) [PhysX] Initialized MultithreadedTaskDispatcher with 20 workers.
 -> (artifact id: '6c4815f97f025f1fa8d54e0e58290d1c') in 0.007815 seconds
Number of updated asset objects reloaded before import = 0
Number of asset objects unloaded after import = 3
========================================================================
Received Import Request.
  Time since last request: 0.000016 seconds.
  path: Assets/Images/11000.dat.png
  artifactKey: Guid(d5334dd0c17047bda9f6a4bb74453aaa) Importer(2089858483,0ecaa5967403d082aa24f35e1b516d23)
Start importing Assets/Images/11000.dat.png using Guid(d5334dd0c17047bda9f6a4bb74453aaa) Importer(2089858483,0ecaa5967403d082aa24f35e1b516d23) [PhysX] Initialized MultithreadedTaskDispatcher with 20 workers.
 -> (artifact id: '52e1ef71c12cb3dc9660986f62c13988') in 0.008145 seconds
Number of updated asset objects reloaded before import = 0
Number of asset objects unloaded after import = 3
========================================================================
Received Import Request.
  Time since last request: 0.000021 seconds.
  path: Assets/Images/10466.dat.png
  artifactKey: Guid(01c169396c41447ba12ad69509480342) Importer(2089858483,0ecaa5967403d082aa24f35e1b516d23)
Start importing Assets/Images/10466.dat.png using Guid(01c169396c41447ba12ad69509480342) Importer(2089858483,0ecaa5967403d082aa24f35e1b516d23) [PhysX] Initialized MultithreadedTaskDispatcher with 20 workers.
 -> (artifact id: '598d5ff8c8cec4de0da2d97d67b36422') in 0.008610 seconds
Number of updated asset objects reloaded before import = 0
Number of asset objects unloaded after import = 3
========================================================================
Received Import Request.
  Time since last request: 0.000019 seconds.
  path: Assets/Images/1077.dat.png
  artifactKey: Guid(7bb71a501a9a4d5199bdbc28012963b1) Importer(2089858483,0ecaa5967403d082aa24f35e1b516d23)
Start importing Assets/Images/1077.dat.png using Guid(7bb71a501a9a4d5199bdbc28012963b1) Importer(2089858483,0ecaa5967403d082aa24f35e1b516d23) [PhysX] Initialized MultithreadedTaskDispatcher with 20 workers.
 -> (artifact id: 'd8817527db7e3604a2baf96fb47caac7') in 0.008248 seconds
Number of updated asset objects reloaded before import = 0
Number of asset objects unloaded after import = 3
========================================================================
Received Import Request.
  Time since last request: 0.000023 seconds.
  path: Assets/Images/10541.dat.png
  artifactKey: Guid(2402d5edc86a4bb484e079db1a7c505b) Importer(2089858483,0ecaa5967403d082aa24f35e1b516d23)
Start importing Assets/Images/10541.dat.png using Guid(2402d5edc86a4bb484e079db1a7c505b) Importer(2089858483,0ecaa5967403d082aa24f35e1b516d23) [PhysX] Initialized MultithreadedTaskDispatcher with 20 workers.
 -> (artifact id: 'e380b0cd9cbd7b5b72c8314f784b6b0b') in 0.009345 seconds
Number of updated asset objects reloaded before import = 0
Number of asset objects unloaded after import = 3
========================================================================
Received Import Request.
  Time since last request: 0.000017 seconds.
  path: Assets/Images/10527.dat.png
  artifactKey: Guid(cfe0dc528679461685e172eb6bbe40d8) Importer(2089858483,0ecaa5967403d082aa24f35e1b516d23)
Start importing Assets/Images/10527.dat.png using Guid(cfe0dc528679461685e172eb6bbe40d8) Importer(2089858483,0ecaa5967403d082aa24f35e1b516d23) [PhysX] Initialized MultithreadedTaskDispatcher with 20 workers.
 -> (artifact id: 'e7fade40a7a793e80b3ae8f3e9947b19') in 0.007196 seconds
Number of updated asset objects reloaded before import = 0
Number of asset objects unloaded after import = 3
========================================================================
Received Import Request.
  Time since last request: 0.000021 seconds.
  path: Assets/Images/2167.dat.png
  artifactKey: Guid(954ed085066a4bf2b20601800fe7badf) Importer(2089858483,0ecaa5967403d082aa24f35e1b516d23)
Start importing Assets/Images/2167.dat.png using Guid(954ed085066a4bf2b20601800fe7badf) Importer(2089858483,0ecaa5967403d082aa24f35e1b516d23) [PhysX] Initialized MultithreadedTaskDispatcher with 20 workers.
 -> (artifact id: '3fee967fa5cc36afefe945584ade59b0') in 0.138218 seconds
Number of updated asset objects reloaded before import = 0
Number of asset objects unloaded after import = 3
========================================================================
Received Import Request.
  Time since last request: 0.000018 seconds.
  path: Assets/Images/2182.dat.png
  artifactKey: Guid(6a773e4bda6b460ab85e7c45f7e1c8fd) Importer(2089858483,0ecaa5967403d082aa24f35e1b516d23)
Start importing Assets/Images/2182.dat.png using Guid(6a773e4bda6b460ab85e7c45f7e1c8fd) Importer(2089858483,0ecaa5967403d082aa24f35e1b516d23) [PhysX] Initialized MultithreadedTaskDispatcher with 20 workers.
 -> (artifact id: 'de8f2058016d1d77ccc61e6004405dca') in 0.008461 seconds
Number of updated asset objects reloaded before import = 0
Number of asset objects unloaded after import = 3
========================================================================
Received Import Request.
  Time since last request: 0.000014 seconds.
  path: Assets/Images/2015.dat.png
  artifactKey: Guid(e2e9d04502e446029d00b5e9e3665551) Importer(2089858483,0ecaa5967403d082aa24f35e1b516d23)
Start importing Assets/Images/2015.dat.png using Guid(e2e9d04502e446029d00b5e9e3665551) Importer(2089858483,0ecaa5967403d082aa24f35e1b516d23) [PhysX] Initialized MultithreadedTaskDispatcher with 20 workers.
 -> (artifact id: 'fe96c9a9598f6bdbe925f19d23886c21') in 0.007006 seconds
Number of updated asset objects reloaded before import = 0
Number of asset objects unloaded after import = 3
========================================================================
Received Import Request.
  Time since last request: 0.000013 seconds.
  path: Assets/Images/10454.dat.png
  artifactKey: Guid(9987f55053a84653bbf15e95d4a555bc) Importer(2089858483,0ecaa5967403d082aa24f35e1b516d23)
Start importing Assets/Images/10454.dat.png using Guid(9987f55053a84653bbf15e95d4a555bc) Importer(2089858483,0ecaa5967403d082aa24f35e1b516d23) [PhysX] Initialized MultithreadedTaskDispatcher with 20 workers.
 -> (artifact id: '95a717e11510126fe1671b62162a3f50') in 0.007170 seconds
Number of updated asset objects reloaded before import = 0
Number of asset objects unloaded after import = 3
========================================================================
Received Import Request.
  Time since last request: 0.000012 seconds.
  path: Assets/Images/10384.dat.png
  artifactKey: Guid(f2746afab436425385ea2e76b7ea0639) Importer(2089858483,0ecaa5967403d082aa24f35e1b516d23)
Start importing Assets/Images/10384.dat.png using Guid(f2746afab436425385ea2e76b7ea0639) Importer(2089858483,0ecaa5967403d082aa24f35e1b516d23) [PhysX] Initialized MultithreadedTaskDispatcher with 20 workers.
 -> (artifact id: '972e0576a1a2011259e7940ad16133c7') in 0.006867 seconds
Number of updated asset objects reloaded before import = 0
Number of asset objects unloaded after import = 3
========================================================================
Received Import Request.
  Time since last request: 0.000014 seconds.
  path: Assets/Images/10540.dat.png
  artifactKey: Guid(067080ce53f643869280eaaa1f52900b) Importer(2089858483,0ecaa5967403d082aa24f35e1b516d23)
Start importing Assets/Images/10540.dat.png using Guid(067080ce53f643869280eaaa1f52900b) Importer(2089858483,0ecaa5967403d082aa24f35e1b516d23) [PhysX] Initialized MultithreadedTaskDispatcher with 20 workers.
 -> (artifact id: '0f58fe1315f346bc7c3cd2191b47c1c3') in 0.006838 seconds
Number of updated asset objects reloaded before import = 0
Number of asset objects unloaded after import = 3
========================================================================
Received Import Request.
  Time since last request: 0.000015 seconds.
  path: Assets/Images/2005.dat.png
  artifactKey: Guid(c8540866ad4f4a2d800a45a44d236ea4) Importer(2089858483,0ecaa5967403d082aa24f35e1b516d23)
Start importing Assets/Images/2005.dat.png using Guid(c8540866ad4f4a2d800a45a44d236ea4) Importer(2089858483,0ecaa5967403d082aa24f35e1b516d23) [PhysX] Initialized MultithreadedTaskDispatcher with 20 workers.
 -> (artifact id: '177557ecf8d5058198952e0efe599563') in 0.007851 seconds
Number of updated asset objects reloaded before import = 0
Number of asset objects unloaded after import = 3
========================================================================
Received Import Request.
  Time since last request: 0.000015 seconds.
  path: Assets/Images/1884.dat.png
  artifactKey: Guid(3185382dc98347ed89c07c3ffbc597d9) Importer(2089858483,0ecaa5967403d082aa24f35e1b516d23)
Start importing Assets/Images/1884.dat.png using Guid(3185382dc98347ed89c07c3ffbc597d9) Importer(2089858483,0ecaa5967403d082aa24f35e1b516d23) [PhysX] Initialized MultithreadedTaskDispatcher with 20 workers.
 -> (artifact id: '851cbec68d43002a36f912b0bad52c33') in 0.008244 seconds
Number of updated asset objects reloaded before import = 0
Number of asset objects unloaded after import = 3
========================================================================
Received Import Request.
  Time since last request: 0.000040 seconds.
  path: Assets/Images/2012.dat.png
  artifactKey: Guid(452356999a1e41fcbcc062bb3fddaf69) Importer(2089858483,0ecaa5967403d082aa24f35e1b516d23)
Start importing Assets/Images/2012.dat.png using Guid(452356999a1e41fcbcc062bb3fddaf69) Importer(2089858483,0ecaa5967403d082aa24f35e1b516d23) [PhysX] Initialized MultithreadedTaskDispatcher with 20 workers.
 -> (artifact id: '5a300b4644bf85feb61ec2d8b5588318') in 0.007151 seconds
Number of updated asset objects reloaded before import = 0
Number of asset objects unloaded after import = 3
========================================================================
Received Import Request.
  Time since last request: 0.000014 seconds.
  path: Assets/Images/12089.dat.png
  artifactKey: Guid(df48c6654bb940c48cac0bb0f2d09c5e) Importer(2089858483,0ecaa5967403d082aa24f35e1b516d23)
Start importing Assets/Images/12089.dat.png using Guid(df48c6654bb940c48cac0bb0f2d09c5e) Importer(2089858483,0ecaa5967403d082aa24f35e1b516d23) [PhysX] Initialized MultithreadedTaskDispatcher with 20 workers.
 -> (artifact id: 'c8c4baf994a521c5f408f69da6dc8af3') in 0.007079 seconds
Number of updated asset objects reloaded before import = 0
Number of asset objects unloaded after import = 3
========================================================================
Received Import Request.
  Time since last request: 0.000015 seconds.
  path: Assets/Images/10571.dat.png
  artifactKey: Guid(8248a25f599944f6a0e07918728ceac9) Importer(2089858483,0ecaa5967403d082aa24f35e1b516d23)
Start importing Assets/Images/10571.dat.png using Guid(8248a25f599944f6a0e07918728ceac9) Importer(2089858483,0ecaa5967403d082aa24f35e1b516d23) [PhysX] Initialized MultithreadedTaskDispatcher with 20 workers.
 -> (artifact id: '4e335be0d0993e132eff88ab73d348c8') in 0.006843 seconds
Number of updated asset objects reloaded before import = 0
Number of asset objects unloaded after import = 3
========================================================================
Received Import Request.
  Time since last request: 0.000021 seconds.
  path: Assets/Images/2006.dat_d1.png
  artifactKey: Guid(f1bd5efb15474b2f9241e2ec3035ebb0) Importer(2089858483,0ecaa5967403d082aa24f35e1b516d23)
Start importing Assets/Images/2006.dat_d1.png using Guid(f1bd5efb15474b2f9241e2ec3035ebb0) Importer(2089858483,0ecaa5967403d082aa24f35e1b516d23) [PhysX] Initialized MultithreadedTaskDispatcher with 20 workers.
 -> (artifact id: 'ab76087a23a429098b4fca33575fa45e') in 0.007547 seconds
Number of updated asset objects reloaded before import = 0
Number of asset objects unloaded after import = 3
========================================================================
Received Import Request.
  Time since last request: 0.000022 seconds.
  path: Assets/Images/2177.dat.png
  artifactKey: Guid(72afa53fdd514843a4c6e7535949ba24) Importer(2089858483,0ecaa5967403d082aa24f35e1b516d23)
Start importing Assets/Images/2177.dat.png using Guid(72afa53fdd514843a4c6e7535949ba24) Importer(2089858483,0ecaa5967403d082aa24f35e1b516d23) [PhysX] Initialized MultithreadedTaskDispatcher with 20 workers.
 -> (artifact id: '58011572268d728bac8c22b746f72b16') in 0.007125 seconds
Number of updated asset objects reloaded before import = 0
Number of asset objects unloaded after import = 3
========================================================================
Received Import Request.
  Time since last request: 1.131721 seconds.
  path: Assets/Images/2244.dat.png
  artifactKey: Guid(8ffd37d2be3e4c13be2a1df0bc778f4b) Importer(2089858483,0ecaa5967403d082aa24f35e1b516d23)
Start importing Assets/Images/2244.dat.png using Guid(8ffd37d2be3e4c13be2a1df0bc778f4b) Importer(2089858483,0ecaa5967403d082aa24f35e1b516d23) [PhysX] Initialized MultithreadedTaskDispatcher with 20 workers.
 -> (artifact id: 'ccfc8813c9d82230ba4bab71f2c01f39') in 0.008559 seconds
Number of updated asset objects reloaded before import = 0
Number of asset objects unloaded after import = 3
========================================================================
Received Import Request.
  Time since last request: 0.000015 seconds.
  path: Assets/Images/3587.dat.png
  artifactKey: Guid(e8f45f9235324e0eaa21b9c48b212f39) Importer(2089858483,0ecaa5967403d082aa24f35e1b516d23)
Start importing Assets/Images/3587.dat.png using Guid(e8f45f9235324e0eaa21b9c48b212f39) Importer(2089858483,0ecaa5967403d082aa24f35e1b516d23) [PhysX] Initialized MultithreadedTaskDispatcher with 20 workers.
 -> (artifact id: '8e1523d26a1828f755569cd87ac2016b') in 0.007878 seconds
Number of updated asset objects reloaded before import = 0
Number of asset objects unloaded after import = 3
========================================================================
Received Import Request.
  Time since last request: 0.000025 seconds.
  path: Assets/Images/2484.dat.png
  artifactKey: Guid(3cea85ecf814483d84d2695c7ab2aa74) Importer(2089858483,0ecaa5967403d082aa24f35e1b516d23)
Start importing Assets/Images/2484.dat.png using Guid(3cea85ecf814483d84d2695c7ab2aa74) Importer(2089858483,0ecaa5967403d082aa24f35e1b516d23) [PhysX] Initialized MultithreadedTaskDispatcher with 20 workers.
 -> (artifact id: '1377ab062c4d6d981ce1180b126eb86c') in 0.006888 seconds
Number of updated asset objects reloaded before import = 0
Number of asset objects unloaded after import = 3
========================================================================
Received Import Request.
  Time since last request: 0.000012 seconds.
  path: Assets/Images/6282.dat.png
  artifactKey: Guid(12f6432f353a4de0abae8f07fa31169a) Importer(2089858483,0ecaa5967403d082aa24f35e1b516d23)
Start importing Assets/Images/6282.dat.png using Guid(12f6432f353a4de0abae8f07fa31169a) Importer(2089858483,0ecaa5967403d082aa24f35e1b516d23) [PhysX] Initialized MultithreadedTaskDispatcher with 20 workers.
 -> (artifact id: '95abb51210fa9deeed0942310897294a') in 0.006682 seconds
Number of updated asset objects reloaded before import = 0
Number of asset objects unloaded after import = 3
========================================================================
Received Import Request.
  Time since last request: 0.000014 seconds.
  path: Assets/Images/2284.dat.png
  artifactKey: Guid(a3f4bb0318884e3a817fc5c1f047bcc4) Importer(2089858483,0ecaa5967403d082aa24f35e1b516d23)
Start importing Assets/Images/2284.dat.png using Guid(a3f4bb0318884e3a817fc5c1f047bcc4) Importer(2089858483,0ecaa5967403d082aa24f35e1b516d23) [PhysX] Initialized MultithreadedTaskDispatcher with 20 workers.
 -> (artifact id: '0a2c6718fe2abc6c9c14dcb045a8b71e') in 0.007196 seconds
Number of updated asset objects reloaded before import = 0
Number of asset objects unloaded after import = 3
========================================================================
Received Import Request.
  Time since last request: 0.000013 seconds.
  path: Assets/Images/4286.dat.png
  artifactKey: Guid(ae327d46b135450c893238b495562525) Importer(2089858483,0ecaa5967403d082aa24f35e1b516d23)
Start importing Assets/Images/4286.dat.png using Guid(ae327d46b135450c893238b495562525) Importer(2089858483,0ecaa5967403d082aa24f35e1b516d23) [PhysX] Initialized MultithreadedTaskDispatcher with 20 workers.
 -> (artifact id: 'fea42730010939d01bdb6bd665fd2fba') in 0.008465 seconds
Number of updated asset objects reloaded before import = 0
Number of asset objects unloaded after import = 3
========================================================================
Received Import Request.
  Time since last request: 0.000014 seconds.
  path: Assets/Images/2827.dat.png
  artifactKey: Guid(90747733f0524d5381a9383b7f7515e1) Importer(2089858483,0ecaa5967403d082aa24f35e1b516d23)
Start importing Assets/Images/2827.dat.png using Guid(90747733f0524d5381a9383b7f7515e1) Importer(2089858483,0ecaa5967403d082aa24f35e1b516d23) [PhysX] Initialized MultithreadedTaskDispatcher with 20 workers.
 -> (artifact id: 'ab468930905d0084cb75765af0629a43') in 0.008385 seconds
Number of updated asset objects reloaded before import = 0
Number of asset objects unloaded after import = 3
========================================================================
Received Import Request.
  Time since last request: 0.000015 seconds.
  path: Assets/Images/467.dat.png
  artifactKey: Guid(4a23b519e7524a6890f22743de538538) Importer(2089858483,0ecaa5967403d082aa24f35e1b516d23)
Start importing Assets/Images/467.dat.png using Guid(4a23b519e7524a6890f22743de538538) Importer(2089858483,0ecaa5967403d082aa24f35e1b516d23) [PhysX] Initialized MultithreadedTaskDispatcher with 20 workers.
 -> (artifact id: 'cb3d9f696ca87b5bef28ca9ba62ca23a') in 0.007826 seconds
Number of updated asset objects reloaded before import = 0
Number of asset objects unloaded after import = 3
========================================================================
Received Import Request.
  Time since last request: 0.000013 seconds.
  path: Assets/Images/2766.dat.png
  artifactKey: Guid(5c3743c018574d2eb5af1ffc73c119b9) Importer(2089858483,0ecaa5967403d082aa24f35e1b516d23)
Start importing Assets/Images/2766.dat.png using Guid(5c3743c018574d2eb5af1ffc73c119b9) Importer(2089858483,0ecaa5967403d082aa24f35e1b516d23) [PhysX] Initialized MultithreadedTaskDispatcher with 20 workers.
 -> (artifact id: '60370ac9e0fd9db7705787ac215aa775') in 0.007118 seconds
Number of updated asset objects reloaded before import = 0
Number of asset objects unloaded after import = 3
========================================================================
Received Import Request.
  Time since last request: 0.000014 seconds.
  path: Assets/Images/4468.dat.png
  artifactKey: Guid(f60a81d69f854029899f6c38d1692304) Importer(2089858483,0ecaa5967403d082aa24f35e1b516d23)
Start importing Assets/Images/4468.dat.png using Guid(f60a81d69f854029899f6c38d1692304) Importer(2089858483,0ecaa5967403d082aa24f35e1b516d23) [PhysX] Initialized MultithreadedTaskDispatcher with 20 workers.
 -> (artifact id: 'f92da1277c2d7ebd50b542157bd285ed') in 0.007315 seconds
Number of updated asset objects reloaded before import = 0
Number of asset objects unloaded after import = 3
========================================================================
Received Import Request.
  Time since last request: 0.000013 seconds.
  path: Assets/Images/3449.dat.png
  artifactKey: Guid(494a782ca4c2488c804cfc04c1c4ac33) Importer(2089858483,0ecaa5967403d082aa24f35e1b516d23)
Start importing Assets/Images/3449.dat.png using Guid(494a782ca4c2488c804cfc04c1c4ac33) Importer(2089858483,0ecaa5967403d082aa24f35e1b516d23) [PhysX] Initialized MultithreadedTaskDispatcher with 20 workers.
 -> (artifact id: 'd68d9c2f615d8034d187692d0ff4b0aa') in 0.007069 seconds
Number of updated asset objects reloaded before import = 0
Number of asset objects unloaded after import = 3
========================================================================
Received Import Request.
  Time since last request: 0.000016 seconds.
  path: Assets/Images/5009.dat.png
  artifactKey: Guid(bef56a02d6bb4d53823adaff88d2f2fe) Importer(2089858483,0ecaa5967403d082aa24f35e1b516d23)
Start importing Assets/Images/5009.dat.png using Guid(bef56a02d6bb4d53823adaff88d2f2fe) Importer(2089858483,0ecaa5967403d082aa24f35e1b516d23) [PhysX] Initialized MultithreadedTaskDispatcher with 20 workers.
 -> (artifact id: 'cb971ef05c54f22ce176d0672b2bed87') in 0.017148 seconds
Number of updated asset objects reloaded before import = 0
Number of asset objects unloaded after import = 10
========================================================================
Received Import Request.
  Time since last request: 0.000021 seconds.
  path: Assets/Images/6280.dat.png
  artifactKey: Guid(83a076944d3740f9a2bedf9cd7ed5740) Importer(2089858483,0ecaa5967403d082aa24f35e1b516d23)
Start importing Assets/Images/6280.dat.png using Guid(83a076944d3740f9a2bedf9cd7ed5740) Importer(2089858483,0ecaa5967403d082aa24f35e1b516d23) [PhysX] Initialized MultithreadedTaskDispatcher with 20 workers.
 -> (artifact id: '20c39a8e0bf533c7b5ca158ccb4502b1') in 0.007902 seconds
Number of updated asset objects reloaded before import = 0
Number of asset objects unloaded after import = 3
========================================================================
Received Import Request.
  Time since last request: 0.000013 seconds.
  path: Assets/Images/4290.dat.png
  artifactKey: Guid(21d348b2b2c24bd482e51e55cc908636) Importer(2089858483,0ecaa5967403d082aa24f35e1b516d23)
Start importing Assets/Images/4290.dat.png using Guid(21d348b2b2c24bd482e51e55cc908636) Importer(2089858483,0ecaa5967403d082aa24f35e1b516d23) [PhysX] Initialized MultithreadedTaskDispatcher with 20 workers.
 -> (artifact id: '018bd3ad58468626c0cd4713d5fe8db1') in 0.007474 seconds
Number of updated asset objects reloaded before import = 0
Number of asset objects unloaded after import = 3
========================================================================
Received Import Request.
  Time since last request: 0.000015 seconds.
  path: Assets/Images/5524.dat.png
  artifactKey: Guid(3a0858ba5ac04290ab5644e7e3487d85) Importer(2089858483,0ecaa5967403d082aa24f35e1b516d23)
Start importing Assets/Images/5524.dat.png using Guid(3a0858ba5ac04290ab5644e7e3487d85) Importer(2089858483,0ecaa5967403d082aa24f35e1b516d23) [PhysX] Initialized MultithreadedTaskDispatcher with 20 workers.
 -> (artifact id: 'a458b7ae3068e126cafce9e6eedce57c') in 0.008952 seconds
Number of updated asset objects reloaded before import = 0
Number of asset objects unloaded after import = 3
========================================================================
Received Import Request.
  Time since last request: 0.000016 seconds.
  path: Assets/Images/2593.dat.png
  artifactKey: Guid(ac3025e83f7b4895988ea8f122b71e88) Importer(2089858483,0ecaa5967403d082aa24f35e1b516d23)
Start importing Assets/Images/2593.dat.png using Guid(ac3025e83f7b4895988ea8f122b71e88) Importer(2089858483,0ecaa5967403d082aa24f35e1b516d23) [PhysX] Initialized MultithreadedTaskDispatcher with 20 workers.
 -> (artifact id: '0e37b85516db57fa1efd1e58cc4416b4') in 0.007825 seconds
Number of updated asset objects reloaded before import = 0
Number of asset objects unloaded after import = 3
========================================================================
Received Import Request.
  Time since last request: 0.000031 seconds.
  path: Assets/Images/3125.dat.png
  artifactKey: Guid(5e8ff24056c54dc099189a9ad3215af0) Importer(2089858483,0ecaa5967403d082aa24f35e1b516d23)
Start importing Assets/Images/3125.dat.png using Guid(5e8ff24056c54dc099189a9ad3215af0) Importer(2089858483,0ecaa5967403d082aa24f35e1b516d23) [PhysX] Initialized MultithreadedTaskDispatcher with 20 workers.
 -> (artifact id: 'a6c70be85b0d08a4c1c15ef49ffe1220') in 0.007314 seconds
Number of updated asset objects reloaded before import = 0
Number of asset objects unloaded after import = 3
========================================================================
Received Import Request.
  Time since last request: 0.000014 seconds.
  path: Assets/Images/2843.dat.png
  artifactKey: Guid(37d1015bfa18402e92090306e97312f6) Importer(2089858483,0ecaa5967403d082aa24f35e1b516d23)
Start importing Assets/Images/2843.dat.png using Guid(37d1015bfa18402e92090306e97312f6) Importer(2089858483,0ecaa5967403d082aa24f35e1b516d23) [PhysX] Initialized MultithreadedTaskDispatcher with 20 workers.
 -> (artifact id: '97e911e7b4b173304f6e0f0eb3d41e47') in 0.007376 seconds
Number of updated asset objects reloaded before import = 0
Number of asset objects unloaded after import = 3
========================================================================
Received Import Request.
  Time since last request: 0.000013 seconds.
  path: Assets/Images/2865.dat.png
  artifactKey: Guid(65becd2b89c44d7f85a2c277b8d488b5) Importer(2089858483,0ecaa5967403d082aa24f35e1b516d23)
Start importing Assets/Images/2865.dat.png using Guid(65becd2b89c44d7f85a2c277b8d488b5) Importer(2089858483,0ecaa5967403d082aa24f35e1b516d23) [PhysX] Initialized MultithreadedTaskDispatcher with 20 workers.
 -> (artifact id: '7509281067a4c48f87962dc10317fd06') in 0.007169 seconds
Number of updated asset objects reloaded before import = 0
Number of asset objects unloaded after import = 3
========================================================================
Received Import Request.
  Time since last request: 0.000012 seconds.
  path: Assets/Images/2845.dat.png
  artifactKey: Guid(f59c1b04cf6a4fdb89ae86771d1b79b8) Importer(2089858483,0ecaa5967403d082aa24f35e1b516d23)
Start importing Assets/Images/2845.dat.png using Guid(f59c1b04cf6a4fdb89ae86771d1b79b8) Importer(2089858483,0ecaa5967403d082aa24f35e1b516d23) [PhysX] Initialized MultithreadedTaskDispatcher with 20 workers.
 -> (artifact id: 'b4321c1109816099e4e209bca1e91a57') in 0.008238 seconds
Number of updated asset objects reloaded before import = 0
Number of asset objects unloaded after import = 3
========================================================================
Received Import Request.
  Time since last request: 0.000017 seconds.
  path: Assets/Images/2286.dat.png
  artifactKey: Guid(831117080425430eade379c8b57b123c) Importer(2089858483,0ecaa5967403d082aa24f35e1b516d23)
Start importing Assets/Images/2286.dat.png using Guid(831117080425430eade379c8b57b123c) Importer(2089858483,0ecaa5967403d082aa24f35e1b516d23) [PhysX] Initialized MultithreadedTaskDispatcher with 20 workers.
 -> (artifact id: 'f6116b8089e988ed0f063681c0fe05b4') in 0.007754 seconds
Number of updated asset objects reloaded before import = 0
Number of asset objects unloaded after import = 3
========================================================================
Received Import Request.
  Time since last request: 0.000013 seconds.
  path: Assets/Images/3710.dat.png
  artifactKey: Guid(000373ea039c4b7db05acac686ce87c4) Importer(2089858483,0ecaa5967403d082aa24f35e1b516d23)
Start importing Assets/Images/3710.dat.png using Guid(000373ea039c4b7db05acac686ce87c4) Importer(2089858483,0ecaa5967403d082aa24f35e1b516d23) [PhysX] Initialized MultithreadedTaskDispatcher with 20 workers.
 -> (artifact id: '8ce7cc58f0130eaf5c0efcdb7e410eb7') in 0.006955 seconds
Number of updated asset objects reloaded before import = 0
Number of asset objects unloaded after import = 3
========================================================================
Received Import Request.
  Time since last request: 0.000013 seconds.
  path: Assets/Images/2579.dat.png
  artifactKey: Guid(98ce53da82cf47bb8b65ceaa9b3ec9ad) Importer(2089858483,0ecaa5967403d082aa24f35e1b516d23)
Start importing Assets/Images/2579.dat.png using Guid(98ce53da82cf47bb8b65ceaa9b3ec9ad) Importer(2089858483,0ecaa5967403d082aa24f35e1b516d23) [PhysX] Initialized MultithreadedTaskDispatcher with 20 workers.
 -> (artifact id: '5c058f1f201d088afea749b5adb79fdd') in 0.007033 seconds
Number of updated asset objects reloaded before import = 0
Number of asset objects unloaded after import = 3
========================================================================
Received Import Request.
  Time since last request: 0.000019 seconds.
  path: Assets/Images/3584.dat.png
  artifactKey: Guid(b9182ec167654176b3f19d4c35f8334a) Importer(2089858483,0ecaa5967403d082aa24f35e1b516d23)
Start importing Assets/Images/3584.dat.png using Guid(b9182ec167654176b3f19d4c35f8334a) Importer(2089858483,0ecaa5967403d082aa24f35e1b516d23) [PhysX] Initialized MultithreadedTaskDispatcher with 20 workers.
 -> (artifact id: 'd69eb13ff415326379af6c91660d0add') in 0.007039 seconds
Number of updated asset objects reloaded before import = 0
Number of asset objects unloaded after import = 3
========================================================================
Received Import Request.
  Time since last request: 0.000012 seconds.
  path: Assets/Images/2546.dat.png
  artifactKey: Guid(f3db0e40ebe04e9dbdcfb25fe8e61e02) Importer(2089858483,0ecaa5967403d082aa24f35e1b516d23)
Start importing Assets/Images/2546.dat.png using Guid(f3db0e40ebe04e9dbdcfb25fe8e61e02) Importer(2089858483,0ecaa5967403d082aa24f35e1b516d23) [PhysX] Initialized MultithreadedTaskDispatcher with 20 workers.
 -> (artifact id: '83cb5912df3ebccfad27385c0e586cb1') in 0.007502 seconds
Number of updated asset objects reloaded before import = 0
Number of asset objects unloaded after import = 3
========================================================================
Received Import Request.
  Time since last request: 0.000024 seconds.
  path: Assets/Images/2275.dat.png
  artifactKey: Guid(ebaf4381ae794279aec859bf69e2272b) Importer(2089858483,0ecaa5967403d082aa24f35e1b516d23)
Start importing Assets/Images/2275.dat.png using Guid(ebaf4381ae794279aec859bf69e2272b) Importer(2089858483,0ecaa5967403d082aa24f35e1b516d23) [PhysX] Initialized MultithreadedTaskDispatcher with 20 workers.
 -> (artifact id: '4d417f82e3a5f4a9bf955771956856c2') in 0.008241 seconds
Number of updated asset objects reloaded before import = 0
Number of asset objects unloaded after import = 3
========================================================================
Received Import Request.
  Time since last request: 0.000013 seconds.
  path: Assets/Images/5034.dat.png
  artifactKey: Guid(238a75f72bc74c6983c1e6c1e341b09b) Importer(2089858483,0ecaa5967403d082aa24f35e1b516d23)
Start importing Assets/Images/5034.dat.png using Guid(238a75f72bc74c6983c1e6c1e341b09b) Importer(2089858483,0ecaa5967403d082aa24f35e1b516d23) [PhysX] Initialized MultithreadedTaskDispatcher with 20 workers.
 -> (artifact id: '32b70a9cf244e1161e364f53b0dc8ef0') in 0.016750 seconds
Number of updated asset objects reloaded before import = 0
Number of asset objects unloaded after import = 10
========================================================================
Received Import Request.
  Time since last request: 0.000015 seconds.
  path: Assets/Images/2283.dat.png
  artifactKey: Guid(74baaafebac748d8b6e882a8d1dc6549) Importer(2089858483,0ecaa5967403d082aa24f35e1b516d23)
Start importing Assets/Images/2283.dat.png using Guid(74baaafebac748d8b6e882a8d1dc6549) Importer(2089858483,0ecaa5967403d082aa24f35e1b516d23) [PhysX] Initialized MultithreadedTaskDispatcher with 20 workers.
 -> (artifact id: '1c725782a20d530366f55411e8d62864') in 0.007364 seconds
Number of updated asset objects reloaded before import = 0
Number of asset objects unloaded after import = 3
========================================================================
Received Import Request.
  Time since last request: 0.000017 seconds.
  path: Assets/Images/2659.dat.png
  artifactKey: Guid(7aa5d173a67049508a135fafbffa36a0) Importer(2089858483,0ecaa5967403d082aa24f35e1b516d23)
Start importing Assets/Images/2659.dat.png using Guid(7aa5d173a67049508a135fafbffa36a0) Importer(2089858483,0ecaa5967403d082aa24f35e1b516d23) [PhysX] Initialized MultithreadedTaskDispatcher with 20 workers.
 -> (artifact id: '9db6482e8fcb661a253f8b5f75ac8ee5') in 0.007288 seconds
Number of updated asset objects reloaded before import = 0
Number of asset objects unloaded after import = 3
========================================================================
Received Import Request.
  Time since last request: 0.000012 seconds.
  path: Assets/Images/4992.dat.png
  artifactKey: Guid(f22335983d27461b8b31cfd55b0c0fbc) Importer(2089858483,0ecaa5967403d082aa24f35e1b516d23)
Start importing Assets/Images/4992.dat.png using Guid(f22335983d27461b8b31cfd55b0c0fbc) Importer(2089858483,0ecaa5967403d082aa24f35e1b516d23) [PhysX] Initialized MultithreadedTaskDispatcher with 20 workers.
 -> (artifact id: '73354abd8909d48a6fbcec15807731ba') in 0.015791 seconds
Number of updated asset objects reloaded before import = 0
Number of asset objects unloaded after import = 9
========================================================================
Received Import Request.
  Time since last request: 0.000012 seconds.
  path: Assets/Images/2840.dat.png
  artifactKey: Guid(d19fa865c7bc4897b4916a9343bf80f8) Importer(2089858483,0ecaa5967403d082aa24f35e1b516d23)
Start importing Assets/Images/2840.dat.png using Guid(d19fa865c7bc4897b4916a9343bf80f8) Importer(2089858483,0ecaa5967403d082aa24f35e1b516d23) [PhysX] Initialized MultithreadedTaskDispatcher with 20 workers.
 -> (artifact id: 'de1bd79f0e5e916268844ffddb84abb4') in 0.006956 seconds
Number of updated asset objects reloaded before import = 0
Number of asset objects unloaded after import = 3
========================================================================
Received Import Request.
  Time since last request: 0.000015 seconds.
  path: Assets/Images/2874.dat.png
  artifactKey: Guid(415d0984e63c4bc6a6047c33ae9d6621) Importer(2089858483,0ecaa5967403d082aa24f35e1b516d23)
Start importing Assets/Images/2874.dat.png using Guid(415d0984e63c4bc6a6047c33ae9d6621) Importer(2089858483,0ecaa5967403d082aa24f35e1b516d23) [PhysX] Initialized MultithreadedTaskDispatcher with 20 workers.
 -> (artifact id: '8eac26aa32cfd23eb83bb130725a710a') in 0.006961 seconds
Number of updated asset objects reloaded before import = 0
Number of asset objects unloaded after import = 3
========================================================================
Received Import Request.
  Time since last request: 0.000014 seconds.
  path: Assets/Images/4449.dat.png
  artifactKey: Guid(02cf918ee16e4e0f97c61c106932403b) Importer(2089858483,0ecaa5967403d082aa24f35e1b516d23)
Start importing Assets/Images/4449.dat.png using Guid(02cf918ee16e4e0f97c61c106932403b) Importer(2089858483,0ecaa5967403d082aa24f35e1b516d23) [PhysX] Initialized MultithreadedTaskDispatcher with 20 workers.
 -> (artifact id: '284d7e7952bcb62308da7813c165d08a') in 0.006433 seconds
Number of updated asset objects reloaded before import = 0
Number of asset objects unloaded after import = 3
========================================================================
Received Import Request.
  Time since last request: 0.000012 seconds.
  path: Assets/Images/2586.dat.png
  artifactKey: Guid(409a890980d24a85b93bf440aba90d16) Importer(2089858483,0ecaa5967403d082aa24f35e1b516d23)
Start importing Assets/Images/2586.dat.png using Guid(409a890980d24a85b93bf440aba90d16) Importer(2089858483,0ecaa5967403d082aa24f35e1b516d23) [PhysX] Initialized MultithreadedTaskDispatcher with 20 workers.
 -> (artifact id: 'fcca7c7118aa4701a1c90e13b8f2c592') in 0.008731 seconds
Number of updated asset objects reloaded before import = 0
Number of asset objects unloaded after import = 3
========================================================================
Received Import Request.
  Time since last request: 0.000015 seconds.
  path: Assets/Images/2250.dat.png
  artifactKey: Guid(ecc7fd090ff242ef98743677495b69f8) Importer(2089858483,0ecaa5967403d082aa24f35e1b516d23)
Start importing Assets/Images/2250.dat.png using Guid(ecc7fd090ff242ef98743677495b69f8) Importer(2089858483,0ecaa5967403d082aa24f35e1b516d23) [PhysX] Initialized MultithreadedTaskDispatcher with 20 workers.
 -> (artifact id: 'c271e667d09fe464a46de390617fe9a0') in 0.006909 seconds
Number of updated asset objects reloaded before import = 0
Number of asset objects unloaded after import = 3
========================================================================
Received Import Request.
  Time since last request: 0.000012 seconds.
  path: Assets/Images/5531.dat.png
  artifactKey: Guid(6327251dd6244fad82ae08711b3138ff) Importer(2089858483,0ecaa5967403d082aa24f35e1b516d23)
Start importing Assets/Images/5531.dat.png using Guid(6327251dd6244fad82ae08711b3138ff) Importer(2089858483,0ecaa5967403d082aa24f35e1b516d23) [PhysX] Initialized MultithreadedTaskDispatcher with 20 workers.
 -> (artifact id: 'd6673687840a261dde14079b69ce8c4e') in 0.012169 seconds
Number of updated asset objects reloaded before import = 0
Number of asset objects unloaded after import = 7
========================================================================
Received Import Request.
  Time since last request: 0.000015 seconds.
  path: Assets/Images/2427.dat.png
  artifactKey: Guid(1a6d7a4fa4a242f8999be48352bcc9e6) Importer(2089858483,0ecaa5967403d082aa24f35e1b516d23)
Start importing Assets/Images/2427.dat.png using Guid(1a6d7a4fa4a242f8999be48352bcc9e6) Importer(2089858483,0ecaa5967403d082aa24f35e1b516d23) [PhysX] Initialized MultithreadedTaskDispatcher with 20 workers.
 -> (artifact id: '6eb69083e5bc5aa1486fa09f4709b809') in 0.021979 seconds
Number of updated asset objects reloaded before import = 0
Number of asset objects unloaded after import = 14
========================================================================
Received Import Request.
  Time since last request: 0.000023 seconds.
  path: Assets/Images/6281.dat.png
  artifactKey: Guid(97a758e6b5f1474e9762b8ad57f6af81) Importer(2089858483,0ecaa5967403d082aa24f35e1b516d23)
Start importing Assets/Images/6281.dat.png using Guid(97a758e6b5f1474e9762b8ad57f6af81) Importer(2089858483,0ecaa5967403d082aa24f35e1b516d23) [PhysX] Initialized MultithreadedTaskDispatcher with 20 workers.
 -> (artifact id: '0cb0dd03969127cd1fbf3a10fc787512') in 0.007292 seconds
Number of updated asset objects reloaded before import = 0
Number of asset objects unloaded after import = 3
========================================================================
Received Import Request.
  Time since last request: 0.000012 seconds.
  path: Assets/Images/2346.dat.png
  artifactKey: Guid(23c2fb6870d248c4ac3cceaf322ce5c4) Importer(2089858483,0ecaa5967403d082aa24f35e1b516d23)
Start importing Assets/Images/2346.dat.png using Guid(23c2fb6870d248c4ac3cceaf322ce5c4) Importer(2089858483,0ecaa5967403d082aa24f35e1b516d23) [PhysX] Initialized MultithreadedTaskDispatcher with 20 workers.
 -> (artifact id: '6f37e7007f8411c77c3badeae6c7e954') in 0.007349 seconds
Number of updated asset objects reloaded before import = 0
Number of asset objects unloaded after import = 3
========================================================================
Received Import Request.
  Time since last request: 0.000013 seconds.
  path: Assets/Images/2432.dat.png
  artifactKey: Guid(792bc099282a4abf9ee2c0cf5a458635) Importer(2089858483,0ecaa5967403d082aa24f35e1b516d23)
Start importing Assets/Images/2432.dat.png using Guid(792bc099282a4abf9ee2c0cf5a458635) Importer(2089858483,0ecaa5967403d082aa24f35e1b516d23) [PhysX] Initialized MultithreadedTaskDispatcher with 20 workers.
 -> (artifact id: '6c5b271f5bb35ffaceb46c60dea7d37c') in 0.007061 seconds
Number of updated asset objects reloaded before import = 0
Number of asset objects unloaded after import = 3
========================================================================
Received Import Request.
  Time since last request: 0.000011 seconds.
  path: Assets/Images/2913.dat.png
  artifactKey: Guid(651965a79f194fa9b819fb43e3657254) Importer(2089858483,0ecaa5967403d082aa24f35e1b516d23)
Start importing Assets/Images/2913.dat.png using Guid(651965a79f194fa9b819fb43e3657254) Importer(2089858483,0ecaa5967403d082aa24f35e1b516d23) [PhysX] Initialized MultithreadedTaskDispatcher with 20 workers.
 -> (artifact id: '73363cd71e5d9c6f9b4bef14db5213a9') in 0.007123 seconds
Number of updated asset objects reloaded before import = 0
Number of asset objects unloaded after import = 3
========================================================================
Received Import Request.
  Time since last request: 0.000014 seconds.
  path: Assets/Images/2828.dat.png
  artifactKey: Guid(d1f968e2410a465f9769537f52ac3be8) Importer(2089858483,0ecaa5967403d082aa24f35e1b516d23)
Start importing Assets/Images/2828.dat.png using Guid(d1f968e2410a465f9769537f52ac3be8) Importer(2089858483,0ecaa5967403d082aa24f35e1b516d23) [PhysX] Initialized MultithreadedTaskDispatcher with 20 workers.
 -> (artifact id: 'f7822b7ff18c25811889c764ede67928') in 0.008222 seconds
Number of updated asset objects reloaded before import = 0
Number of asset objects unloaded after import = 3
========================================================================
Received Import Request.
  Time since last request: 0.000014 seconds.
  path: Assets/Images/3732.dat.png
  artifactKey: Guid(c95e2257cac348d4bfff9dd0eadf315e) Importer(2089858483,0ecaa5967403d082aa24f35e1b516d23)
Start importing Assets/Images/3732.dat.png using Guid(c95e2257cac348d4bfff9dd0eadf315e) Importer(2089858483,0ecaa5967403d082aa24f35e1b516d23) [PhysX] Initialized MultithreadedTaskDispatcher with 20 workers.
 -> (artifact id: '26ba1b9cbc0b4b3f33ce08f98591689f') in 0.008294 seconds
Number of updated asset objects reloaded before import = 0
Number of asset objects unloaded after import = 3
========================================================================
Received Import Request.
  Time since last request: 0.000016 seconds.
  path: Assets/Images/2824.dat.png
  artifactKey: Guid(80e317c2256e41ae96617b0764c29ac1) Importer(2089858483,0ecaa5967403d082aa24f35e1b516d23)
Start importing Assets/Images/2824.dat.png using Guid(80e317c2256e41ae96617b0764c29ac1) Importer(2089858483,0ecaa5967403d082aa24f35e1b516d23) [PhysX] Initialized MultithreadedTaskDispatcher with 20 workers.
 -> (artifact id: '100d954f8e9668299f62a374a4487978') in 0.007187 seconds
Number of updated asset objects reloaded before import = 0
Number of asset objects unloaded after import = 3
========================================================================
Received Import Request.
  Time since last request: 0.000014 seconds.
  path: Assets/Images/2324.dat.png
  artifactKey: Guid(c5857b21b1f44bd6b6a1b1566f859fea) Importer(2089858483,0ecaa5967403d082aa24f35e1b516d23)
Start importing Assets/Images/2324.dat.png using Guid(c5857b21b1f44bd6b6a1b1566f859fea) Importer(2089858483,0ecaa5967403d082aa24f35e1b516d23) [PhysX] Initialized MultithreadedTaskDispatcher with 20 workers.
 -> (artifact id: 'a9342587af36c98550d7fbba0c4df527') in 0.007334 seconds
Number of updated asset objects reloaded before import = 0
Number of asset objects unloaded after import = 3
========================================================================
Received Import Request.
  Time since last request: 0.000015 seconds.
  path: Assets/Images/3344.dat.png
  artifactKey: Guid(68be8721e5b344b0b676f0d67b71def1) Importer(2089858483,0ecaa5967403d082aa24f35e1b516d23)
Start importing Assets/Images/3344.dat.png using Guid(68be8721e5b344b0b676f0d67b71def1) Importer(2089858483,0ecaa5967403d082aa24f35e1b516d23) [PhysX] Initialized MultithreadedTaskDispatcher with 20 workers.
 -> (artifact id: '835fcd18da0336e5475d02d8855b77bd') in 0.020539 seconds
Number of updated asset objects reloaded before import = 0
Number of asset objects unloaded after import = 14
========================================================================
Received Import Request.
  Time since last request: 0.000015 seconds.
  path: Assets/Images/2899.dat_d1.png
  artifactKey: Guid(87f78821c0e24ad18cc1992e4e105cd5) Importer(2089858483,0ecaa5967403d082aa24f35e1b516d23)
Start importing Assets/Images/2899.dat_d1.png using Guid(87f78821c0e24ad18cc1992e4e105cd5) Importer(2089858483,0ecaa5967403d082aa24f35e1b516d23) [PhysX] Initialized MultithreadedTaskDispatcher with 20 workers.
 -> (artifact id: '9b9828018c27379093eed27dee992880') in 0.007794 seconds
Number of updated asset objects reloaded before import = 0
Number of asset objects unloaded after import = 3
========================================================================
Received Import Request.
  Time since last request: 0.000018 seconds.
  path: Assets/Images/2965.dat.png
  artifactKey: Guid(5a250e768e194a8db4fd53729add3d6d) Importer(2089858483,0ecaa5967403d082aa24f35e1b516d23)
Start importing Assets/Images/2965.dat.png using Guid(5a250e768e194a8db4fd53729add3d6d) Importer(2089858483,0ecaa5967403d082aa24f35e1b516d23) [PhysX] Initialized MultithreadedTaskDispatcher with 20 workers.
 -> (artifact id: '964e5bc5d3a24febe7dd14b0664e8fa6') in 0.007389 seconds
Number of updated asset objects reloaded before import = 0
Number of asset objects unloaded after import = 3
========================================================================
Received Import Request.
  Time since last request: 0.000013 seconds.
  path: Assets/Images/2589.dat.png
  artifactKey: Guid(afcec8443bca4eca9fa941595ef5cb89) Importer(2089858483,0ecaa5967403d082aa24f35e1b516d23)
Start importing Assets/Images/2589.dat.png using Guid(afcec8443bca4eca9fa941595ef5cb89) Importer(2089858483,0ecaa5967403d082aa24f35e1b516d23) [PhysX] Initialized MultithreadedTaskDispatcher with 20 workers.
 -> (artifact id: '7940e8c2db17c011f03f8dd0b66a05f4') in 0.008029 seconds
Number of updated asset objects reloaded before import = 0
Number of asset objects unloaded after import = 3
========================================================================
Received Import Request.
  Time since last request: 0.000014 seconds.
  path: Assets/Images/2535.dat.png
  artifactKey: Guid(7f49544bbfe44218a9427f75967d2e39) Importer(2089858483,0ecaa5967403d082aa24f35e1b516d23)
Start importing Assets/Images/2535.dat.png using Guid(7f49544bbfe44218a9427f75967d2e39) Importer(2089858483,0ecaa5967403d082aa24f35e1b516d23) [PhysX] Initialized MultithreadedTaskDispatcher with 20 workers.
 -> (artifact id: '6d0ab921ecf3d362d3b0cb5a5ab045ff') in 0.007554 seconds
Number of updated asset objects reloaded before import = 0
Number of asset objects unloaded after import = 3
========================================================================
Received Import Request.
  Time since last request: 0.000016 seconds.
  path: Assets/Images/2434.dat.png
  artifactKey: Guid(a2b697c31e454a248c96f7f73c64bde3) Importer(2089858483,0ecaa5967403d082aa24f35e1b516d23)
Start importing Assets/Images/2434.dat.png using Guid(a2b697c31e454a248c96f7f73c64bde3) Importer(2089858483,0ecaa5967403d082aa24f35e1b516d23) [PhysX] Initialized MultithreadedTaskDispatcher with 20 workers.
 -> (artifact id: '59f863e9239b65653bd767fb30777819') in 0.008465 seconds
Number of updated asset objects reloaded before import = 0
Number of asset objects unloaded after import = 3
========================================================================
Received Import Request.
  Time since last request: 0.000013 seconds.
  path: Assets/Images/2557.dat.png
  artifactKey: Guid(62f531b46a814158bcadb936dfa441bd) Importer(2089858483,0ecaa5967403d082aa24f35e1b516d23)
Start importing Assets/Images/2557.dat.png using Guid(62f531b46a814158bcadb936dfa441bd) Importer(2089858483,0ecaa5967403d082aa24f35e1b516d23) [PhysX] Initialized MultithreadedTaskDispatcher with 20 workers.
 -> (artifact id: '2f2354447b89372997e4c4e7ecae164b') in 0.007242 seconds
Number of updated asset objects reloaded before import = 0
Number of asset objects unloaded after import = 3
========================================================================
Received Import Request.
  Time since last request: 0.000012 seconds.
  path: Assets/Images/3777.dat.png
  artifactKey: Guid(b6b2d87c37634af7b52bad0c10ab2b43) Importer(2089858483,0ecaa5967403d082aa24f35e1b516d23)
Start importing Assets/Images/3777.dat.png using Guid(b6b2d87c37634af7b52bad0c10ab2b43) Importer(2089858483,0ecaa5967403d082aa24f35e1b516d23) [PhysX] Initialized MultithreadedTaskDispatcher with 20 workers.
 -> (artifact id: '50a6e136d4ec05491df046dc97b145d0') in 0.007391 seconds
Number of updated asset objects reloaded before import = 0
Number of asset objects unloaded after import = 3
========================================================================
Received Import Request.
  Time since last request: 0.000014 seconds.
  path: Assets/Images/3595.dat.png
  artifactKey: Guid(07b2aa42c9d3460e8ec915c5c808e648) Importer(2089858483,0ecaa5967403d082aa24f35e1b516d23)
Start importing Assets/Images/3595.dat.png using Guid(07b2aa42c9d3460e8ec915c5c808e648) Importer(2089858483,0ecaa5967403d082aa24f35e1b516d23) [PhysX] Initialized MultithreadedTaskDispatcher with 20 workers.
 -> (artifact id: 'ea865f4dbec1382a85967d323e6d0ec1') in 0.007528 seconds
Number of updated asset objects reloaded before import = 0
Number of asset objects unloaded after import = 3
========================================================================
Received Import Request.
  Time since last request: 0.000011 seconds.
  path: Assets/Images/2328.dat.png
  artifactKey: Guid(f95dec7399714596815f941e86e49ac1) Importer(2089858483,0ecaa5967403d082aa24f35e1b516d23)
Start importing Assets/Images/2328.dat.png using Guid(f95dec7399714596815f941e86e49ac1) Importer(2089858483,0ecaa5967403d082aa24f35e1b516d23) [PhysX] Initialized MultithreadedTaskDispatcher with 20 workers.
 -> (artifact id: '9d6a36393e890099f490c9b0877c8f07') in 0.008038 seconds
Number of updated asset objects reloaded before import = 0
Number of asset objects unloaded after import = 3
========================================================================
Received Import Request.
  Time since last request: 0.000020 seconds.
  path: Assets/Images/2545.dat.png
  artifactKey: Guid(5dc7bcdc4cff4e60a60e216e03bc3372) Importer(2089858483,0ecaa5967403d082aa24f35e1b516d23)
Start importing Assets/Images/2545.dat.png using Guid(5dc7bcdc4cff4e60a60e216e03bc3372) Importer(2089858483,0ecaa5967403d082aa24f35e1b516d23) [PhysX] Initialized MultithreadedTaskDispatcher with 20 workers.
 -> (artifact id: '22a83be15c1f47126e8262450af8dc8e') in 0.008593 seconds
Number of updated asset objects reloaded before import = 0
Number of asset objects unloaded after import = 3
========================================================================
Received Import Request.
  Time since last request: 0.000016 seconds.
  path: Assets/Images/2280.dat.png
  artifactKey: Guid(311206dccfc043c1a8804bedf0fbc518) Importer(2089858483,0ecaa5967403d082aa24f35e1b516d23)
Start importing Assets/Images/2280.dat.png using Guid(311206dccfc043c1a8804bedf0fbc518) Importer(2089858483,0ecaa5967403d082aa24f35e1b516d23) [PhysX] Initialized MultithreadedTaskDispatcher with 20 workers.
 -> (artifact id: 'bba36cc5c478f6853f6105bd95945a9e') in 0.008015 seconds
Number of updated asset objects reloaded before import = 0
Number of asset objects unloaded after import = 3
========================================================================
Received Import Request.
  Time since last request: 0.000014 seconds.
  path: Assets/Images/2563.dat.png
  artifactKey: Guid(a18e506374a6480abe1e0e5089cd8b72) Importer(2089858483,0ecaa5967403d082aa24f35e1b516d23)
Start importing Assets/Images/2563.dat.png using Guid(a18e506374a6480abe1e0e5089cd8b72) Importer(2089858483,0ecaa5967403d082aa24f35e1b516d23) [PhysX] Initialized MultithreadedTaskDispatcher with 20 workers.
 -> (artifact id: 'c4c52c24781a61046c181ffe6a038b99') in 0.007083 seconds
Number of updated asset objects reloaded before import = 0
Number of asset objects unloaded after import = 3
========================================================================
Received Import Request.
  Time since last request: 0.000012 seconds.
  path: Assets/Images/2968.dat.png
  artifactKey: Guid(79a2fd583b7340fe99ab111771f0340f) Importer(2089858483,0ecaa5967403d082aa24f35e1b516d23)
Start importing Assets/Images/2968.dat.png using Guid(79a2fd583b7340fe99ab111771f0340f) Importer(2089858483,0ecaa5967403d082aa24f35e1b516d23) [PhysX] Initialized MultithreadedTaskDispatcher with 20 workers.
 -> (artifact id: 'b1dc7a3d7edda7192a9d08780078bced') in 0.020605 seconds
Number of updated asset objects reloaded before import = 0
Number of asset objects unloaded after import = 16
========================================================================
Received Import Request.
  Time since last request: 0.000015 seconds.
  path: Assets/Images/2558.dat.png
  artifactKey: Guid(b85f35488f6845d784f4260182eb038e) Importer(2089858483,0ecaa5967403d082aa24f35e1b516d23)
Start importing Assets/Images/2558.dat.png using Guid(b85f35488f6845d784f4260182eb038e) Importer(2089858483,0ecaa5967403d082aa24f35e1b516d23) [PhysX] Initialized MultithreadedTaskDispatcher with 20 workers.
 -> (artifact id: '3f66e806be6b72870ecc28298b42906e') in 0.007272 seconds
Number of updated asset objects reloaded before import = 0
Number of asset objects unloaded after import = 3
========================================================================
Received Import Request.
  Time since last request: 0.000015 seconds.
  path: Assets/Images/2390.dat.png
  artifactKey: Guid(de641aa4b27f443fbfdaa9997b6129d3) Importer(2089858483,0ecaa5967403d082aa24f35e1b516d23)
Start importing Assets/Images/2390.dat.png using Guid(de641aa4b27f443fbfdaa9997b6129d3) Importer(2089858483,0ecaa5967403d082aa24f35e1b516d23) [PhysX] Initialized MultithreadedTaskDispatcher with 20 workers.
 -> (artifact id: '85bcb5c2397864afdcb585d7b4163fec') in 0.007271 seconds
Number of updated asset objects reloaded before import = 0
Number of asset objects unloaded after import = 3
========================================================================
Received Import Request.
  Time since last request: 0.000019 seconds.
  path: Assets/Images/3357.dat.png
  artifactKey: Guid(52a40a1037974ca0a50b7723952e994a) Importer(2089858483,0ecaa5967403d082aa24f35e1b516d23)
Start importing Assets/Images/3357.dat.png using Guid(52a40a1037974ca0a50b7723952e994a) Importer(2089858483,0ecaa5967403d082aa24f35e1b516d23) [PhysX] Initialized MultithreadedTaskDispatcher with 20 workers.
 -> (artifact id: '19f1cca1ae16461c6eb7a2e304531879') in 0.013216 seconds
Number of updated asset objects reloaded before import = 0
Number of asset objects unloaded after import = 10
========================================================================
Received Import Request.
  Time since last request: 0.000022 seconds.
  path: Assets/Images/4451.dat.png
  artifactKey: Guid(0e9862f74d01497b91469765fe10f5aa) Importer(2089858483,0ecaa5967403d082aa24f35e1b516d23)
Start importing Assets/Images/4451.dat.png using Guid(0e9862f74d01497b91469765fe10f5aa) Importer(2089858483,0ecaa5967403d082aa24f35e1b516d23) [PhysX] Initialized MultithreadedTaskDispatcher with 20 workers.
 -> (artifact id: '388c9b5a74dbea2ec62cfd50964abfd4') in 0.008074 seconds
Number of updated asset objects reloaded before import = 0
Number of asset objects unloaded after import = 3
========================================================================
Received Import Request.
  Time since last request: 0.000027 seconds.
  path: Assets/Images/3834.dat.png
  artifactKey: Guid(e7c67ce8b9cf42ee85340a396924780a) Importer(2089858483,0ecaa5967403d082aa24f35e1b516d23)
Start importing Assets/Images/3834.dat.png using Guid(e7c67ce8b9cf42ee85340a396924780a) Importer(2089858483,0ecaa5967403d082aa24f35e1b516d23) [PhysX] Initialized MultithreadedTaskDispatcher with 20 workers.
 -> (artifact id: 'dfb4b612d0ca40aa2d519e6be6fd6678') in 0.007506 seconds
Number of updated asset objects reloaded before import = 0
Number of asset objects unloaded after import = 3
========================================================================
Received Import Request.
  Time since last request: 0.000013 seconds.
  path: Assets/Images/2949.dat.png
  artifactKey: Guid(b85983b0967f4a6a91ed21855a529fe4) Importer(2089858483,0ecaa5967403d082aa24f35e1b516d23)
Start importing Assets/Images/2949.dat.png using Guid(b85983b0967f4a6a91ed21855a529fe4) Importer(2089858483,0ecaa5967403d082aa24f35e1b516d23) [PhysX] Initialized MultithreadedTaskDispatcher with 20 workers.
 -> (artifact id: 'ae7741a1782a06f31d94062685022205') in 0.007732 seconds
Number of updated asset objects reloaded before import = 0
Number of asset objects unloaded after import = 3
========================================================================
Received Import Request.
  Time since last request: 0.000013 seconds.
  path: Assets/Images/3503.dat.png
  artifactKey: Guid(526dab5d66b043139cd626c5d77c189b) Importer(2089858483,0ecaa5967403d082aa24f35e1b516d23)
Start importing Assets/Images/3503.dat.png using Guid(526dab5d66b043139cd626c5d77c189b) Importer(2089858483,0ecaa5967403d082aa24f35e1b516d23) [PhysX] Initialized MultithreadedTaskDispatcher with 20 workers.
 -> (artifact id: '43a1d28c82fb0baa0a89521c2499d311') in 0.006828 seconds
Number of updated asset objects reloaded before import = 0
Number of asset objects unloaded after import = 3
========================================================================
Received Import Request.
  Time since last request: 0.000013 seconds.
  path: Assets/Images/4284.dat.png
  artifactKey: Guid(d0646d4f54574e7b952aae6a62dae7af) Importer(2089858483,0ecaa5967403d082aa24f35e1b516d23)
Start importing Assets/Images/4284.dat.png using Guid(d0646d4f54574e7b952aae6a62dae7af) Importer(2089858483,0ecaa5967403d082aa24f35e1b516d23) [PhysX] Initialized MultithreadedTaskDispatcher with 20 workers.
 -> (artifact id: 'aa4300766633ce006eeffdfce55c9f20') in 0.006940 seconds
Number of updated asset objects reloaded before import = 0
Number of asset objects unloaded after import = 3
========================================================================
Received Import Request.
  Time since last request: 0.000012 seconds.
  path: Assets/Images/2943.dat.png
  artifactKey: Guid(b740a47ed1ea49bbb80f580dc85d00e4) Importer(2089858483,0ecaa5967403d082aa24f35e1b516d23)
Start importing Assets/Images/2943.dat.png using Guid(b740a47ed1ea49bbb80f580dc85d00e4) Importer(2089858483,0ecaa5967403d082aa24f35e1b516d23) [PhysX] Initialized MultithreadedTaskDispatcher with 20 workers.
 -> (artifact id: '384163e1c4b677715c45557020506e96') in 0.008916 seconds
Number of updated asset objects reloaded before import = 0
Number of asset objects unloaded after import = 3
========================================================================
Received Import Request.
  Time since last request: 0.000036 seconds.
  path: Assets/Images/2578.dat.png
  artifactKey: Guid(ffc07ae3e6fe410b87f5a8bd84176325) Importer(2089858483,0ecaa5967403d082aa24f35e1b516d23)
Start importing Assets/Images/2578.dat.png using Guid(ffc07ae3e6fe410b87f5a8bd84176325) Importer(2089858483,0ecaa5967403d082aa24f35e1b516d23) [PhysX] Initialized MultithreadedTaskDispatcher with 20 workers.
 -> (artifact id: 'ac40f5e7e5606cb9b20d0be3406fcf12') in 0.007633 seconds
Number of updated asset objects reloaded before import = 0
Number of asset objects unloaded after import = 3
========================================================================
Received Import Request.
  Time since last request: 0.000013 seconds.
  path: Assets/Images/3597.dat.png
  artifactKey: Guid(cac94833adeb41d1b85ed81f224f0381) Importer(2089858483,0ecaa5967403d082aa24f35e1b516d23)
Start importing Assets/Images/3597.dat.png using Guid(cac94833adeb41d1b85ed81f224f0381) Importer(2089858483,0ecaa5967403d082aa24f35e1b516d23) [PhysX] Initialized MultithreadedTaskDispatcher with 20 workers.
 -> (artifact id: '4e775ced2520072badae3a8bcd3788a1') in 0.006934 seconds
Number of updated asset objects reloaded before import = 0
Number of asset objects unloaded after import = 3
========================================================================
Received Import Request.
  Time since last request: 0.000014 seconds.
  path: Assets/Images/2485.dat.png
  artifactKey: Guid(ea573a26b81c43d8814d3f587d7e841f) Importer(2089858483,0ecaa5967403d082aa24f35e1b516d23)
Start importing Assets/Images/2485.dat.png using Guid(ea573a26b81c43d8814d3f587d7e841f) Importer(2089858483,0ecaa5967403d082aa24f35e1b516d23) [PhysX] Initialized MultithreadedTaskDispatcher with 20 workers.
 -> (artifact id: '97d8c66416d33a3d799fb80801470495') in 0.007342 seconds
Number of updated asset objects reloaded before import = 0
Number of asset objects unloaded after import = 3
========================================================================
Received Import Request.
  Time since last request: 0.000016 seconds.
  path: Assets/Images/4292.dat.png
  artifactKey: Guid(87ef329305db4c6db42c9ac68e9ac391) Importer(2089858483,0ecaa5967403d082aa24f35e1b516d23)
Start importing Assets/Images/4292.dat.png using Guid(87ef329305db4c6db42c9ac68e9ac391) Importer(2089858483,0ecaa5967403d082aa24f35e1b516d23) [PhysX] Initialized MultithreadedTaskDispatcher with 20 workers.
 -> (artifact id: 'ccd6548428b310f536e20d290e730ac2') in 0.007640 seconds
Number of updated asset objects reloaded before import = 0
Number of asset objects unloaded after import = 3
========================================================================
Received Import Request.
  Time since last request: 0.000049 seconds.
  path: Assets/Images/2846.dat.png
  artifactKey: Guid(96c5bfc1a24848c5ad76378835d07934) Importer(2089858483,0ecaa5967403d082aa24f35e1b516d23)
Start importing Assets/Images/2846.dat.png using Guid(96c5bfc1a24848c5ad76378835d07934) Importer(2089858483,0ecaa5967403d082aa24f35e1b516d23) [PhysX] Initialized MultithreadedTaskDispatcher with 20 workers.
 -> (artifact id: '6c883a94276cd3ffc0686aa4f8018ed1') in 0.007158 seconds
Number of updated asset objects reloaded before import = 0
Number of asset objects unloaded after import = 3
========================================================================
Received Import Request.
  Time since last request: 0.000015 seconds.
  path: Assets/Images/2560.dat.png
  artifactKey: Guid(06c5507f92fb40519aacd3158310ab28) Importer(2089858483,0ecaa5967403d082aa24f35e1b516d23)
Start importing Assets/Images/2560.dat.png using Guid(06c5507f92fb40519aacd3158310ab28) Importer(2089858483,0ecaa5967403d082aa24f35e1b516d23) [PhysX] Initialized MultithreadedTaskDispatcher with 20 workers.
 -> (artifact id: '6e470d8f0b4b80d3871166260542280c') in 0.007517 seconds
Number of updated asset objects reloaded before import = 0
Number of asset objects unloaded after import = 3
========================================================================
Received Import Request.
  Time since last request: 1.059283 seconds.
  path: Assets/Images/6285.dat.png
  artifactKey: Guid(990bb8a13b66482f9236c177b769580f) Importer(2089858483,0ecaa5967403d082aa24f35e1b516d23)
Start importing Assets/Images/6285.dat.png using Guid(990bb8a13b66482f9236c177b769580f) Importer(2089858483,0ecaa5967403d082aa24f35e1b516d23) [PhysX] Initialized MultithreadedTaskDispatcher with 20 workers.
 -> (artifact id: '2825fc2ec5c734dbac616880737735a3') in 0.008693 seconds
Number of updated asset objects reloaded before import = 0
Number of asset objects unloaded after import = 3
========================================================================
Received Import Request.
  Time since last request: 0.000252 seconds.
  path: Assets/Images/8176.dat.png
  artifactKey: Guid(8cf8c2a435fe4fa0a144ca45f1ae9590) Importer(2089858483,0ecaa5967403d082aa24f35e1b516d23)
Start importing Assets/Images/8176.dat.png using Guid(8cf8c2a435fe4fa0a144ca45f1ae9590) Importer(2089858483,0ecaa5967403d082aa24f35e1b516d23) [PhysX] Initialized MultithreadedTaskDispatcher with 20 workers.
 -> (artifact id: '8191d9ed5f5dd15ead95c1109b11c196') in 0.009658 seconds
Number of updated asset objects reloaded before import = 0
Number of asset objects unloaded after import = 3
========================================================================
Received Import Request.
  Time since last request: 0.000087 seconds.
  path: Assets/Images/8548.dat.png
  artifactKey: Guid(208e173e03ef40dd9575879cb0422dd3) Importer(2089858483,0ecaa5967403d082aa24f35e1b516d23)
Start importing Assets/Images/8548.dat.png using Guid(208e173e03ef40dd9575879cb0422dd3) Importer(2089858483,0ecaa5967403d082aa24f35e1b516d23) [PhysX] Initialized MultithreadedTaskDispatcher with 20 workers.
 -> (artifact id: 'be4ae9c4856d3c0d8360f6a8df73d124') in 0.007300 seconds
Number of updated asset objects reloaded before import = 0
Number of asset objects unloaded after import = 3
========================================================================
Received Import Request.
  Time since last request: 0.000015 seconds.
  path: Assets/Images/73.dat.png
  artifactKey: Guid(7369e8334d834c54a0627aef7eeec39a) Importer(2089858483,0ecaa5967403d082aa24f35e1b516d23)
Start importing Assets/Images/73.dat.png using Guid(7369e8334d834c54a0627aef7eeec39a) Importer(2089858483,0ecaa5967403d082aa24f35e1b516d23) [PhysX] Initialized MultithreadedTaskDispatcher with 20 workers.
 -> (artifact id: 'cb7ab97708de7cec65268284c17e4827') in 0.007285 seconds
Number of updated asset objects reloaded before import = 0
Number of asset objects unloaded after import = 3
========================================================================
Received Import Request.
  Time since last request: 0.000015 seconds.
  path: Assets/Images/8515.dat.png
  artifactKey: Guid(c3df13188ced4e3794563b1ad9ad904d) Importer(2089858483,0ecaa5967403d082aa24f35e1b516d23)
Start importing Assets/Images/8515.dat.png using Guid(c3df13188ced4e3794563b1ad9ad904d) Importer(2089858483,0ecaa5967403d082aa24f35e1b516d23) [PhysX] Initialized MultithreadedTaskDispatcher with 20 workers.
 -> (artifact id: '90a9010a5782ed5297cf960dd7186c38') in 0.019755 seconds
Number of updated asset objects reloaded before import = 0
Number of asset objects unloaded after import = 3
========================================================================
Received Import Request.
  Time since last request: 0.000023 seconds.
  path: Assets/Images/7986.dat.png
  artifactKey: Guid(9fc3b75c19d3450e89a93c33eb590b67) Importer(2089858483,0ecaa5967403d082aa24f35e1b516d23)
Start importing Assets/Images/7986.dat.png using Guid(9fc3b75c19d3450e89a93c33eb590b67) Importer(2089858483,0ecaa5967403d082aa24f35e1b516d23) [PhysX] Initialized MultithreadedTaskDispatcher with 20 workers.
 -> (artifact id: '83daa3c18e790b51a12f2c713f825560') in 0.008252 seconds
Number of updated asset objects reloaded before import = 0
Number of asset objects unloaded after import = 3
========================================================================
Received Import Request.
  Time since last request: 0.000013 seconds.
  path: Assets/Images/8502.dat.png
  artifactKey: Guid(bec2caa35b2a4887a7b7739f5263f6a3) Importer(2089858483,0ecaa5967403d082aa24f35e1b516d23)
Start importing Assets/Images/8502.dat.png using Guid(bec2caa35b2a4887a7b7739f5263f6a3) Importer(2089858483,0ecaa5967403d082aa24f35e1b516d23) [PhysX] Initialized MultithreadedTaskDispatcher with 20 workers.
 -> (artifact id: 'b6c478dcf9dfb35015cd64e41dd77357') in 0.007177 seconds
Number of updated asset objects reloaded before import = 0
Number of asset objects unloaded after import = 3
========================================================================
Received Import Request.
  Time since last request: 0.000015 seconds.
  path: Assets/Images/8849.dat.png
  artifactKey: Guid(498b78db920e42f8a5fd60f80eeea0da) Importer(2089858483,0ecaa5967403d082aa24f35e1b516d23)
Start importing Assets/Images/8849.dat.png using Guid(498b78db920e42f8a5fd60f80eeea0da) Importer(2089858483,0ecaa5967403d082aa24f35e1b516d23) [PhysX] Initialized MultithreadedTaskDispatcher with 20 workers.
 -> (artifact id: '52c2724a421bcbf4cbcb0bd692ca84cd') in 0.007278 seconds
Number of updated asset objects reloaded before import = 0
Number of asset objects unloaded after import = 3
========================================================================
Received Import Request.
  Time since last request: 0.000025 seconds.
  path: Assets/Images/72.dat.png
  artifactKey: Guid(149bd9ec298f4cc2bb12660adb8f76a4) Importer(2089858483,0ecaa5967403d082aa24f35e1b516d23)
Start importing Assets/Images/72.dat.png using Guid(149bd9ec298f4cc2bb12660adb8f76a4) Importer(2089858483,0ecaa5967403d082aa24f35e1b516d23) [PhysX] Initialized MultithreadedTaskDispatcher with 20 workers.
 -> (artifact id: '8aa3727b05e032b4952e2e5619167ae7') in 0.007797 seconds
Number of updated asset objects reloaded before import = 0
Number of asset objects unloaded after import = 3
========================================================================
Received Import Request.
  Time since last request: 0.000016 seconds.
  path: Assets/Images/8586.dat.png
  artifactKey: Guid(02eefcc3aebd4b1b8b870faa1e261ca4) Importer(2089858483,0ecaa5967403d082aa24f35e1b516d23)
Start importing Assets/Images/8586.dat.png using Guid(02eefcc3aebd4b1b8b870faa1e261ca4) Importer(2089858483,0ecaa5967403d082aa24f35e1b516d23) [PhysX] Initialized MultithreadedTaskDispatcher with 20 workers.
 -> (artifact id: 'c42de484655361e6fe8baa7e6daf70b9') in 0.006674 seconds
Number of updated asset objects reloaded before import = 0
Number of asset objects unloaded after import = 3
========================================================================
Received Import Request.
  Time since last request: 0.000013 seconds.
  path: Assets/Images/8180.dat.png
  artifactKey: Guid(9770c52b7a8d47cf8301f9446346e415) Importer(2089858483,0ecaa5967403d082aa24f35e1b516d23)
Start importing Assets/Images/8180.dat.png using Guid(9770c52b7a8d47cf8301f9446346e415) Importer(2089858483,0ecaa5967403d082aa24f35e1b516d23) [PhysX] Initialized MultithreadedTaskDispatcher with 20 workers.
 -> (artifact id: '0192964d282c095fb15088e139920bdd') in 0.007702 seconds
Number of updated asset objects reloaded before import = 0
Number of asset objects unloaded after import = 3
========================================================================
Received Import Request.
  Time since last request: 0.000017 seconds.
  path: Assets/Images/8551.dat.png
  artifactKey: Guid(2ed7c01106584b70ad63035f0810a9b5) Importer(2089858483,0ecaa5967403d082aa24f35e1b516d23)
Start importing Assets/Images/8551.dat.png using Guid(2ed7c01106584b70ad63035f0810a9b5) Importer(2089858483,0ecaa5967403d082aa24f35e1b516d23) [PhysX] Initialized MultithreadedTaskDispatcher with 20 workers.
 -> (artifact id: '443d56d6d88b2e25dd523b13f0ee7e03') in 0.008699 seconds
Number of updated asset objects reloaded before import = 0
Number of asset objects unloaded after import = 3
========================================================================
Received Import Request.
  Time since last request: 0.000013 seconds.
  path: Assets/Images/8544.dat.png
  artifactKey: Guid(730b039823394174861561067cc41c64) Importer(2089858483,0ecaa5967403d082aa24f35e1b516d23)
Start importing Assets/Images/8544.dat.png using Guid(730b039823394174861561067cc41c64) Importer(2089858483,0ecaa5967403d082aa24f35e1b516d23) [PhysX] Initialized MultithreadedTaskDispatcher with 20 workers.
 -> (artifact id: '421cde34170e9243c3956a8bb28804ed') in 0.008162 seconds
Number of updated asset objects reloaded before import = 0
Number of asset objects unloaded after import = 3
========================================================================
Received Import Request.
  Time since last request: 0.000013 seconds.
  path: Assets/Images/7984.dat.png
  artifactKey: Guid(d0e7c106e4ec410ea881f5acd8e6af87) Importer(2089858483,0ecaa5967403d082aa24f35e1b516d23)
Start importing Assets/Images/7984.dat.png using Guid(d0e7c106e4ec410ea881f5acd8e6af87) Importer(2089858483,0ecaa5967403d082aa24f35e1b516d23) [PhysX] Initialized MultithreadedTaskDispatcher with 20 workers.
 -> (artifact id: 'b5b95e6b9817b3a3621fff5edadb40b9') in 0.007049 seconds
Number of updated asset objects reloaded before import = 0
Number of asset objects unloaded after import = 3
========================================================================
Received Import Request.
  Time since last request: 0.000012 seconds.
  path: Assets/Images/8190.dat.png
  artifactKey: Guid(717d422205c34e85b0e87eb39dd6be14) Importer(2089858483,0ecaa5967403d082aa24f35e1b516d23)
Start importing Assets/Images/8190.dat.png using Guid(717d422205c34e85b0e87eb39dd6be14) Importer(2089858483,0ecaa5967403d082aa24f35e1b516d23) [PhysX] Initialized MultithreadedTaskDispatcher with 20 workers.
 -> (artifact id: 'b50f320ff933c2e33f0add5ae06bd302') in 0.006938 seconds
Number of updated asset objects reloaded before import = 0
Number of asset objects unloaded after import = 3
========================================================================
Received Import Request.
  Time since last request: 0.000015 seconds.
  path: Assets/Images/8009.dat_d1.png
  artifactKey: Guid(56de55a409b74d69bfaed12bf6d7f7eb) Importer(2089858483,0ecaa5967403d082aa24f35e1b516d23)
Start importing Assets/Images/8009.dat_d1.png using Guid(56de55a409b74d69bfaed12bf6d7f7eb) Importer(2089858483,0ecaa5967403d082aa24f35e1b516d23) [PhysX] Initialized MultithreadedTaskDispatcher with 20 workers.
 -> (artifact id: '217c0a2ee7be404c096384a4ac33e4e9') in 0.006985 seconds
Number of updated asset objects reloaded before import = 0
Number of asset objects unloaded after import = 3
========================================================================
Received Import Request.
  Time since last request: 0.000014 seconds.
  path: Assets/Images/866.dat.png
  artifactKey: Guid(49a6f3d1ed7645db96d0257604b8ed17) Importer(2089858483,0ecaa5967403d082aa24f35e1b516d23)
Start importing Assets/Images/866.dat.png using Guid(49a6f3d1ed7645db96d0257604b8ed17) Importer(2089858483,0ecaa5967403d082aa24f35e1b516d23) [PhysX] Initialized MultithreadedTaskDispatcher with 20 workers.
 -> (artifact id: '758129dbf030019fcf6c35e26a1f110f') in 0.008517 seconds
Number of updated asset objects reloaded before import = 0
Number of asset objects unloaded after import = 3
========================================================================
Received Import Request.
  Time since last request: 0.000016 seconds.
  path: Assets/Images/8500.dat.png
  artifactKey: Guid(ff6c28f4984742c3989124bbd195bb8a) Importer(2089858483,0ecaa5967403d082aa24f35e1b516d23)
Start importing Assets/Images/8500.dat.png using Guid(ff6c28f4984742c3989124bbd195bb8a) Importer(2089858483,0ecaa5967403d082aa24f35e1b516d23) [PhysX] Initialized MultithreadedTaskDispatcher with 20 workers.
 -> (artifact id: '8c79d5f31d8bab4dacbbe43b796b3c6e') in 0.007473 seconds
Number of updated asset objects reloaded before import = 0
Number of asset objects unloaded after import = 3
========================================================================
Received Import Request.
  Time since last request: 0.000015 seconds.
  path: Assets/Images/8181.dat.png
  artifactKey: Guid(68d0c4fe19dd42928e2283b7036d24e3) Importer(2089858483,0ecaa5967403d082aa24f35e1b516d23)
Start importing Assets/Images/8181.dat.png using Guid(68d0c4fe19dd42928e2283b7036d24e3) Importer(2089858483,0ecaa5967403d082aa24f35e1b516d23) [PhysX] Initialized MultithreadedTaskDispatcher with 20 workers.
 -> (artifact id: '0bc50ca47ff67f910c6d2929c190a773') in 0.007284 seconds
Number of updated asset objects reloaded before import = 0
Number of asset objects unloaded after import = 3
========================================================================
Received Import Request.
  Time since last request: 0.000018 seconds.
  path: Assets/Images/8531.dat.png
  artifactKey: Guid(67ddeed2add04b80bebf4e07eb151536) Importer(2089858483,0ecaa5967403d082aa24f35e1b516d23)
Start importing Assets/Images/8531.dat.png using Guid(67ddeed2add04b80bebf4e07eb151536) Importer(2089858483,0ecaa5967403d082aa24f35e1b516d23) [PhysX] Initialized MultithreadedTaskDispatcher with 20 workers.
 -> (artifact id: '7ee7561a32a1b217731dafd7addf99dd') in 0.007232 seconds
Number of updated asset objects reloaded before import = 0
Number of asset objects unloaded after import = 3
========================================================================
Received Import Request.
  Time since last request: 0.000014 seconds.
  path: Assets/Images/7963.dat.png
  artifactKey: Guid(e40b809256a144ae89bcbd81f373fd11) Importer(2089858483,0ecaa5967403d082aa24f35e1b516d23)
Start importing Assets/Images/7963.dat.png using Guid(e40b809256a144ae89bcbd81f373fd11) Importer(2089858483,0ecaa5967403d082aa24f35e1b516d23) [PhysX] Initialized MultithreadedTaskDispatcher with 20 workers.
 -> (artifact id: '80fffaa03051c6f4286560ecd64dea22') in 0.007209 seconds
Number of updated asset objects reloaded before import = 0
Number of asset objects unloaded after import = 3
========================================================================
Received Import Request.
  Time since last request: 0.000013 seconds.
  path: Assets/Images/7973.dat.png
  artifactKey: Guid(07b0cc349de149dcbe0231dae8209f61) Importer(2089858483,0ecaa5967403d082aa24f35e1b516d23)
Start importing Assets/Images/7973.dat.png using Guid(07b0cc349de149dcbe0231dae8209f61) Importer(2089858483,0ecaa5967403d082aa24f35e1b516d23) [PhysX] Initialized MultithreadedTaskDispatcher with 20 workers.
 -> (artifact id: 'efc524c5d2d1beed83170fb598f8c6ea') in 0.007947 seconds
Number of updated asset objects reloaded before import = 0
Number of asset objects unloaded after import = 3
========================================================================
Received Import Request.
  Time since last request: 0.000018 seconds.
  path: Assets/Images/7999.dat.png
  artifactKey: Guid(f48f4cfcc4244b7eb50b19a659c99315) Importer(2089858483,0ecaa5967403d082aa24f35e1b516d23)
Start importing Assets/Images/7999.dat.png using Guid(f48f4cfcc4244b7eb50b19a659c99315) Importer(2089858483,0ecaa5967403d082aa24f35e1b516d23) [PhysX] Initialized MultithreadedTaskDispatcher with 20 workers.
 -> (artifact id: 'b9867a7f94ee7e871e365951d03dbcc6') in 0.009411 seconds
Number of updated asset objects reloaded before import = 0
Number of asset objects unloaded after import = 3
========================================================================
Received Import Request.
  Time since last request: 0.000016 seconds.
  path: Assets/Images/8283.dat.png
  artifactKey: Guid(2e7dea5da81640f2a8b8dee0dbb0b2a0) Importer(2089858483,0ecaa5967403d082aa24f35e1b516d23)
Start importing Assets/Images/8283.dat.png using Guid(2e7dea5da81640f2a8b8dee0dbb0b2a0) Importer(2089858483,0ecaa5967403d082aa24f35e1b516d23) [PhysX] Initialized MultithreadedTaskDispatcher with 20 workers.
 -> (artifact id: '0d83819f9bea0e75bb67673fd0a4ca22') in 0.007920 seconds
Number of updated asset objects reloaded before import = 0
Number of asset objects unloaded after import = 3
========================================================================
Received Import Request.
  Time since last request: 0.000013 seconds.
  path: Assets/Images/8087.dat.png
  artifactKey: Guid(ecc3c31450444cd286a27fb7a483834f) Importer(2089858483,0ecaa5967403d082aa24f35e1b516d23)
Start importing Assets/Images/8087.dat.png using Guid(ecc3c31450444cd286a27fb7a483834f) Importer(2089858483,0ecaa5967403d082aa24f35e1b516d23) [PhysX] Initialized MultithreadedTaskDispatcher with 20 workers.
 -> (artifact id: '7d64012604945a2e9af1dfa7d5c7f982') in 0.007352 seconds
Number of updated asset objects reloaded before import = 0
Number of asset objects unloaded after import = 3
========================================================================
Received Import Request.
  Time since last request: 0.000014 seconds.
  path: Assets/Images/8102.dat.png
  artifactKey: Guid(29a947cf95eb4ed89fd8f15f035d11ed) Importer(2089858483,0ecaa5967403d082aa24f35e1b516d23)
Start importing Assets/Images/8102.dat.png using Guid(29a947cf95eb4ed89fd8f15f035d11ed) Importer(2089858483,0ecaa5967403d082aa24f35e1b516d23) [PhysX] Initialized MultithreadedTaskDispatcher with 20 workers.
 -> (artifact id: '389ab494a125079538fbb251b48bf633') in 0.006748 seconds
Number of updated asset objects reloaded before import = 0
Number of asset objects unloaded after import = 3
========================================================================
Received Import Request.
  Time since last request: 0.000012 seconds.
  path: Assets/Images/8506.dat.png
  artifactKey: Guid(51dae6017c9a4d4295f8f3b55f9c2e89) Importer(2089858483,0ecaa5967403d082aa24f35e1b516d23)
Start importing Assets/Images/8506.dat.png using Guid(51dae6017c9a4d4295f8f3b55f9c2e89) Importer(2089858483,0ecaa5967403d082aa24f35e1b516d23) [PhysX] Initialized MultithreadedTaskDispatcher with 20 workers.
 -> (artifact id: '3143da67dc783c0fcd099ea89c13a87a') in 0.008019 seconds
Number of updated asset objects reloaded before import = 0
Number of asset objects unloaded after import = 3
========================================================================
Received Import Request.
  Time since last request: 0.000015 seconds.
  path: Assets/Images/874.dat.png
  artifactKey: Guid(c9134a3776ad45f0ba5b3e45fec92c2d) Importer(2089858483,0ecaa5967403d082aa24f35e1b516d23)
Start importing Assets/Images/874.dat.png using Guid(c9134a3776ad45f0ba5b3e45fec92c2d) Importer(2089858483,0ecaa5967403d082aa24f35e1b516d23) [PhysX] Initialized MultithreadedTaskDispatcher with 20 workers.
 -> (artifact id: '7ce1428c82e62d550f67f79a7278e144') in 0.007900 seconds
Number of updated asset objects reloaded before import = 0
Number of asset objects unloaded after import = 3
========================================================================
Received Import Request.
  Time since last request: 0.000020 seconds.
  path: Assets/Images/8174.dat.png
  artifactKey: Guid(35e211223606491cba52576c2b93d355) Importer(2089858483,0ecaa5967403d082aa24f35e1b516d23)
Start importing Assets/Images/8174.dat.png using Guid(35e211223606491cba52576c2b93d355) Importer(2089858483,0ecaa5967403d082aa24f35e1b516d23) [PhysX] Initialized MultithreadedTaskDispatcher with 20 workers.
 -> (artifact id: 'd4bdb2a5d4d709d473b04273bfaf171d') in 0.007928 seconds
Number of updated asset objects reloaded before import = 0
Number of asset objects unloaded after import = 3
========================================================================
Received Import Request.
  Time since last request: 0.000013 seconds.
  path: Assets/Images/7962.dat.png
  artifactKey: Guid(78cff92c04ed4fb0bd90a43aee7654fb) Importer(2089858483,0ecaa5967403d082aa24f35e1b516d23)
Start importing Assets/Images/7962.dat.png using Guid(78cff92c04ed4fb0bd90a43aee7654fb) Importer(2089858483,0ecaa5967403d082aa24f35e1b516d23) [PhysX] Initialized MultithreadedTaskDispatcher with 20 workers.
 -> (artifact id: '4399ebff732b83ad46157724f32b82aa') in 0.007362 seconds
Number of updated asset objects reloaded before import = 0
Number of asset objects unloaded after import = 3
========================================================================
Received Import Request.
  Time since last request: 0.000013 seconds.
  path: Assets/Images/79.dat.png
  artifactKey: Guid(dcfddcebf9e94c08befa00654919bf8c) Importer(2089858483,0ecaa5967403d082aa24f35e1b516d23)
Start importing Assets/Images/79.dat.png using Guid(dcfddcebf9e94c08befa00654919bf8c) Importer(2089858483,0ecaa5967403d082aa24f35e1b516d23) [PhysX] Initialized MultithreadedTaskDispatcher with 20 workers.
 -> (artifact id: '587fd6b14538f7b214dde2923227d0fa') in 0.007252 seconds
Number of updated asset objects reloaded before import = 0
Number of asset objects unloaded after import = 3
========================================================================
Received Import Request.
  Time since last request: 0.000015 seconds.
  path: Assets/Images/81.dat.png
  artifactKey: Guid(6b446712df014ca0ac5e1a1aad0cba92) Importer(2089858483,0ecaa5967403d082aa24f35e1b516d23)
Start importing Assets/Images/81.dat.png using Guid(6b446712df014ca0ac5e1a1aad0cba92) Importer(2089858483,0ecaa5967403d082aa24f35e1b516d23) [PhysX] Initialized MultithreadedTaskDispatcher with 20 workers.
 -> (artifact id: '2d5f186cfd3008bf7bda5feeed400f02') in 0.006655 seconds
Number of updated asset objects reloaded before import = 0
Number of asset objects unloaded after import = 3
========================================================================
Received Import Request.
  Time since last request: 0.000017 seconds.
  path: Assets/Images/8546.dat.png
  artifactKey: Guid(7558571ccf9d4abeae91411095c9b49c) Importer(2089858483,0ecaa5967403d082aa24f35e1b516d23)
Start importing Assets/Images/8546.dat.png using Guid(7558571ccf9d4abeae91411095c9b49c) Importer(2089858483,0ecaa5967403d082aa24f35e1b516d23) [PhysX] Initialized MultithreadedTaskDispatcher with 20 workers.
 -> (artifact id: 'cb65a6d7defd946e150126f2667c1de1') in 0.008030 seconds
Number of updated asset objects reloaded before import = 0
Number of asset objects unloaded after import = 3
========================================================================
Received Import Request.
  Time since last request: 0.000014 seconds.
  path: Assets/Images/7798.dat.png
  artifactKey: Guid(f53ef487fafa40a69fa73b332ad633c8) Importer(2089858483,0ecaa5967403d082aa24f35e1b516d23)
Start importing Assets/Images/7798.dat.png using Guid(f53ef487fafa40a69fa73b332ad633c8) Importer(2089858483,0ecaa5967403d082aa24f35e1b516d23) [PhysX] Initialized MultithreadedTaskDispatcher with 20 workers.
 -> (artifact id: '10b95569c726850efcd258f8a50269ea') in 0.007625 seconds
Number of updated asset objects reloaded before import = 0
Number of asset objects unloaded after import = 3
========================================================================
Received Import Request.
  Time since last request: 0.000176 seconds.
  path: Assets/Images/8254.dat.png
  artifactKey: Guid(e589173780874451bfa72fcf91db9039) Importer(2089858483,0ecaa5967403d082aa24f35e1b516d23)
Start importing Assets/Images/8254.dat.png using Guid(e589173780874451bfa72fcf91db9039) Importer(2089858483,0ecaa5967403d082aa24f35e1b516d23) [PhysX] Initialized MultithreadedTaskDispatcher with 20 workers.
 -> (artifact id: 'e7c67d915db8c9e41cbd577af8895dfb') in 0.008351 seconds
Number of updated asset objects reloaded before import = 0
Number of asset objects unloaded after import = 3
========================================================================
Received Import Request.
  Time since last request: 0.000013 seconds.
  path: Assets/Images/8279.dat.png
  artifactKey: Guid(943e1cec72e3482a94d4bcefa53f57ed) Importer(2089858483,0ecaa5967403d082aa24f35e1b516d23)
Start importing Assets/Images/8279.dat.png using Guid(943e1cec72e3482a94d4bcefa53f57ed) Importer(2089858483,0ecaa5967403d082aa24f35e1b516d23) [PhysX] Initialized MultithreadedTaskDispatcher with 20 workers.
 -> (artifact id: 'db8eb0ce0ab4088e8607fa3f1c764914') in 0.007273 seconds
Number of updated asset objects reloaded before import = 0
Number of asset objects unloaded after import = 3
========================================================================
Received Import Request.
  Time since last request: 0.000012 seconds.
  path: Assets/Images/8024.dat.png
  artifactKey: Guid(62f75594ceea4c6582c607c9cf14728e) Importer(2089858483,0ecaa5967403d082aa24f35e1b516d23)
Start importing Assets/Images/8024.dat.png using Guid(62f75594ceea4c6582c607c9cf14728e) Importer(2089858483,0ecaa5967403d082aa24f35e1b516d23) [PhysX] Initialized MultithreadedTaskDispatcher with 20 workers.
 -> (artifact id: 'c55fbba9c39cf1bd51d4de0b1d9e8e0d') in 0.018025 seconds
Number of updated asset objects reloaded before import = 0
Number of asset objects unloaded after import = 3
========================================================================
Received Import Request.
  Time since last request: 0.000017 seconds.
  path: Assets/Images/8228.dat_d1.png
  artifactKey: Guid(fe7d5db5a9f54824ab807376552ba98a) Importer(2089858483,0ecaa5967403d082aa24f35e1b516d23)
Start importing Assets/Images/8228.dat_d1.png using Guid(fe7d5db5a9f54824ab807376552ba98a) Importer(2089858483,0ecaa5967403d082aa24f35e1b516d23) [PhysX] Initialized MultithreadedTaskDispatcher with 20 workers.
 -> (artifact id: 'dbe939b7e60101d69ea444f8dda11e65') in 0.008070 seconds
Number of updated asset objects reloaded before import = 0
Number of asset objects unloaded after import = 3
========================================================================
Received Import Request.
  Time since last request: 0.000016 seconds.
  path: Assets/Images/8182.dat.png
  artifactKey: Guid(e70892fce4c546b6bd84c54f61a91260) Importer(2089858483,0ecaa5967403d082aa24f35e1b516d23)
Start importing Assets/Images/8182.dat.png using Guid(e70892fce4c546b6bd84c54f61a91260) Importer(2089858483,0ecaa5967403d082aa24f35e1b516d23) [PhysX] Initialized MultithreadedTaskDispatcher with 20 workers.
 -> (artifact id: '21efa15f2430f74b8341dcba9ddf1896') in 0.008768 seconds
Number of updated asset objects reloaded before import = 0
Number of asset objects unloaded after import = 3
========================================================================
Received Import Request.
  Time since last request: 0.000018 seconds.
  path: Assets/Images/7800.dat.png
  artifactKey: Guid(2e3ae5ff441a4cd69c60357aa14eb8aa) Importer(2089858483,0ecaa5967403d082aa24f35e1b516d23)
Start importing Assets/Images/7800.dat.png using Guid(2e3ae5ff441a4cd69c60357aa14eb8aa) Importer(2089858483,0ecaa5967403d082aa24f35e1b516d23) [PhysX] Initialized MultithreadedTaskDispatcher with 20 workers.
 -> (artifact id: '1acd9c92efe91dbb211ea4e5491865e2') in 0.007588 seconds
Number of updated asset objects reloaded before import = 0
Number of asset objects unloaded after import = 3
========================================================================
Received Import Request.
  Time since last request: 0.000018 seconds.
  path: Assets/Images/7578.dat.png
  artifactKey: Guid(e8e92b7d9d534b3d8eadb0e0f6200013) Importer(2089858483,0ecaa5967403d082aa24f35e1b516d23)
Start importing Assets/Images/7578.dat.png using Guid(e8e92b7d9d534b3d8eadb0e0f6200013) Importer(2089858483,0ecaa5967403d082aa24f35e1b516d23) [PhysX] Initialized MultithreadedTaskDispatcher with 20 workers.
 -> (artifact id: '9225a7fd55ab017867eb5c4ccf841e91') in 0.007715 seconds
Number of updated asset objects reloaded before import = 0
Number of asset objects unloaded after import = 3
========================================================================
Received Import Request.
  Time since last request: 0.000015 seconds.
  path: Assets/Images/7987.dat.png
  artifactKey: Guid(e9361962c5554bb8b4b0d8ddc9cf50c2) Importer(2089858483,0ecaa5967403d082aa24f35e1b516d23)
Start importing Assets/Images/7987.dat.png using Guid(e9361962c5554bb8b4b0d8ddc9cf50c2) Importer(2089858483,0ecaa5967403d082aa24f35e1b516d23) [PhysX] Initialized MultithreadedTaskDispatcher with 20 workers.
 -> (artifact id: 'e5620fd86950868dad669a2917bb2dd8') in 0.007018 seconds
Number of updated asset objects reloaded before import = 0
Number of asset objects unloaded after import = 3
========================================================================
Received Import Request.
  Time since last request: 0.000013 seconds.
  path: Assets/Images/8590.dat.png
  artifactKey: Guid(472488993f8b4121be7c0d75b3e9ce79) Importer(2089858483,0ecaa5967403d082aa24f35e1b516d23)
Start importing Assets/Images/8590.dat.png using Guid(472488993f8b4121be7c0d75b3e9ce79) Importer(2089858483,0ecaa5967403d082aa24f35e1b516d23) [PhysX] Initialized MultithreadedTaskDispatcher with 20 workers.
 -> (artifact id: 'd9348f763f98fdb7c608cdef49371812') in 0.007992 seconds
Number of updated asset objects reloaded before import = 0
Number of asset objects unloaded after import = 3
========================================================================
Received Import Request.
  Time since last request: 0.000020 seconds.
  path: Assets/Images/7579.dat.png
  artifactKey: Guid(b50d56b8b4584ec697b20f726b2ffbc2) Importer(2089858483,0ecaa5967403d082aa24f35e1b516d23)
Start importing Assets/Images/7579.dat.png using Guid(b50d56b8b4584ec697b20f726b2ffbc2) Importer(2089858483,0ecaa5967403d082aa24f35e1b516d23) [PhysX] Initialized MultithreadedTaskDispatcher with 20 workers.
 -> (artifact id: 'b7666af372ffd5ef3026c43aad374cba') in 0.008139 seconds
Number of updated asset objects reloaded before import = 0
Number of asset objects unloaded after import = 3
========================================================================
Received Import Request.
  Time since last request: 0.000013 seconds.
  path: Assets/Images/8284.dat.png
  artifactKey: Guid(5aa77d7c738f412380deec27789ed851) Importer(2089858483,0ecaa5967403d082aa24f35e1b516d23)
Start importing Assets/Images/8284.dat.png using Guid(5aa77d7c738f412380deec27789ed851) Importer(2089858483,0ecaa5967403d082aa24f35e1b516d23) [PhysX] Initialized MultithreadedTaskDispatcher with 20 workers.
 -> (artifact id: 'd0dd52fe9a740f8085b73ba31e17462f') in 0.006681 seconds
Number of updated asset objects reloaded before import = 0
Number of asset objects unloaded after import = 3
========================================================================
Received Import Request.
  Time since last request: 0.000013 seconds.
  path: Assets/Images/7957.dat.png
  artifactKey: Guid(adb2ceb0c7c64eadab79c6971215b8a8) Importer(2089858483,0ecaa5967403d082aa24f35e1b516d23)
Start importing Assets/Images/7957.dat.png using Guid(adb2ceb0c7c64eadab79c6971215b8a8) Importer(2089858483,0ecaa5967403d082aa24f35e1b516d23) [PhysX] Initialized MultithreadedTaskDispatcher with 20 workers.
 -> (artifact id: '03c9e39c69da120327c10e5d7cedcf22') in 0.007903 seconds
Number of updated asset objects reloaded before import = 0
Number of asset objects unloaded after import = 3
========================================================================
Received Import Request.
  Time since last request: 0.000013 seconds.
  path: Assets/Images/8320.dat.png
  artifactKey: Guid(159807d1127f466d9e93f377beed0f7e) Importer(2089858483,0ecaa5967403d082aa24f35e1b516d23)
Start importing Assets/Images/8320.dat.png using Guid(159807d1127f466d9e93f377beed0f7e) Importer(2089858483,0ecaa5967403d082aa24f35e1b516d23) [PhysX] Initialized MultithreadedTaskDispatcher with 20 workers.
 -> (artifact id: 'f7e5ab8bf2af2446ca18568ad8a3c56e') in 0.007567 seconds
Number of updated asset objects reloaded before import = 0
Number of asset objects unloaded after import = 3
========================================================================
Received Import Request.
  Time since last request: 0.000013 seconds.
  path: Assets/Images/7842.dat_d1.png
  artifactKey: Guid(750d3eb66bec41d398bd46e594f21a81) Importer(2089858483,0ecaa5967403d082aa24f35e1b516d23)
Start importing Assets/Images/7842.dat_d1.png using Guid(750d3eb66bec41d398bd46e594f21a81) Importer(2089858483,0ecaa5967403d082aa24f35e1b516d23) [PhysX] Initialized MultithreadedTaskDispatcher with 20 workers.
 -> (artifact id: '565130a68884d487207128752b8ca70a') in 0.007787 seconds
Number of updated asset objects reloaded before import = 0
Number of asset objects unloaded after import = 3
========================================================================
Received Import Request.
  Time since last request: 0.000026 seconds.
  path: Assets/Images/8302.dat.png
  artifactKey: Guid(c9e12828e5bd4def8ecb91064b23fdf7) Importer(2089858483,0ecaa5967403d082aa24f35e1b516d23)
Start importing Assets/Images/8302.dat.png using Guid(c9e12828e5bd4def8ecb91064b23fdf7) Importer(2089858483,0ecaa5967403d082aa24f35e1b516d23) [PhysX] Initialized MultithreadedTaskDispatcher with 20 workers.
 -> (artifact id: 'd88b5719091e435e45cbf1358e6a7a35') in 0.007727 seconds
Number of updated asset objects reloaded before import = 0
Number of asset objects unloaded after import = 3
========================================================================
Received Import Request.
  Time since last request: 0.000015 seconds.
  path: Assets/Images/7995.dat.png
  artifactKey: Guid(2ce8045ee853408bbe6dc979ee31241f) Importer(2089858483,0ecaa5967403d082aa24f35e1b516d23)
Start importing Assets/Images/7995.dat.png using Guid(2ce8045ee853408bbe6dc979ee31241f) Importer(2089858483,0ecaa5967403d082aa24f35e1b516d23) [PhysX] Initialized MultithreadedTaskDispatcher with 20 workers.
 -> (artifact id: 'ab27c4a3f6b7026694148106632859ed') in 0.007235 seconds
Number of updated asset objects reloaded before import = 0
Number of asset objects unloaded after import = 3
========================================================================
Received Import Request.
  Time since last request: 0.000013 seconds.
  path: Assets/Images/7988.dat.png
  artifactKey: Guid(99cb7930842844d38a65beeeca61864d) Importer(2089858483,0ecaa5967403d082aa24f35e1b516d23)
Start importing Assets/Images/7988.dat.png using Guid(99cb7930842844d38a65beeeca61864d) Importer(2089858483,0ecaa5967403d082aa24f35e1b516d23) [PhysX] Initialized MultithreadedTaskDispatcher with 20 workers.
 -> (artifact id: 'b8e9c610c9d4978384e3ad43185dd480') in 0.007587 seconds
Number of updated asset objects reloaded before import = 0
Number of asset objects unloaded after import = 3
========================================================================
Received Import Request.
  Time since last request: 0.000013 seconds.
  path: Assets/Images/7969.dat.png
  artifactKey: Guid(3b6df217ac054415bb0de978694a2cc4) Importer(2089858483,0ecaa5967403d082aa24f35e1b516d23)
Start importing Assets/Images/7969.dat.png using Guid(3b6df217ac054415bb0de978694a2cc4) Importer(2089858483,0ecaa5967403d082aa24f35e1b516d23) [PhysX] Initialized MultithreadedTaskDispatcher with 20 workers.
 -> (artifact id: 'f7d588e372a2888943f244e64a0278b5') in 0.007233 seconds
Number of updated asset objects reloaded before import = 0
Number of asset objects unloaded after import = 3
========================================================================
Received Import Request.
  Time since last request: 0.000015 seconds.
  path: Assets/Images/8247.dat.png
  artifactKey: Guid(c498b16ef2624eef9a05105ecfc0ccba) Importer(2089858483,0ecaa5967403d082aa24f35e1b516d23)
Start importing Assets/Images/8247.dat.png using Guid(c498b16ef2624eef9a05105ecfc0ccba) Importer(2089858483,0ecaa5967403d082aa24f35e1b516d23) [PhysX] Initialized MultithreadedTaskDispatcher with 20 workers.
 -> (artifact id: '69323a65b11efdee7aa0a2294d8a5b72') in 0.007666 seconds
Number of updated asset objects reloaded before import = 0
Number of asset objects unloaded after import = 3
========================================================================
Received Import Request.
  Time since last request: 0.000019 seconds.
  path: Assets/Images/7968.dat.png
  artifactKey: Guid(e7fff786c56247e3b31ee567b37f3fff) Importer(2089858483,0ecaa5967403d082aa24f35e1b516d23)
Start importing Assets/Images/7968.dat.png using Guid(e7fff786c56247e3b31ee567b37f3fff) Importer(2089858483,0ecaa5967403d082aa24f35e1b516d23) [PhysX] Initialized MultithreadedTaskDispatcher with 20 workers.
 -> (artifact id: '6029f4df1f7e183d42fc9e68a3aa0b2f') in 0.008571 seconds
Number of updated asset objects reloaded before import = 0
Number of asset objects unloaded after import = 3
========================================================================
Received Import Request.
  Time since last request: 0.000013 seconds.
  path: Assets/Images/8638.dat.png
  artifactKey: Guid(b48bb6ef5cff4a85bd9411f8cf1d6810) Importer(2089858483,0ecaa5967403d082aa24f35e1b516d23)
Start importing Assets/Images/8638.dat.png using Guid(b48bb6ef5cff4a85bd9411f8cf1d6810) Importer(2089858483,0ecaa5967403d082aa24f35e1b516d23) [PhysX] Initialized MultithreadedTaskDispatcher with 20 workers.
 -> (artifact id: '1a85df0430cf900a87dad68ea8e3707f') in 0.007578 seconds
Number of updated asset objects reloaded before import = 0
Number of asset objects unloaded after import = 3
========================================================================
Received Import Request.
  Time since last request: 0.000015 seconds.
  path: Assets/Images/8853.dat.png
  artifactKey: Guid(1fccbe77fd3e48dd96e747f48a71250b) Importer(2089858483,0ecaa5967403d082aa24f35e1b516d23)
Start importing Assets/Images/8853.dat.png using Guid(1fccbe77fd3e48dd96e747f48a71250b) Importer(2089858483,0ecaa5967403d082aa24f35e1b516d23) [PhysX] Initialized MultithreadedTaskDispatcher with 20 workers.
 -> (artifact id: '6879bb63607f4bad463e7c47f083db79') in 0.007744 seconds
Number of updated asset objects reloaded before import = 0
Number of asset objects unloaded after import = 3
========================================================================
Received Import Request.
  Time since last request: 0.000015 seconds.
  path: Assets/Images/74.dat.png
  artifactKey: Guid(9db83cf7597f4f41b73d36829529f5b2) Importer(2089858483,0ecaa5967403d082aa24f35e1b516d23)
Start importing Assets/Images/74.dat.png using Guid(9db83cf7597f4f41b73d36829529f5b2) Importer(2089858483,0ecaa5967403d082aa24f35e1b516d23) [PhysX] Initialized MultithreadedTaskDispatcher with 20 workers.
 -> (artifact id: '9ea10471b56cc5efc7dec73d0d07ef41') in 0.007063 seconds
Number of updated asset objects reloaded before import = 0
Number of asset objects unloaded after import = 3
========================================================================
Received Import Request.
  Time since last request: 0.000013 seconds.
  path: Assets/Images/7975.dat.png
  artifactKey: Guid(e07d7d160b5e478a85bd8f2d8702b585) Importer(2089858483,0ecaa5967403d082aa24f35e1b516d23)
Start importing Assets/Images/7975.dat.png using Guid(e07d7d160b5e478a85bd8f2d8702b585) Importer(2089858483,0ecaa5967403d082aa24f35e1b516d23) [PhysX] Initialized MultithreadedTaskDispatcher with 20 workers.
 -> (artifact id: '0875aa1b03df0d1157623c21bb121c56') in 0.007200 seconds
Number of updated asset objects reloaded before import = 0
Number of asset objects unloaded after import = 3
========================================================================
Received Import Request.
  Time since last request: 0.000016 seconds.
  path: Assets/Images/8119.dat.png
  artifactKey: Guid(67deddf832754cc5b149039aa86743e2) Importer(2089858483,0ecaa5967403d082aa24f35e1b516d23)
Start importing Assets/Images/8119.dat.png using Guid(67deddf832754cc5b149039aa86743e2) Importer(2089858483,0ecaa5967403d082aa24f35e1b516d23) [PhysX] Initialized MultithreadedTaskDispatcher with 20 workers.
 -> (artifact id: '8dadb0643d87733d130d5ca743d70805') in 0.008038 seconds
Number of updated asset objects reloaded before import = 0
Number of asset objects unloaded after import = 3
========================================================================
Received Import Request.
  Time since last request: 0.000022 seconds.
  path: Assets/Images/77.dat.png
  artifactKey: Guid(5e66c034a15a44369da5955981dc0f8c) Importer(2089858483,0ecaa5967403d082aa24f35e1b516d23)
Start importing Assets/Images/77.dat.png using Guid(5e66c034a15a44369da5955981dc0f8c) Importer(2089858483,0ecaa5967403d082aa24f35e1b516d23) [PhysX] Initialized MultithreadedTaskDispatcher with 20 workers.
 -> (artifact id: '993f084940cfff3d909ac3513dc0b770') in 0.007068 seconds
Number of updated asset objects reloaded before import = 0
Number of asset objects unloaded after import = 3
========================================================================
Received Import Request.
  Time since last request: 0.000013 seconds.
  path: Assets/Images/7974.dat.png
  artifactKey: Guid(9d79b7a9b7164d2c99ab14b97ec49cc9) Importer(2089858483,0ecaa5967403d082aa24f35e1b516d23)
Start importing Assets/Images/7974.dat.png using Guid(9d79b7a9b7164d2c99ab14b97ec49cc9) Importer(2089858483,0ecaa5967403d082aa24f35e1b516d23) [PhysX] Initialized MultithreadedTaskDispatcher with 20 workers.
 -> (artifact id: 'cfaaf7ddff5a609888bc0e1d68564ddb') in 0.006675 seconds
Number of updated asset objects reloaded before import = 0
Number of asset objects unloaded after import = 3
========================================================================
Received Import Request.
  Time since last request: 0.000012 seconds.
  path: Assets/Images/8184.dat.png
  artifactKey: Guid(fc6b653cfb904076acabaef2f6cc015a) Importer(2089858483,0ecaa5967403d082aa24f35e1b516d23)
Start importing Assets/Images/8184.dat.png using Guid(fc6b653cfb904076acabaef2f6cc015a) Importer(2089858483,0ecaa5967403d082aa24f35e1b516d23) [PhysX] Initialized MultithreadedTaskDispatcher with 20 workers.
 -> (artifact id: 'dddc102e93ec7ef822b4172650c177a3') in 0.008664 seconds
Number of updated asset objects reloaded before import = 0
Number of asset objects unloaded after import = 3
========================================================================
Received Import Request.
  Time since last request: 0.000015 seconds.
  path: Assets/Images/7961.dat.png
  artifactKey: Guid(08dc8446ffe747d8b512ec02e37805ec) Importer(2089858483,0ecaa5967403d082aa24f35e1b516d23)
Start importing Assets/Images/7961.dat.png using Guid(08dc8446ffe747d8b512ec02e37805ec) Importer(2089858483,0ecaa5967403d082aa24f35e1b516d23) [PhysX] Initialized MultithreadedTaskDispatcher with 20 workers.
 -> (artifact id: '96b51273443ed3294e476e583899f577') in 0.007660 seconds
Number of updated asset objects reloaded before import = 0
Number of asset objects unloaded after import = 3
========================================================================
Received Import Request.
  Time since last request: 0.000016 seconds.
  path: Assets/Images/8511.dat.png
  artifactKey: Guid(fff9db255c5c441d88d73926dbd4fa95) Importer(2089858483,0ecaa5967403d082aa24f35e1b516d23)
Start importing Assets/Images/8511.dat.png using Guid(fff9db255c5c441d88d73926dbd4fa95) Importer(2089858483,0ecaa5967403d082aa24f35e1b516d23) [PhysX] Initialized MultithreadedTaskDispatcher with 20 workers.
 -> (artifact id: 'c770d33b42edace58126d0bc7182b03d') in 0.007581 seconds
Number of updated asset objects reloaded before import = 0
Number of asset objects unloaded after import = 3
========================================================================
Received Import Request.
  Time since last request: 0.000014 seconds.
  path: Assets/Images/8552.dat.png
  artifactKey: Guid(78576ba2e34b4fa288081a819098406d) Importer(2089858483,0ecaa5967403d082aa24f35e1b516d23)
Start importing Assets/Images/8552.dat.png using Guid(78576ba2e34b4fa288081a819098406d) Importer(2089858483,0ecaa5967403d082aa24f35e1b516d23) [PhysX] Initialized MultithreadedTaskDispatcher with 20 workers.
 -> (artifact id: 'd5a4456056162de734bd28187ecd02e2') in 0.007630 seconds
Number of updated asset objects reloaded before import = 0
Number of asset objects unloaded after import = 3
========================================================================
Received Import Request.
  Time since last request: 0.000012 seconds.
  path: Assets/Images/8223.dat.png
  artifactKey: Guid(bbbe4eb1785d48ac83f888828c4646ee) Importer(2089858483,0ecaa5967403d082aa24f35e1b516d23)
Start importing Assets/Images/8223.dat.png using Guid(bbbe4eb1785d48ac83f888828c4646ee) Importer(2089858483,0ecaa5967403d082aa24f35e1b516d23) [PhysX] Initialized MultithreadedTaskDispatcher with 20 workers.
 -> (artifact id: 'e3c8cc90a670751e4fbf60e839ba0eb7') in 0.008434 seconds
Number of updated asset objects reloaded before import = 0
Number of asset objects unloaded after import = 3
========================================================================
Received Import Request.
  Time since last request: 0.000015 seconds.
  path: Assets/Images/8501.dat.png
  artifactKey: Guid(445128d468a24c1a9187131649b8502c) Importer(2089858483,0ecaa5967403d082aa24f35e1b516d23)
Start importing Assets/Images/8501.dat.png using Guid(445128d468a24c1a9187131649b8502c) Importer(2089858483,0ecaa5967403d082aa24f35e1b516d23) [PhysX] Initialized MultithreadedTaskDispatcher with 20 workers.
 -> (artifact id: '81512a27227b04ea1d04a9973cc4c2e9') in 0.006755 seconds
Number of updated asset objects reloaded before import = 0
Number of asset objects unloaded after import = 3
========================================================================
Received Import Request.
  Time since last request: 0.000012 seconds.
  path: Assets/Images/8107.dat.png
  artifactKey: Guid(e3288c5986e44952bf92cf035c2ebc84) Importer(2089858483,0ecaa5967403d082aa24f35e1b516d23)
Start importing Assets/Images/8107.dat.png using Guid(e3288c5986e44952bf92cf035c2ebc84) Importer(2089858483,0ecaa5967403d082aa24f35e1b516d23) [PhysX] Initialized MultithreadedTaskDispatcher with 20 workers.
 -> (artifact id: '00a4400d1cb1d10c5e8e5b4b9d4feb3d') in 0.007124 seconds
Number of updated asset objects reloaded before import = 0
Number of asset objects unloaded after import = 3
========================================================================
Received Import Request.
  Time since last request: 0.000015 seconds.
  path: Assets/Images/7580.dat.png
  artifactKey: Guid(00f0c7a55bfb4c0eb8d6441ff43e3f24) Importer(2089858483,0ecaa5967403d082aa24f35e1b516d23)
Start importing Assets/Images/7580.dat.png using Guid(00f0c7a55bfb4c0eb8d6441ff43e3f24) Importer(2089858483,0ecaa5967403d082aa24f35e1b516d23) [PhysX] Initialized MultithreadedTaskDispatcher with 20 workers.
 -> (artifact id: '317ae87f4aee330fce3f484eec4dd7e7') in 0.008664 seconds
Number of updated asset objects reloaded before import = 0
Number of asset objects unloaded after import = 3
========================================================================
Received Import Request.
  Time since last request: 0.000019 seconds.
  path: Assets/Images/6288.dat.png
  artifactKey: Guid(e344a8055656428dab15afee65bd1db6) Importer(2089858483,0ecaa5967403d082aa24f35e1b516d23)
Start importing Assets/Images/6288.dat.png using Guid(e344a8055656428dab15afee65bd1db6) Importer(2089858483,0ecaa5967403d082aa24f35e1b516d23) [PhysX] Initialized MultithreadedTaskDispatcher with 20 workers.
 -> (artifact id: '804cdd80db57a4ea67a69566c9f15eb6') in 0.007654 seconds
Number of updated asset objects reloaded before import = 0
Number of asset objects unloaded after import = 3
========================================================================
Received Import Request.
  Time since last request: 0.000014 seconds.
  path: Assets/Images/8103.dat.png
  artifactKey: Guid(93e2cb97bcdc4f73b889c3de803bdd26) Importer(2089858483,0ecaa5967403d082aa24f35e1b516d23)
Start importing Assets/Images/8103.dat.png using Guid(93e2cb97bcdc4f73b889c3de803bdd26) Importer(2089858483,0ecaa5967403d082aa24f35e1b516d23) [PhysX] Initialized MultithreadedTaskDispatcher with 20 workers.
 -> (artifact id: 'a430eb1e1f93dbf27599acb18c226169') in 0.007542 seconds
Number of updated asset objects reloaded before import = 0
Number of asset objects unloaded after import = 3
========================================================================
Received Import Request.
  Time since last request: 0.000013 seconds.
  path: Assets/Images/8043.dat_d1.png
  artifactKey: Guid(cbc635cd1e54499f92a552ab7183f0ef) Importer(2089858483,0ecaa5967403d082aa24f35e1b516d23)
Start importing Assets/Images/8043.dat_d1.png using Guid(cbc635cd1e54499f92a552ab7183f0ef) Importer(2089858483,0ecaa5967403d082aa24f35e1b516d23) [PhysX] Initialized MultithreadedTaskDispatcher with 20 workers.
 -> (artifact id: 'e20213b336775d312a21e187325933e7') in 0.007285 seconds
Number of updated asset objects reloaded before import = 0
Number of asset objects unloaded after import = 3
========================================================================
Received Import Request.
  Time since last request: 0.000014 seconds.
  path: Assets/Images/8529.dat.png
  artifactKey: Guid(8b5f5b3d278d4cc487dbf76ba48a0751) Importer(2089858483,0ecaa5967403d082aa24f35e1b516d23)
Start importing Assets/Images/8529.dat.png using Guid(8b5f5b3d278d4cc487dbf76ba48a0751) Importer(2089858483,0ecaa5967403d082aa24f35e1b516d23) [PhysX] Initialized MultithreadedTaskDispatcher with 20 workers.
 -> (artifact id: 'c94c864b2fd2fd94c024a0474ceadbc8') in 0.006498 seconds
Number of updated asset objects reloaded before import = 0
Number of asset objects unloaded after import = 3
========================================================================
Received Import Request.
  Time since last request: 0.000014 seconds.
  path: Assets/Images/8186.dat.png
  artifactKey: Guid(ad82a9ef98684e2ca49fd0db579c4c05) Importer(2089858483,0ecaa5967403d082aa24f35e1b516d23)
Start importing Assets/Images/8186.dat.png using Guid(ad82a9ef98684e2ca49fd0db579c4c05) Importer(2089858483,0ecaa5967403d082aa24f35e1b516d23) [PhysX] Initialized MultithreadedTaskDispatcher with 20 workers.
 -> (artifact id: '33c79f5dc794ceff6416dc2ef27f8c9b') in 0.011075 seconds
Number of updated asset objects reloaded before import = 0
Number of asset objects unloaded after import = 3
========================================================================
Received Import Request.
  Time since last request: 0.000014 seconds.
  path: Assets/Images/8086.dat.png
  artifactKey: Guid(0040471408dd4c43b8da3313756678bf) Importer(2089858483,0ecaa5967403d082aa24f35e1b516d23)
Start importing Assets/Images/8086.dat.png using Guid(0040471408dd4c43b8da3313756678bf) Importer(2089858483,0ecaa5967403d082aa24f35e1b516d23) [PhysX] Initialized MultithreadedTaskDispatcher with 20 workers.
 -> (artifact id: '728dcfb2e266931ab5f8d3ea3285bdd4') in 0.028907 seconds
Number of updated asset objects reloaded before import = 0
Number of asset objects unloaded after import = 3
========================================================================
Received Import Request.
  Time since last request: 0.924841 seconds.
  path: Assets/Images/8858.dat.png
  artifactKey: Guid(1bd2506f6563488b9494753ee4c32633) Importer(2089858483,0ecaa5967403d082aa24f35e1b516d23)
Start importing Assets/Images/8858.dat.png using Guid(1bd2506f6563488b9494753ee4c32633) Importer(2089858483,0ecaa5967403d082aa24f35e1b516d23) [PhysX] Initialized MultithreadedTaskDispatcher with 20 workers.
 -> (artifact id: 'cf9eeea9e4e50e9954f326182514bf7f') in 0.009059 seconds
Number of updated asset objects reloaded before import = 0
Number of asset objects unloaded after import = 3
========================================================================
Received Import Request.
  Time since last request: 0.000016 seconds.
  path: Assets/Resources/2007.dat.png
  artifactKey: Guid(f3ead3ea2f2d440c9024c62e65817309) Importer(2089858483,0ecaa5967403d082aa24f35e1b516d23)
Start importing Assets/Resources/2007.dat.png using Guid(f3ead3ea2f2d440c9024c62e65817309) Importer(2089858483,0ecaa5967403d082aa24f35e1b516d23) [PhysX] Initialized MultithreadedTaskDispatcher with 20 workers.
 -> (artifact id: '21ad50e2017b271f9f2ee89c9d253026') in 0.007718 seconds
Number of updated asset objects reloaded before import = 0
Number of asset objects unloaded after import = 3
========================================================================
Received Import Request.
  Time since last request: 0.000015 seconds.
  path: Assets/Resources/1637.dat.png
  artifactKey: Guid(2d434a58d87940f69467d62c88606aa7) Importer(2089858483,0ecaa5967403d082aa24f35e1b516d23)
Start importing Assets/Resources/1637.dat.png using Guid(2d434a58d87940f69467d62c88606aa7) Importer(2089858483,0ecaa5967403d082aa24f35e1b516d23) [PhysX] Initialized MultithreadedTaskDispatcher with 20 workers.
 -> (artifact id: 'e96e89434b6f4b801f4fa2c30cb46418') in 0.007437 seconds
Number of updated asset objects reloaded before import = 0
Number of asset objects unloaded after import = 3
========================================================================
Received Import Request.
  Time since last request: 0.000015 seconds.
  path: Assets/Resources/5220.dat.png
  artifactKey: Guid(11906843076941068196385a15c9c506) Importer(2089858483,0ecaa5967403d082aa24f35e1b516d23)
Start importing Assets/Resources/5220.dat.png using Guid(11906843076941068196385a15c9c506) Importer(2089858483,0ecaa5967403d082aa24f35e1b516d23) [PhysX] Initialized MultithreadedTaskDispatcher with 20 workers.
 -> (artifact id: '9bfc70825ff108b4ab9a256fb2c1fde6') in 0.015582 seconds
Number of updated asset objects reloaded before import = 0
Number of asset objects unloaded after import = 9
========================================================================
Received Import Request.
  Time since last request: 0.000015 seconds.
  path: Assets/Materials/战斗界面兵力数字.mat
  artifactKey: Guid(707742c4aa9a4c03bbecd4153eb52416) Importer(2089858483,0ecaa5967403d082aa24f35e1b516d23)
Start importing Assets/Materials/战斗界面兵力数字.mat using Guid(707742c4aa9a4c03bbecd4153eb52416) Importer(2089858483,0ecaa5967403d082aa24f35e1b516d23) [PhysX] Initialized MultithreadedTaskDispatcher with 20 workers.
 -> (artifact id: '28b204e9be145387b75d513c52b6d520') in 0.006000 seconds
Number of updated asset objects reloaded before import = 0
Number of asset objects unloaded after import = 2
========================================================================
Received Import Request.
  Time since last request: 0.000012 seconds.
  path: Assets/Resources/5432.dat.png
  artifactKey: Guid(0e3a014adc0e4d9fa58799422a9eb369) Importer(2089858483,0ecaa5967403d082aa24f35e1b516d23)
Start importing Assets/Resources/5432.dat.png using Guid(0e3a014adc0e4d9fa58799422a9eb369) Importer(2089858483,0ecaa5967403d082aa24f35e1b516d23) [PhysX] Initialized MultithreadedTaskDispatcher with 20 workers.
 -> (artifact id: '1c5f8e2bea8b4b4adb59ee4736a4265a') in 0.015353 seconds
Number of updated asset objects reloaded before import = 0
Number of asset objects unloaded after import = 9
========================================================================
Received Import Request.
  Time since last request: 0.000014 seconds.
  path: Assets/Resources/5414.dat.png
  artifactKey: Guid(b599c4ee62d1496289af3aa84ebb3b8b) Importer(2089858483,0ecaa5967403d082aa24f35e1b516d23)
Start importing Assets/Resources/5414.dat.png using Guid(b599c4ee62d1496289af3aa84ebb3b8b) Importer(2089858483,0ecaa5967403d082aa24f35e1b516d23) [PhysX] Initialized MultithreadedTaskDispatcher with 20 workers.
 -> (artifact id: 'c6ca1cf919dd20c14fc88b7f6ee45db6') in 0.014930 seconds
Number of updated asset objects reloaded before import = 0
Number of asset objects unloaded after import = 8
========================================================================
Received Import Request.
  Time since last request: 0.000013 seconds.
  path: Assets/Resources/5171.dat.png
  artifactKey: Guid(7865604ad95443e880bac3022f698c32) Importer(2089858483,0ecaa5967403d082aa24f35e1b516d23)
Start importing Assets/Resources/5171.dat.png using Guid(7865604ad95443e880bac3022f698c32) Importer(2089858483,0ecaa5967403d082aa24f35e1b516d23) [PhysX] Initialized MultithreadedTaskDispatcher with 20 workers.
 -> (artifact id: '944b55cf74baf2181d590a907d875c04') in 0.013798 seconds
Number of updated asset objects reloaded before import = 0
Number of asset objects unloaded after import = 8
========================================================================
Received Import Request.
  Time since last request: 0.000017 seconds.
  path: Assets/Images/9005.dat.png
  artifactKey: Guid(17e53e2d16b140f9835a0abfaf91abf9) Importer(2089858483,0ecaa5967403d082aa24f35e1b516d23)
Start importing Assets/Images/9005.dat.png using Guid(17e53e2d16b140f9835a0abfaf91abf9) Importer(2089858483,0ecaa5967403d082aa24f35e1b516d23) [PhysX] Initialized MultithreadedTaskDispatcher with 20 workers.
 -> (artifact id: 'efb50f6b19a2257114cf9bd22bc85386') in 0.008213 seconds
Number of updated asset objects reloaded before import = 0
Number of asset objects unloaded after import = 3
========================================================================
Received Import Request.
  Time since last request: 0.000015 seconds.
  path: Assets/Images/主界面_菜单.png
  artifactKey: Guid(08de58c14f144ad5842495bc6192248b) Importer(2089858483,0ecaa5967403d082aa24f35e1b516d23)
Start importing Assets/Images/主界面_菜单.png using Guid(08de58c14f144ad5842495bc6192248b) Importer(2089858483,0ecaa5967403d082aa24f35e1b516d23) [PhysX] Initialized MultithreadedTaskDispatcher with 20 workers.
 -> (artifact id: '335d074cdb8006e007a33c70dde397cf') in 0.008260 seconds
Number of updated asset objects reloaded before import = 0
Number of asset objects unloaded after import = 3
========================================================================
Received Import Request.
  Time since last request: 0.000012 seconds.
  path: Assets/Images/战斗界面_撤军.png
  artifactKey: Guid(1a68fd1e727b489994b02cd344dc2d81) Importer(2089858483,0ecaa5967403d082aa24f35e1b516d23)
Start importing Assets/Images/战斗界面_撤军.png using Guid(1a68fd1e727b489994b02cd344dc2d81) Importer(2089858483,0ecaa5967403d082aa24f35e1b516d23) [PhysX] Initialized MultithreadedTaskDispatcher with 20 workers.
 -> (artifact id: '29dfdc2ad3f65839029eb390d5bca5d5') in 0.007533 seconds
Number of updated asset objects reloaded before import = 0
Number of asset objects unloaded after import = 3
========================================================================
Received Import Request.
  Time since last request: 0.000013 seconds.
  path: Assets/Resources/4810.dat.png
  artifactKey: Guid(91339856d190473bb3eb1800cbd00baa) Importer(2089858483,0ecaa5967403d082aa24f35e1b516d23)
Start importing Assets/Resources/4810.dat.png using Guid(91339856d190473bb3eb1800cbd00baa) Importer(2089858483,0ecaa5967403d082aa24f35e1b516d23) [PhysX] Initialized MultithreadedTaskDispatcher with 20 workers.
 -> (artifact id: 'a575170f186b9bea19f6cfbdd8385115') in 0.014216 seconds
Number of updated asset objects reloaded before import = 0
Number of asset objects unloaded after import = 10
========================================================================
Received Import Request.
  Time since last request: 0.000016 seconds.
  path: Assets/Images/8875.dat.png
  artifactKey: Guid(652d83ee79204e028ea142d6292c7616) Importer(2089858483,0ecaa5967403d082aa24f35e1b516d23)
Start importing Assets/Images/8875.dat.png using Guid(652d83ee79204e028ea142d6292c7616) Importer(2089858483,0ecaa5967403d082aa24f35e1b516d23) [PhysX] Initialized MultithreadedTaskDispatcher with 20 workers.
 -> (artifact id: '785a96eda1f778e1760a4a474c7465ee') in 0.008315 seconds
Number of updated asset objects reloaded before import = 0
Number of asset objects unloaded after import = 3
========================================================================
Received Import Request.
  Time since last request: 0.000013 seconds.
  path: Assets/Plugins/Unity.2D.PixelPerfect.dll
  artifactKey: Guid(fe8068c09bbb48d9b1fa7e78c67d0d28) Importer(2089858483,0ecaa5967403d082aa24f35e1b516d23)
Start importing Assets/Plugins/Unity.2D.PixelPerfect.dll using Guid(fe8068c09bbb48d9b1fa7e78c67d0d28) Importer(2089858483,0ecaa5967403d082aa24f35e1b516d23) [PhysX] Initialized MultithreadedTaskDispatcher with 20 workers.
 -> (artifact id: '70b98c4e15a2084f91831942b0744d93') in 0.006017 seconds
Number of updated asset objects reloaded before import = 0
Number of asset objects unloaded after import = 1
========================================================================
Received Import Request.
  Time since last request: 0.000019 seconds.
  path: Assets/Images/9216.dat.png
  artifactKey: Guid(edca70b10e8f42c9b2ca752fc20f5dc3) Importer(2089858483,0ecaa5967403d082aa24f35e1b516d23)
Start importing Assets/Images/9216.dat.png using Guid(edca70b10e8f42c9b2ca752fc20f5dc3) Importer(2089858483,0ecaa5967403d082aa24f35e1b516d23) [PhysX] Initialized MultithreadedTaskDispatcher with 20 workers.
 -> (artifact id: '244bcac98e782af945d7529742c79b7e') in 0.007224 seconds
Number of updated asset objects reloaded before import = 0
Number of asset objects unloaded after import = 3
========================================================================
Received Import Request.
  Time since last request: 0.000023 seconds.
  path: Assets/Images/9008.dat.png
  artifactKey: Guid(2dd791e83f6a43ad89c14b0d6e4dc2cd) Importer(2089858483,0ecaa5967403d082aa24f35e1b516d23)
Start importing Assets/Images/9008.dat.png using Guid(2dd791e83f6a43ad89c14b0d6e4dc2cd) Importer(2089858483,0ecaa5967403d082aa24f35e1b516d23) [PhysX] Initialized MultithreadedTaskDispatcher with 20 workers.
 -> (artifact id: 'c195c0b6fcdf881a2b5ace75a4e26f1d') in 0.007627 seconds
Number of updated asset objects reloaded before import = 0
Number of asset objects unloaded after import = 3
========================================================================
Received Import Request.
  Time since last request: 0.000012 seconds.
  path: Assets/Images/8978.dat.png
  artifactKey: Guid(6da32b2124cf42169bb90ce4fa4e7db5) Importer(2089858483,0ecaa5967403d082aa24f35e1b516d23)
Start importing Assets/Images/8978.dat.png using Guid(6da32b2124cf42169bb90ce4fa4e7db5) Importer(2089858483,0ecaa5967403d082aa24f35e1b516d23) [PhysX] Initialized MultithreadedTaskDispatcher with 20 workers.
 -> (artifact id: '4e7ef856b82c16c962f331f33b17dad6') in 0.007615 seconds
Number of updated asset objects reloaded before import = 0
Number of asset objects unloaded after import = 3
========================================================================
Received Import Request.
  Time since last request: 0.000016 seconds.
  path: Assets/Materials/FrameDebuggerRenderTargetDisplay.mat
  artifactKey: Guid(c7fb123026bb41b493c95d9ed79a3170) Importer(2089858483,0ecaa5967403d082aa24f35e1b516d23)
Start importing Assets/Materials/FrameDebuggerRenderTargetDisplay.mat using Guid(c7fb123026bb41b493c95d9ed79a3170) Importer(2089858483,0ecaa5967403d082aa24f35e1b516d23) [PhysX] Initialized MultithreadedTaskDispatcher with 20 workers.
 -> (artifact id: '70a9f77e9497c9cf8fd31eaab25c2a97') in 0.024973 seconds
Number of updated asset objects reloaded before import = 0
Number of asset objects unloaded after import = 1
========================================================================
Received Import Request.
  Time since last request: 0.000015 seconds.
  path: Assets/Images/主界面_展开菜单.png
  artifactKey: Guid(b1640ba9a5644da39faf44f8a0828303) Importer(2089858483,0ecaa5967403d082aa24f35e1b516d23)
Start importing Assets/Images/主界面_展开菜单.png using Guid(b1640ba9a5644da39faf44f8a0828303) Importer(2089858483,0ecaa5967403d082aa24f35e1b516d23) [PhysX] Initialized MultithreadedTaskDispatcher with 20 workers.
 -> (artifact id: 'e0de6d2d04dae80ca2326462ed5b890b') in 0.007428 seconds
Number of updated asset objects reloaded before import = 0
Number of asset objects unloaded after import = 3
========================================================================
Received Import Request.
  Time since last request: 0.000014 seconds.
  path: Assets/Resources/1675.dat.png
  artifactKey: Guid(5818386d295e41b690d805b00f47302b) Importer(2089858483,0ecaa5967403d082aa24f35e1b516d23)
Start importing Assets/Resources/1675.dat.png using Guid(5818386d295e41b690d805b00f47302b) Importer(2089858483,0ecaa5967403d082aa24f35e1b516d23) [PhysX] Initialized MultithreadedTaskDispatcher with 20 workers.
 -> (artifact id: 'c1770fbe7c0bbe51a7c0b44755a0c948') in 0.008235 seconds
Number of updated asset objects reloaded before import = 0
Number of asset objects unloaded after import = 3
========================================================================
Received Import Request.
  Time since last request: 0.000033 seconds.
  path: Assets/Resources/2096.dat_d1.png
  artifactKey: Guid(79c0013b8b3d4f3c8c60636849ab53ad) Importer(2089858483,0ecaa5967403d082aa24f35e1b516d23)
Start importing Assets/Resources/2096.dat_d1.png using Guid(79c0013b8b3d4f3c8c60636849ab53ad) Importer(2089858483,0ecaa5967403d082aa24f35e1b516d23) [PhysX] Initialized MultithreadedTaskDispatcher with 20 workers.
 -> (artifact id: '2d077d8043c751ee2dad0f85cbb1ea91') in 0.007589 seconds
Number of updated asset objects reloaded before import = 0
Number of asset objects unloaded after import = 3
========================================================================
Received Import Request.
  Time since last request: 0.000019 seconds.
  path: Assets/Resources/4961.dat.png
  artifactKey: Guid(7b005653dbc44c609ca671df95da1e0e) Importer(2089858483,0ecaa5967403d082aa24f35e1b516d23)
Start importing Assets/Resources/4961.dat.png using Guid(7b005653dbc44c609ca671df95da1e0e) Importer(2089858483,0ecaa5967403d082aa24f35e1b516d23) [PhysX] Initialized MultithreadedTaskDispatcher with 20 workers.
 -> (artifact id: 'aa5a051eb5e8cef4137ac343dd493991') in 0.012120 seconds
Number of updated asset objects reloaded before import = 0
Number of asset objects unloaded after import = 9
========================================================================
Received Import Request.
  Time since last request: 0.000015 seconds.
  path: Assets/Resources/5060.dat.png
  artifactKey: Guid(15ae0a30636842a78486a624f270f06e) Importer(2089858483,0ecaa5967403d082aa24f35e1b516d23)
Start importing Assets/Resources/5060.dat.png using Guid(15ae0a30636842a78486a624f270f06e) Importer(2089858483,0ecaa5967403d082aa24f35e1b516d23) [PhysX] Initialized MultithreadedTaskDispatcher with 20 workers.
 -> (artifact id: '0e449cf92c13bcb39423e1665451d553') in 0.014268 seconds
Number of updated asset objects reloaded before import = 0
Number of asset objects unloaded after import = 10
========================================================================
Received Import Request.
  Time since last request: 0.000014 seconds.
  path: Assets/Resources/5338.dat.png
  artifactKey: Guid(1f793e8ab4af4edd90471473abf9dd78) Importer(2089858483,0ecaa5967403d082aa24f35e1b516d23)
Start importing Assets/Resources/5338.dat.png using Guid(1f793e8ab4af4edd90471473abf9dd78) Importer(2089858483,0ecaa5967403d082aa24f35e1b516d23) [PhysX] Initialized MultithreadedTaskDispatcher with 20 workers.
 -> (artifact id: '02774dcde24441cd07c3b88fd82b0507') in 0.014669 seconds
Number of updated asset objects reloaded before import = 0
Number of asset objects unloaded after import = 8
========================================================================
Received Import Request.
  Time since last request: 0.000014 seconds.
  path: Assets/Resources/4170.dat.png
  artifactKey: Guid(2a9da19d51cc403fadbce8768a399553) Importer(2089858483,0ecaa5967403d082aa24f35e1b516d23)
Start importing Assets/Resources/4170.dat.png using Guid(2a9da19d51cc403fadbce8768a399553) Importer(2089858483,0ecaa5967403d082aa24f35e1b516d23) [PhysX] Initialized MultithreadedTaskDispatcher with 20 workers.
 -> (artifact id: 'e86bb7e78fee3e90b71106a5280c7456') in 0.007052 seconds
Number of updated asset objects reloaded before import = 0
Number of asset objects unloaded after import = 3
========================================================================
Received Import Request.
  Time since last request: 0.000012 seconds.
  path: Assets/Images/主界面_内政.png
  artifactKey: Guid(f3657cfa01d6413f973c49e08088b78e) Importer(2089858483,0ecaa5967403d082aa24f35e1b516d23)
Start importing Assets/Images/主界面_内政.png using Guid(f3657cfa01d6413f973c49e08088b78e) Importer(2089858483,0ecaa5967403d082aa24f35e1b516d23) [PhysX] Initialized MultithreadedTaskDispatcher with 20 workers.
 -> (artifact id: 'd8e0d3e418be47345b009b5446dff03f') in 0.007541 seconds
Number of updated asset objects reloaded before import = 0
Number of asset objects unloaded after import = 3
========================================================================
Received Import Request.
  Time since last request: 0.000013 seconds.
  path: Assets/Resources/4831.dat.png
  artifactKey: Guid(13d7e4d0b9944a7a97eb8f7ad7ca1974) Importer(2089858483,0ecaa5967403d082aa24f35e1b516d23)
Start importing Assets/Resources/4831.dat.png using Guid(13d7e4d0b9944a7a97eb8f7ad7ca1974) Importer(2089858483,0ecaa5967403d082aa24f35e1b516d23) [PhysX] Initialized MultithreadedTaskDispatcher with 20 workers.
 -> (artifact id: '0493a5e7f3b9a019d15b26104c5d3770') in 0.013735 seconds
Number of updated asset objects reloaded before import = 0
Number of asset objects unloaded after import = 8
========================================================================
Received Import Request.
  Time since last request: 0.000021 seconds.
  path: Assets/Resources/5379.dat.png
  artifactKey: Guid(394ae3fdd7114029ad3c49f8db92e8f8) Importer(2089858483,0ecaa5967403d082aa24f35e1b516d23)
Start importing Assets/Resources/5379.dat.png using Guid(394ae3fdd7114029ad3c49f8db92e8f8) Importer(2089858483,0ecaa5967403d082aa24f35e1b516d23) [PhysX] Initialized MultithreadedTaskDispatcher with 20 workers.
 -> (artifact id: '411b7f612f03cc9a72cbe68111622b6c') in 0.017812 seconds
Number of updated asset objects reloaded before import = 0
Number of asset objects unloaded after import = 10
========================================================================
Received Import Request.
  Time since last request: 0.000015 seconds.
  path: Assets/MonoBehaviour/3733.dat.asset
  artifactKey: Guid(09086f8f9e6d47cf911c06a5046733d2) Importer(2089858483,0ecaa5967403d082aa24f35e1b516d23)
Start importing Assets/MonoBehaviour/3733.dat.asset using Guid(09086f8f9e6d47cf911c06a5046733d2) Importer(2089858483,0ecaa5967403d082aa24f35e1b516d23) [PhysX] Initialized MultithreadedTaskDispatcher with 20 workers.
 -> (artifact id: '958cb8a119300e271f538de392083d62') in 0.013660 seconds
Number of updated asset objects reloaded before import = 0
Number of asset objects unloaded after import = 3
========================================================================
Received Import Request.
  Time since last request: 0.000013 seconds.
  path: Assets/Images/主界面_铜钱.png
  artifactKey: Guid(46bce4aa091a4bba88bed923360c7c2d) Importer(2089858483,0ecaa5967403d082aa24f35e1b516d23)
Start importing Assets/Images/主界面_铜钱.png using Guid(46bce4aa091a4bba88bed923360c7c2d) Importer(2089858483,0ecaa5967403d082aa24f35e1b516d23) [PhysX] Initialized MultithreadedTaskDispatcher with 20 workers.
 -> (artifact id: 'ba843038234af6e2b25f5e8692bee0a2') in 0.007541 seconds
Number of updated asset objects reloaded before import = 0
Number of asset objects unloaded after import = 3
========================================================================
Received Import Request.
  Time since last request: 0.000014 seconds.
  path: Assets/Images/主界面_国家图标.png
  artifactKey: Guid(bced6573793f48df9c56c940aaccc345) Importer(2089858483,0ecaa5967403d082aa24f35e1b516d23)
Start importing Assets/Images/主界面_国家图标.png using Guid(bced6573793f48df9c56c940aaccc345) Importer(2089858483,0ecaa5967403d082aa24f35e1b516d23) [PhysX] Initialized MultithreadedTaskDispatcher with 20 workers.
 -> (artifact id: 'c29af74dfc7b27e4523a43b3270be4c3') in 0.009505 seconds
Number of updated asset objects reloaded before import = 0
Number of asset objects unloaded after import = 3
========================================================================
Received Import Request.
  Time since last request: 0.000013 seconds.
  path: Assets/Resources/2095.dat_d1.png
  artifactKey: Guid(9195ef28a7a54f208901cb36d5d0eb56) Importer(2089858483,0ecaa5967403d082aa24f35e1b516d23)
Start importing Assets/Resources/2095.dat_d1.png using Guid(9195ef28a7a54f208901cb36d5d0eb56) Importer(2089858483,0ecaa5967403d082aa24f35e1b516d23) [PhysX] Initialized MultithreadedTaskDispatcher with 20 workers.
 -> (artifact id: '30375780c2d2a7d475d80598ead7cfc8') in 0.007226 seconds
Number of updated asset objects reloaded before import = 0
Number of asset objects unloaded after import = 3
========================================================================
Received Import Request.
  Time since last request: 0.000037 seconds.
  path: Assets/Images/8971.dat.png
  artifactKey: Guid(c7bcbd0697854774a1a8138787ed0c2d) Importer(2089858483,0ecaa5967403d082aa24f35e1b516d23)
Start importing Assets/Images/8971.dat.png using Guid(c7bcbd0697854774a1a8138787ed0c2d) Importer(2089858483,0ecaa5967403d082aa24f35e1b516d23) [PhysX] Initialized MultithreadedTaskDispatcher with 20 workers.
 -> (artifact id: 'd585ed5992549cff88ab25af8dc8ce00') in 0.006902 seconds
Number of updated asset objects reloaded before import = 0
Number of asset objects unloaded after import = 3
========================================================================
Received Import Request.
  Time since last request: 0.000013 seconds.
  path: Assets/Images/主界面_公告.png
  artifactKey: Guid(7bd903c8a3c6405c9e9e0d26adc417e3) Importer(2089858483,0ecaa5967403d082aa24f35e1b516d23)
Start importing Assets/Images/主界面_公告.png using Guid(7bd903c8a3c6405c9e9e0d26adc417e3) Importer(2089858483,0ecaa5967403d082aa24f35e1b516d23) [PhysX] Initialized MultithreadedTaskDispatcher with 20 workers.
 -> (artifact id: '337f81fcdd67b192bf18c2eddb35442a') in 0.006823 seconds
Number of updated asset objects reloaded before import = 0
Number of asset objects unloaded after import = 3
========================================================================
Received Import Request.
  Time since last request: 0.000019 seconds.
  path: Assets/Images/9228.dat.png
  artifactKey: Guid(12df1ccd0c2e4dc58bb1da6a319b6ed8) Importer(2089858483,0ecaa5967403d082aa24f35e1b516d23)
Start importing Assets/Images/9228.dat.png using Guid(12df1ccd0c2e4dc58bb1da6a319b6ed8) Importer(2089858483,0ecaa5967403d082aa24f35e1b516d23) [PhysX] Initialized MultithreadedTaskDispatcher with 20 workers.
 -> (artifact id: 'f46e378c86d9fe8832df41d742efb77a') in 0.007232 seconds
Number of updated asset objects reloaded before import = 0
Number of asset objects unloaded after import = 3
========================================================================
Received Import Request.
  Time since last request: 0.000028 seconds.
  path: Assets/Resources/4931.dat.png
  artifactKey: Guid(20ca3d6ad59f4a4b80118eee3d713627) Importer(2089858483,0ecaa5967403d082aa24f35e1b516d23)
Start importing Assets/Resources/4931.dat.png using Guid(20ca3d6ad59f4a4b80118eee3d713627) Importer(2089858483,0ecaa5967403d082aa24f35e1b516d23) [PhysX] Initialized MultithreadedTaskDispatcher with 20 workers.
 -> (artifact id: '07e3b3b159683596d52b9c0a576f2144') in 0.012118 seconds
Number of updated asset objects reloaded before import = 0
Number of asset objects unloaded after import = 8
========================================================================
Received Import Request.
  Time since last request: 0.000013 seconds.
  path: Assets/Resources/2096.dat.png
  artifactKey: Guid(dd5c7391935a45cfb0dfbaea775ecd51) Importer(2089858483,0ecaa5967403d082aa24f35e1b516d23)
Start importing Assets/Resources/2096.dat.png using Guid(dd5c7391935a45cfb0dfbaea775ecd51) Importer(2089858483,0ecaa5967403d082aa24f35e1b516d23) [PhysX] Initialized MultithreadedTaskDispatcher with 20 workers.
 -> (artifact id: 'fa41ba77a75bcfdc8d09799da29fb871') in 0.007732 seconds
Number of updated asset objects reloaded before import = 0
Number of asset objects unloaded after import = 3
========================================================================
Received Import Request.
  Time since last request: 0.000013 seconds.
  path: Assets/Resources/6396.dat.png
  artifactKey: Guid(7bb8c8907162482cbcba5ae1c345da6d) Importer(2089858483,0ecaa5967403d082aa24f35e1b516d23)
Start importing Assets/Resources/6396.dat.png using Guid(7bb8c8907162482cbcba5ae1c345da6d) Importer(2089858483,0ecaa5967403d082aa24f35e1b516d23) [PhysX] Initialized MultithreadedTaskDispatcher with 20 workers.
 -> (artifact id: '694d5770e568bc2af5b9705693597bad') in 0.007985 seconds
Number of updated asset objects reloaded before import = 0
Number of asset objects unloaded after import = 4
========================================================================
Received Import Request.
  Time since last request: 0.000014 seconds.
  path: Assets/Images/8998.dat.png
  artifactKey: Guid(851e1934a7f248f3a51b21ab1425c83e) Importer(2089858483,0ecaa5967403d082aa24f35e1b516d23)
Start importing Assets/Images/8998.dat.png using Guid(851e1934a7f248f3a51b21ab1425c83e) Importer(2089858483,0ecaa5967403d082aa24f35e1b516d23) [PhysX] Initialized MultithreadedTaskDispatcher with 20 workers.
 -> (artifact id: '7aa043db17feda2db3c784478c4de9dd') in 0.006845 seconds
Number of updated asset objects reloaded before import = 0
Number of asset objects unloaded after import = 3
========================================================================
Received Import Request.
  Time since last request: 0.000012 seconds.
  path: Assets/Images/主界面_世界.png
  artifactKey: Guid(5094eddc88ea480c8096558d605d66a8) Importer(2089858483,0ecaa5967403d082aa24f35e1b516d23)
Start importing Assets/Images/主界面_世界.png using Guid(5094eddc88ea480c8096558d605d66a8) Importer(2089858483,0ecaa5967403d082aa24f35e1b516d23) [PhysX] Initialized MultithreadedTaskDispatcher with 20 workers.
 -> (artifact id: 'cceb4d98efd3129e3029a6643c8da0c9') in 0.007500 seconds
Number of updated asset objects reloaded before import = 0
Number of asset objects unloaded after import = 3
========================================================================
Received Import Request.
  Time since last request: 0.000014 seconds.
  path: Assets/MonoBehaviour/3856.dat.asset
  artifactKey: Guid(1219a1bfbfe543c7a94f2a683e771e6b) Importer(2089858483,0ecaa5967403d082aa24f35e1b516d23)
Start importing Assets/MonoBehaviour/3856.dat.asset using Guid(1219a1bfbfe543c7a94f2a683e771e6b) Importer(2089858483,0ecaa5967403d082aa24f35e1b516d23) [PhysX] Initialized MultithreadedTaskDispatcher with 20 workers.
 -> (artifact id: 'b951a202f5cb9bea94e51490f9f6919a') in 0.004954 seconds
Number of updated asset objects reloaded before import = 0
Number of asset objects unloaded after import = 3
========================================================================
Received Import Request.
  Time since last request: 0.000012 seconds.
  path: Assets/Images/种植技术.png
  artifactKey: Guid(3cee00a650d24b7b8fd311a54102d27d) Importer(2089858483,0ecaa5967403d082aa24f35e1b516d23)
Start importing Assets/Images/种植技术.png using Guid(3cee00a650d24b7b8fd311a54102d27d) Importer(2089858483,0ecaa5967403d082aa24f35e1b516d23) [PhysX] Initialized MultithreadedTaskDispatcher with 20 workers.
 -> (artifact id: '7279a132d40bb9551b1fee93df5c28a7') in 0.006511 seconds
Number of updated asset objects reloaded before import = 0
Number of asset objects unloaded after import = 3
========================================================================
Received Import Request.
  Time since last request: 0.000017 seconds.
  path: Assets/Images/征召技巧.png
  artifactKey: Guid(6f31e34ef43b4aeab0f02dd015b09312) Importer(2089858483,0ecaa5967403d082aa24f35e1b516d23)
Start importing Assets/Images/征召技巧.png using Guid(6f31e34ef43b4aeab0f02dd015b09312) Importer(2089858483,0ecaa5967403d082aa24f35e1b516d23) [PhysX] Initialized MultithreadedTaskDispatcher with 20 workers.
 -> (artifact id: '5db260631dd5ad42f2b8cb70481770e1') in 0.007152 seconds
Number of updated asset objects reloaded before import = 0
Number of asset objects unloaded after import = 3
========================================================================
Received Import Request.
  Time since last request: 0.000019 seconds.
  path: Assets/Resources/6307.dat.png
  artifactKey: Guid(a1cedab7d3a64fb99371685e4865237d) Importer(2089858483,0ecaa5967403d082aa24f35e1b516d23)
Start importing Assets/Resources/6307.dat.png using Guid(a1cedab7d3a64fb99371685e4865237d) Importer(2089858483,0ecaa5967403d082aa24f35e1b516d23) [PhysX] Initialized MultithreadedTaskDispatcher with 20 workers.
 -> (artifact id: '54c4c55b8fe2ef7573f40af9ad7d90e9') in 0.010653 seconds
Number of updated asset objects reloaded before import = 0
Number of asset objects unloaded after import = 7
========================================================================
Received Import Request.
  Time since last request: 0.000014 seconds.
  path: Assets/Images/封地界面_鱼.png
  artifactKey: Guid(84149c157f0b459cbfa0533d55f00f22) Importer(2089858483,0ecaa5967403d082aa24f35e1b516d23)
Start importing Assets/Images/封地界面_鱼.png using Guid(84149c157f0b459cbfa0533d55f00f22) Importer(2089858483,0ecaa5967403d082aa24f35e1b516d23) [PhysX] Initialized MultithreadedTaskDispatcher with 20 workers.
 -> (artifact id: 'ec2439258191b84756bf209c84d26816') in 0.022687 seconds
Number of updated asset objects reloaded before import = 0
Number of asset objects unloaded after import = 16
========================================================================
Received Import Request.
  Time since last request: 0.000013 seconds.
  path: Assets/Resources/4890.dat.png
  artifactKey: Guid(87764cd8cbf74b1c9e508d1d48c99c78) Importer(2089858483,0ecaa5967403d082aa24f35e1b516d23)
Start importing Assets/Resources/4890.dat.png using Guid(87764cd8cbf74b1c9e508d1d48c99c78) Importer(2089858483,0ecaa5967403d082aa24f35e1b516d23) [PhysX] Initialized MultithreadedTaskDispatcher with 20 workers.
 -> (artifact id: 'a6bdc97026fb220e3d73f78e4d327e72') in 0.013449 seconds
Number of updated asset objects reloaded before import = 0
Number of asset objects unloaded after import = 10
========================================================================
Received Import Request.
  Time since last request: 0.000013 seconds.
  path: Assets/Images/封地界面_瀑布.png
  artifactKey: Guid(9d1975e1309f44c086f2121df141a3c6) Importer(2089858483,0ecaa5967403d082aa24f35e1b516d23)
Start importing Assets/Images/封地界面_瀑布.png using Guid(9d1975e1309f44c086f2121df141a3c6) Importer(2089858483,0ecaa5967403d082aa24f35e1b516d23) [PhysX] Initialized MultithreadedTaskDispatcher with 20 workers.
 -> (artifact id: '9f512451a207e2d8a8339be6dd3f33cd') in 0.013398 seconds
Number of updated asset objects reloaded before import = 0
Number of asset objects unloaded after import = 8
========================================================================
Received Import Request.
  Time since last request: 0.000196 seconds.
  path: Assets/Plugins/Unity.2D.IK.Runtime.dll
  artifactKey: Guid(fe8068c0c6002ecff09414578b1eb116) Importer(2089858483,0ecaa5967403d082aa24f35e1b516d23)
Start importing Assets/Plugins/Unity.2D.IK.Runtime.dll using Guid(fe8068c0c6002ecff09414578b1eb116) Importer(2089858483,0ecaa5967403d082aa24f35e1b516d23) [PhysX] Initialized MultithreadedTaskDispatcher with 20 workers.
 -> (artifact id: 'dfe86f9dba8d1a7873a6dbc3911af8dd') in 0.006813 seconds
Number of updated asset objects reloaded before import = 0
Number of asset objects unloaded after import = 1
========================================================================
Received Import Request.
  Time since last request: 0.000015 seconds.
  path: Assets/Images/8982.dat.png
  artifactKey: Guid(c6cb8b78c06443c4aee268bdda34912b) Importer(2089858483,0ecaa5967403d082aa24f35e1b516d23)
Start importing Assets/Images/8982.dat.png using Guid(c6cb8b78c06443c4aee268bdda34912b) Importer(2089858483,0ecaa5967403d082aa24f35e1b516d23) [PhysX] Initialized MultithreadedTaskDispatcher with 20 workers.
 -> (artifact id: '94358e2e20488e31b6f098871b09e434') in 0.007205 seconds
Number of updated asset objects reloaded before import = 0
Number of asset objects unloaded after import = 3
========================================================================
Received Import Request.
  Time since last request: 0.000013 seconds.
  path: Assets/Resources/6395.dat.png
  artifactKey: Guid(9df3a8f359da4a318aa8dbe8c4843b47) Importer(2089858483,0ecaa5967403d082aa24f35e1b516d23)
Start importing Assets/Resources/6395.dat.png using Guid(9df3a8f359da4a318aa8dbe8c4843b47) Importer(2089858483,0ecaa5967403d082aa24f35e1b516d23) [PhysX] Initialized MultithreadedTaskDispatcher with 20 workers.
 -> (artifact id: '849120f20347a9d30d013c5ae9937a18') in 0.010617 seconds
Number of updated asset objects reloaded before import = 0
Number of asset objects unloaded after import = 6
========================================================================
Received Import Request.
  Time since last request: 0.000015 seconds.
  path: Assets/Resources/1925.dat.png
  artifactKey: Guid(a8233f5685d9490280fe51f5054d11bf) Importer(2089858483,0ecaa5967403d082aa24f35e1b516d23)
Start importing Assets/Resources/1925.dat.png using Guid(a8233f5685d9490280fe51f5054d11bf) Importer(2089858483,0ecaa5967403d082aa24f35e1b516d23) [PhysX] Initialized MultithreadedTaskDispatcher with 20 workers.
 -> (artifact id: '29a7d8f707af94d30fcb986e764a7b7c') in 0.006411 seconds
Number of updated asset objects reloaded before import = 0
Number of asset objects unloaded after import = 3
========================================================================
Received Import Request.
  Time since last request: 0.000012 seconds.
  path: Assets/Resources/5443.dat.png
  artifactKey: Guid(70323566f42a465cbabc4670acd86f8e) Importer(2089858483,0ecaa5967403d082aa24f35e1b516d23)
Start importing Assets/Resources/5443.dat.png using Guid(70323566f42a465cbabc4670acd86f8e) Importer(2089858483,0ecaa5967403d082aa24f35e1b516d23) [PhysX] Initialized MultithreadedTaskDispatcher with 20 workers.
 -> (artifact id: 'ca73f1315feaf580e1f7341987fc399c') in 0.012863 seconds
Number of updated asset objects reloaded before import = 0
Number of asset objects unloaded after import = 7
========================================================================
Received Import Request.
  Time since last request: 0.000014 seconds.
  path: Assets/Materials/Sprites-Default.mat
  artifactKey: Guid(04c8d2935be146b7aa6203ef9be9fe0b) Importer(2089858483,0ecaa5967403d082aa24f35e1b516d23)
Start importing Assets/Materials/Sprites-Default.mat using Guid(04c8d2935be146b7aa6203ef9be9fe0b) Importer(2089858483,0ecaa5967403d082aa24f35e1b516d23) [PhysX] Initialized MultithreadedTaskDispatcher with 20 workers.
 -> (artifact id: '63665cca8face71cf84a38515ac8a8b8') in 0.005151 seconds
Number of updated asset objects reloaded before import = 0
Number of asset objects unloaded after import = 1
========================================================================
Received Import Request.
  Time since last request: 0.000017 seconds.
  path: Assets/Resources/4919.dat.png
  artifactKey: Guid(835d2870a3f0433b8914781625372349) Importer(2089858483,0ecaa5967403d082aa24f35e1b516d23)
Start importing Assets/Resources/4919.dat.png using Guid(835d2870a3f0433b8914781625372349) Importer(2089858483,0ecaa5967403d082aa24f35e1b516d23) [PhysX] Initialized MultithreadedTaskDispatcher with 20 workers.
 -> (artifact id: '19cfad517eb789cefdd49e2b4a41463a') in 0.012521 seconds
Number of updated asset objects reloaded before import = 0
Number of asset objects unloaded after import = 9
========================================================================
Received Import Request.
  Time since last request: 0.000013 seconds.
  path: Assets/Images/主界面_等级显示.png
  artifactKey: Guid(31b5ea28e2e04ba09e64a38060a507d4) Importer(2089858483,0ecaa5967403d082aa24f35e1b516d23)
Start importing Assets/Images/主界面_等级显示.png using Guid(31b5ea28e2e04ba09e64a38060a507d4) Importer(2089858483,0ecaa5967403d082aa24f35e1b516d23) [PhysX] Initialized MultithreadedTaskDispatcher with 20 workers.
 -> (artifact id: '7ede04c7f29dbe9e5ef81d0e390838df') in 0.007636 seconds
Number of updated asset objects reloaded before import = 0
Number of asset objects unloaded after import = 3
========================================================================
Received Import Request.
  Time since last request: 0.000015 seconds.
  path: Assets/Resources/5497.dat.png
  artifactKey: Guid(29d72ca2731842e39140bb4f2da638bd) Importer(2089858483,0ecaa5967403d082aa24f35e1b516d23)
Start importing Assets/Resources/5497.dat.png using Guid(29d72ca2731842e39140bb4f2da638bd) Importer(2089858483,0ecaa5967403d082aa24f35e1b516d23) [PhysX] Initialized MultithreadedTaskDispatcher with 20 workers.
 -> (artifact id: '690f116f2d522e2eb09fcfb3461c0e62') in 0.015142 seconds
Number of updated asset objects reloaded before import = 0
Number of asset objects unloaded after import = 10
========================================================================
Received Import Request.
  Time since last request: 0.000015 seconds.
  path: Assets/Images/主界面_聊天框.png
  artifactKey: Guid(cb045f56c6db4b3b936724068951cf8f) Importer(2089858483,0ecaa5967403d082aa24f35e1b516d23)
Start importing Assets/Images/主界面_聊天框.png using Guid(cb045f56c6db4b3b936724068951cf8f) Importer(2089858483,0ecaa5967403d082aa24f35e1b516d23) [PhysX] Initialized MultithreadedTaskDispatcher with 20 workers.
 -> (artifact id: 'd43c6a7960687c80ebee519b27d87ef6') in 0.007195 seconds
Number of updated asset objects reloaded before import = 0
Number of asset objects unloaded after import = 3
========================================================================
Received Import Request.
  Time since last request: 0.000022 seconds.
  path: Assets/Resources/6331.dat.png
  artifactKey: Guid(0cf1d991150547a4b8bfc688ed938cd5) Importer(2089858483,0ecaa5967403d082aa24f35e1b516d23)
Start importing Assets/Resources/6331.dat.png using Guid(0cf1d991150547a4b8bfc688ed938cd5) Importer(2089858483,0ecaa5967403d082aa24f35e1b516d23) [PhysX] Initialized MultithreadedTaskDispatcher with 20 workers.
 -> (artifact id: '8f95c0fd234576f8cbd0b914f04f7dc9') in 0.010742 seconds
Number of updated asset objects reloaded before import = 0
Number of asset objects unloaded after import = 8
========================================================================
Received Import Request.
  Time since last request: 0.000013 seconds.
  path: Assets/Resources/5454.dat.png
  artifactKey: Guid(aca32981c99049fbabed35940d7598e5) Importer(2089858483,0ecaa5967403d082aa24f35e1b516d23)
Start importing Assets/Resources/5454.dat.png using Guid(aca32981c99049fbabed35940d7598e5) Importer(2089858483,0ecaa5967403d082aa24f35e1b516d23) [PhysX] Initialized MultithreadedTaskDispatcher with 20 workers.
 -> (artifact id: 'e81b2160e30403e8cc63b9380079e74d') in 0.013347 seconds
Number of updated asset objects reloaded before import = 0
Number of asset objects unloaded after import = 8
========================================================================
Received Import Request.
  Time since last request: 0.000017 seconds.
  path: Assets/Resources/4880.dat.png
  artifactKey: Guid(3f7f489719404fd2bc3e783d7afa79f5) Importer(2089858483,0ecaa5967403d082aa24f35e1b516d23)
Start importing Assets/Resources/4880.dat.png using Guid(3f7f489719404fd2bc3e783d7afa79f5) Importer(2089858483,0ecaa5967403d082aa24f35e1b516d23) [PhysX] Initialized MultithreadedTaskDispatcher with 20 workers.
 -> (artifact id: '8e5029fa97b3e48884e8bdcaa5a7aa8c') in 0.009337 seconds
Number of updated asset objects reloaded before import = 0
Number of asset objects unloaded after import = 5
========================================================================
Received Import Request.
  Time since last request: 0.000014 seconds.
  path: Assets/Resources/5187.dat.png
  artifactKey: Guid(1ec4c32b7e1f485184977e30cea36cc7) Importer(2089858483,0ecaa5967403d082aa24f35e1b516d23)
Start importing Assets/Resources/5187.dat.png using Guid(1ec4c32b7e1f485184977e30cea36cc7) Importer(2089858483,0ecaa5967403d082aa24f35e1b516d23) [PhysX] Initialized MultithreadedTaskDispatcher with 20 workers.
 -> (artifact id: '6ebaaf0c207dd6d1dc0ef394587672db') in 0.012834 seconds
Number of updated asset objects reloaded before import = 0
Number of asset objects unloaded after import = 8
========================================================================
Received Import Request.
  Time since last request: 0.000013 seconds.
  path: Assets/Images/8981.dat.png
  artifactKey: Guid(df9a5c465be94a3b80fde44ec8de57cf) Importer(2089858483,0ecaa5967403d082aa24f35e1b516d23)
Start importing Assets/Images/8981.dat.png using Guid(df9a5c465be94a3b80fde44ec8de57cf) Importer(2089858483,0ecaa5967403d082aa24f35e1b516d23) [PhysX] Initialized MultithreadedTaskDispatcher with 20 workers.
 -> (artifact id: '957f020550c99117620db7150974da95') in 0.006757 seconds
Number of updated asset objects reloaded before import = 0
Number of asset objects unloaded after import = 3
========================================================================
Received Import Request.
  Time since last request: 0.000013 seconds.
  path: Assets/Images/logo_into.png
  artifactKey: Guid(5cc7e21c9d494a57852e6e5bfe468ee0) Importer(2089858483,0ecaa5967403d082aa24f35e1b516d23)
Start importing Assets/Images/logo_into.png using Guid(5cc7e21c9d494a57852e6e5bfe468ee0) Importer(2089858483,0ecaa5967403d082aa24f35e1b516d23) [PhysX] Initialized MultithreadedTaskDispatcher with 20 workers.
 -> (artifact id: '93f8302d24bd9ff58308ba5b0216ccd3') in 0.008828 seconds
Number of updated asset objects reloaded before import = 0
Number of asset objects unloaded after import = 3
========================================================================
Received Import Request.
  Time since last request: 0.000014 seconds.
  path: Assets/Images/8990.dat.png
  artifactKey: Guid(d8df823ac090414c8b1d30f53c49b6a3) Importer(2089858483,0ecaa5967403d082aa24f35e1b516d23)
Start importing Assets/Images/8990.dat.png using Guid(d8df823ac090414c8b1d30f53c49b6a3) Importer(2089858483,0ecaa5967403d082aa24f35e1b516d23) [PhysX] Initialized MultithreadedTaskDispatcher with 20 workers.
 -> (artifact id: '9f61abe140f30e32d838249dcf132335') in 0.008310 seconds
Number of updated asset objects reloaded before import = 0
Number of asset objects unloaded after import = 3
========================================================================
Received Import Request.
  Time since last request: 0.000018 seconds.
  path: Assets/Images/8974.dat.png
  artifactKey: Guid(96f4b9fbb4194dad9f0cd62eac6114b0) Importer(2089858483,0ecaa5967403d082aa24f35e1b516d23)
Start importing Assets/Images/8974.dat.png using Guid(96f4b9fbb4194dad9f0cd62eac6114b0) Importer(2089858483,0ecaa5967403d082aa24f35e1b516d23) [PhysX] Initialized MultithreadedTaskDispatcher with 20 workers.
 -> (artifact id: '61c44d639a152c38b7d7bf3e4ca05311') in 0.006905 seconds
Number of updated asset objects reloaded before import = 0
Number of asset objects unloaded after import = 3
========================================================================
Received Import Request.
  Time since last request: 0.000015 seconds.
  path: Assets/Resources/2095.dat.png
  artifactKey: Guid(736a1cc3ee3c4d1cb8616296ce2dab1d) Importer(2089858483,0ecaa5967403d082aa24f35e1b516d23)
Start importing Assets/Resources/2095.dat.png using Guid(736a1cc3ee3c4d1cb8616296ce2dab1d) Importer(2089858483,0ecaa5967403d082aa24f35e1b516d23) [PhysX] Initialized MultithreadedTaskDispatcher with 20 workers.
 -> (artifact id: '364cd92caa309fc3a9f4e0b9fb11489a') in 0.007388 seconds
Number of updated asset objects reloaded before import = 0
Number of asset objects unloaded after import = 3
========================================================================
Received Import Request.
  Time since last request: 0.000013 seconds.
  path: Assets/Resources/6329.dat.png
  artifactKey: Guid(f27fd02d348d4051ae4e982aa0f7247e) Importer(2089858483,0ecaa5967403d082aa24f35e1b516d23)
Start importing Assets/Resources/6329.dat.png using Guid(f27fd02d348d4051ae4e982aa0f7247e) Importer(2089858483,0ecaa5967403d082aa24f35e1b516d23) [PhysX] Initialized MultithreadedTaskDispatcher with 20 workers.
 -> (artifact id: '3f554d16a9c8402af9016c05b7466035') in 0.014902 seconds
Number of updated asset objects reloaded before import = 0
Number of asset objects unloaded after import = 8
========================================================================
Received Import Request.
  Time since last request: 0.000014 seconds.
  path: Assets/Materials/将领等级数字.mat
  artifactKey: Guid(185a4e20391f4634a6c4dfb12a0f67c3) Importer(2089858483,0ecaa5967403d082aa24f35e1b516d23)
Start importing Assets/Materials/将领等级数字.mat using Guid(185a4e20391f4634a6c4dfb12a0f67c3) Importer(2089858483,0ecaa5967403d082aa24f35e1b516d23) [PhysX] Initialized MultithreadedTaskDispatcher with 20 workers.
 -> (artifact id: 'be3c614a1b4fe9be90cb8eb02be349a7') in 0.003121 seconds
Number of updated asset objects reloaded before import = 0
Number of asset objects unloaded after import = 2
========================================================================
Received Import Request.
  Time since last request: 0.000010 seconds.
  path: Assets/Resources/4780.dat.png
  artifactKey: Guid(cdfc1a469e7548ab83e672304bb4d094) Importer(2089858483,0ecaa5967403d082aa24f35e1b516d23)
Start importing Assets/Resources/4780.dat.png using Guid(cdfc1a469e7548ab83e672304bb4d094) Importer(2089858483,0ecaa5967403d082aa24f35e1b516d23) [PhysX] Initialized MultithreadedTaskDispatcher with 20 workers.
 -> (artifact id: '8efec1f41df990e8824eecdc394993d0') in 0.013127 seconds
Number of updated asset objects reloaded before import = 0
Number of asset objects unloaded after import = 8
========================================================================
Received Import Request.
  Time since last request: 0.000016 seconds.
  path: Assets/MonoBehaviour/GameSkin.guiskin
  artifactKey: Guid(e472b779e3964eed8d77f2dbde24646e) Importer(2089858483,0ecaa5967403d082aa24f35e1b516d23)
Start importing Assets/MonoBehaviour/GameSkin.guiskin using Guid(e472b779e3964eed8d77f2dbde24646e) Importer(2089858483,0ecaa5967403d082aa24f35e1b516d23) [PhysX] Initialized MultithreadedTaskDispatcher with 20 workers.
 -> (artifact id: 'a7dd0025cfec030c68ea39d04bf42dc3') in 0.004332 seconds
Number of updated asset objects reloaded before import = 0
Number of asset objects unloaded after import = 1
========================================================================
Received Import Request.
  Time since last request: 0.000013 seconds.
  path: Assets/Images/战斗界面_增援.png
  artifactKey: Guid(3000b4d14fd7414bae1b3820906633b4) Importer(2089858483,0ecaa5967403d082aa24f35e1b516d23)
Start importing Assets/Images/战斗界面_增援.png using Guid(3000b4d14fd7414bae1b3820906633b4) Importer(2089858483,0ecaa5967403d082aa24f35e1b516d23) [PhysX] Initialized MultithreadedTaskDispatcher with 20 workers.
 -> (artifact id: '005d88b0b2897cac2fda6808306783e5') in 0.007718 seconds
Number of updated asset objects reloaded before import = 0
Number of asset objects unloaded after import = 3
========================================================================
Received Import Request.
  Time since last request: 0.000017 seconds.
  path: Assets/Images/主界面_竞技.png
  artifactKey: Guid(d0931eb4317c4d2189f8ae43baf7ffe2) Importer(2089858483,0ecaa5967403d082aa24f35e1b516d23)
Start importing Assets/Images/主界面_竞技.png using Guid(d0931eb4317c4d2189f8ae43baf7ffe2) Importer(2089858483,0ecaa5967403d082aa24f35e1b516d23) [PhysX] Initialized MultithreadedTaskDispatcher with 20 workers.
 -> (artifact id: 'c3ba916773be94a06c88e95e16faa6be') in 0.006809 seconds
Number of updated asset objects reloaded before import = 0
Number of asset objects unloaded after import = 3
========================================================================
Received Import Request.
  Time since last request: 0.000034 seconds.
  path: Assets/Resources/4174.dat.png
  artifactKey: Guid(52114268594241a289f4a55b699c22c4) Importer(2089858483,0ecaa5967403d082aa24f35e1b516d23)
Start importing Assets/Resources/4174.dat.png using Guid(52114268594241a289f4a55b699c22c4) Importer(2089858483,0ecaa5967403d082aa24f35e1b516d23) [PhysX] Initialized MultithreadedTaskDispatcher with 20 workers.
 -> (artifact id: '1b95956764ea7acb8a4c7a8cc4bee58e') in 0.007540 seconds
Number of updated asset objects reloaded before import = 0
Number of asset objects unloaded after import = 3
========================================================================
Received Import Request.
  Time since last request: 0.000012 seconds.
  path: Assets/Materials/战斗界面时间数字.mat
  artifactKey: Guid(eb87766454924a178b1e849a25ec127b) Importer(2089858483,0ecaa5967403d082aa24f35e1b516d23)
Start importing Assets/Materials/战斗界面时间数字.mat using Guid(eb87766454924a178b1e849a25ec127b) Importer(2089858483,0ecaa5967403d082aa24f35e1b516d23) [PhysX] Initialized MultithreadedTaskDispatcher with 20 workers.
 -> (artifact id: '4aedcfd7f266685e567db0161a5e1437') in 0.003139 seconds
Number of updated asset objects reloaded before import = 0
Number of asset objects unloaded after import = 2
========================================================================
Received Import Request.
  Time since last request: 0.000011 seconds.
  path: Assets/Resources/5051.dat.png
  artifactKey: Guid(28bc475baf7543e5b1f7f6fb1af9bfe2) Importer(2089858483,0ecaa5967403d082aa24f35e1b516d23)
Start importing Assets/Resources/5051.dat.png using Guid(28bc475baf7543e5b1f7f6fb1af9bfe2) Importer(2089858483,0ecaa5967403d082aa24f35e1b516d23) [PhysX] Initialized MultithreadedTaskDispatcher with 20 workers.
 -> (artifact id: 'ecfff83e8da0fe77e9aea5f7df557163') in 0.012069 seconds
Number of updated asset objects reloaded before import = 0
Number of asset objects unloaded after import = 8
========================================================================
Received Import Request.
  Time since last request: 0.000014 seconds.
  path: Assets/Images/8997.dat.png
  artifactKey: Guid(b0e224a7b484417096937b7e653d02ea) Importer(2089858483,0ecaa5967403d082aa24f35e1b516d23)
Start importing Assets/Images/8997.dat.png using Guid(b0e224a7b484417096937b7e653d02ea) Importer(2089858483,0ecaa5967403d082aa24f35e1b516d23) [PhysX] Initialized MultithreadedTaskDispatcher with 20 workers.
 -> (artifact id: '8b2e078d2b0cc54ba5cb0f40bf3cb09c') in 0.007066 seconds
Number of updated asset objects reloaded before import = 0
Number of asset objects unloaded after import = 3
========================================================================
Received Import Request.
  Time since last request: 0.000012 seconds.
  path: Assets/Resources/5210.dat.png
  artifactKey: Guid(84f18a6787d64594bd4840ef25e712c4) Importer(2089858483,0ecaa5967403d082aa24f35e1b516d23)
Start importing Assets/Resources/5210.dat.png using Guid(84f18a6787d64594bd4840ef25e712c4) Importer(2089858483,0ecaa5967403d082aa24f35e1b516d23) [PhysX] Initialized MultithreadedTaskDispatcher with 20 workers.
 -> (artifact id: '07d8cfc56838cbb6d34909e6d211b798') in 0.012958 seconds
Number of updated asset objects reloaded before import = 0
Number of asset objects unloaded after import = 8
========================================================================
Received Import Request.
  Time since last request: 0.000016 seconds.
  path: Assets/Images/主界面_充值.png
  artifactKey: Guid(24297d26f3f84fa4aabea59103d10f78) Importer(2089858483,0ecaa5967403d082aa24f35e1b516d23)
Start importing Assets/Images/主界面_充值.png using Guid(24297d26f3f84fa4aabea59103d10f78) Importer(2089858483,0ecaa5967403d082aa24f35e1b516d23) [PhysX] Initialized MultithreadedTaskDispatcher with 20 workers.
 -> (artifact id: '95abe4b6ad352c9593615502141bfec3') in 0.007325 seconds
Number of updated asset objects reloaded before import = 0
Number of asset objects unloaded after import = 3
========================================================================
Received Import Request.
  Time since last request: 0.000014 seconds.
  path: Assets/Resources/5237.dat.png
  artifactKey: Guid(98c22552dcc942cda49de7d2535381e3) Importer(2089858483,0ecaa5967403d082aa24f35e1b516d23)
Start importing Assets/Resources/5237.dat.png using Guid(98c22552dcc942cda49de7d2535381e3) Importer(2089858483,0ecaa5967403d082aa24f35e1b516d23) [PhysX] Initialized MultithreadedTaskDispatcher with 20 workers.
 -> (artifact id: '1c1e637871d60a564819b15f1537d0f6') in 0.010734 seconds
Number of updated asset objects reloaded before import = 0
Number of asset objects unloaded after import = 7
========================================================================
Received Import Request.
  Time since last request: 0.000014 seconds.
  path: Assets/MonoBehaviour/3729.dat.asset
  artifactKey: Guid(1d21e32fb2964b3eb714588caa4ce321) Importer(2089858483,0ecaa5967403d082aa24f35e1b516d23)
Start importing Assets/MonoBehaviour/3729.dat.asset using Guid(1d21e32fb2964b3eb714588caa4ce321) Importer(2089858483,0ecaa5967403d082aa24f35e1b516d23) [PhysX] Initialized MultithreadedTaskDispatcher with 20 workers.
 -> (artifact id: 'd0c931bf881769df10f13833d9c355a4') in 0.004303 seconds
Number of updated asset objects reloaded before import = 0
Number of asset objects unloaded after import = 3
========================================================================
Received Import Request.
  Time since last request: 0.000018 seconds.
  path: Assets/Resources/4850.dat.png
  artifactKey: Guid(64567c5f9e8b4f5cbab9e64867bca7de) Importer(2089858483,0ecaa5967403d082aa24f35e1b516d23)
Start importing Assets/Resources/4850.dat.png using Guid(64567c5f9e8b4f5cbab9e64867bca7de) Importer(2089858483,0ecaa5967403d082aa24f35e1b516d23) [PhysX] Initialized MultithreadedTaskDispatcher with 20 workers.
 -> (artifact id: '09e2cac179fabddc88da35c2d060e23a') in 0.013926 seconds
Number of updated asset objects reloaded before import = 0
Number of asset objects unloaded after import = 8
========================================================================
Received Import Request.
  Time since last request: 0.000028 seconds.
  path: Assets/Images/主界面_将领.png
  artifactKey: Guid(754414c5f52141b8a479802be1f8f2b9) Importer(2089858483,0ecaa5967403d082aa24f35e1b516d23)
Start importing Assets/Images/主界面_将领.png using Guid(754414c5f52141b8a479802be1f8f2b9) Importer(2089858483,0ecaa5967403d082aa24f35e1b516d23) [PhysX] Initialized MultithreadedTaskDispatcher with 20 workers.
 -> (artifact id: '52904d490cbf5445ff57179c237aa986') in 0.006456 seconds
Number of updated asset objects reloaded before import = 0
Number of asset objects unloaded after import = 3
========================================================================
Received Import Request.
  Time since last request: 0.000013 seconds.
  path: Assets/Images/9212.dat.png
  artifactKey: Guid(0dcfd74368ef435d9965acb9bd87daba) Importer(2089858483,0ecaa5967403d082aa24f35e1b516d23)
Start importing Assets/Images/9212.dat.png using Guid(0dcfd74368ef435d9965acb9bd87daba) Importer(2089858483,0ecaa5967403d082aa24f35e1b516d23) [PhysX] Initialized MultithreadedTaskDispatcher with 20 workers.
 -> (artifact id: 'bc83aa6cf431565712617324c0fe1cba') in 0.007117 seconds
Number of updated asset objects reloaded before import = 0
Number of asset objects unloaded after import = 3
========================================================================
Received Import Request.
  Time since last request: 0.000015 seconds.
  path: Assets/Images/Square.png
  artifactKey: Guid(2fb1b0410383405c8fb308ab7b128687) Importer(2089858483,0ecaa5967403d082aa24f35e1b516d23)
Start importing Assets/Images/Square.png using Guid(2fb1b0410383405c8fb308ab7b128687) Importer(2089858483,0ecaa5967403d082aa24f35e1b516d23) [PhysX] Initialized MultithreadedTaskDispatcher with 20 workers.
 -> (artifact id: '4dcfd9dbce6d7b4d3234785203fd74ce') in 0.035791 seconds
Number of updated asset objects reloaded before import = 0
Number of asset objects unloaded after import = 3
========================================================================
Received Import Request.
  Time since last request: 0.000018 seconds.
  path: Assets/Images/9211.dat.png
  artifactKey: Guid(967ff11d5e8c4d0ebc9fbc84b494bdb9) Importer(2089858483,0ecaa5967403d082aa24f35e1b516d23)
Start importing Assets/Images/9211.dat.png using Guid(967ff11d5e8c4d0ebc9fbc84b494bdb9) Importer(2089858483,0ecaa5967403d082aa24f35e1b516d23) [PhysX] Initialized MultithreadedTaskDispatcher with 20 workers.
 -> (artifact id: '4e2c2ef0e73fc6173a928104cbfc6903') in 0.007532 seconds
Number of updated asset objects reloaded before import = 0
Number of asset objects unloaded after import = 3
========================================================================
Received Import Request.
  Time since last request: 0.000014 seconds.
  path: Assets/Images/8866.dat.png
  artifactKey: Guid(40c3b1af4e5540619785ad4f99121ec7) Importer(2089858483,0ecaa5967403d082aa24f35e1b516d23)
Start importing Assets/Images/8866.dat.png using Guid(40c3b1af4e5540619785ad4f99121ec7) Importer(2089858483,0ecaa5967403d082aa24f35e1b516d23) [PhysX] Initialized MultithreadedTaskDispatcher with 20 workers.
 -> (artifact id: '65213e451a9d761caa11de7920410346') in 0.006644 seconds
Number of updated asset objects reloaded before import = 0
Number of asset objects unloaded after import = 3
========================================================================
Received Import Request.
  Time since last request: 0.000012 seconds.
  path: Assets/Images/主界面_出征.png
  artifactKey: Guid(80ff3b9e8f2f4a1b87bfb7c27df79d0f) Importer(2089858483,0ecaa5967403d082aa24f35e1b516d23)
Start importing Assets/Images/主界面_出征.png using Guid(80ff3b9e8f2f4a1b87bfb7c27df79d0f) Importer(2089858483,0ecaa5967403d082aa24f35e1b516d23) [PhysX] Initialized MultithreadedTaskDispatcher with 20 workers.
 -> (artifact id: '70dd258038a03be0c85a9de4cf0948f8') in 0.008129 seconds
Number of updated asset objects reloaded before import = 0
Number of asset objects unloaded after import = 3
========================================================================
Received Import Request.
  Time since last request: 0.000030 seconds.
  path: Assets/Resources/2098.dat_d1.png
  artifactKey: Guid(7975d13edd0c4c388570d6f8ae8d754c) Importer(2089858483,0ecaa5967403d082aa24f35e1b516d23)
Start importing Assets/Resources/2098.dat_d1.png using Guid(7975d13edd0c4c388570d6f8ae8d754c) Importer(2089858483,0ecaa5967403d082aa24f35e1b516d23) [PhysX] Initialized MultithreadedTaskDispatcher with 20 workers.
 -> (artifact id: '2bdd78dc77bd5ad7b5748377935ea2f1') in 0.008092 seconds
Number of updated asset objects reloaded before import = 0
Number of asset objects unloaded after import = 3
========================================================================
Received Import Request.
  Time since last request: 0.000013 seconds.
  path: Assets/Resources/2097.dat_d1.png
  artifactKey: Guid(65cbd70669fb4eda8168d796311d51cc) Importer(2089858483,0ecaa5967403d082aa24f35e1b516d23)
Start importing Assets/Resources/2097.dat_d1.png using Guid(65cbd70669fb4eda8168d796311d51cc) Importer(2089858483,0ecaa5967403d082aa24f35e1b516d23) [PhysX] Initialized MultithreadedTaskDispatcher with 20 workers.
 -> (artifact id: 'f3fc88a9e7f103fb27cea7f4578a3072') in 0.007024 seconds
Number of updated asset objects reloaded before import = 0
Number of asset objects unloaded after import = 3
========================================================================
Received Import Request.
  Time since last request: 0.000014 seconds.
  path: Assets/Images/主界面_时间.png
  artifactKey: Guid(25114e37982a4cb3ad8f84ce5404ab6a) Importer(2089858483,0ecaa5967403d082aa24f35e1b516d23)
Start importing Assets/Images/主界面_时间.png using Guid(25114e37982a4cb3ad8f84ce5404ab6a) Importer(2089858483,0ecaa5967403d082aa24f35e1b516d23) [PhysX] Initialized MultithreadedTaskDispatcher with 20 workers.
 -> (artifact id: '181da6c8278a535a82b467d16a6fab51') in 0.006919 seconds
Number of updated asset objects reloaded before import = 0
Number of asset objects unloaded after import = 3
========================================================================
Received Import Request.
  Time since last request: 0.000013 seconds.
  path: Assets/Images/主界面_头像框.png
  artifactKey: Guid(f3021b2d867144d583cd75b0079dd016) Importer(2089858483,0ecaa5967403d082aa24f35e1b516d23)
Start importing Assets/Images/主界面_头像框.png using Guid(f3021b2d867144d583cd75b0079dd016) Importer(2089858483,0ecaa5967403d082aa24f35e1b516d23) [PhysX] Initialized MultithreadedTaskDispatcher with 20 workers.
 -> (artifact id: 'e9494a5d48b24f0c4bdab60de4270a6b') in 0.007404 seconds
Number of updated asset objects reloaded before import = 0
Number of asset objects unloaded after import = 3
========================================================================
Received Import Request.
  Time since last request: 0.000014 seconds.
  path: Assets/Images/将领特效.png
  artifactKey: Guid(6bf0069d1c744074bd84a275870da48d) Importer(2089858483,0ecaa5967403d082aa24f35e1b516d23)
Start importing Assets/Images/将领特效.png using Guid(6bf0069d1c744074bd84a275870da48d) Importer(2089858483,0ecaa5967403d082aa24f35e1b516d23) [PhysX] Initialized MultithreadedTaskDispatcher with 20 workers.
 -> (artifact id: '3061fc0928dfb6fd0cb8fdd596a46b60') in 0.015207 seconds
Number of updated asset objects reloaded before import = 0
Number of asset objects unloaded after import = 9
========================================================================
Received Import Request.
  Time since last request: 0.000014 seconds.
  path: Assets/Resources/4981.dat.png
  artifactKey: Guid(8c06bc1a7c434b9ea729f71ba5bba06f) Importer(2089858483,0ecaa5967403d082aa24f35e1b516d23)
Start importing Assets/Resources/4981.dat.png using Guid(8c06bc1a7c434b9ea729f71ba5bba06f) Importer(2089858483,0ecaa5967403d082aa24f35e1b516d23) [PhysX] Initialized MultithreadedTaskDispatcher with 20 workers.
 -> (artifact id: 'db3394dc18e58d73c4d94430cdc091b1') in 0.012187 seconds
Number of updated asset objects reloaded before import = 0
Number of asset objects unloaded after import = 8
========================================================================
Received Import Request.
  Time since last request: 0.000013 seconds.
  path: Assets/Resources/5463.dat.png
  artifactKey: Guid(067a4f44d21c4860b987193c35a9b59c) Importer(2089858483,0ecaa5967403d082aa24f35e1b516d23)
Start importing Assets/Resources/5463.dat.png using Guid(067a4f44d21c4860b987193c35a9b59c) Importer(2089858483,0ecaa5967403d082aa24f35e1b516d23) [PhysX] Initialized MultithreadedTaskDispatcher with 20 workers.
 -> (artifact id: '11faff75956ef00fce881d7696c4fdf2') in 0.010524 seconds
Number of updated asset objects reloaded before import = 0
Number of asset objects unloaded after import = 7
========================================================================
Received Import Request.
  Time since last request: 0.000013 seconds.
  path: Assets/Images/封地界面_彩虹.png
  artifactKey: Guid(2b575b3c66334c0786fd1d9f405452ca) Importer(2089858483,0ecaa5967403d082aa24f35e1b516d23)
Start importing Assets/Images/封地界面_彩虹.png using Guid(2b575b3c66334c0786fd1d9f405452ca) Importer(2089858483,0ecaa5967403d082aa24f35e1b516d23) [PhysX] Initialized MultithreadedTaskDispatcher with 20 workers.
 -> (artifact id: '144a2029ead965090a9372324b05f238') in 0.006946 seconds
Number of updated asset objects reloaded before import = 0
Number of asset objects unloaded after import = 3
========================================================================
Received Import Request.
  Time since last request: 0.000034 seconds.
  path: Assets/Resources/5153.dat.png
  artifactKey: Guid(5d11e431743b4e0ebe4ff660099f2f9b) Importer(2089858483,0ecaa5967403d082aa24f35e1b516d23)
Start importing Assets/Resources/5153.dat.png using Guid(5d11e431743b4e0ebe4ff660099f2f9b) Importer(2089858483,0ecaa5967403d082aa24f35e1b516d23) [PhysX] Initialized MultithreadedTaskDispatcher with 20 workers.
 -> (artifact id: 'd201b4fba39d8eff8c6a8c8bba8666ee') in 0.016608 seconds
Number of updated asset objects reloaded before import = 0
Number of asset objects unloaded after import = 7
========================================================================
Received Import Request.
  Time since last request: 0.000013 seconds.
  path: Assets/Images/9215.dat.png
  artifactKey: Guid(cb49df0fe9004223a5b42ed7cffb05f5) Importer(2089858483,0ecaa5967403d082aa24f35e1b516d23)
Start importing Assets/Images/9215.dat.png using Guid(cb49df0fe9004223a5b42ed7cffb05f5) Importer(2089858483,0ecaa5967403d082aa24f35e1b516d23) [PhysX] Initialized MultithreadedTaskDispatcher with 20 workers.
 -> (artifact id: 'b4280b58753169386f81fbd0ab5d7077') in 0.006881 seconds
Number of updated asset objects reloaded before import = 0
Number of asset objects unloaded after import = 3
========================================================================
Received Import Request.
  Time since last request: 0.000013 seconds.
  path: Assets/Images/主界面_已展开菜单.png
  artifactKey: Guid(9e6fd307bac7440682d417fd9910d115) Importer(2089858483,0ecaa5967403d082aa24f35e1b516d23)
Start importing Assets/Images/主界面_已展开菜单.png using Guid(9e6fd307bac7440682d417fd9910d115) Importer(2089858483,0ecaa5967403d082aa24f35e1b516d23) [PhysX] Initialized MultithreadedTaskDispatcher with 20 workers.
 -> (artifact id: '52e703ad6263f6edd1ad755d06dd829e') in 0.007118 seconds
Number of updated asset objects reloaded before import = 0
Number of asset objects unloaded after import = 3
========================================================================
Received Import Request.
  Time since last request: 0.000013 seconds.
  path: Assets/Images/战斗界面_战略.png
  artifactKey: Guid(918855aa258d4464811273992a3cc59a) Importer(2089858483,0ecaa5967403d082aa24f35e1b516d23)
Start importing Assets/Images/战斗界面_战略.png using Guid(918855aa258d4464811273992a3cc59a) Importer(2089858483,0ecaa5967403d082aa24f35e1b516d23) [PhysX] Initialized MultithreadedTaskDispatcher with 20 workers.
 -> (artifact id: 'a3f5b650ad27e723fc1cf11269766ddf') in 0.007916 seconds
Number of updated asset objects reloaded before import = 0
Number of asset objects unloaded after import = 3
========================================================================
Received Import Request.
  Time since last request: 0.000014 seconds.
  path: Assets/Materials/铜钱数字.mat
  artifactKey: Guid(3ac10cee2d4d47e7a3debdb1e5f36d83) Importer(2089858483,0ecaa5967403d082aa24f35e1b516d23)
Start importing Assets/Materials/铜钱数字.mat using Guid(3ac10cee2d4d47e7a3debdb1e5f36d83) Importer(2089858483,0ecaa5967403d082aa24f35e1b516d23) [PhysX] Initialized MultithreadedTaskDispatcher with 20 workers.
 -> (artifact id: '63a6d5693c5ca1fcb0252246208c0eb3') in 0.004071 seconds
Number of updated asset objects reloaded before import = 0
Number of asset objects unloaded after import = 2
========================================================================
Received Import Request.
  Time since last request: 0.000018 seconds.
  path: Assets/Images/8862.dat.png
  artifactKey: Guid(087de0785b6548c59b9ae541104fb29b) Importer(2089858483,0ecaa5967403d082aa24f35e1b516d23)
Start importing Assets/Images/8862.dat.png using Guid(087de0785b6548c59b9ae541104fb29b) Importer(2089858483,0ecaa5967403d082aa24f35e1b516d23) [PhysX] Initialized MultithreadedTaskDispatcher with 20 workers.
 -> (artifact id: '9e03b0696a66d60d5e20b687855a749f') in 0.007332 seconds
Number of updated asset objects reloaded before import = 0
Number of asset objects unloaded after import = 3
========================================================================
Received Import Request.
  Time since last request: 0.000013 seconds.
  path: Assets/Resources/4173.dat.png
  artifactKey: Guid(51564323d7ec4546bb7cdf788869671d) Importer(2089858483,0ecaa5967403d082aa24f35e1b516d23)
Start importing Assets/Resources/4173.dat.png using Guid(51564323d7ec4546bb7cdf788869671d) Importer(2089858483,0ecaa5967403d082aa24f35e1b516d23) [PhysX] Initialized MultithreadedTaskDispatcher with 20 workers.
 -> (artifact id: 'e85540cac9271c342e0b5c4e64f1f608') in 0.007302 seconds
Number of updated asset objects reloaded before import = 0
Number of asset objects unloaded after import = 3
========================================================================
Received Import Request.
  Time since last request: 0.000015 seconds.
  path: Assets/Resources/5465.dat.png
  artifactKey: Guid(ecd180cd68af4531855d45ee7dd5247e) Importer(2089858483,0ecaa5967403d082aa24f35e1b516d23)
Start importing Assets/Resources/5465.dat.png using Guid(ecd180cd68af4531855d45ee7dd5247e) Importer(2089858483,0ecaa5967403d082aa24f35e1b516d23) [PhysX] Initialized MultithreadedTaskDispatcher with 20 workers.
 -> (artifact id: '4bdb7fb3c9ec505528c976a13b129575') in 0.018092 seconds
Number of updated asset objects reloaded before import = 0
Number of asset objects unloaded after import = 9
========================================================================
Received Import Request.
  Time since last request: 0.000027 seconds.
  path: Assets/Images/9213.dat.png
  artifactKey: Guid(a47ecceefae7450885f8767c7640a815) Importer(2089858483,0ecaa5967403d082aa24f35e1b516d23)
Start importing Assets/Images/9213.dat.png using Guid(a47ecceefae7450885f8767c7640a815) Importer(2089858483,0ecaa5967403d082aa24f35e1b516d23) [PhysX] Initialized MultithreadedTaskDispatcher with 20 workers.
 -> (artifact id: '37fb01f91251c44dc423c5a9fcf0d1b8') in 0.008259 seconds
Number of updated asset objects reloaded before import = 0
Number of asset objects unloaded after import = 3
========================================================================
Received Import Request.
  Time since last request: 0.000014 seconds.
  path: Assets/Resources/4175.dat.png
  artifactKey: Guid(301b59fff18e46688e8f83e796fff95b) Importer(2089858483,0ecaa5967403d082aa24f35e1b516d23)
Start importing Assets/Resources/4175.dat.png using Guid(301b59fff18e46688e8f83e796fff95b) Importer(2089858483,0ecaa5967403d082aa24f35e1b516d23) [PhysX] Initialized MultithreadedTaskDispatcher with 20 workers.
 -> (artifact id: 'cb7c4dcd0977a0c561393d84f31da487') in 0.007397 seconds
Number of updated asset objects reloaded before import = 0
Number of asset objects unloaded after import = 3
========================================================================
Received Import Request.
  Time since last request: 0.000014 seconds.
  path: Assets/Resources/2098.dat.png
  artifactKey: Guid(0198722b3f174f33bcd1eaf1a6a5c6cf) Importer(2089858483,0ecaa5967403d082aa24f35e1b516d23)
Start importing Assets/Resources/2098.dat.png using Guid(0198722b3f174f33bcd1eaf1a6a5c6cf) Importer(2089858483,0ecaa5967403d082aa24f35e1b516d23) [PhysX] Initialized MultithreadedTaskDispatcher with 20 workers.
 -> (artifact id: 'd7cb7f816fda52fc44c5d912ac6527eb') in 0.007122 seconds
Number of updated asset objects reloaded before import = 0
Number of asset objects unloaded after import = 3
========================================================================
Received Import Request.
  Time since last request: 0.000014 seconds.
  path: Assets/Resources/4167.dat.png
  artifactKey: Guid(6801cef43c4f42c38a2f233a508df608) Importer(2089858483,0ecaa5967403d082aa24f35e1b516d23)
Start importing Assets/Resources/4167.dat.png using Guid(6801cef43c4f42c38a2f233a508df608) Importer(2089858483,0ecaa5967403d082aa24f35e1b516d23) [PhysX] Initialized MultithreadedTaskDispatcher with 20 workers.
 -> (artifact id: 'a779408842d12827f1cec6f479b1b9a5') in 0.007695 seconds
Number of updated asset objects reloaded before import = 0
Number of asset objects unloaded after import = 3
========================================================================
Received Import Request.
  Time since last request: 0.000016 seconds.
  path: Assets/Images/9217.dat.png
  artifactKey: Guid(6fca1a1f77c445feb950ad078ffd6e1a) Importer(2089858483,0ecaa5967403d082aa24f35e1b516d23)
Start importing Assets/Images/9217.dat.png using Guid(6fca1a1f77c445feb950ad078ffd6e1a) Importer(2089858483,0ecaa5967403d082aa24f35e1b516d23) [PhysX] Initialized MultithreadedTaskDispatcher with 20 workers.
 -> (artifact id: '3cbc21f2740704e903795eba752012c7') in 0.006856 seconds
Number of updated asset objects reloaded before import = 0
Number of asset objects unloaded after import = 3
========================================================================
Received Import Request.
  Time since last request: 0.000017 seconds.
  path: Assets/Images/8988.dat.png
  artifactKey: Guid(82b8cd95a7cf4f41b47a91082d55c5de) Importer(2089858483,0ecaa5967403d082aa24f35e1b516d23)
Start importing Assets/Images/8988.dat.png using Guid(82b8cd95a7cf4f41b47a91082d55c5de) Importer(2089858483,0ecaa5967403d082aa24f35e1b516d23) [PhysX] Initialized MultithreadedTaskDispatcher with 20 workers.
 -> (artifact id: '49070a89d3e6adb7803f3e50f43b6223') in 0.008460 seconds
Number of updated asset objects reloaded before import = 0
Number of asset objects unloaded after import = 3
========================================================================
Received Import Request.
  Time since last request: 0.000014 seconds.
  path: Assets/Images/主界面_宝库.png
  artifactKey: Guid(36bad98cd71b40f98458ec9cb48e73b6) Importer(2089858483,0ecaa5967403d082aa24f35e1b516d23)
Start importing Assets/Images/主界面_宝库.png using Guid(36bad98cd71b40f98458ec9cb48e73b6) Importer(2089858483,0ecaa5967403d082aa24f35e1b516d23) [PhysX] Initialized MultithreadedTaskDispatcher with 20 workers.
 -> (artifact id: 'b997dd98677b3fae26ce813863bdbe42') in 0.007642 seconds
Number of updated asset objects reloaded before import = 0
Number of asset objects unloaded after import = 3
========================================================================
Received Import Request.
  Time since last request: 0.324879 seconds.
  path: Assets/Resources/6513.dat.png
  artifactKey: Guid(95aeb1712d4d4c57b2d6833973709faa) Importer(2089858483,0ecaa5967403d082aa24f35e1b516d23)
Start importing Assets/Resources/6513.dat.png using Guid(95aeb1712d4d4c57b2d6833973709faa) Importer(2089858483,0ecaa5967403d082aa24f35e1b516d23) [PhysX] Initialized MultithreadedTaskDispatcher with 20 workers.
 -> (artifact id: '3ce63d220d368eaab8bbd76575d418d1') in 0.012073 seconds
Number of updated asset objects reloaded before import = 0
Number of asset objects unloaded after import = 4
========================================================================
Received Import Request.
  Time since last request: 0.000020 seconds.
  path: Assets/Resources/7480.dat.png
  artifactKey: Guid(4267514f725a4f8795261f5bf70fe095) Importer(2089858483,0ecaa5967403d082aa24f35e1b516d23)
Start importing Assets/Resources/7480.dat.png using Guid(4267514f725a4f8795261f5bf70fe095) Importer(2089858483,0ecaa5967403d082aa24f35e1b516d23) [PhysX] Initialized MultithreadedTaskDispatcher with 20 workers.
 -> (artifact id: '6391169b7f2c37d833412f8e4eb51d7f') in 0.009249 seconds
Number of updated asset objects reloaded before import = 0
Number of asset objects unloaded after import = 3
========================================================================
Received Import Request.
  Time since last request: 0.000014 seconds.
  path: Assets/Resources/7338.dat.asset
  artifactKey: Guid(52354e7ab8764089abf609360f70ed65) Importer(2089858483,0ecaa5967403d082aa24f35e1b516d23)
Start importing Assets/Resources/7338.dat.asset using Guid(52354e7ab8764089abf609360f70ed65) Importer(2089858483,0ecaa5967403d082aa24f35e1b516d23) [PhysX] Initialized MultithreadedTaskDispatcher with 20 workers.
 -> (artifact id: '97d14656dd6426489c821a9cf5fd6b82') in 0.004015 seconds
Number of updated asset objects reloaded before import = 0
Number of asset objects unloaded after import = 3
========================================================================
Received Import Request.
  Time since last request: 0.000014 seconds.
  path: Assets/Resources/7458.dat.asset
  artifactKey: Guid(493d4990c2774bc1b32b14a4f0f986f1) Importer(2089858483,0ecaa5967403d082aa24f35e1b516d23)
Start importing Assets/Resources/7458.dat.asset using Guid(493d4990c2774bc1b32b14a4f0f986f1) Importer(2089858483,0ecaa5967403d082aa24f35e1b516d23) [PhysX] Initialized MultithreadedTaskDispatcher with 20 workers.
 -> (artifact id: 'a44ac87b0fb4877dee2857ac2fadfaa7') in 0.004455 seconds
Number of updated asset objects reloaded before import = 0
Number of asset objects unloaded after import = 3
========================================================================
Received Import Request.
  Time since last request: 0.000014 seconds.
  path: Assets/Resources/7342.dat.asset
  artifactKey: Guid(2bd2ed5e9e7049adb2bcc3f1fa94ef44) Importer(2089858483,0ecaa5967403d082aa24f35e1b516d23)
Start importing Assets/Resources/7342.dat.asset using Guid(2bd2ed5e9e7049adb2bcc3f1fa94ef44) Importer(2089858483,0ecaa5967403d082aa24f35e1b516d23) [PhysX] Initialized MultithreadedTaskDispatcher with 20 workers.
 -> (artifact id: '695dd30983159d723ea61dcc010acff7') in 0.003661 seconds
Number of updated asset objects reloaded before import = 0
Number of asset objects unloaded after import = 3
========================================================================
Received Import Request.
  Time since last request: 0.000018 seconds.
  path: Assets/Resources/7479.dat.asset
  artifactKey: Guid(33b3203bd0ad41e8a466f163a0366de4) Importer(2089858483,0ecaa5967403d082aa24f35e1b516d23)
Start importing Assets/Resources/7479.dat.asset using Guid(33b3203bd0ad41e8a466f163a0366de4) Importer(2089858483,0ecaa5967403d082aa24f35e1b516d23) [PhysX] Initialized MultithreadedTaskDispatcher with 20 workers.
 -> (artifact id: '07c7c917397689ece7c2153e35842ff7') in 0.003699 seconds
Number of updated asset objects reloaded before import = 0
Number of asset objects unloaded after import = 3
========================================================================
Received Import Request.
  Time since last request: 0.000024 seconds.
  path: Assets/Resources/7358.dat.png
  artifactKey: Guid(4439f30cf5cd4a7d9ee931d707ca0ec0) Importer(2089858483,0ecaa5967403d082aa24f35e1b516d23)
Start importing Assets/Resources/7358.dat.png using Guid(4439f30cf5cd4a7d9ee931d707ca0ec0) Importer(2089858483,0ecaa5967403d082aa24f35e1b516d23) [PhysX] Initialized MultithreadedTaskDispatcher with 20 workers.
 -> (artifact id: '01d0e023cad0a5ad7a3335d7be794f72') in 0.007364 seconds
Number of updated asset objects reloaded before import = 0
Number of asset objects unloaded after import = 3
========================================================================
Received Import Request.
  Time since last request: 0.000014 seconds.
  path: Assets/Resources/7330.dat.png
  artifactKey: Guid(f8616db300c3462085ddf71b054878ca) Importer(2089858483,0ecaa5967403d082aa24f35e1b516d23)
Start importing Assets/Resources/7330.dat.png using Guid(f8616db300c3462085ddf71b054878ca) Importer(2089858483,0ecaa5967403d082aa24f35e1b516d23) [PhysX] Initialized MultithreadedTaskDispatcher with 20 workers.
 -> (artifact id: '4527e86d8512f85144d7c246c016ff53') in 0.016421 seconds
Number of updated asset objects reloaded before import = 0
Number of asset objects unloaded after import = 3
========================================================================
Received Import Request.
  Time since last request: 0.000015 seconds.
  path: Assets/Resources/7319.dat.asset
  artifactKey: Guid(217df4b708e944a387fd04102aaf8c28) Importer(2089858483,0ecaa5967403d082aa24f35e1b516d23)
Start importing Assets/Resources/7319.dat.asset using Guid(217df4b708e944a387fd04102aaf8c28) Importer(2089858483,0ecaa5967403d082aa24f35e1b516d23) [PhysX] Initialized MultithreadedTaskDispatcher with 20 workers.
 -> (artifact id: 'aed3584fd532e947a2292f2926e37753') in 0.004189 seconds
Number of updated asset objects reloaded before import = 0
Number of asset objects unloaded after import = 3
========================================================================
Received Import Request.
  Time since last request: 0.000014 seconds.
  path: Assets/Resources/7324.dat.asset
  artifactKey: Guid(4a11dfe0137a4e56ab1f77412ebc4549) Importer(2089858483,0ecaa5967403d082aa24f35e1b516d23)
Start importing Assets/Resources/7324.dat.asset using Guid(4a11dfe0137a4e56ab1f77412ebc4549) Importer(2089858483,0ecaa5967403d082aa24f35e1b516d23) [PhysX] Initialized MultithreadedTaskDispatcher with 20 workers.
 -> (artifact id: 'eab69b62792573e0d3bdecd037a0a9d0') in 0.003776 seconds
Number of updated asset objects reloaded before import = 0
Number of asset objects unloaded after import = 3
========================================================================
Received Import Request.
  Time since last request: 0.000013 seconds.
  path: Assets/Resources/7469.dat.png
  artifactKey: Guid(37a739e7dd78432c9d2469da097c5428) Importer(2089858483,0ecaa5967403d082aa24f35e1b516d23)
Start importing Assets/Resources/7469.dat.png using Guid(37a739e7dd78432c9d2469da097c5428) Importer(2089858483,0ecaa5967403d082aa24f35e1b516d23) [PhysX] Initialized MultithreadedTaskDispatcher with 20 workers.
 -> (artifact id: 'be0ef0dd03d4937e3e55175c0be503c7') in 0.007217 seconds
Number of updated asset objects reloaded before import = 0
Number of asset objects unloaded after import = 3
========================================================================
Received Import Request.
  Time since last request: 0.000014 seconds.
  path: Assets/Resources/7363.dat.asset
  artifactKey: Guid(1e18ad4f8e56463fbb5bb4890dcb62e7) Importer(2089858483,0ecaa5967403d082aa24f35e1b516d23)
Start importing Assets/Resources/7363.dat.asset using Guid(1e18ad4f8e56463fbb5bb4890dcb62e7) Importer(2089858483,0ecaa5967403d082aa24f35e1b516d23) [PhysX] Initialized MultithreadedTaskDispatcher with 20 workers.
 -> (artifact id: '00f67c540695e0e7f7a76ae7fa1734d5') in 0.004303 seconds
Number of updated asset objects reloaded before import = 0
Number of asset objects unloaded after import = 3
========================================================================
Received Import Request.
  Time since last request: 0.000011 seconds.
  path: Assets/Resources/7462.dat.png
  artifactKey: Guid(f7de0f19864542e9a9a4e5989a519d7d) Importer(2089858483,0ecaa5967403d082aa24f35e1b516d23)
Start importing Assets/Resources/7462.dat.png using Guid(f7de0f19864542e9a9a4e5989a519d7d) Importer(2089858483,0ecaa5967403d082aa24f35e1b516d23) [PhysX] Initialized MultithreadedTaskDispatcher with 20 workers.
 -> (artifact id: '5524b1548fa3de488c3b4894be3ef640') in 0.006734 seconds
Number of updated asset objects reloaded before import = 0
Number of asset objects unloaded after import = 3
========================================================================
Received Import Request.
  Time since last request: 0.000019 seconds.
  path: Assets/Resources/6592.dat.png
  artifactKey: Guid(e2feb30733454657b22d75355ff1c583) Importer(2089858483,0ecaa5967403d082aa24f35e1b516d23)
Start importing Assets/Resources/6592.dat.png using Guid(e2feb30733454657b22d75355ff1c583) Importer(2089858483,0ecaa5967403d082aa24f35e1b516d23) [PhysX] Initialized MultithreadedTaskDispatcher with 20 workers.
 -> (artifact id: '0e9bf8eb2e7ac9be046faeb8f8517872') in 0.012937 seconds
Number of updated asset objects reloaded before import = 0
Number of asset objects unloaded after import = 7
========================================================================
Received Import Request.
  Time since last request: 0.000029 seconds.
  path: Assets/Resources/7331.dat.asset
  artifactKey: Guid(431d8310cc394ec0bd7f4698e49a8511) Importer(2089858483,0ecaa5967403d082aa24f35e1b516d23)
Start importing Assets/Resources/7331.dat.asset using Guid(431d8310cc394ec0bd7f4698e49a8511) Importer(2089858483,0ecaa5967403d082aa24f35e1b516d23) [PhysX] Initialized MultithreadedTaskDispatcher with 20 workers.
 -> (artifact id: '5f6747478ad30fce02b431faf04e67d4') in 0.004222 seconds
Number of updated asset objects reloaded before import = 0
Number of asset objects unloaded after import = 3
========================================================================
Received Import Request.
  Time since last request: 0.000016 seconds.
  path: Assets/Resources/7364.dat.png
  artifactKey: Guid(bc355f710c084064ba28f0e95c61c8e6) Importer(2089858483,0ecaa5967403d082aa24f35e1b516d23)
Start importing Assets/Resources/7364.dat.png using Guid(bc355f710c084064ba28f0e95c61c8e6) Importer(2089858483,0ecaa5967403d082aa24f35e1b516d23) [PhysX] Initialized MultithreadedTaskDispatcher with 20 workers.
 -> (artifact id: 'f178e69f86dd2c903edf293ba0558885') in 0.007558 seconds
Number of updated asset objects reloaded before import = 0
Number of asset objects unloaded after import = 3
========================================================================
Received Import Request.
  Time since last request: 0.000014 seconds.
  path: Assets/Resources/7475.dat.png
  artifactKey: Guid(2030e71f01da42f88a2f8cc4b72ca45c) Importer(2089858483,0ecaa5967403d082aa24f35e1b516d23)
Start importing Assets/Resources/7475.dat.png using Guid(2030e71f01da42f88a2f8cc4b72ca45c) Importer(2089858483,0ecaa5967403d082aa24f35e1b516d23) [PhysX] Initialized MultithreadedTaskDispatcher with 20 workers.
 -> (artifact id: 'ca7fca0554d54d27136fdffc07c8abb4') in 0.006453 seconds
Number of updated asset objects reloaded before import = 0
Number of asset objects unloaded after import = 3
========================================================================
Received Import Request.
  Time since last request: 0.000013 seconds.
  path: Assets/Resources/7475.dat.asset
  artifactKey: Guid(fed25d8b880d4b56a81d143329598d58) Importer(2089858483,0ecaa5967403d082aa24f35e1b516d23)
Start importing Assets/Resources/7475.dat.asset using Guid(fed25d8b880d4b56a81d143329598d58) Importer(2089858483,0ecaa5967403d082aa24f35e1b516d23) [PhysX] Initialized MultithreadedTaskDispatcher with 20 workers.
 -> (artifact id: '2e46be4ef3d55e2b7ae2aba22bd4d57e') in 0.003539 seconds
Number of updated asset objects reloaded before import = 0
Number of asset objects unloaded after import = 3
========================================================================
Received Import Request.
  Time since last request: 0.000012 seconds.
  path: Assets/Resources/7346.dat.png
  artifactKey: Guid(853d14771bfd4ba08f0f7cc9124fddb0) Importer(2089858483,0ecaa5967403d082aa24f35e1b516d23)
Start importing Assets/Resources/7346.dat.png using Guid(853d14771bfd4ba08f0f7cc9124fddb0) Importer(2089858483,0ecaa5967403d082aa24f35e1b516d23) [PhysX] Initialized MultithreadedTaskDispatcher with 20 workers.
 -> (artifact id: '401092c21f8844ebd69350d15e912436') in 0.007548 seconds
Number of updated asset objects reloaded before import = 0
Number of asset objects unloaded after import = 3
========================================================================
Received Import Request.
  Time since last request: 0.000015 seconds.
  path: Assets/Resources/6642.dat.png
  artifactKey: Guid(36f7bc280b3a486697fb15449b6d82cf) Importer(2089858483,0ecaa5967403d082aa24f35e1b516d23)
Start importing Assets/Resources/6642.dat.png using Guid(36f7bc280b3a486697fb15449b6d82cf) Importer(2089858483,0ecaa5967403d082aa24f35e1b516d23) [PhysX] Initialized MultithreadedTaskDispatcher with 20 workers.
 -> (artifact id: 'de183bcc1e87845de8726bd46d9b680e') in 0.008585 seconds
Number of updated asset objects reloaded before import = 0
Number of asset objects unloaded after import = 4
========================================================================
Received Import Request.
  Time since last request: 0.000015 seconds.
  path: Assets/Resources/7312.dat.png
  artifactKey: Guid(674ff60e41164dc7b174d120f4371a00) Importer(2089858483,0ecaa5967403d082aa24f35e1b516d23)
Start importing Assets/Resources/7312.dat.png using Guid(674ff60e41164dc7b174d120f4371a00) Importer(2089858483,0ecaa5967403d082aa24f35e1b516d23) [PhysX] Initialized MultithreadedTaskDispatcher with 20 workers.
 -> (artifact id: 'c6c526ce8636c8e08b15a005edaae31c') in 0.006885 seconds
Number of updated asset objects reloaded before import = 0
Number of asset objects unloaded after import = 3
========================================================================
Received Import Request.
  Time since last request: 0.000015 seconds.
  path: Assets/Resources/7343.dat.png
  artifactKey: Guid(2631c7c64592496f97cc02744d1dda13) Importer(2089858483,0ecaa5967403d082aa24f35e1b516d23)
Start importing Assets/Resources/7343.dat.png using Guid(2631c7c64592496f97cc02744d1dda13) Importer(2089858483,0ecaa5967403d082aa24f35e1b516d23) [PhysX] Initialized MultithreadedTaskDispatcher with 20 workers.
 -> (artifact id: '7e0e40fb13f7be71c4a1b05c32e451c0') in 0.007222 seconds
Number of updated asset objects reloaded before import = 0
Number of asset objects unloaded after import = 3
========================================================================
Received Import Request.
  Time since last request: 0.000016 seconds.
  path: Assets/Resources/7342.dat.png
  artifactKey: Guid(b5f5079f7e3b4d32ae81d2fb24b97a8e) Importer(2089858483,0ecaa5967403d082aa24f35e1b516d23)
Start importing Assets/Resources/7342.dat.png using Guid(b5f5079f7e3b4d32ae81d2fb24b97a8e) Importer(2089858483,0ecaa5967403d082aa24f35e1b516d23) [PhysX] Initialized MultithreadedTaskDispatcher with 20 workers.
 -> (artifact id: '83ba0f09430f0b3414412843b8a954c9') in 0.008013 seconds
Number of updated asset objects reloaded before import = 0
Number of asset objects unloaded after import = 3
========================================================================
Received Import Request.
  Time since last request: 0.000015 seconds.
  path: Assets/Resources/7466.dat.asset
  artifactKey: Guid(e57d6b342f194d10a8cf57698d21235f) Importer(2089858483,0ecaa5967403d082aa24f35e1b516d23)
Start importing Assets/Resources/7466.dat.asset using Guid(e57d6b342f194d10a8cf57698d21235f) Importer(2089858483,0ecaa5967403d082aa24f35e1b516d23) [PhysX] Initialized MultithreadedTaskDispatcher with 20 workers.
 -> (artifact id: '7130b423b40830b6f615d15cb6b4b605') in 0.003538 seconds
Number of updated asset objects reloaded before import = 0
Number of asset objects unloaded after import = 3
========================================================================
Received Import Request.
  Time since last request: 0.000011 seconds.
  path: Assets/Resources/6587.dat.png
  artifactKey: Guid(ea350418fc5e46289fb9bef08462adaf) Importer(2089858483,0ecaa5967403d082aa24f35e1b516d23)
Start importing Assets/Resources/6587.dat.png using Guid(ea350418fc5e46289fb9bef08462adaf) Importer(2089858483,0ecaa5967403d082aa24f35e1b516d23) [PhysX] Initialized MultithreadedTaskDispatcher with 20 workers.
 -> (artifact id: '8ff45f0a7fb9a5af1324d3a9cbfd2754') in 0.006490 seconds
Number of updated asset objects reloaded before import = 0
Number of asset objects unloaded after import = 3
========================================================================
Received Import Request.
  Time since last request: 0.000015 seconds.
  path: Assets/Resources/7325.dat.png
  artifactKey: Guid(0a73175e761a4393af19e5e48cbdc7cc) Importer(2089858483,0ecaa5967403d082aa24f35e1b516d23)
Start importing Assets/Resources/7325.dat.png using Guid(0a73175e761a4393af19e5e48cbdc7cc) Importer(2089858483,0ecaa5967403d082aa24f35e1b516d23) [PhysX] Initialized MultithreadedTaskDispatcher with 20 workers.
 -> (artifact id: '36ba21be44e750791d1cceb0412be38b') in 0.008068 seconds
Number of updated asset objects reloaded before import = 0
Number of asset objects unloaded after import = 3
========================================================================
Received Import Request.
  Time since last request: 0.000016 seconds.
  path: Assets/Resources/7347.dat.asset
  artifactKey: Guid(e1cebbc7d50b4195ab62be0862dd3739) Importer(2089858483,0ecaa5967403d082aa24f35e1b516d23)
Start importing Assets/Resources/7347.dat.asset using Guid(e1cebbc7d50b4195ab62be0862dd3739) Importer(2089858483,0ecaa5967403d082aa24f35e1b516d23) [PhysX] Initialized MultithreadedTaskDispatcher with 20 workers.
 -> (artifact id: '26c15b92534a6d509880b8ee19844423') in 0.004939 seconds
Number of updated asset objects reloaded before import = 0
Number of asset objects unloaded after import = 3
========================================================================
Received Import Request.
  Time since last request: 0.000014 seconds.
  path: Assets/Resources/7451.dat.asset
  artifactKey: Guid(820b8f7e347e46b19ccd4caa73636221) Importer(2089858483,0ecaa5967403d082aa24f35e1b516d23)
Start importing Assets/Resources/7451.dat.asset using Guid(820b8f7e347e46b19ccd4caa73636221) Importer(2089858483,0ecaa5967403d082aa24f35e1b516d23) [PhysX] Initialized MultithreadedTaskDispatcher with 20 workers.
 -> (artifact id: 'cb7a00f697db084c73f2089956ef0406') in 0.003925 seconds
Number of updated asset objects reloaded before import = 0
Number of asset objects unloaded after import = 3
========================================================================
Received Import Request.
  Time since last request: 0.000012 seconds.
  path: Assets/Resources/7323.dat.png
  artifactKey: Guid(7b48eee448154d598e0d57abb53da580) Importer(2089858483,0ecaa5967403d082aa24f35e1b516d23)
Start importing Assets/Resources/7323.dat.png using Guid(7b48eee448154d598e0d57abb53da580) Importer(2089858483,0ecaa5967403d082aa24f35e1b516d23) [PhysX] Initialized MultithreadedTaskDispatcher with 20 workers.
 -> (artifact id: 'fa2401a215d751015e805e4c98e9cb54') in 0.008472 seconds
Number of updated asset objects reloaded before import = 0
Number of asset objects unloaded after import = 3
========================================================================
Received Import Request.
  Time since last request: 0.000018 seconds.
  path: Assets/Resources/7472.dat.png
  artifactKey: Guid(06d9fa895cb44bb1a24b17bfd22378f7) Importer(2089858483,0ecaa5967403d082aa24f35e1b516d23)
Start importing Assets/Resources/7472.dat.png using Guid(06d9fa895cb44bb1a24b17bfd22378f7) Importer(2089858483,0ecaa5967403d082aa24f35e1b516d23) [PhysX] Initialized MultithreadedTaskDispatcher with 20 workers.
 -> (artifact id: '88a9b459c8095bf026dc8568d10ac968') in 0.007333 seconds
Number of updated asset objects reloaded before import = 0
Number of asset objects unloaded after import = 3
========================================================================
Received Import Request.
  Time since last request: 0.000013 seconds.
  path: Assets/Resources/7471.dat.png
  artifactKey: Guid(3f711d634e1344f09c6a286c054cfa8b) Importer(2089858483,0ecaa5967403d082aa24f35e1b516d23)
Start importing Assets/Resources/7471.dat.png using Guid(3f711d634e1344f09c6a286c054cfa8b) Importer(2089858483,0ecaa5967403d082aa24f35e1b516d23) [PhysX] Initialized MultithreadedTaskDispatcher with 20 workers.
 -> (artifact id: 'c2ba56e0f6e034426edc6191235f9f89') in 0.016128 seconds
Number of updated asset objects reloaded before import = 0
Number of asset objects unloaded after import = 3
========================================================================
Received Import Request.
  Time since last request: 0.000020 seconds.
  path: Assets/Resources/7478.dat.png
  artifactKey: Guid(525c9c4c57a045e9b457b43fc4b4dc72) Importer(2089858483,0ecaa5967403d082aa24f35e1b516d23)
Start importing Assets/Resources/7478.dat.png using Guid(525c9c4c57a045e9b457b43fc4b4dc72) Importer(2089858483,0ecaa5967403d082aa24f35e1b516d23) [PhysX] Initialized MultithreadedTaskDispatcher with 20 workers.
 -> (artifact id: 'e8830c9ae8bc4eea3bf18307a5289af0') in 0.006588 seconds
Number of updated asset objects reloaded before import = 0
Number of asset objects unloaded after import = 3
========================================================================
Received Import Request.
  Time since last request: 0.000014 seconds.
  path: Assets/Resources/7461.dat.png
  artifactKey: Guid(edb4949ec7f848fc8efa2cc88f0933c4) Importer(2089858483,0ecaa5967403d082aa24f35e1b516d23)
Start importing Assets/Resources/7461.dat.png using Guid(edb4949ec7f848fc8efa2cc88f0933c4) Importer(2089858483,0ecaa5967403d082aa24f35e1b516d23) [PhysX] Initialized MultithreadedTaskDispatcher with 20 workers.
 -> (artifact id: '006472f5aec0fddc3e102f6a844f8627') in 0.008154 seconds
Number of updated asset objects reloaded before import = 0
Number of asset objects unloaded after import = 3
========================================================================
Received Import Request.
  Time since last request: 0.000015 seconds.
  path: Assets/Resources/7357.dat.png
  artifactKey: Guid(cf261382075544e18f305cc7e9f2c10c) Importer(2089858483,0ecaa5967403d082aa24f35e1b516d23)
Start importing Assets/Resources/7357.dat.png using Guid(cf261382075544e18f305cc7e9f2c10c) Importer(2089858483,0ecaa5967403d082aa24f35e1b516d23) [PhysX] Initialized MultithreadedTaskDispatcher with 20 workers.
 -> (artifact id: '1224fe734016354b86e9f11e3aefa9f6') in 0.007313 seconds
Number of updated asset objects reloaded before import = 0
Number of asset objects unloaded after import = 3
========================================================================
Received Import Request.
  Time since last request: 0.000017 seconds.
  path: Assets/Resources/7318.dat.asset
  artifactKey: Guid(7c2822abeedc4e4797775bae4e1dcf7c) Importer(2089858483,0ecaa5967403d082aa24f35e1b516d23)
Start importing Assets/Resources/7318.dat.asset using Guid(7c2822abeedc4e4797775bae4e1dcf7c) Importer(2089858483,0ecaa5967403d082aa24f35e1b516d23) [PhysX] Initialized MultithreadedTaskDispatcher with 20 workers.
 -> (artifact id: 'b6f72403f8cc6a1b1930e29b36a4e17f') in 0.003897 seconds
Number of updated asset objects reloaded before import = 0
Number of asset objects unloaded after import = 3
========================================================================
Received Import Request.
  Time since last request: 0.000023 seconds.
  path: Assets/Resources/7452.dat.png
  artifactKey: Guid(dd29ae7572f34103a082980dd4320ece) Importer(2089858483,0ecaa5967403d082aa24f35e1b516d23)
Start importing Assets/Resources/7452.dat.png using Guid(dd29ae7572f34103a082980dd4320ece) Importer(2089858483,0ecaa5967403d082aa24f35e1b516d23) [PhysX] Initialized MultithreadedTaskDispatcher with 20 workers.
 -> (artifact id: '964d05962c734f45d7be3c430686a430') in 0.007517 seconds
Number of updated asset objects reloaded before import = 0
Number of asset objects unloaded after import = 3
========================================================================
Received Import Request.
  Time since last request: 0.000015 seconds.
  path: Assets/Resources/7327.dat.asset
  artifactKey: Guid(e9284dec33c54cdf861626130668436f) Importer(2089858483,0ecaa5967403d082aa24f35e1b516d23)
Start importing Assets/Resources/7327.dat.asset using Guid(e9284dec33c54cdf861626130668436f) Importer(2089858483,0ecaa5967403d082aa24f35e1b516d23) [PhysX] Initialized MultithreadedTaskDispatcher with 20 workers.
 -> (artifact id: '46e66745a3be9fe05d3861e407e5b756') in 0.004383 seconds
Number of updated asset objects reloaded before import = 0
Number of asset objects unloaded after import = 3
========================================================================
Received Import Request.
  Time since last request: 0.000016 seconds.
  path: Assets/Resources/7353.dat.asset
  artifactKey: Guid(9b3770f2eee94d169e91569869ed4a3b) Importer(2089858483,0ecaa5967403d082aa24f35e1b516d23)
Start importing Assets/Resources/7353.dat.asset using Guid(9b3770f2eee94d169e91569869ed4a3b) Importer(2089858483,0ecaa5967403d082aa24f35e1b516d23) [PhysX] Initialized MultithreadedTaskDispatcher with 20 workers.
 -> (artifact id: '587a4334af9f43a62b73b43325baed70') in 0.003888 seconds
Number of updated asset objects reloaded before import = 0
Number of asset objects unloaded after import = 3
========================================================================
Received Import Request.
  Time since last request: 0.000015 seconds.
  path: Assets/Resources/7324.dat.png
  artifactKey: Guid(bfad89bb55074283a71021a07b9a8f01) Importer(2089858483,0ecaa5967403d082aa24f35e1b516d23)
Start importing Assets/Resources/7324.dat.png using Guid(bfad89bb55074283a71021a07b9a8f01) Importer(2089858483,0ecaa5967403d082aa24f35e1b516d23) [PhysX] Initialized MultithreadedTaskDispatcher with 20 workers.
 -> (artifact id: '02364b2608974a424fb2d985db28a7fb') in 0.006972 seconds
Number of updated asset objects reloaded before import = 0
Number of asset objects unloaded after import = 3
========================================================================
Received Import Request.
  Time since last request: 0.000016 seconds.
  path: Assets/Resources/7355.dat.asset
  artifactKey: Guid(41d537d42bfd46a1a15686c51687e2c5) Importer(2089858483,0ecaa5967403d082aa24f35e1b516d23)
Start importing Assets/Resources/7355.dat.asset using Guid(41d537d42bfd46a1a15686c51687e2c5) Importer(2089858483,0ecaa5967403d082aa24f35e1b516d23) [PhysX] Initialized MultithreadedTaskDispatcher with 20 workers.
 -> (artifact id: '25ca17201f42b6461d78806ef079b030') in 0.003792 seconds
Number of updated asset objects reloaded before import = 0
Number of asset objects unloaded after import = 3
========================================================================
Received Import Request.
  Time since last request: 0.000012 seconds.
  path: Assets/Resources/7356.dat.png
  artifactKey: Guid(8f3b31ac1d6641f096b89a3a0c580ece) Importer(2089858483,0ecaa5967403d082aa24f35e1b516d23)
Start importing Assets/Resources/7356.dat.png using Guid(8f3b31ac1d6641f096b89a3a0c580ece) Importer(2089858483,0ecaa5967403d082aa24f35e1b516d23) [PhysX] Initialized MultithreadedTaskDispatcher with 20 workers.
 -> (artifact id: 'f3661d90b9cbdada60cc9e12626febef') in 0.007135 seconds
Number of updated asset objects reloaded before import = 0
Number of asset objects unloaded after import = 3
========================================================================
Received Import Request.
  Time since last request: 0.000014 seconds.
  path: Assets/Resources/7456.dat.asset
  artifactKey: Guid(2ba6e248534247d497a74882a1a62f67) Importer(2089858483,0ecaa5967403d082aa24f35e1b516d23)
Start importing Assets/Resources/7456.dat.asset using Guid(2ba6e248534247d497a74882a1a62f67) Importer(2089858483,0ecaa5967403d082aa24f35e1b516d23) [PhysX] Initialized MultithreadedTaskDispatcher with 20 workers.
 -> (artifact id: 'dc697e183d8ffc07bac39ed9f6122533') in 0.003469 seconds
Number of updated asset objects reloaded before import = 0
Number of asset objects unloaded after import = 3
========================================================================
Received Import Request.
  Time since last request: 0.000013 seconds.
  path: Assets/Resources/7362.dat.asset
  artifactKey: Guid(a7cc65f3af364af3bbf35a52a460a368) Importer(2089858483,0ecaa5967403d082aa24f35e1b516d23)
Start importing Assets/Resources/7362.dat.asset using Guid(a7cc65f3af364af3bbf35a52a460a368) Importer(2089858483,0ecaa5967403d082aa24f35e1b516d23) [PhysX] Initialized MultithreadedTaskDispatcher with 20 workers.
 -> (artifact id: 'e138abc204e7095cfc09733a5fd023c2') in 0.003649 seconds
Number of updated asset objects reloaded before import = 0
Number of asset objects unloaded after import = 3
========================================================================
Received Import Request.
  Time since last request: 0.000013 seconds.
  path: Assets/Resources/7346.dat.asset
  artifactKey: Guid(8610ce442e504590a3436a202c4df92e) Importer(2089858483,0ecaa5967403d082aa24f35e1b516d23)
Start importing Assets/Resources/7346.dat.asset using Guid(8610ce442e504590a3436a202c4df92e) Importer(2089858483,0ecaa5967403d082aa24f35e1b516d23) [PhysX] Initialized MultithreadedTaskDispatcher with 20 workers.
 -> (artifact id: '61d0ff055c815a6515f9fe7e89299c0b') in 0.003925 seconds
Number of updated asset objects reloaded before import = 0
Number of asset objects unloaded after import = 3
========================================================================
Received Import Request.
  Time since last request: 0.000016 seconds.
  path: Assets/Resources/7368.dat.png
  artifactKey: Guid(8443327adc0c47b68d0916152cc88f22) Importer(2089858483,0ecaa5967403d082aa24f35e1b516d23)
Start importing Assets/Resources/7368.dat.png using Guid(8443327adc0c47b68d0916152cc88f22) Importer(2089858483,0ecaa5967403d082aa24f35e1b516d23) [PhysX] Initialized MultithreadedTaskDispatcher with 20 workers.
 -> (artifact id: 'e8b2cc677a6cf68a48019c56592e4872') in 0.008034 seconds
Number of updated asset objects reloaded before import = 0
Number of asset objects unloaded after import = 3
========================================================================
Received Import Request.
  Time since last request: 0.000017 seconds.
  path: Assets/Resources/7476.dat.asset
  artifactKey: Guid(258f7067f5cc495a8f94038da65a92ce) Importer(2089858483,0ecaa5967403d082aa24f35e1b516d23)
Start importing Assets/Resources/7476.dat.asset using Guid(258f7067f5cc495a8f94038da65a92ce) Importer(2089858483,0ecaa5967403d082aa24f35e1b516d23) [PhysX] Initialized MultithreadedTaskDispatcher with 20 workers.
 -> (artifact id: '011c22185ce51bc06e29127ea027f1a3') in 0.005032 seconds
Number of updated asset objects reloaded before import = 0
Number of asset objects unloaded after import = 3
========================================================================
Received Import Request.
  Time since last request: 0.000017 seconds.
  path: Assets/Resources/7328.dat.png
  artifactKey: Guid(efd2b3f0defb4b6abaec004c499d9c6b) Importer(2089858483,0ecaa5967403d082aa24f35e1b516d23)
Start importing Assets/Resources/7328.dat.png using Guid(efd2b3f0defb4b6abaec004c499d9c6b) Importer(2089858483,0ecaa5967403d082aa24f35e1b516d23) [PhysX] Initialized MultithreadedTaskDispatcher with 20 workers.
 -> (artifact id: '6724dfc2cba0aad9c049560fb797bf9d') in 0.007048 seconds
Number of updated asset objects reloaded before import = 0
Number of asset objects unloaded after import = 3
========================================================================
Received Import Request.
  Time since last request: 0.000013 seconds.
  path: Assets/Resources/7463.dat.png
  artifactKey: Guid(5055d4fd1342418f8d694dbe24376f34) Importer(2089858483,0ecaa5967403d082aa24f35e1b516d23)
Start importing Assets/Resources/7463.dat.png using Guid(5055d4fd1342418f8d694dbe24376f34) Importer(2089858483,0ecaa5967403d082aa24f35e1b516d23) [PhysX] Initialized MultithreadedTaskDispatcher with 20 workers.
 -> (artifact id: '7df43d3f866020b0562ccc85fab5d81e') in 0.007808 seconds
Number of updated asset objects reloaded before import = 0
Number of asset objects unloaded after import = 3
========================================================================
Received Import Request.
  Time since last request: 0.000020 seconds.
  path: Assets/Resources/7334.dat.asset
  artifactKey: Guid(aa065ae4a5bb40799bb6071f1ac192bb) Importer(2089858483,0ecaa5967403d082aa24f35e1b516d23)
Start importing Assets/Resources/7334.dat.asset using Guid(aa065ae4a5bb40799bb6071f1ac192bb) Importer(2089858483,0ecaa5967403d082aa24f35e1b516d23) [PhysX] Initialized MultithreadedTaskDispatcher with 20 workers.
 -> (artifact id: '10e0f45032b55621a0577366c584ef49') in 0.004108 seconds
Number of updated asset objects reloaded before import = 0
Number of asset objects unloaded after import = 3
========================================================================
Received Import Request.
  Time since last request: 0.000014 seconds.
  path: Assets/Resources/7338.dat.png
  artifactKey: Guid(082d063ced6a4ff289398537acd2a82b) Importer(2089858483,0ecaa5967403d082aa24f35e1b516d23)
Start importing Assets/Resources/7338.dat.png using Guid(082d063ced6a4ff289398537acd2a82b) Importer(2089858483,0ecaa5967403d082aa24f35e1b516d23) [PhysX] Initialized MultithreadedTaskDispatcher with 20 workers.
 -> (artifact id: '3881be64a784960b4cf5844607e86c2d') in 0.007501 seconds
Number of updated asset objects reloaded before import = 0
Number of asset objects unloaded after import = 3
========================================================================
Received Import Request.
  Time since last request: 0.000013 seconds.
  path: Assets/Resources/7364.dat.asset
  artifactKey: Guid(9284e1c499ff474dbba8a2a268ad8fd1) Importer(2089858483,0ecaa5967403d082aa24f35e1b516d23)
Start importing Assets/Resources/7364.dat.asset using Guid(9284e1c499ff474dbba8a2a268ad8fd1) Importer(2089858483,0ecaa5967403d082aa24f35e1b516d23) [PhysX] Initialized MultithreadedTaskDispatcher with 20 workers.
 -> (artifact id: 'd1f33dd3ce70e706b227bcfc98c655a0') in 0.015988 seconds
Number of updated asset objects reloaded before import = 0
Number of asset objects unloaded after import = 3
========================================================================
Received Import Request.
  Time since last request: 0.000020 seconds.
  path: Assets/Resources/7315.dat.asset
  artifactKey: Guid(8ffd35e30c8d406399763f1ce38635bd) Importer(2089858483,0ecaa5967403d082aa24f35e1b516d23)
Start importing Assets/Resources/7315.dat.asset using Guid(8ffd35e30c8d406399763f1ce38635bd) Importer(2089858483,0ecaa5967403d082aa24f35e1b516d23) [PhysX] Initialized MultithreadedTaskDispatcher with 20 workers.
 -> (artifact id: '17e540c5c3fdc4b8b3f8fc0f23acbcf8') in 0.005014 seconds
Number of updated asset objects reloaded before import = 0
Number of asset objects unloaded after import = 3
========================================================================
Received Import Request.
  Time since last request: 0.000012 seconds.
  path: Assets/Resources/7472.dat.asset
  artifactKey: Guid(0df433d0a0c94404a9d3cc5ec49da34d) Importer(2089858483,0ecaa5967403d082aa24f35e1b516d23)
Start importing Assets/Resources/7472.dat.asset using Guid(0df433d0a0c94404a9d3cc5ec49da34d) Importer(2089858483,0ecaa5967403d082aa24f35e1b516d23) [PhysX] Initialized MultithreadedTaskDispatcher with 20 workers.
 -> (artifact id: '6b9acaf76d7e1af4e7e122d8e206c4c9') in 0.003854 seconds
Number of updated asset objects reloaded before import = 0
Number of asset objects unloaded after import = 3
========================================================================
Received Import Request.
  Time since last request: 0.000012 seconds.
  path: Assets/Resources/7450.dat.asset
  artifactKey: Guid(1c84f04ee9d24f1cbe7b59dbd10f5ff4) Importer(2089858483,0ecaa5967403d082aa24f35e1b516d23)
Start importing Assets/Resources/7450.dat.asset using Guid(1c84f04ee9d24f1cbe7b59dbd10f5ff4) Importer(2089858483,0ecaa5967403d082aa24f35e1b516d23) [PhysX] Initialized MultithreadedTaskDispatcher with 20 workers.
 -> (artifact id: 'b42cc0998f4bda42fdd775a567f6c7b1') in 0.005251 seconds
Number of updated asset objects reloaded before import = 0
Number of asset objects unloaded after import = 3
========================================================================
Received Import Request.
  Time since last request: 0.000013 seconds.
  path: Assets/Resources/7321.dat.png
  artifactKey: Guid(6e6041afc8f84221b0d2b4f96b54e49e) Importer(2089858483,0ecaa5967403d082aa24f35e1b516d23)
Start importing Assets/Resources/7321.dat.png using Guid(6e6041afc8f84221b0d2b4f96b54e49e) Importer(2089858483,0ecaa5967403d082aa24f35e1b516d23) [PhysX] Initialized MultithreadedTaskDispatcher with 20 workers.
 -> (artifact id: '2e95dc4960a92b05cd3bb39aefe0dd2c') in 0.006328 seconds
Number of updated asset objects reloaded before import = 0
Number of asset objects unloaded after import = 3
========================================================================
Received Import Request.
  Time since last request: 0.000013 seconds.
  path: Assets/Resources/7366.dat.png
  artifactKey: Guid(10f636de26854aaba931e463c2e8a627) Importer(2089858483,0ecaa5967403d082aa24f35e1b516d23)
Start importing Assets/Resources/7366.dat.png using Guid(10f636de26854aaba931e463c2e8a627) Importer(2089858483,0ecaa5967403d082aa24f35e1b516d23) [PhysX] Initialized MultithreadedTaskDispatcher with 20 workers.
 -> (artifact id: 'f2d28958b1280ac4fd8396ed7cc6c74f') in 0.007654 seconds
Number of updated asset objects reloaded before import = 0
Number of asset objects unloaded after import = 3
========================================================================
Received Import Request.
  Time since last request: 0.000053 seconds.
  path: Assets/Resources/7371.dat.png
  artifactKey: Guid(0f00f2297d344cfb8c842d005b824ee8) Importer(2089858483,0ecaa5967403d082aa24f35e1b516d23)
Start importing Assets/Resources/7371.dat.png using Guid(0f00f2297d344cfb8c842d005b824ee8) Importer(2089858483,0ecaa5967403d082aa24f35e1b516d23) [PhysX] Initialized MultithreadedTaskDispatcher with 20 workers.
 -> (artifact id: '2fe387cc125eb434118432cc49628759') in 0.013771 seconds
Number of updated asset objects reloaded before import = 0
Number of asset objects unloaded after import = 3
========================================================================
Received Import Request.
  Time since last request: 0.000015 seconds.
  path: Assets/Resources/7365.dat.png
  artifactKey: Guid(0f81b436ae8d40eaaef4109af66e313c) Importer(2089858483,0ecaa5967403d082aa24f35e1b516d23)
Start importing Assets/Resources/7365.dat.png using Guid(0f81b436ae8d40eaaef4109af66e313c) Importer(2089858483,0ecaa5967403d082aa24f35e1b516d23) [PhysX] Initialized MultithreadedTaskDispatcher with 20 workers.
 -> (artifact id: '8ed49bd80bfb4a3612a543ce8e265fa2') in 0.007614 seconds
Number of updated asset objects reloaded before import = 0
Number of asset objects unloaded after import = 3
========================================================================
Received Import Request.
  Time since last request: 0.000016 seconds.
  path: Assets/Resources/7477.dat.asset
  artifactKey: Guid(382e3a55bf5e404a9a015d3397563232) Importer(2089858483,0ecaa5967403d082aa24f35e1b516d23)
Start importing Assets/Resources/7477.dat.asset using Guid(382e3a55bf5e404a9a015d3397563232) Importer(2089858483,0ecaa5967403d082aa24f35e1b516d23) [PhysX] Initialized MultithreadedTaskDispatcher with 20 workers.
 -> (artifact id: '1ec525a8a5d9163149f120306b9b9a2c') in 0.003867 seconds
Number of updated asset objects reloaded before import = 0
Number of asset objects unloaded after import = 3
========================================================================
Received Import Request.
  Time since last request: 0.000015 seconds.
  path: Assets/Resources/7349.dat.asset
  artifactKey: Guid(c11cd7f58dc74254affe264c5fd5af94) Importer(2089858483,0ecaa5967403d082aa24f35e1b516d23)
Start importing Assets/Resources/7349.dat.asset using Guid(c11cd7f58dc74254affe264c5fd5af94) Importer(2089858483,0ecaa5967403d082aa24f35e1b516d23) [PhysX] Initialized MultithreadedTaskDispatcher with 20 workers.
 -> (artifact id: '489c61337f6ef46dd2d4cea9155e687f') in 0.003636 seconds
Number of updated asset objects reloaded before import = 0
Number of asset objects unloaded after import = 3
========================================================================
Received Import Request.
  Time since last request: 0.000013 seconds.
  path: Assets/Resources/7339.dat.asset
  artifactKey: Guid(f61a71600c5e428fb50bec5545252d2b) Importer(2089858483,0ecaa5967403d082aa24f35e1b516d23)
Start importing Assets/Resources/7339.dat.asset using Guid(f61a71600c5e428fb50bec5545252d2b) Importer(2089858483,0ecaa5967403d082aa24f35e1b516d23) [PhysX] Initialized MultithreadedTaskDispatcher with 20 workers.
 -> (artifact id: '84881dc6fe34d26ae96fc8652da48130') in 0.004511 seconds
Number of updated asset objects reloaded before import = 0
Number of asset objects unloaded after import = 3
========================================================================
Received Import Request.
  Time since last request: 0.000013 seconds.
  path: Assets/Resources/7451.dat.png
  artifactKey: Guid(55da362cfda54ad98e332671c397ef55) Importer(2089858483,0ecaa5967403d082aa24f35e1b516d23)
Start importing Assets/Resources/7451.dat.png using Guid(55da362cfda54ad98e332671c397ef55) Importer(2089858483,0ecaa5967403d082aa24f35e1b516d23) [PhysX] Initialized MultithreadedTaskDispatcher with 20 workers.
 -> (artifact id: '922d15708efdabdc13c9393037070032') in 0.007527 seconds
Number of updated asset objects reloaded before import = 0
Number of asset objects unloaded after import = 3
========================================================================
Received Import Request.
  Time since last request: 0.000017 seconds.
  path: Assets/Resources/7317.dat.asset
  artifactKey: Guid(3f9a1c909d7e41f3bcae69b7bb61df2d) Importer(2089858483,0ecaa5967403d082aa24f35e1b516d23)
Start importing Assets/Resources/7317.dat.asset using Guid(3f9a1c909d7e41f3bcae69b7bb61df2d) Importer(2089858483,0ecaa5967403d082aa24f35e1b516d23) [PhysX] Initialized MultithreadedTaskDispatcher with 20 workers.
 -> (artifact id: '0c9f8056059434604077519ab7f78aea') in 0.004257 seconds
Number of updated asset objects reloaded before import = 0
Number of asset objects unloaded after import = 3
========================================================================
Received Import Request.
  Time since last request: 0.000017 seconds.
  path: Assets/Resources/7459.dat.asset
  artifactKey: Guid(07daf405518541a5b43d49dbbdaafa7d) Importer(2089858483,0ecaa5967403d082aa24f35e1b516d23)
Start importing Assets/Resources/7459.dat.asset using Guid(07daf405518541a5b43d49dbbdaafa7d) Importer(2089858483,0ecaa5967403d082aa24f35e1b516d23) [PhysX] Initialized MultithreadedTaskDispatcher with 20 workers.
 -> (artifact id: 'fd4a84c71eb0005c7d50f7a8cffb9abb') in 0.004332 seconds
Number of updated asset objects reloaded before import = 0
Number of asset objects unloaded after import = 3
========================================================================
Received Import Request.
  Time since last request: 0.000015 seconds.
  path: Assets/Resources/7462.dat.asset
  artifactKey: Guid(082b446e9b4d4f7291b0bab7df06ace6) Importer(2089858483,0ecaa5967403d082aa24f35e1b516d23)
Start importing Assets/Resources/7462.dat.asset using Guid(082b446e9b4d4f7291b0bab7df06ace6) Importer(2089858483,0ecaa5967403d082aa24f35e1b516d23) [PhysX] Initialized MultithreadedTaskDispatcher with 20 workers.
 -> (artifact id: '5688958210f725e2c2a01fe07fb2f9bf') in 0.003577 seconds
Number of updated asset objects reloaded before import = 0
Number of asset objects unloaded after import = 3
========================================================================
Received Import Request.
  Time since last request: 0.000013 seconds.
  path: Assets/Resources/7369.dat.asset
  artifactKey: Guid(02505b310dc240ff998aa65b2d2f7116) Importer(2089858483,0ecaa5967403d082aa24f35e1b516d23)
Start importing Assets/Resources/7369.dat.asset using Guid(02505b310dc240ff998aa65b2d2f7116) Importer(2089858483,0ecaa5967403d082aa24f35e1b516d23) [PhysX] Initialized MultithreadedTaskDispatcher with 20 workers.
 -> (artifact id: 'e71f4e924c8ddbdc9fb19d2635aab995') in 0.004175 seconds
Number of updated asset objects reloaded before import = 0
Number of asset objects unloaded after import = 3
========================================================================
Received Import Request.
  Time since last request: 0.000015 seconds.
  path: Assets/Resources/7465.dat.png
  artifactKey: Guid(167220c8cdfe458b9829335df8c12725) Importer(2089858483,0ecaa5967403d082aa24f35e1b516d23)
Start importing Assets/Resources/7465.dat.png using Guid(167220c8cdfe458b9829335df8c12725) Importer(2089858483,0ecaa5967403d082aa24f35e1b516d23) [PhysX] Initialized MultithreadedTaskDispatcher with 20 workers.
 -> (artifact id: '7444c16f72d906d0460bf4e78eb184bc') in 0.006827 seconds
Number of updated asset objects reloaded before import = 0
Number of asset objects unloaded after import = 3
========================================================================
Received Import Request.
  Time since last request: 0.000053 seconds.
  path: Assets/Resources/7334.dat.png
  artifactKey: Guid(8b096d24e2a94d568570b82eb9774896) Importer(2089858483,0ecaa5967403d082aa24f35e1b516d23)
Start importing Assets/Resources/7334.dat.png using Guid(8b096d24e2a94d568570b82eb9774896) Importer(2089858483,0ecaa5967403d082aa24f35e1b516d23) [PhysX] Initialized MultithreadedTaskDispatcher with 20 workers.
 -> (artifact id: 'eb61b65e6333f4b3426340120289a3a8') in 0.007682 seconds
Number of updated asset objects reloaded before import = 0
Number of asset objects unloaded after import = 3
========================================================================
Received Import Request.
  Time since last request: 0.000015 seconds.
  path: Assets/Resources/7320.dat.asset
  artifactKey: Guid(5e1e8884ce8142a198597fd9a956a65b) Importer(2089858483,0ecaa5967403d082aa24f35e1b516d23)
Start importing Assets/Resources/7320.dat.asset using Guid(5e1e8884ce8142a198597fd9a956a65b) Importer(2089858483,0ecaa5967403d082aa24f35e1b516d23) [PhysX] Initialized MultithreadedTaskDispatcher with 20 workers.
 -> (artifact id: '3f404d138af32a7ea344fc079dca2951') in 0.004257 seconds
Number of updated asset objects reloaded before import = 0
Number of asset objects unloaded after import = 3
========================================================================
Received Import Request.
  Time since last request: 0.000018 seconds.
  path: Assets/Resources/7318.dat.png
  artifactKey: Guid(174b188ce2f640e28d93e85b3dce8064) Importer(2089858483,0ecaa5967403d082aa24f35e1b516d23)
Start importing Assets/Resources/7318.dat.png using Guid(174b188ce2f640e28d93e85b3dce8064) Importer(2089858483,0ecaa5967403d082aa24f35e1b516d23) [PhysX] Initialized MultithreadedTaskDispatcher with 20 workers.
 -> (artifact id: '71d3dcd472c3665d4d447b5c27eaa050') in 0.008219 seconds
Number of updated asset objects reloaded before import = 0
Number of asset objects unloaded after import = 3
========================================================================
Received Import Request.
  Time since last request: 0.000021 seconds.
  path: Assets/Resources/7370.dat.asset
  artifactKey: Guid(f6605bb41ca94e8395eca98a70aa6cf4) Importer(2089858483,0ecaa5967403d082aa24f35e1b516d23)
Start importing Assets/Resources/7370.dat.asset using Guid(f6605bb41ca94e8395eca98a70aa6cf4) Importer(2089858483,0ecaa5967403d082aa24f35e1b516d23) [PhysX] Initialized MultithreadedTaskDispatcher with 20 workers.
 -> (artifact id: '1af216c2504d8f2cb6a23fc1c5f33256') in 0.004277 seconds
Number of updated asset objects reloaded before import = 0
Number of asset objects unloaded after import = 3
========================================================================
Received Import Request.
  Time since last request: 0.000014 seconds.
  path: Assets/Resources/7336.dat.asset
  artifactKey: Guid(33fb2203dd5c4bc9a2294e81b3d506ca) Importer(2089858483,0ecaa5967403d082aa24f35e1b516d23)
Start importing Assets/Resources/7336.dat.asset using Guid(33fb2203dd5c4bc9a2294e81b3d506ca) Importer(2089858483,0ecaa5967403d082aa24f35e1b516d23) [PhysX] Initialized MultithreadedTaskDispatcher with 20 workers.
 -> (artifact id: '308f311cc438c32e06bd083f3e7940b7') in 0.003725 seconds
Number of updated asset objects reloaded before import = 0
Number of asset objects unloaded after import = 3
========================================================================
Received Import Request.
  Time since last request: 0.000013 seconds.
  path: Assets/Resources/7321.dat.asset
  artifactKey: Guid(2c6769cc463740fdae3124e675f96f4b) Importer(2089858483,0ecaa5967403d082aa24f35e1b516d23)
Start importing Assets/Resources/7321.dat.asset using Guid(2c6769cc463740fdae3124e675f96f4b) Importer(2089858483,0ecaa5967403d082aa24f35e1b516d23) [PhysX] Initialized MultithreadedTaskDispatcher with 20 workers.
 -> (artifact id: 'b277d6e2606af5dd677d84dc291e9c97') in 0.003400 seconds
Number of updated asset objects reloaded before import = 0
Number of asset objects unloaded after import = 3
========================================================================
Received Import Request.
  Time since last request: 0.000014 seconds.
  path: Assets/Resources/7329.dat.asset
  artifactKey: Guid(51023f27a37e49a1a1c333b9c9b14c62) Importer(2089858483,0ecaa5967403d082aa24f35e1b516d23)
Start importing Assets/Resources/7329.dat.asset using Guid(51023f27a37e49a1a1c333b9c9b14c62) Importer(2089858483,0ecaa5967403d082aa24f35e1b516d23) [PhysX] Initialized MultithreadedTaskDispatcher with 20 workers.
 -> (artifact id: 'c797d148e7735a6ba35ddbc3ebde9d9f') in 0.003492 seconds
Number of updated asset objects reloaded before import = 0
Number of asset objects unloaded after import = 3
========================================================================
Received Import Request.
  Time since last request: 0.000012 seconds.
  path: Assets/Resources/7352.dat.png
  artifactKey: Guid(2be864fa4ef7432fa5268471080cbf3d) Importer(2089858483,0ecaa5967403d082aa24f35e1b516d23)
Start importing Assets/Resources/7352.dat.png using Guid(2be864fa4ef7432fa5268471080cbf3d) Importer(2089858483,0ecaa5967403d082aa24f35e1b516d23) [PhysX] Initialized MultithreadedTaskDispatcher with 20 workers.
 -> (artifact id: 'ed9580ee2dafdd51b9a34b05a1da95e0') in 0.007302 seconds
Number of updated asset objects reloaded before import = 0
Number of asset objects unloaded after import = 3
========================================================================
Received Import Request.
  Time since last request: 0.000016 seconds.
  path: Assets/Resources/7466.dat.png
  artifactKey: Guid(867cb17f8ff04fd6beaabfb0f295727b) Importer(2089858483,0ecaa5967403d082aa24f35e1b516d23)
Start importing Assets/Resources/7466.dat.png using Guid(867cb17f8ff04fd6beaabfb0f295727b) Importer(2089858483,0ecaa5967403d082aa24f35e1b516d23) [PhysX] Initialized MultithreadedTaskDispatcher with 20 workers.
 -> (artifact id: 'b5292e92df4bfe7be1889caa9353c7f4') in 0.007272 seconds
Number of updated asset objects reloaded before import = 0
Number of asset objects unloaded after import = 3
========================================================================
Received Import Request.
  Time since last request: 0.000017 seconds.
  path: Assets/Resources/7454.dat.asset
  artifactKey: Guid(df231da55e2846899a4f26df5d2f0ed3) Importer(2089858483,0ecaa5967403d082aa24f35e1b516d23)
Start importing Assets/Resources/7454.dat.asset using Guid(df231da55e2846899a4f26df5d2f0ed3) Importer(2089858483,0ecaa5967403d082aa24f35e1b516d23) [PhysX] Initialized MultithreadedTaskDispatcher with 20 workers.
 -> (artifact id: '9de11b021363303837860a0c0dec7de2') in 0.004082 seconds
Number of updated asset objects reloaded before import = 0
Number of asset objects unloaded after import = 3
========================================================================
Received Import Request.
  Time since last request: 0.000016 seconds.
  path: Assets/Resources/7341.dat.png
  artifactKey: Guid(1c3818332ef942f7af9cb2c226ef065e) Importer(2089858483,0ecaa5967403d082aa24f35e1b516d23)
Start importing Assets/Resources/7341.dat.png using Guid(1c3818332ef942f7af9cb2c226ef065e) Importer(2089858483,0ecaa5967403d082aa24f35e1b516d23) [PhysX] Initialized MultithreadedTaskDispatcher with 20 workers.
 -> (artifact id: '14c435312dfbb07958d744686b88ca2c') in 0.007814 seconds
Number of updated asset objects reloaded before import = 0
Number of asset objects unloaded after import = 3
========================================================================
Received Import Request.
  Time since last request: 0.000044 seconds.
  path: Assets/Resources/7460.dat.asset
  artifactKey: Guid(485c257719f94ea28bca0ae2d0b3e96a) Importer(2089858483,0ecaa5967403d082aa24f35e1b516d23)
Start importing Assets/Resources/7460.dat.asset using Guid(485c257719f94ea28bca0ae2d0b3e96a) Importer(2089858483,0ecaa5967403d082aa24f35e1b516d23) [PhysX] Initialized MultithreadedTaskDispatcher with 20 workers.
 -> (artifact id: 'afcad63759fa3acb2cc9f1c1510b7de5') in 0.003633 seconds
Number of updated asset objects reloaded before import = 0
Number of asset objects unloaded after import = 3
========================================================================
Received Import Request.
  Time since last request: 0.000011 seconds.
  path: Assets/Resources/7450.dat.png
  artifactKey: Guid(780871427d6f47b4a2eb30c21c81d6be) Importer(2089858483,0ecaa5967403d082aa24f35e1b516d23)
Start importing Assets/Resources/7450.dat.png using Guid(780871427d6f47b4a2eb30c21c81d6be) Importer(2089858483,0ecaa5967403d082aa24f35e1b516d23) [PhysX] Initialized MultithreadedTaskDispatcher with 20 workers.
 -> (artifact id: '5593696854a073f87d62ec3ecc156402') in 0.006617 seconds
Number of updated asset objects reloaded before import = 0
Number of asset objects unloaded after import = 3
========================================================================
Received Import Request.
  Time since last request: 0.000014 seconds.
  path: Assets/Resources/7351.dat.asset
  artifactKey: Guid(f5ee295117714a7592ff714b3f66eb22) Importer(2089858483,0ecaa5967403d082aa24f35e1b516d23)
Start importing Assets/Resources/7351.dat.asset using Guid(f5ee295117714a7592ff714b3f66eb22) Importer(2089858483,0ecaa5967403d082aa24f35e1b516d23) [PhysX] Initialized MultithreadedTaskDispatcher with 20 workers.
 -> (artifact id: 'ef79fac4d941ffd3e9e2f09f4d57f1ad') in 0.005395 seconds
Number of updated asset objects reloaded before import = 0
Number of asset objects unloaded after import = 3
========================================================================
Received Import Request.
  Time since last request: 0.000011 seconds.
  path: Assets/Resources/7350.dat.asset
  artifactKey: Guid(8a0170d7c5b441bc9aa966c3c16c9540) Importer(2089858483,0ecaa5967403d082aa24f35e1b516d23)
Start importing Assets/Resources/7350.dat.asset using Guid(8a0170d7c5b441bc9aa966c3c16c9540) Importer(2089858483,0ecaa5967403d082aa24f35e1b516d23) [PhysX] Initialized MultithreadedTaskDispatcher with 20 workers.
 -> (artifact id: 'd9d5188659453601e9964876e36f13fa') in 0.003575 seconds
Number of updated asset objects reloaded before import = 0
Number of asset objects unloaded after import = 3
========================================================================
Received Import Request.
  Time since last request: 0.000012 seconds.
  path: Assets/Resources/6651.dat.png
  artifactKey: Guid(d080f3e01ec84dbd8f84ffa1dc8f16e5) Importer(2089858483,0ecaa5967403d082aa24f35e1b516d23)
Start importing Assets/Resources/6651.dat.png using Guid(d080f3e01ec84dbd8f84ffa1dc8f16e5) Importer(2089858483,0ecaa5967403d082aa24f35e1b516d23) [PhysX] Initialized MultithreadedTaskDispatcher with 20 workers.
 -> (artifact id: '6c0308a6cd3eae905a8fe74a185550c3') in 0.010444 seconds
Number of updated asset objects reloaded before import = 0
Number of asset objects unloaded after import = 7
========================================================================
Received Import Request.
  Time since last request: 0.000016 seconds.
  path: Assets/Resources/7373.dat.asset
  artifactKey: Guid(57a9ef7d9522497aa5586b4191265ac3) Importer(2089858483,0ecaa5967403d082aa24f35e1b516d23)
Start importing Assets/Resources/7373.dat.asset using Guid(57a9ef7d9522497aa5586b4191265ac3) Importer(2089858483,0ecaa5967403d082aa24f35e1b516d23) [PhysX] Initialized MultithreadedTaskDispatcher with 20 workers.
 -> (artifact id: '4b9a1f424a8d3d21121b53f750147114') in 0.004174 seconds
Number of updated asset objects reloaded before import = 0
Number of asset objects unloaded after import = 3
========================================================================
Received Import Request.
  Time since last request: 0.000017 seconds.
  path: Assets/Resources/7481.dat.asset
  artifactKey: Guid(bcea9507b4f24092a8e4af98c910b1e0) Importer(2089858483,0ecaa5967403d082aa24f35e1b516d23)
Start importing Assets/Resources/7481.dat.asset using Guid(bcea9507b4f24092a8e4af98c910b1e0) Importer(2089858483,0ecaa5967403d082aa24f35e1b516d23) [PhysX] Initialized MultithreadedTaskDispatcher with 20 workers.
 -> (artifact id: '63cf2ac87dacfedafac628d0afb3cb06') in 0.004085 seconds
Number of updated asset objects reloaded before import = 0
Number of asset objects unloaded after import = 3
========================================================================
Received Import Request.
  Time since last request: 0.000012 seconds.
  path: Assets/Resources/6590.dat.png
  artifactKey: Guid(a812dac0dba34479a3f0079606d4fa85) Importer(2089858483,0ecaa5967403d082aa24f35e1b516d23)
Start importing Assets/Resources/6590.dat.png using Guid(a812dac0dba34479a3f0079606d4fa85) Importer(2089858483,0ecaa5967403d082aa24f35e1b516d23) [PhysX] Initialized MultithreadedTaskDispatcher with 20 workers.
 -> (artifact id: 'ca70d927cf2f94ce099c200418cc818f') in 0.008725 seconds
Number of updated asset objects reloaded before import = 0
Number of asset objects unloaded after import = 4
========================================================================
Received Import Request.
  Time since last request: 0.000013 seconds.
  path: Assets/Resources/7464.dat.asset
  artifactKey: Guid(47937cbbc89b43de8d649598623ea14d) Importer(2089858483,0ecaa5967403d082aa24f35e1b516d23)
Start importing Assets/Resources/7464.dat.asset using Guid(47937cbbc89b43de8d649598623ea14d) Importer(2089858483,0ecaa5967403d082aa24f35e1b516d23) [PhysX] Initialized MultithreadedTaskDispatcher with 20 workers.
 -> (artifact id: 'c6811c2f7a766ee98cb671328036e7ed') in 0.004370 seconds
Number of updated asset objects reloaded before import = 0
Number of asset objects unloaded after import = 3
========================================================================
Received Import Request.
  Time since last request: 0.000013 seconds.
  path: Assets/Resources/6588.dat.png
  artifactKey: Guid(e73603ed27494531b06f2a1e83e3df95) Importer(2089858483,0ecaa5967403d082aa24f35e1b516d23)
Start importing Assets/Resources/6588.dat.png using Guid(e73603ed27494531b06f2a1e83e3df95) Importer(2089858483,0ecaa5967403d082aa24f35e1b516d23) [PhysX] Initialized MultithreadedTaskDispatcher with 20 workers.
 -> (artifact id: 'b4359330915457b8d8fd9ee78945ddf3') in 0.009139 seconds
Number of updated asset objects reloaded before import = 0
Number of asset objects unloaded after import = 5
========================================================================
Received Import Request.
  Time since last request: 0.000013 seconds.
  path: Assets/Resources/7367.dat.png
  artifactKey: Guid(3797e24a365046f296aa3f79e8c5d7a7) Importer(2089858483,0ecaa5967403d082aa24f35e1b516d23)
Start importing Assets/Resources/7367.dat.png using Guid(3797e24a365046f296aa3f79e8c5d7a7) Importer(2089858483,0ecaa5967403d082aa24f35e1b516d23) [PhysX] Initialized MultithreadedTaskDispatcher with 20 workers.
 -> (artifact id: 'a26eb7fcec6b716e3d676a1a46588d75') in 0.007022 seconds
Number of updated asset objects reloaded before import = 0
Number of asset objects unloaded after import = 3
========================================================================
Received Import Request.
  Time since last request: 0.000015 seconds.
  path: Assets/Resources/7333.dat.asset
  artifactKey: Guid(70d948f54d1a4547b43b0c8d91000285) Importer(2089858483,0ecaa5967403d082aa24f35e1b516d23)
Start importing Assets/Resources/7333.dat.asset using Guid(70d948f54d1a4547b43b0c8d91000285) Importer(2089858483,0ecaa5967403d082aa24f35e1b516d23) [PhysX] Initialized MultithreadedTaskDispatcher with 20 workers.
 -> (artifact id: '6ea275ab7f09a9a090985a9a9360356f') in 0.006207 seconds
Number of updated asset objects reloaded before import = 0
Number of asset objects unloaded after import = 3
========================================================================
Received Import Request.
  Time since last request: 0.000019 seconds.
  path: Assets/Resources/7468.dat.png
  artifactKey: Guid(b591b7e44cc64fc38c1db6e231916725) Importer(2089858483,0ecaa5967403d082aa24f35e1b516d23)
Start importing Assets/Resources/7468.dat.png using Guid(b591b7e44cc64fc38c1db6e231916725) Importer(2089858483,0ecaa5967403d082aa24f35e1b516d23) [PhysX] Initialized MultithreadedTaskDispatcher with 20 workers.
 -> (artifact id: '5a3ca4c6af15bce7a69f434dda522752') in 0.007149 seconds
Number of updated asset objects reloaded before import = 0
Number of asset objects unloaded after import = 3
========================================================================
Received Import Request.
  Time since last request: 0.000017 seconds.
  path: Assets/Resources/7351.dat.png
  artifactKey: Guid(7e272ad2a52b4130b7b75b5d149b57d7) Importer(2089858483,0ecaa5967403d082aa24f35e1b516d23)
Start importing Assets/Resources/7351.dat.png using Guid(7e272ad2a52b4130b7b75b5d149b57d7) Importer(2089858483,0ecaa5967403d082aa24f35e1b516d23) [PhysX] Initialized MultithreadedTaskDispatcher with 20 workers.
 -> (artifact id: 'c70051d29e5cbcd9e556ecce37cc9a60') in 0.008060 seconds
Number of updated asset objects reloaded before import = 0
Number of asset objects unloaded after import = 3
========================================================================
Received Import Request.
  Time since last request: 0.000019 seconds.
  path: Assets/Resources/7310.dat.png
  artifactKey: Guid(ec609b5d77714446a69e3a0737a97717) Importer(2089858483,0ecaa5967403d082aa24f35e1b516d23)
Start importing Assets/Resources/7310.dat.png using Guid(ec609b5d77714446a69e3a0737a97717) Importer(2089858483,0ecaa5967403d082aa24f35e1b516d23) [PhysX] Initialized MultithreadedTaskDispatcher with 20 workers.
 -> (artifact id: '012102831bc99499881ba1b03b03e2c2') in 0.007497 seconds
Number of updated asset objects reloaded before import = 0
Number of asset objects unloaded after import = 3
========================================================================
Received Import Request.
  Time since last request: 0.000014 seconds.
  path: Assets/Resources/7356.dat.asset
  artifactKey: Guid(1d65695b9d0141e99a042e3c28de0cac) Importer(2089858483,0ecaa5967403d082aa24f35e1b516d23)
Start importing Assets/Resources/7356.dat.asset using Guid(1d65695b9d0141e99a042e3c28de0cac) Importer(2089858483,0ecaa5967403d082aa24f35e1b516d23) [PhysX] Initialized MultithreadedTaskDispatcher with 20 workers.
 -> (artifact id: 'f4bbca5cd82a5ac39c316a942737c9ae') in 0.157659 seconds
Number of updated asset objects reloaded before import = 0
Number of asset objects unloaded after import = 3
========================================================================
Received Import Request.
  Time since last request: 0.000022 seconds.
  path: Assets/Resources/7479.dat.png
  artifactKey: Guid(77876ca54c2e43f4b03019304f30092b) Importer(2089858483,0ecaa5967403d082aa24f35e1b516d23)
Start importing Assets/Resources/7479.dat.png using Guid(77876ca54c2e43f4b03019304f30092b) Importer(2089858483,0ecaa5967403d082aa24f35e1b516d23) [PhysX] Initialized MultithreadedTaskDispatcher with 20 workers.
 -> (artifact id: 'bc013769af5163a114b1e925dc6d6e8e') in 0.008820 seconds
Number of updated asset objects reloaded before import = 0
Number of asset objects unloaded after import = 3
========================================================================
Received Import Request.
  Time since last request: 0.000021 seconds.
  path: Assets/Resources/7483.dat.png
  artifactKey: Guid(62b2b317a73b4da1bc3db6b8c7ae46ed) Importer(2089858483,0ecaa5967403d082aa24f35e1b516d23)
Start importing Assets/Resources/7483.dat.png using Guid(62b2b317a73b4da1bc3db6b8c7ae46ed) Importer(2089858483,0ecaa5967403d082aa24f35e1b516d23) [PhysX] Initialized MultithreadedTaskDispatcher with 20 workers.
 -> (artifact id: '9909f9bd776511ba93ee7f5a8692baaf') in 0.007833 seconds
Number of updated asset objects reloaded before import = 0
Number of asset objects unloaded after import = 3
========================================================================
Received Import Request.
  Time since last request: 0.000013 seconds.
  path: Assets/Resources/7322.dat.asset
  artifactKey: Guid(2fdb65d15caf49dfb06fef95558564c0) Importer(2089858483,0ecaa5967403d082aa24f35e1b516d23)
Start importing Assets/Resources/7322.dat.asset using Guid(2fdb65d15caf49dfb06fef95558564c0) Importer(2089858483,0ecaa5967403d082aa24f35e1b516d23) [PhysX] Initialized MultithreadedTaskDispatcher with 20 workers.
 -> (artifact id: '35bee457e9e34ac982a512c66af705fa') in 0.003790 seconds
Number of updated asset objects reloaded before import = 0
Number of asset objects unloaded after import = 3
========================================================================
Received Import Request.
  Time since last request: 0.000012 seconds.
  path: Assets/Resources/7359.dat.png
  artifactKey: Guid(9636b32540934cb0b86de9a1d19f4bcb) Importer(2089858483,0ecaa5967403d082aa24f35e1b516d23)
Start importing Assets/Resources/7359.dat.png using Guid(9636b32540934cb0b86de9a1d19f4bcb) Importer(2089858483,0ecaa5967403d082aa24f35e1b516d23) [PhysX] Initialized MultithreadedTaskDispatcher with 20 workers.
 -> (artifact id: '912f8dbac27e8426d84b7b2a18098585') in 0.006974 seconds
Number of updated asset objects reloaded before import = 0
Number of asset objects unloaded after import = 3
========================================================================
Received Import Request.
  Time since last request: 0.000013 seconds.
  path: Assets/Resources/7348.dat.asset
  artifactKey: Guid(f85f11e09f674de897a8b06a4bac36a5) Importer(2089858483,0ecaa5967403d082aa24f35e1b516d23)
Start importing Assets/Resources/7348.dat.asset using Guid(f85f11e09f674de897a8b06a4bac36a5) Importer(2089858483,0ecaa5967403d082aa24f35e1b516d23) [PhysX] Initialized MultithreadedTaskDispatcher with 20 workers.
 -> (artifact id: '5e4b961bc486bfed7b29a7fecf6c0542') in 0.004614 seconds
Number of updated asset objects reloaded before import = 0
Number of asset objects unloaded after import = 3
========================================================================
Received Import Request.
  Time since last request: 0.000013 seconds.
  path: Assets/Resources/7368.dat.asset
  artifactKey: Guid(74da14d8f7d4423282f85911c3c0acfe) Importer(2089858483,0ecaa5967403d082aa24f35e1b516d23)
Start importing Assets/Resources/7368.dat.asset using Guid(74da14d8f7d4423282f85911c3c0acfe) Importer(2089858483,0ecaa5967403d082aa24f35e1b516d23) [PhysX] Initialized MultithreadedTaskDispatcher with 20 workers.
 -> (artifact id: '73632730bde0d3de1858c98ada5bc6a8') in 0.003711 seconds
Number of updated asset objects reloaded before import = 0
Number of asset objects unloaded after import = 3
========================================================================
Received Import Request.
  Time since last request: 0.000013 seconds.
  path: Assets/Resources/7361.dat.asset
  artifactKey: Guid(f4a68f338dfe46e3bafb08dcbd3722b6) Importer(2089858483,0ecaa5967403d082aa24f35e1b516d23)
Start importing Assets/Resources/7361.dat.asset using Guid(f4a68f338dfe46e3bafb08dcbd3722b6) Importer(2089858483,0ecaa5967403d082aa24f35e1b516d23) [PhysX] Initialized MultithreadedTaskDispatcher with 20 workers.
 -> (artifact id: '296d0279da42ab053bdf412ac6946dc6') in 0.003703 seconds
Number of updated asset objects reloaded before import = 0
Number of asset objects unloaded after import = 3
========================================================================
Received Import Request.
  Time since last request: 0.000017 seconds.
  path: Assets/Resources/7344.dat.asset
  artifactKey: Guid(6f94ad3051994e868190e618d1882a05) Importer(2089858483,0ecaa5967403d082aa24f35e1b516d23)
Start importing Assets/Resources/7344.dat.asset using Guid(6f94ad3051994e868190e618d1882a05) Importer(2089858483,0ecaa5967403d082aa24f35e1b516d23) [PhysX] Initialized MultithreadedTaskDispatcher with 20 workers.
 -> (artifact id: '18a0c32d33cedb12ec13e26bd93210c2') in 0.020474 seconds
Number of updated asset objects reloaded before import = 0
Number of asset objects unloaded after import = 3
========================================================================
Received Import Request.
  Time since last request: 0.000019 seconds.
  path: Assets/Resources/7476.dat.png
  artifactKey: Guid(27bd82d44ad847d894f0b2c19e271532) Importer(2089858483,0ecaa5967403d082aa24f35e1b516d23)
Start importing Assets/Resources/7476.dat.png using Guid(27bd82d44ad847d894f0b2c19e271532) Importer(2089858483,0ecaa5967403d082aa24f35e1b516d23) [PhysX] Initialized MultithreadedTaskDispatcher with 20 workers.
 -> (artifact id: '1d92901e537d2868706786814aab1e5c') in 0.006864 seconds
Number of updated asset objects reloaded before import = 0
Number of asset objects unloaded after import = 3
========================================================================
Received Import Request.
  Time since last request: 0.000013 seconds.
  path: Assets/Resources/7464.dat.png
  artifactKey: Guid(7bb5acf7492048e79b54d75e1ca68303) Importer(2089858483,0ecaa5967403d082aa24f35e1b516d23)
Start importing Assets/Resources/7464.dat.png using Guid(7bb5acf7492048e79b54d75e1ca68303) Importer(2089858483,0ecaa5967403d082aa24f35e1b516d23) [PhysX] Initialized MultithreadedTaskDispatcher with 20 workers.
 -> (artifact id: 'd615738c5364cb7796062ad7fd069dc8') in 0.007920 seconds
Number of updated asset objects reloaded before import = 0
Number of asset objects unloaded after import = 3
========================================================================
Received Import Request.
  Time since last request: 0.000017 seconds.
  path: Assets/Resources/7477.dat.png
  artifactKey: Guid(2c343e94ad8144a7856de3b65835bdfb) Importer(2089858483,0ecaa5967403d082aa24f35e1b516d23)
Start importing Assets/Resources/7477.dat.png using Guid(2c343e94ad8144a7856de3b65835bdfb) Importer(2089858483,0ecaa5967403d082aa24f35e1b516d23) [PhysX] Initialized MultithreadedTaskDispatcher with 20 workers.
 -> (artifact id: '4ba393f6bfaf1589fd1fdc2ba98b845b') in 0.009488 seconds
Number of updated asset objects reloaded before import = 0
Number of asset objects unloaded after import = 3
========================================================================
Received Import Request.
  Time since last request: 0.000016 seconds.
  path: Assets/Resources/7332.dat.png
  artifactKey: Guid(ac77419c97c3472594de2ac0f2a1894e) Importer(2089858483,0ecaa5967403d082aa24f35e1b516d23)
Start importing Assets/Resources/7332.dat.png using Guid(ac77419c97c3472594de2ac0f2a1894e) Importer(2089858483,0ecaa5967403d082aa24f35e1b516d23) [PhysX] Initialized MultithreadedTaskDispatcher with 20 workers.
 -> (artifact id: 'b4f6977a5520f4624bdc3ab215cc9751') in 0.007521 seconds
Number of updated asset objects reloaded before import = 0
Number of asset objects unloaded after import = 3
========================================================================
Received Import Request.
  Time since last request: 0.000021 seconds.
  path: Assets/Resources/7363.dat.png
  artifactKey: Guid(9998cd0f638a4545a47a7aa078efb3bf) Importer(2089858483,0ecaa5967403d082aa24f35e1b516d23)
Start importing Assets/Resources/7363.dat.png using Guid(9998cd0f638a4545a47a7aa078efb3bf) Importer(2089858483,0ecaa5967403d082aa24f35e1b516d23) [PhysX] Initialized MultithreadedTaskDispatcher with 20 workers.
 -> (artifact id: '65bc9dadefe81767db326cc5a601ead2') in 0.007660 seconds
Number of updated asset objects reloaded before import = 0
Number of asset objects unloaded after import = 3
========================================================================
Received Import Request.
  Time since last request: 0.000013 seconds.
  path: Assets/Resources/7336.dat.png
  artifactKey: Guid(98e668e824724ddea288536b7f955233) Importer(2089858483,0ecaa5967403d082aa24f35e1b516d23)
Start importing Assets/Resources/7336.dat.png using Guid(98e668e824724ddea288536b7f955233) Importer(2089858483,0ecaa5967403d082aa24f35e1b516d23) [PhysX] Initialized MultithreadedTaskDispatcher with 20 workers.
 -> (artifact id: '211d3913d16375369d049777b5860e90') in 0.007644 seconds
Number of updated asset objects reloaded before import = 0
Number of asset objects unloaded after import = 3
========================================================================
Received Import Request.
  Time since last request: 0.000014 seconds.
  path: Assets/Resources/7316.dat.png
  artifactKey: Guid(d1610a8782924d828436fa9a74f38d68) Importer(2089858483,0ecaa5967403d082aa24f35e1b516d23)
Start importing Assets/Resources/7316.dat.png using Guid(d1610a8782924d828436fa9a74f38d68) Importer(2089858483,0ecaa5967403d082aa24f35e1b516d23) [PhysX] Initialized MultithreadedTaskDispatcher with 20 workers.
 -> (artifact id: 'd29bd4fe62afe021226bd5af714e53a2') in 0.007642 seconds
Number of updated asset objects reloaded before import = 0
Number of asset objects unloaded after import = 3
========================================================================
Received Import Request.
  Time since last request: 0.000017 seconds.
  path: Assets/Resources/7354.dat.asset
  artifactKey: Guid(2e96fd77e5b24e418943345b762f8448) Importer(2089858483,0ecaa5967403d082aa24f35e1b516d23)
Start importing Assets/Resources/7354.dat.asset using Guid(2e96fd77e5b24e418943345b762f8448) Importer(2089858483,0ecaa5967403d082aa24f35e1b516d23) [PhysX] Initialized MultithreadedTaskDispatcher with 20 workers.
 -> (artifact id: 'b1273c9d8024b7610b4d380305706204') in 0.004446 seconds
Number of updated asset objects reloaded before import = 0
Number of asset objects unloaded after import = 3
========================================================================
Received Import Request.
  Time since last request: 0.000017 seconds.
  path: Assets/Resources/7332.dat.asset
  artifactKey: Guid(7c757a3bd97a4322823ed7a50fa072dc) Importer(2089858483,0ecaa5967403d082aa24f35e1b516d23)
Start importing Assets/Resources/7332.dat.asset using Guid(7c757a3bd97a4322823ed7a50fa072dc) Importer(2089858483,0ecaa5967403d082aa24f35e1b516d23) [PhysX] Initialized MultithreadedTaskDispatcher with 20 workers.
 -> (artifact id: '04eb2ee237b9b31058cadc5dbb42d8d1') in 0.004373 seconds
Number of updated asset objects reloaded before import = 0
Number of asset objects unloaded after import = 3
========================================================================
Received Import Request.
  Time since last request: 0.000015 seconds.
  path: Assets/Resources/6640.dat.png
  artifactKey: Guid(9a81dc8680344332bbf0602b4db2bd61) Importer(2089858483,0ecaa5967403d082aa24f35e1b516d23)
Start importing Assets/Resources/6640.dat.png using Guid(9a81dc8680344332bbf0602b4db2bd61) Importer(2089858483,0ecaa5967403d082aa24f35e1b516d23) [PhysX] Initialized MultithreadedTaskDispatcher with 20 workers.
 -> (artifact id: '74e799004853e8cfa9957c59e281abf5') in 0.012192 seconds
Number of updated asset objects reloaded before import = 0
Number of asset objects unloaded after import = 8
========================================================================
Received Import Request.
  Time since last request: 0.000015 seconds.
  path: Assets/Resources/7367.dat.asset
  artifactKey: Guid(2b1860c0dc28408684a4ef9d30258e44) Importer(2089858483,0ecaa5967403d082aa24f35e1b516d23)
Start importing Assets/Resources/7367.dat.asset using Guid(2b1860c0dc28408684a4ef9d30258e44) Importer(2089858483,0ecaa5967403d082aa24f35e1b516d23) [PhysX] Initialized MultithreadedTaskDispatcher with 20 workers.
 -> (artifact id: '2148dbff52c04f9a60f88d15bdca8a44') in 0.003662 seconds
Number of updated asset objects reloaded before import = 0
Number of asset objects unloaded after import = 3
========================================================================
Received Import Request.
  Time since last request: 0.000013 seconds.
  path: Assets/Resources/7328.dat.asset
  artifactKey: Guid(2162d03f9ac0475db270ec3fc34d0315) Importer(2089858483,0ecaa5967403d082aa24f35e1b516d23)
Start importing Assets/Resources/7328.dat.asset using Guid(2162d03f9ac0475db270ec3fc34d0315) Importer(2089858483,0ecaa5967403d082aa24f35e1b516d23) [PhysX] Initialized MultithreadedTaskDispatcher with 20 workers.
 -> (artifact id: '47b9ce96fe64c0b2bf27ddea679ee882') in 0.004009 seconds
Number of updated asset objects reloaded before import = 0
Number of asset objects unloaded after import = 3
========================================================================
Received Import Request.
  Time since last request: 0.000012 seconds.
  path: Assets/Resources/7372.dat.asset
  artifactKey: Guid(4210f519bcfb4c79be47f5f169dbfa18) Importer(2089858483,0ecaa5967403d082aa24f35e1b516d23)
Start importing Assets/Resources/7372.dat.asset using Guid(4210f519bcfb4c79be47f5f169dbfa18) Importer(2089858483,0ecaa5967403d082aa24f35e1b516d23) [PhysX] Initialized MultithreadedTaskDispatcher with 20 workers.
 -> (artifact id: '3ec7b32ff192016dba33e49e35ab32c7') in 0.003830 seconds
Number of updated asset objects reloaded before import = 0
Number of asset objects unloaded after import = 3
========================================================================
Received Import Request.
  Time since last request: 0.000013 seconds.
  path: Assets/Resources/7360.dat.png
  artifactKey: Guid(be08db683e08434b935c5dcce597f6ac) Importer(2089858483,0ecaa5967403d082aa24f35e1b516d23)
Start importing Assets/Resources/7360.dat.png using Guid(be08db683e08434b935c5dcce597f6ac) Importer(2089858483,0ecaa5967403d082aa24f35e1b516d23) [PhysX] Initialized MultithreadedTaskDispatcher with 20 workers.
 -> (artifact id: 'ec2cc2046497472f76af4374702de8b2') in 0.006331 seconds
Number of updated asset objects reloaded before import = 0
Number of asset objects unloaded after import = 3
========================================================================
Received Import Request.
  Time since last request: 0.000014 seconds.
  path: Assets/Resources/6652.dat.png
  artifactKey: Guid(97b4297e54864426996d4080391e90ab) Importer(2089858483,0ecaa5967403d082aa24f35e1b516d23)
Start importing Assets/Resources/6652.dat.png using Guid(97b4297e54864426996d4080391e90ab) Importer(2089858483,0ecaa5967403d082aa24f35e1b516d23) [PhysX] Initialized MultithreadedTaskDispatcher with 20 workers.
 -> (artifact id: '80df36cac883f685ab3c5730ac6ec5e7') in 0.013944 seconds
Number of updated asset objects reloaded before import = 0
Number of asset objects unloaded after import = 10
========================================================================
Received Import Request.
  Time since last request: 0.240879 seconds.
  path: Assets/Resources/7484.dat.png
  artifactKey: Guid(1558c9175a0c40a79fe26300010ddd4c) Importer(2089858483,0ecaa5967403d082aa24f35e1b516d23)
Start importing Assets/Resources/7484.dat.png using Guid(1558c9175a0c40a79fe26300010ddd4c) Importer(2089858483,0ecaa5967403d082aa24f35e1b516d23) [PhysX] Initialized MultithreadedTaskDispatcher with 20 workers.
 -> (artifact id: '3c39cdb4e0a53abdd3b5c31b2b98b106') in 0.008290 seconds
Number of updated asset objects reloaded before import = 0
Number of asset objects unloaded after import = 3
========================================================================
Received Import Request.
  Time since last request: 0.000018 seconds.
  path: Assets/Scripts/显示国家列表.cs
  artifactKey: Guid(de5862bf047f9a3dc98e91e57a1558e7) Importer(2089858483,0ecaa5967403d082aa24f35e1b516d23)
Start importing Assets/Scripts/显示国家列表.cs using Guid(de5862bf047f9a3dc98e91e57a1558e7) Importer(2089858483,0ecaa5967403d082aa24f35e1b516d23) [PhysX] Initialized MultithreadedTaskDispatcher with 20 workers.
 -> (artifact id: 'f9c6302b728f56acef2a1b910d443a22') in 0.003199 seconds
Number of updated asset objects reloaded before import = 0
Number of asset objects unloaded after import = 1
========================================================================
Received Import Request.
  Time since last request: 0.000023 seconds.
  path: Assets/Resources/7559.dat.asset
  artifactKey: Guid(8e9a1242f5594de3ba0eadd34a38b087) Importer(2089858483,0ecaa5967403d082aa24f35e1b516d23)
Start importing Assets/Resources/7559.dat.asset using Guid(8e9a1242f5594de3ba0eadd34a38b087) Importer(2089858483,0ecaa5967403d082aa24f35e1b516d23) [PhysX] Initialized MultithreadedTaskDispatcher with 20 workers.
 -> (artifact id: '0021610fcc87763084f21903d1a059ee') in 0.003760 seconds
Number of updated asset objects reloaded before import = 0
Number of asset objects unloaded after import = 3
========================================================================
Received Import Request.
  Time since last request: 0.000012 seconds.
  path: Assets/Resources/7547.dat.asset
  artifactKey: Guid(c9a40c5350474dcf8c0b4f4839acbb35) Importer(2089858483,0ecaa5967403d082aa24f35e1b516d23)
Start importing Assets/Resources/7547.dat.asset using Guid(c9a40c5350474dcf8c0b4f4839acbb35) Importer(2089858483,0ecaa5967403d082aa24f35e1b516d23) [PhysX] Initialized MultithreadedTaskDispatcher with 20 workers.
 -> (artifact id: '90cca75293b99d4b6e89f501551cc68c') in 0.003823 seconds
Number of updated asset objects reloaded before import = 0
Number of asset objects unloaded after import = 3
========================================================================
Received Import Request.
  Time since last request: 0.000013 seconds.
  path: Assets/Resources/骑兵_攻击.png
  artifactKey: Guid(cfe599463892446c8e8d3b407bb620f5) Importer(2089858483,0ecaa5967403d082aa24f35e1b516d23)
Start importing Assets/Resources/骑兵_攻击.png using Guid(cfe599463892446c8e8d3b407bb620f5) Importer(2089858483,0ecaa5967403d082aa24f35e1b516d23) [PhysX] Initialized MultithreadedTaskDispatcher with 20 workers.
 -> (artifact id: '5b424f616af11cecf53cb614e12d7300') in 0.010444 seconds
Number of updated asset objects reloaded before import = 0
Number of asset objects unloaded after import = 6
========================================================================
Received Import Request.
  Time since last request: 0.000015 seconds.
  path: Assets/Resources/7507.dat.asset
  artifactKey: Guid(d8a2c56a713d468e8d5679daf6f01ab8) Importer(2089858483,0ecaa5967403d082aa24f35e1b516d23)
Start importing Assets/Resources/7507.dat.asset using Guid(d8a2c56a713d468e8d5679daf6f01ab8) Importer(2089858483,0ecaa5967403d082aa24f35e1b516d23) [PhysX] Initialized MultithreadedTaskDispatcher with 20 workers.
 -> (artifact id: 'ae52d3fc9eb93fb024fe53a07d33cf1e') in 0.003587 seconds
Number of updated asset objects reloaded before import = 0
Number of asset objects unloaded after import = 3
========================================================================
Received Import Request.
  Time since last request: 0.000013 seconds.
  path: Assets/Resources/骑兵_攻击.anim
  artifactKey: Guid(9f7c06aa4c33441690486659998f9060) Importer(2089858483,0ecaa5967403d082aa24f35e1b516d23)
Start importing Assets/Resources/骑兵_攻击.anim using Guid(9f7c06aa4c33441690486659998f9060) Importer(2089858483,0ecaa5967403d082aa24f35e1b516d23) [PhysX] Initialized MultithreadedTaskDispatcher with 20 workers.
 -> (artifact id: '8194bf5aea1c7310a7847ce3b63bb1b4') in 0.004780 seconds
Number of updated asset objects reloaded before import = 0
Number of asset objects unloaded after import = 1
========================================================================
Received Import Request.
  Time since last request: 0.000013 seconds.
  path: Assets/Resources/轻骑兵_走.anim
  artifactKey: Guid(352b9ceb51754f8585b6882100787f95) Importer(2089858483,0ecaa5967403d082aa24f35e1b516d23)
Start importing Assets/Resources/轻骑兵_走.anim using Guid(352b9ceb51754f8585b6882100787f95) Importer(2089858483,0ecaa5967403d082aa24f35e1b516d23) [PhysX] Initialized MultithreadedTaskDispatcher with 20 workers.
 -> (artifact id: '6737d063e56d9eaed97611f4992bf542') in 0.003713 seconds
Number of updated asset objects reloaded before import = 0
Number of asset objects unloaded after import = 1
========================================================================
Received Import Request.
  Time since last request: 0.000088 seconds.
  path: Assets/Resources/7553.dat.png
  artifactKey: Guid(598af6a76cf94954b3cb94d95e3d049b) Importer(2089858483,0ecaa5967403d082aa24f35e1b516d23)
Start importing Assets/Resources/7553.dat.png using Guid(598af6a76cf94954b3cb94d95e3d049b) Importer(2089858483,0ecaa5967403d082aa24f35e1b516d23) [PhysX] Initialized MultithreadedTaskDispatcher with 20 workers.
 -> (artifact id: '1605acc1278719b87550613076ffd469') in 0.007128 seconds
Number of updated asset objects reloaded before import = 0
Number of asset objects unloaded after import = 3
========================================================================
Received Import Request.
  Time since last request: 0.000051 seconds.
  path: Assets/Resources/弩兵动画.controller
  artifactKey: Guid(3c863f5e3c3a4a53979cefed0679dc74) Importer(2089858483,0ecaa5967403d082aa24f35e1b516d23)
Start importing Assets/Resources/弩兵动画.controller using Guid(3c863f5e3c3a4a53979cefed0679dc74) Importer(2089858483,0ecaa5967403d082aa24f35e1b516d23) [PhysX] Initialized MultithreadedTaskDispatcher with 20 workers.
 -> (artifact id: '287aef8cde5232ca7bbbffb3487ce4c3') in 0.004516 seconds
Number of updated asset objects reloaded before import = 0
Number of asset objects unloaded after import = 20
========================================================================
Received Import Request.
  Time since last request: 0.000015 seconds.
  path: Assets/Resources/7532.dat.asset
  artifactKey: Guid(2fa7b521f6314e3cb04130b14e263e02) Importer(2089858483,0ecaa5967403d082aa24f35e1b516d23)
Start importing Assets/Resources/7532.dat.asset using Guid(2fa7b521f6314e3cb04130b14e263e02) Importer(2089858483,0ecaa5967403d082aa24f35e1b516d23) [PhysX] Initialized MultithreadedTaskDispatcher with 20 workers.
 -> (artifact id: 'd5ce438e7163a05576fb571094a20bff') in 0.004706 seconds
Number of updated asset objects reloaded before import = 0
Number of asset objects unloaded after import = 3
========================================================================
Received Import Request.
  Time since last request: 0.000014 seconds.
  path: Assets/Resources/7502.dat.asset
  artifactKey: Guid(b532b2ec14c540f4bf55e5d1550036d2) Importer(2089858483,0ecaa5967403d082aa24f35e1b516d23)
Start importing Assets/Resources/7502.dat.asset using Guid(b532b2ec14c540f4bf55e5d1550036d2) Importer(2089858483,0ecaa5967403d082aa24f35e1b516d23) [PhysX] Initialized MultithreadedTaskDispatcher with 20 workers.
 -> (artifact id: '63edc9c11baa00fb35d1ee24ebce6b9b') in 0.003445 seconds
Number of updated asset objects reloaded before import = 0
Number of asset objects unloaded after import = 3
========================================================================
Received Import Request.
  Time since last request: 0.000011 seconds.
  path: Assets/Scripts/兵种属性库类.cs
  artifactKey: Guid(fcb571f76b10d86cd171fc71a6b24e1a) Importer(2089858483,0ecaa5967403d082aa24f35e1b516d23)
Start importing Assets/Scripts/兵种属性库类.cs using Guid(fcb571f76b10d86cd171fc71a6b24e1a) Importer(2089858483,0ecaa5967403d082aa24f35e1b516d23) [PhysX] Initialized MultithreadedTaskDispatcher with 20 workers.
 -> (artifact id: '3f49f820c10655591ab03d3690e8dbcf') in 0.002933 seconds
Number of updated asset objects reloaded before import = 0
Number of asset objects unloaded after import = 1
========================================================================
Received Import Request.
  Time since last request: 0.000017 seconds.
  path: Assets/Resources/7544.dat.asset
  artifactKey: Guid(18cf4b9f7f96423bb3cf9b663ccaa962) Importer(2089858483,0ecaa5967403d082aa24f35e1b516d23)
Start importing Assets/Resources/7544.dat.asset using Guid(18cf4b9f7f96423bb3cf9b663ccaa962) Importer(2089858483,0ecaa5967403d082aa24f35e1b516d23) [PhysX] Initialized MultithreadedTaskDispatcher with 20 workers.
 -> (artifact id: '3556cd631ab69a651fec27a636348d58') in 0.003693 seconds
Number of updated asset objects reloaded before import = 0
Number of asset objects unloaded after import = 3
========================================================================
Received Import Request.
  Time since last request: 0.000013 seconds.
  path: Assets/Resources/7519.dat.png
  artifactKey: Guid(fa520efc20ba4234ae99c6e98759d30c) Importer(2089858483,0ecaa5967403d082aa24f35e1b516d23)
Start importing Assets/Resources/7519.dat.png using Guid(fa520efc20ba4234ae99c6e98759d30c) Importer(2089858483,0ecaa5967403d082aa24f35e1b516d23) [PhysX] Initialized MultithreadedTaskDispatcher with 20 workers.
 -> (artifact id: 'faa527bd54e60de2c9af377496ae8e08') in 0.007597 seconds
Number of updated asset objects reloaded before import = 0
Number of asset objects unloaded after import = 3
========================================================================
Received Import Request.
  Time since last request: 0.000014 seconds.
  path: Assets/Resources/7554.dat.png
  artifactKey: Guid(5f25cfdcd8b948d089730a2b6d11486a) Importer(2089858483,0ecaa5967403d082aa24f35e1b516d23)
Start importing Assets/Resources/7554.dat.png using Guid(5f25cfdcd8b948d089730a2b6d11486a) Importer(2089858483,0ecaa5967403d082aa24f35e1b516d23) [PhysX] Initialized MultithreadedTaskDispatcher with 20 workers.
 -> (artifact id: 'e79e415d0edf01a3dbb33cceb88b1e7b') in 0.006969 seconds
Number of updated asset objects reloaded before import = 0
Number of asset objects unloaded after import = 3
========================================================================
Received Import Request.
  Time since last request: 0.000015 seconds.
  path: Assets/Resources/铁骑兵_跑.anim
  artifactKey: Guid(63498cd3d22c46b1bd6551e7cc0bc24f) Importer(2089858483,0ecaa5967403d082aa24f35e1b516d23)
Start importing Assets/Resources/铁骑兵_跑.anim using Guid(63498cd3d22c46b1bd6551e7cc0bc24f) Importer(2089858483,0ecaa5967403d082aa24f35e1b516d23) [PhysX] Initialized MultithreadedTaskDispatcher with 20 workers.
 -> (artifact id: 'bf3247bceebd074cddb7f02729b3c1c1') in 0.003720 seconds
Number of updated asset objects reloaded before import = 0
Number of asset objects unloaded after import = 1
========================================================================
Received Import Request.
  Time since last request: 0.000018 seconds.
  path: Assets/Resources/重骑兵_跑.anim
  artifactKey: Guid(b6c15a5fa4db4f37ba921d6067c93e94) Importer(2089858483,0ecaa5967403d082aa24f35e1b516d23)
Start importing Assets/Resources/重骑兵_跑.anim using Guid(b6c15a5fa4db4f37ba921d6067c93e94) Importer(2089858483,0ecaa5967403d082aa24f35e1b516d23) [PhysX] Initialized MultithreadedTaskDispatcher with 20 workers.
 -> (artifact id: 'df8c3dae3e8cb33b11d8e9e9d979e8f5') in 0.004224 seconds
Number of updated asset objects reloaded before import = 0
Number of asset objects unloaded after import = 1
========================================================================
Received Import Request.
  Time since last request: 0.000014 seconds.
  path: Assets/Resources/7485.dat.png
  artifactKey: Guid(7eaca78b07da4cc0909dafd9c147a25d) Importer(2089858483,0ecaa5967403d082aa24f35e1b516d23)
Start importing Assets/Resources/7485.dat.png using Guid(7eaca78b07da4cc0909dafd9c147a25d) Importer(2089858483,0ecaa5967403d082aa24f35e1b516d23) [PhysX] Initialized MultithreadedTaskDispatcher with 20 workers.
 -> (artifact id: '010aee4e9a917964a1eb71b00759eb4a') in 0.006981 seconds
Number of updated asset objects reloaded before import = 0
Number of asset objects unloaded after import = 3
========================================================================
Received Import Request.
  Time since last request: 0.000013 seconds.
  path: Assets/Resources/重弩车_死亡.anim
  artifactKey: Guid(07ff01c636634fa8b2807eeb4d0f621d) Importer(2089858483,0ecaa5967403d082aa24f35e1b516d23)
Start importing Assets/Resources/重弩车_死亡.anim using Guid(07ff01c636634fa8b2807eeb4d0f621d) Importer(2089858483,0ecaa5967403d082aa24f35e1b516d23) [PhysX] Initialized MultithreadedTaskDispatcher with 20 workers.
 -> (artifact id: 'f01d7a4877832a22d20eb230a1e59c14') in 0.003165 seconds
Number of updated asset objects reloaded before import = 0
Number of asset objects unloaded after import = 1
========================================================================
Received Import Request.
  Time since last request: 0.000010 seconds.
  path: Assets/Resources/轻步兵_跑.anim
  artifactKey: Guid(bb254113355c4dac98bb08a4113aaa89) Importer(2089858483,0ecaa5967403d082aa24f35e1b516d23)
Start importing Assets/Resources/轻步兵_跑.anim using Guid(bb254113355c4dac98bb08a4113aaa89) Importer(2089858483,0ecaa5967403d082aa24f35e1b516d23) [PhysX] Initialized MultithreadedTaskDispatcher with 20 workers.
 -> (artifact id: '952d521afc09c7e57114118cdd532c89') in 0.004189 seconds
Number of updated asset objects reloaded before import = 0
Number of asset objects unloaded after import = 1
========================================================================
Received Import Request.
  Time since last request: 0.000012 seconds.
  path: Assets/Resources/弩兵_跑.anim
  artifactKey: Guid(8e7700f805b5482cae03b2e3720c8851) Importer(2089858483,0ecaa5967403d082aa24f35e1b516d23)
Start importing Assets/Resources/弩兵_跑.anim using Guid(8e7700f805b5482cae03b2e3720c8851) Importer(2089858483,0ecaa5967403d082aa24f35e1b516d23) [PhysX] Initialized MultithreadedTaskDispatcher with 20 workers.
 -> (artifact id: '5fd5066edd53eff7a283d1d403eedc33') in 0.003442 seconds
Number of updated asset objects reloaded before import = 0
Number of asset objects unloaded after import = 1
========================================================================
Received Import Request.
  Time since last request: 0.000014 seconds.
  path: Assets/Resources/弩车_走.anim
  artifactKey: Guid(c4b621133571443d807002131f9f8443) Importer(2089858483,0ecaa5967403d082aa24f35e1b516d23)
Start importing Assets/Resources/弩车_走.anim using Guid(c4b621133571443d807002131f9f8443) Importer(2089858483,0ecaa5967403d082aa24f35e1b516d23) [PhysX] Initialized MultithreadedTaskDispatcher with 20 workers.
 -> (artifact id: '47a6ff72e41b527da3ca633be856c464') in 0.003155 seconds
Number of updated asset objects reloaded before import = 0
Number of asset objects unloaded after import = 1
========================================================================
Received Import Request.
  Time since last request: 0.000011 seconds.
  path: Assets/Resources/7516.dat.png
  artifactKey: Guid(63f601f24e82458cb6751e91ea43366a) Importer(2089858483,0ecaa5967403d082aa24f35e1b516d23)
Start importing Assets/Resources/7516.dat.png using Guid(63f601f24e82458cb6751e91ea43366a) Importer(2089858483,0ecaa5967403d082aa24f35e1b516d23) [PhysX] Initialized MultithreadedTaskDispatcher with 20 workers.
 -> (artifact id: '720eec3e1903c8dc34d134ffeeb3ed5a') in 0.008202 seconds
Number of updated asset objects reloaded before import = 0
Number of asset objects unloaded after import = 3
========================================================================
Received Import Request.
  Time since last request: 0.000016 seconds.
  path: Assets/Resources/近卫兵_攻击.anim
  artifactKey: Guid(f361209f191149f983156b2001223ed5) Importer(2089858483,0ecaa5967403d082aa24f35e1b516d23)
Start importing Assets/Resources/近卫兵_攻击.anim using Guid(f361209f191149f983156b2001223ed5) Importer(2089858483,0ecaa5967403d082aa24f35e1b516d23) [PhysX] Initialized MultithreadedTaskDispatcher with 20 workers.
 -> (artifact id: 'ba0bacb656ad00f2cff7fb2593941dfb') in 0.004028 seconds
Number of updated asset objects reloaded before import = 0
Number of asset objects unloaded after import = 1
========================================================================
Received Import Request.
  Time since last request: 0.000015 seconds.
  path: Assets/Resources/重骑兵_走.anim
  artifactKey: Guid(60dc001fc62b408eaf3a4c5240acfccd) Importer(2089858483,0ecaa5967403d082aa24f35e1b516d23)
Start importing Assets/Resources/重骑兵_走.anim using Guid(60dc001fc62b408eaf3a4c5240acfccd) Importer(2089858483,0ecaa5967403d082aa24f35e1b516d23) [PhysX] Initialized MultithreadedTaskDispatcher with 20 workers.
 -> (artifact id: 'c0df04771b1f1d4a8df7e854068426d2') in 0.004100 seconds
Number of updated asset objects reloaded before import = 0
Number of asset objects unloaded after import = 1
========================================================================
Received Import Request.
  Time since last request: 0.000015 seconds.
  path: Assets/Resources/7530.dat.png
  artifactKey: Guid(32d7e20e24a146a58858e17bf881f618) Importer(2089858483,0ecaa5967403d082aa24f35e1b516d23)
Start importing Assets/Resources/7530.dat.png using Guid(32d7e20e24a146a58858e17bf881f618) Importer(2089858483,0ecaa5967403d082aa24f35e1b516d23) [PhysX] Initialized MultithreadedTaskDispatcher with 20 workers.
 -> (artifact id: '5113a5b92045cf070601f5837f69cd71') in 0.007489 seconds
Number of updated asset objects reloaded before import = 0
Number of asset objects unloaded after import = 3
========================================================================
Received Import Request.
  Time since last request: 0.000014 seconds.
  path: Assets/Resources/7526.dat.asset
  artifactKey: Guid(c40faeb00577432ba85d5290d587430b) Importer(2089858483,0ecaa5967403d082aa24f35e1b516d23)
Start importing Assets/Resources/7526.dat.asset using Guid(c40faeb00577432ba85d5290d587430b) Importer(2089858483,0ecaa5967403d082aa24f35e1b516d23) [PhysX] Initialized MultithreadedTaskDispatcher with 20 workers.
 -> (artifact id: 'b42f7c744de334e76ae491a102b741dd') in 0.003815 seconds
Number of updated asset objects reloaded before import = 0
Number of asset objects unloaded after import = 3
========================================================================
Received Import Request.
  Time since last request: 0.000014 seconds.
  path: Assets/Resources/强弩兵_等待.anim
  artifactKey: Guid(0eddda958977426ab2bdceaf8992dad7) Importer(2089858483,0ecaa5967403d082aa24f35e1b516d23)
Start importing Assets/Resources/强弩兵_等待.anim using Guid(0eddda958977426ab2bdceaf8992dad7) Importer(2089858483,0ecaa5967403d082aa24f35e1b516d23) [PhysX] Initialized MultithreadedTaskDispatcher with 20 workers.
 -> (artifact id: '30e4e60d98505b2b1222415f36bc9e0a') in 0.003098 seconds
Number of updated asset objects reloaded before import = 0
Number of asset objects unloaded after import = 1
========================================================================
Received Import Request.
  Time since last request: 0.000012 seconds.
  path: Assets/Resources/轻步兵_等待.anim
  artifactKey: Guid(03a79164f62f42878523b12f2adbc7bc) Importer(2089858483,0ecaa5967403d082aa24f35e1b516d23)
Start importing Assets/Resources/轻步兵_等待.anim using Guid(03a79164f62f42878523b12f2adbc7bc) Importer(2089858483,0ecaa5967403d082aa24f35e1b516d23) [PhysX] Initialized MultithreadedTaskDispatcher with 20 workers.
 -> (artifact id: 'f1d7c5004ba6a8381f330d92e72d7e17') in 0.003470 seconds
Number of updated asset objects reloaded before import = 0
Number of asset objects unloaded after import = 1
========================================================================
Received Import Request.
  Time since last request: 0.000012 seconds.
  path: Assets/Resources/7507.dat.png
  artifactKey: Guid(03a9da57091046a990fe3384b5b14c77) Importer(2089858483,0ecaa5967403d082aa24f35e1b516d23)
Start importing Assets/Resources/7507.dat.png using Guid(03a9da57091046a990fe3384b5b14c77) Importer(2089858483,0ecaa5967403d082aa24f35e1b516d23) [PhysX] Initialized MultithreadedTaskDispatcher with 20 workers.
 -> (artifact id: '2ade656f578e7f0b2b2e96eb9f950fa6') in 0.028362 seconds
Number of updated asset objects reloaded before import = 0
Number of asset objects unloaded after import = 3
========================================================================
Received Import Request.
  Time since last request: 0.000019 seconds.
  path: Assets/Scripts/显示商城列表.cs
  artifactKey: Guid(a02a5a67779af3abab6247cf43e03b63) Importer(2089858483,0ecaa5967403d082aa24f35e1b516d23)
Start importing Assets/Scripts/显示商城列表.cs using Guid(a02a5a67779af3abab6247cf43e03b63) Importer(2089858483,0ecaa5967403d082aa24f35e1b516d23) [PhysX] Initialized MultithreadedTaskDispatcher with 20 workers.
 -> (artifact id: 'b569395f2f3c57263efefac6d234cd2e') in 0.002692 seconds
Number of updated asset objects reloaded before import = 0
Number of asset objects unloaded after import = 1
========================================================================
Received Import Request.
  Time since last request: 0.000014 seconds.
  path: Assets/Resources/弩车_死亡.anim
  artifactKey: Guid(66eba4dc16344087872cf8e20091af7d) Importer(2089858483,0ecaa5967403d082aa24f35e1b516d23)
Start importing Assets/Resources/弩车_死亡.anim using Guid(66eba4dc16344087872cf8e20091af7d) Importer(2089858483,0ecaa5967403d082aa24f35e1b516d23) [PhysX] Initialized MultithreadedTaskDispatcher with 20 workers.
 -> (artifact id: 'b144dcc383149dfbbce7b58672e70b58') in 0.003859 seconds
Number of updated asset objects reloaded before import = 0
Number of asset objects unloaded after import = 1
========================================================================
Received Import Request.
  Time since last request: 0.000011 seconds.
  path: Assets/Resources/7539.dat.asset
  artifactKey: Guid(45b58eb939dc4d9cb7313f4be9672531) Importer(2089858483,0ecaa5967403d082aa24f35e1b516d23)
Start importing Assets/Resources/7539.dat.asset using Guid(45b58eb939dc4d9cb7313f4be9672531) Importer(2089858483,0ecaa5967403d082aa24f35e1b516d23) [PhysX] Initialized MultithreadedTaskDispatcher with 20 workers.
 -> (artifact id: '0188eda9ba0cfc8522d8f3bde33c267c') in 0.004003 seconds
Number of updated asset objects reloaded before import = 0
Number of asset objects unloaded after import = 3
========================================================================
Received Import Request.
  Time since last request: 0.000011 seconds.
  path: Assets/Resources/7514.dat.asset
  artifactKey: Guid(9a516eec0b564760827cc9d615d58837) Importer(2089858483,0ecaa5967403d082aa24f35e1b516d23)
Start importing Assets/Resources/7514.dat.asset using Guid(9a516eec0b564760827cc9d615d58837) Importer(2089858483,0ecaa5967403d082aa24f35e1b516d23) [PhysX] Initialized MultithreadedTaskDispatcher with 20 workers.
 -> (artifact id: '6a6f0147fe9e960f09708a283a12aa89') in 0.003683 seconds
Number of updated asset objects reloaded before import = 0
Number of asset objects unloaded after import = 3
========================================================================
Received Import Request.
  Time since last request: 0.000014 seconds.
  path: Assets/Scripts/全局方法类.cs
  artifactKey: Guid(10fc66d0e0f612716c0bf603e975dde7) Importer(2089858483,0ecaa5967403d082aa24f35e1b516d23)
Start importing Assets/Scripts/全局方法类.cs using Guid(10fc66d0e0f612716c0bf603e975dde7) Importer(2089858483,0ecaa5967403d082aa24f35e1b516d23) [PhysX] Initialized MultithreadedTaskDispatcher with 20 workers.
 -> (artifact id: '23920de6772cdfb6a70255156182abf7') in 0.002748 seconds
Number of updated asset objects reloaded before import = 0
Number of asset objects unloaded after import = 1
========================================================================
Received Import Request.
  Time since last request: 0.000014 seconds.
  path: Assets/Resources/7559.dat.png
  artifactKey: Guid(e83618b8a3474a7ea2a48a6f016f1d39) Importer(2089858483,0ecaa5967403d082aa24f35e1b516d23)
Start importing Assets/Resources/7559.dat.png using Guid(e83618b8a3474a7ea2a48a6f016f1d39) Importer(2089858483,0ecaa5967403d082aa24f35e1b516d23) [PhysX] Initialized MultithreadedTaskDispatcher with 20 workers.
 -> (artifact id: 'da79f9842df1f88e6cdc533bc9e95aa8') in 0.014222 seconds
Number of updated asset objects reloaded before import = 0
Number of asset objects unloaded after import = 3
========================================================================
Received Import Request.
  Time since last request: 0.000023 seconds.
  path: Assets/Resources/重骑兵_死亡.anim
  artifactKey: Guid(8ba36f31545f4b129ec155dcfb29dd61) Importer(2089858483,0ecaa5967403d082aa24f35e1b516d23)
Start importing Assets/Resources/重骑兵_死亡.anim using Guid(8ba36f31545f4b129ec155dcfb29dd61) Importer(2089858483,0ecaa5967403d082aa24f35e1b516d23) [PhysX] Initialized MultithreadedTaskDispatcher with 20 workers.
 -> (artifact id: '5dcce78dcb0a96011cd9629635d94fd5') in 0.003668 seconds
Number of updated asset objects reloaded before import = 0
Number of asset objects unloaded after import = 1
========================================================================
Received Import Request.
  Time since last request: 0.000013 seconds.
  path: Assets/Resources/7492.dat.asset
  artifactKey: Guid(65fc598296ff49cd9971bf4110e739e4) Importer(2089858483,0ecaa5967403d082aa24f35e1b516d23)
Start importing Assets/Resources/7492.dat.asset using Guid(65fc598296ff49cd9971bf4110e739e4) Importer(2089858483,0ecaa5967403d082aa24f35e1b516d23) [PhysX] Initialized MultithreadedTaskDispatcher with 20 workers.
 -> (artifact id: '379d31cc78bc8f37bb15082e9c28a146') in 0.003733 seconds
Number of updated asset objects reloaded before import = 0
Number of asset objects unloaded after import = 3
========================================================================
Received Import Request.
  Time since last request: 0.000012 seconds.
  path: Assets/Resources/7510.dat.png
  artifactKey: Guid(abffe5b6ec964bf8a71d372aaf80c342) Importer(2089858483,0ecaa5967403d082aa24f35e1b516d23)
Start importing Assets/Resources/7510.dat.png using Guid(abffe5b6ec964bf8a71d372aaf80c342) Importer(2089858483,0ecaa5967403d082aa24f35e1b516d23) [PhysX] Initialized MultithreadedTaskDispatcher with 20 workers.
 -> (artifact id: 'a68f2d06eaec93d22b1d669b09653d1a') in 0.007042 seconds
Number of updated asset objects reloaded before import = 0
Number of asset objects unloaded after import = 3
========================================================================
Received Import Request.
  Time since last request: 0.000021 seconds.
  path: Assets/Resources/7496.dat.asset
  artifactKey: Guid(77d1adcc37d348b2b1f99f15c5668faa) Importer(2089858483,0ecaa5967403d082aa24f35e1b516d23)
Start importing Assets/Resources/7496.dat.asset using Guid(77d1adcc37d348b2b1f99f15c5668faa) Importer(2089858483,0ecaa5967403d082aa24f35e1b516d23) [PhysX] Initialized MultithreadedTaskDispatcher with 20 workers.
 -> (artifact id: 'a7ad2e39e438c14f6ec759acb88f2189') in 0.003549 seconds
Number of updated asset objects reloaded before import = 0
Number of asset objects unloaded after import = 3
========================================================================
Received Import Request.
  Time since last request: 0.000013 seconds.
  path: Assets/Scripts/打开城池脚本.cs
  artifactKey: Guid(011a1287540c3686063d02d0919edf84) Importer(2089858483,0ecaa5967403d082aa24f35e1b516d23)
Start importing Assets/Scripts/打开城池脚本.cs using Guid(011a1287540c3686063d02d0919edf84) Importer(2089858483,0ecaa5967403d082aa24f35e1b516d23) [PhysX] Initialized MultithreadedTaskDispatcher with 20 workers.
 -> (artifact id: 'a940a25374939e5e2e23d3e14725452c') in 0.002514 seconds
Number of updated asset objects reloaded before import = 0
Number of asset objects unloaded after import = 1
========================================================================
Received Import Request.
  Time since last request: 0.000014 seconds.
  path: Assets/Resources/城池起火.controller
  artifactKey: Guid(44c3cf6869da47ed868c5e5ee14b8989) Importer(2089858483,0ecaa5967403d082aa24f35e1b516d23)
Start importing Assets/Resources/城池起火.controller using Guid(44c3cf6869da47ed868c5e5ee14b8989) Importer(2089858483,0ecaa5967403d082aa24f35e1b516d23) [PhysX] Initialized MultithreadedTaskDispatcher with 20 workers.
 -> (artifact id: '66a717955aacff6e4c48f54aa4ad1ed2') in 0.002865 seconds
Number of updated asset objects reloaded before import = 0
Number of asset objects unloaded after import = 4
========================================================================
Received Import Request.
  Time since last request: 0.000011 seconds.
  path: Assets/Scripts/显示建国城池列表.cs
  artifactKey: Guid(55b794c7a766ea3250617875ea0f8d12) Importer(2089858483,0ecaa5967403d082aa24f35e1b516d23)
Start importing Assets/Scripts/显示建国城池列表.cs using Guid(55b794c7a766ea3250617875ea0f8d12) Importer(2089858483,0ecaa5967403d082aa24f35e1b516d23) [PhysX] Initialized MultithreadedTaskDispatcher with 20 workers.
 -> (artifact id: '87efae853e700771779bb32369b5cd89') in 0.011215 seconds
Number of updated asset objects reloaded before import = 0
Number of asset objects unloaded after import = 1
========================================================================
Received Import Request.
  Time since last request: 0.000027 seconds.
  path: Assets/Resources/7539.dat.png
  artifactKey: Guid(a49f71427c634145aaadbff2501d0211) Importer(2089858483,0ecaa5967403d082aa24f35e1b516d23)
Start importing Assets/Resources/7539.dat.png using Guid(a49f71427c634145aaadbff2501d0211) Importer(2089858483,0ecaa5967403d082aa24f35e1b516d23) [PhysX] Initialized MultithreadedTaskDispatcher with 20 workers.
 -> (artifact id: '216485608d1e4f41eb0ac0b160ed9a1b') in 0.010306 seconds
Number of updated asset objects reloaded before import = 0
Number of asset objects unloaded after import = 3
========================================================================
Received Import Request.
  Time since last request: 0.000015 seconds.
  path: Assets/Resources/弩兵_死亡.anim
  artifactKey: Guid(59c4a8bcbc6b474dbcb09285eef1e6d2) Importer(2089858483,0ecaa5967403d082aa24f35e1b516d23)
Start importing Assets/Resources/弩兵_死亡.anim using Guid(59c4a8bcbc6b474dbcb09285eef1e6d2) Importer(2089858483,0ecaa5967403d082aa24f35e1b516d23) [PhysX] Initialized MultithreadedTaskDispatcher with 20 workers.
 -> (artifact id: 'fb98600144298acba37e190491932832') in 0.003699 seconds
Number of updated asset objects reloaded before import = 0
Number of asset objects unloaded after import = 1
========================================================================
Received Import Request.
  Time since last request: 0.000012 seconds.
  path: Assets/Scripts/商品属性类.cs
  artifactKey: Guid(ce92f1d06b2eca303e091c2ec6605b0f) Importer(2089858483,0ecaa5967403d082aa24f35e1b516d23)
Start importing Assets/Scripts/商品属性类.cs using Guid(ce92f1d06b2eca303e091c2ec6605b0f) Importer(2089858483,0ecaa5967403d082aa24f35e1b516d23) [PhysX] Initialized MultithreadedTaskDispatcher with 20 workers.
 -> (artifact id: '1c46c1441694d11f0c8ffa243fdcc603') in 0.002831 seconds
Number of updated asset objects reloaded before import = 0
Number of asset objects unloaded after import = 1
========================================================================
Received Import Request.
  Time since last request: 0.000034 seconds.
  path: Assets/Scripts/将领改名脚本.cs
  artifactKey: Guid(ea7147bef1fb25f5646a302bb996bff9) Importer(2089858483,0ecaa5967403d082aa24f35e1b516d23)
Start importing Assets/Scripts/将领改名脚本.cs using Guid(ea7147bef1fb25f5646a302bb996bff9) Importer(2089858483,0ecaa5967403d082aa24f35e1b516d23) [PhysX] Initialized MultithreadedTaskDispatcher with 20 workers.
 -> (artifact id: 'bf7da6f90c0db2c289ef9f96eb9eb009') in 0.012992 seconds
Number of updated asset objects reloaded before import = 0
Number of asset objects unloaded after import = 1
========================================================================
Received Import Request.
  Time since last request: 0.000018 seconds.
  path: Assets/Scripts/伤害显示.cs
  artifactKey: Guid(373f5e4ff9c8a51d4c19fdf66c6546e6) Importer(2089858483,0ecaa5967403d082aa24f35e1b516d23)
Start importing Assets/Scripts/伤害显示.cs using Guid(373f5e4ff9c8a51d4c19fdf66c6546e6) Importer(2089858483,0ecaa5967403d082aa24f35e1b516d23) [PhysX] Initialized MultithreadedTaskDispatcher with 20 workers.
 -> (artifact id: '7e36b62f520cf9988ae292b77b222751') in 0.003509 seconds
Number of updated asset objects reloaded before import = 0
Number of asset objects unloaded after import = 1
========================================================================
Received Import Request.
  Time since last request: 0.000014 seconds.
  path: Assets/Resources/轻步兵动画.controller
  artifactKey: Guid(6a49afe09fd948528a4c47844f75707d) Importer(2089858483,0ecaa5967403d082aa24f35e1b516d23)
Start importing Assets/Resources/轻步兵动画.controller using Guid(6a49afe09fd948528a4c47844f75707d) Importer(2089858483,0ecaa5967403d082aa24f35e1b516d23) [PhysX] Initialized MultithreadedTaskDispatcher with 20 workers.
 -> (artifact id: '9c80ba275bb634a94af0d97369f8dfdc') in 0.004157 seconds
Number of updated asset objects reloaded before import = 0
Number of asset objects unloaded after import = 20
========================================================================
Received Import Request.
  Time since last request: 0.000014 seconds.
  path: Assets/Resources/7487.dat.asset
  artifactKey: Guid(66509e15e2654a7a86eb7d921e8af32c) Importer(2089858483,0ecaa5967403d082aa24f35e1b516d23)
Start importing Assets/Resources/7487.dat.asset using Guid(66509e15e2654a7a86eb7d921e8af32c) Importer(2089858483,0ecaa5967403d082aa24f35e1b516d23) [PhysX] Initialized MultithreadedTaskDispatcher with 20 workers.
 -> (artifact id: '3aa3929462d42bb5543955cde74dac2c') in 0.017999 seconds
Number of updated asset objects reloaded before import = 0
Number of asset objects unloaded after import = 3
========================================================================
Received Import Request.
  Time since last request: 0.000019 seconds.
  path: Assets/Resources/7528.dat.png
  artifactKey: Guid(fa98df2504a746508c01853d9390b50a) Importer(2089858483,0ecaa5967403d082aa24f35e1b516d23)
Start importing Assets/Resources/7528.dat.png using Guid(fa98df2504a746508c01853d9390b50a) Importer(2089858483,0ecaa5967403d082aa24f35e1b516d23) [PhysX] Initialized MultithreadedTaskDispatcher with 20 workers.
 -> (artifact id: 'a943665d672bc9124a1444bab8ddfb39') in 0.007950 seconds
Number of updated asset objects reloaded before import = 0
Number of asset objects unloaded after import = 3
========================================================================
Received Import Request.
  Time since last request: 0.000017 seconds.
  path: Assets/Resources/7558.dat.asset
  artifactKey: Guid(6afa37a9dfc84af7a472304d9f800bdc) Importer(2089858483,0ecaa5967403d082aa24f35e1b516d23)
Start importing Assets/Resources/7558.dat.asset using Guid(6afa37a9dfc84af7a472304d9f800bdc) Importer(2089858483,0ecaa5967403d082aa24f35e1b516d23) [PhysX] Initialized MultithreadedTaskDispatcher with 20 workers.
 -> (artifact id: 'fce71f9b94461abc9a7b186579c4d8ac') in 0.003631 seconds
Number of updated asset objects reloaded before import = 0
Number of asset objects unloaded after import = 3
========================================================================
Received Import Request.
  Time since last request: 0.000012 seconds.
  path: Assets/Resources/重弩车_攻击.anim
  artifactKey: Guid(d553e1517a254cf2a10c4d7dbf6a4626) Importer(2089858483,0ecaa5967403d082aa24f35e1b516d23)
Start importing Assets/Resources/重弩车_攻击.anim using Guid(d553e1517a254cf2a10c4d7dbf6a4626) Importer(2089858483,0ecaa5967403d082aa24f35e1b516d23) [PhysX] Initialized MultithreadedTaskDispatcher with 20 workers.
 -> (artifact id: 'dc10a469db28104c412ef58851469ec8') in 0.003180 seconds
Number of updated asset objects reloaded before import = 0
Number of asset objects unloaded after import = 1
========================================================================
Received Import Request.
  Time since last request: 0.000018 seconds.
  path: Assets/Resources/7531.dat.png
  artifactKey: Guid(c955a0782be44616aac03b7cd93032b7) Importer(2089858483,0ecaa5967403d082aa24f35e1b516d23)
Start importing Assets/Resources/7531.dat.png using Guid(c955a0782be44616aac03b7cd93032b7) Importer(2089858483,0ecaa5967403d082aa24f35e1b516d23) [PhysX] Initialized MultithreadedTaskDispatcher with 20 workers.
 -> (artifact id: 'ad79d591a9f11be7e80120769967be38') in 0.007533 seconds
Number of updated asset objects reloaded before import = 0
Number of asset objects unloaded after import = 3
========================================================================
Received Import Request.
  Time since last request: 0.000015 seconds.
  path: Assets/Resources/7534.dat.asset
  artifactKey: Guid(ff91e91fdd8f46e8bf9419ff46e827fb) Importer(2089858483,0ecaa5967403d082aa24f35e1b516d23)
Start importing Assets/Resources/7534.dat.asset using Guid(ff91e91fdd8f46e8bf9419ff46e827fb) Importer(2089858483,0ecaa5967403d082aa24f35e1b516d23) [PhysX] Initialized MultithreadedTaskDispatcher with 20 workers.
 -> (artifact id: '4d158ee0f9ad948e04adaf0e4a228b98') in 0.035406 seconds
Number of updated asset objects reloaded before import = 0
Number of asset objects unloaded after import = 3
========================================================================
Received Import Request.
  Time since last request: 0.000056 seconds.
  path: Assets/Resources/将领_红星.png
  artifactKey: Guid(4004d31dd7a54d92bdd3684ec2addac0) Importer(2089858483,0ecaa5967403d082aa24f35e1b516d23)
Start importing Assets/Resources/将领_红星.png using Guid(4004d31dd7a54d92bdd3684ec2addac0) Importer(2089858483,0ecaa5967403d082aa24f35e1b516d23) [PhysX] Initialized MultithreadedTaskDispatcher with 20 workers.
 -> (artifact id: '17697127a5e383a6f43b4b1ea8889689') in 0.008119 seconds
Number of updated asset objects reloaded before import = 0
Number of asset objects unloaded after import = 3
========================================================================
Received Import Request.
  Time since last request: 0.000067 seconds.
  path: Assets/Scripts/市场脚本.cs
  artifactKey: Guid(7e7ef272bb6739f4862fff623578d586) Importer(2089858483,0ecaa5967403d082aa24f35e1b516d23)
Start importing Assets/Scripts/市场脚本.cs using Guid(7e7ef272bb6739f4862fff623578d586) Importer(2089858483,0ecaa5967403d082aa24f35e1b516d23) [PhysX] Initialized MultithreadedTaskDispatcher with 20 workers.
 -> (artifact id: 'c0fc5f6f14547568be547607de7bcdae') in 0.002630 seconds
Number of updated asset objects reloaded before import = 0
Number of asset objects unloaded after import = 1
========================================================================
Received Import Request.
  Time since last request: 0.000012 seconds.
  path: Assets/Resources/铁骑兵_攻击.anim
  artifactKey: Guid(d5053506d6794c8dbb2a868db6227aaf) Importer(2089858483,0ecaa5967403d082aa24f35e1b516d23)
Start importing Assets/Resources/铁骑兵_攻击.anim using Guid(d5053506d6794c8dbb2a868db6227aaf) Importer(2089858483,0ecaa5967403d082aa24f35e1b516d23) [PhysX] Initialized MultithreadedTaskDispatcher with 20 workers.
 -> (artifact id: '1c7b1eea26a9c2d19ee573d605eea09c') in 0.005396 seconds
Number of updated asset objects reloaded before import = 0
Number of asset objects unloaded after import = 1
========================================================================
Received Import Request.
  Time since last request: 0.000011 seconds.
  path: Assets/Scripts/初始化脚本.cs
  artifactKey: Guid(ccab33a15c4a0b36050cca123594118c) Importer(2089858483,0ecaa5967403d082aa24f35e1b516d23)
Start importing Assets/Scripts/初始化脚本.cs using Guid(ccab33a15c4a0b36050cca123594118c) Importer(2089858483,0ecaa5967403d082aa24f35e1b516d23) [PhysX] Initialized MultithreadedTaskDispatcher with 20 workers.
 -> (artifact id: '56f9935fd5125b667e4272ff57ec9117') in 0.002244 seconds
Number of updated asset objects reloaded before import = 0
Number of asset objects unloaded after import = 1
========================================================================
Received Import Request.
  Time since last request: 0.000011 seconds.
  path: Assets/Resources/7534.dat.png
  artifactKey: Guid(56db761790584f408e2979bbda90762b) Importer(2089858483,0ecaa5967403d082aa24f35e1b516d23)
Start importing Assets/Resources/7534.dat.png using Guid(56db761790584f408e2979bbda90762b) Importer(2089858483,0ecaa5967403d082aa24f35e1b516d23) [PhysX] Initialized MultithreadedTaskDispatcher with 20 workers.
 -> (artifact id: 'd9255b01e54519fe81c9967aaecfbb11') in 0.006734 seconds
Number of updated asset objects reloaded before import = 0
Number of asset objects unloaded after import = 3
========================================================================
Received Import Request.
  Time since last request: 0.000012 seconds.
  path: Assets/Resources/7518.dat.png
  artifactKey: Guid(fb2464e015904eb7acee366f3af188b1) Importer(2089858483,0ecaa5967403d082aa24f35e1b516d23)
Start importing Assets/Resources/7518.dat.png using Guid(fb2464e015904eb7acee366f3af188b1) Importer(2089858483,0ecaa5967403d082aa24f35e1b516d23) [PhysX] Initialized MultithreadedTaskDispatcher with 20 workers.
 -> (artifact id: 'c6f5111313e0ef1a9f5d684e11a75a9f') in 0.007572 seconds
Number of updated asset objects reloaded before import = 0
Number of asset objects unloaded after import = 3
========================================================================
Received Import Request.
  Time since last request: 0.000014 seconds.
  path: Assets/Scripts/兵种克制.cs
  artifactKey: Guid(565a4036c71bf35e7d7d19abecd09b4e) Importer(2089858483,0ecaa5967403d082aa24f35e1b516d23)
Start importing Assets/Scripts/兵种克制.cs using Guid(565a4036c71bf35e7d7d19abecd09b4e) Importer(2089858483,0ecaa5967403d082aa24f35e1b516d23) [PhysX] Initialized MultithreadedTaskDispatcher with 20 workers.
 -> (artifact id: 'bbf0c90c4871077da29d47c813cbefcb') in 0.002502 seconds
Number of updated asset objects reloaded before import = 0
Number of asset objects unloaded after import = 1
========================================================================
Received Import Request.
  Time since last request: 0.000012 seconds.
  path: Assets/Resources/攻击进度条.png
  artifactKey: Guid(084b21dab7114a4299245ea9834b8dde) Importer(2089858483,0ecaa5967403d082aa24f35e1b516d23)
Start importing Assets/Resources/攻击进度条.png using Guid(084b21dab7114a4299245ea9834b8dde) Importer(2089858483,0ecaa5967403d082aa24f35e1b516d23) [PhysX] Initialized MultithreadedTaskDispatcher with 20 workers.
 -> (artifact id: '034efec02778be6ca48e7fb22cbb9493') in 0.008951 seconds
Number of updated asset objects reloaded before import = 0
Number of asset objects unloaded after import = 3
========================================================================
Received Import Request.
  Time since last request: 0.000015 seconds.
  path: Assets/Resources/8126.dat.png
  artifactKey: Guid(4b99c12069e541ae9bedf09975f2f14c) Importer(2089858483,0ecaa5967403d082aa24f35e1b516d23)
Start importing Assets/Resources/8126.dat.png using Guid(4b99c12069e541ae9bedf09975f2f14c) Importer(2089858483,0ecaa5967403d082aa24f35e1b516d23) [PhysX] Initialized MultithreadedTaskDispatcher with 20 workers.
 -> (artifact id: '3f25d02c7194c2939ff8fdb3e0ed8f95') in 0.006344 seconds
Number of updated asset objects reloaded before import = 0
Number of asset objects unloaded after import = 3
========================================================================
Received Import Request.
  Time since last request: 0.000057 seconds.
  path: Assets/Resources/重步兵动画.controller
  artifactKey: Guid(c9ea34852d2947a2966a83be71139e1a) Importer(2089858483,0ecaa5967403d082aa24f35e1b516d23)
Start importing Assets/Resources/重步兵动画.controller using Guid(c9ea34852d2947a2966a83be71139e1a) Importer(2089858483,0ecaa5967403d082aa24f35e1b516d23) [PhysX] Initialized MultithreadedTaskDispatcher with 20 workers.
 -> (artifact id: 'f86f55bdcd48262ffbdaa76fd774c926') in 0.005998 seconds
Number of updated asset objects reloaded before import = 0
Number of asset objects unloaded after import = 20
========================================================================
Received Import Request.
  Time since last request: 0.000015 seconds.
  path: Assets/Resources/主界面_铜钱数字.png
  artifactKey: Guid(ca9e893326974af08963334aa274683d) Importer(2089858483,0ecaa5967403d082aa24f35e1b516d23)
Start importing Assets/Resources/主界面_铜钱数字.png using Guid(ca9e893326974af08963334aa274683d) Importer(2089858483,0ecaa5967403d082aa24f35e1b516d23) [PhysX] Initialized MultithreadedTaskDispatcher with 20 workers.
 -> (artifact id: 'c9148f19d0a2e589f1e46f226f46d115') in 0.017211 seconds
Number of updated asset objects reloaded before import = 0
Number of asset objects unloaded after import = 16
========================================================================
Received Import Request.
  Time since last request: 0.000016 seconds.
  path: Assets/Resources/7557.dat.png
  artifactKey: Guid(a4fccbca44914569861c7e0f183d4245) Importer(2089858483,0ecaa5967403d082aa24f35e1b516d23)
Start importing Assets/Resources/7557.dat.png using Guid(a4fccbca44914569861c7e0f183d4245) Importer(2089858483,0ecaa5967403d082aa24f35e1b516d23) [PhysX] Initialized MultithreadedTaskDispatcher with 20 workers.
 -> (artifact id: '9dafdad7c99dc58c3014d0a5320f6cbb') in 0.007779 seconds
Number of updated asset objects reloaded before import = 0
Number of asset objects unloaded after import = 3
========================================================================
Received Import Request.
  Time since last request: 0.000024 seconds.
  path: Assets/Resources/7527.dat.png
  artifactKey: Guid(0f2f816811c64f4d9896868dfa4ac950) Importer(2089858483,0ecaa5967403d082aa24f35e1b516d23)
Start importing Assets/Resources/7527.dat.png using Guid(0f2f816811c64f4d9896868dfa4ac950) Importer(2089858483,0ecaa5967403d082aa24f35e1b516d23) [PhysX] Initialized MultithreadedTaskDispatcher with 20 workers.
 -> (artifact id: 'cff09ed2e5315d747893107bdfada4d7') in 0.006995 seconds
Number of updated asset objects reloaded before import = 0
Number of asset objects unloaded after import = 3
========================================================================
Received Import Request.
  Time since last request: 0.000015 seconds.
  path: Assets/Resources/7494.dat.asset
  artifactKey: Guid(138c4435b47543d1a29dacc864a83112) Importer(2089858483,0ecaa5967403d082aa24f35e1b516d23)
Start importing Assets/Resources/7494.dat.asset using Guid(138c4435b47543d1a29dacc864a83112) Importer(2089858483,0ecaa5967403d082aa24f35e1b516d23) [PhysX] Initialized MultithreadedTaskDispatcher with 20 workers.
 -> (artifact id: 'd50b770916a8db9b3564510b3798114c') in 0.004330 seconds
Number of updated asset objects reloaded before import = 0
Number of asset objects unloaded after import = 3
========================================================================
Received Import Request.
  Time since last request: 0.000012 seconds.
  path: Assets/Resources/7537.dat.asset
  artifactKey: Guid(2c58981a5006475683a640e62cb4540d) Importer(2089858483,0ecaa5967403d082aa24f35e1b516d23)
Start importing Assets/Resources/7537.dat.asset using Guid(2c58981a5006475683a640e62cb4540d) Importer(2089858483,0ecaa5967403d082aa24f35e1b516d23) [PhysX] Initialized MultithreadedTaskDispatcher with 20 workers.
 -> (artifact id: 'b357ecd645034d0368946b6b58cb145a') in 0.004096 seconds
Number of updated asset objects reloaded before import = 0
Number of asset objects unloaded after import = 3
========================================================================
Received Import Request.
  Time since last request: 0.000014 seconds.
  path: Assets/Resources/7493.dat.asset
  artifactKey: Guid(65569634c1bf4d17ac09f2128b4db7e2) Importer(2089858483,0ecaa5967403d082aa24f35e1b516d23)
Start importing Assets/Resources/7493.dat.asset using Guid(65569634c1bf4d17ac09f2128b4db7e2) Importer(2089858483,0ecaa5967403d082aa24f35e1b516d23) [PhysX] Initialized MultithreadedTaskDispatcher with 20 workers.
 -> (artifact id: '7bdcd9078a265e2402e7cfb0dc7c7e87') in 0.003508 seconds
Number of updated asset objects reloaded before import = 0
Number of asset objects unloaded after import = 3
========================================================================
Received Import Request.
  Time since last request: 0.000012 seconds.
  path: Assets/Scripts/将领功能.cs
  artifactKey: Guid(f69cc9841c98f4ab0b8a93ccef88b6d1) Importer(2089858483,0ecaa5967403d082aa24f35e1b516d23)
Start importing Assets/Scripts/将领功能.cs using Guid(f69cc9841c98f4ab0b8a93ccef88b6d1) Importer(2089858483,0ecaa5967403d082aa24f35e1b516d23) [PhysX] Initialized MultithreadedTaskDispatcher with 20 workers.
 -> (artifact id: 'c44650bb6bca68a042f4e3918559ac38') in 0.002320 seconds
Number of updated asset objects reloaded before import = 0
Number of asset objects unloaded after import = 1
========================================================================
Received Import Request.
  Time since last request: 0.000009 seconds.
  path: Assets/Resources/弩车动画.controller
  artifactKey: Guid(500675917c704f9ba1372864a7917d5c) Importer(2089858483,0ecaa5967403d082aa24f35e1b516d23)
Start importing Assets/Resources/弩车动画.controller using Guid(500675917c704f9ba1372864a7917d5c) Importer(2089858483,0ecaa5967403d082aa24f35e1b516d23) [PhysX] Initialized MultithreadedTaskDispatcher with 20 workers.
 -> (artifact id: '04bfd5cd566ad1a9d9db6cf5a0bd16e5') in 0.003363 seconds
Number of updated asset objects reloaded before import = 0
Number of asset objects unloaded after import = 16
========================================================================
Received Import Request.
  Time since last request: 0.000010 seconds.
  path: Assets/Resources/重步兵_攻击.anim
  artifactKey: Guid(a9498d3468f747e3ab908ab31a28d159) Importer(2089858483,0ecaa5967403d082aa24f35e1b516d23)
Start importing Assets/Resources/重步兵_攻击.anim using Guid(a9498d3468f747e3ab908ab31a28d159) Importer(2089858483,0ecaa5967403d082aa24f35e1b516d23) [PhysX] Initialized MultithreadedTaskDispatcher with 20 workers.
 -> (artifact id: '27715b2bf3087bba729efe2442832d9b') in 0.002945 seconds
Number of updated asset objects reloaded before import = 0
Number of asset objects unloaded after import = 1
========================================================================
Received Import Request.
  Time since last request: 0.000010 seconds.
  path: Assets/Resources/7558.dat.png
  artifactKey: Guid(b6f797c0d256415aaf29100010a7c742) Importer(2089858483,0ecaa5967403d082aa24f35e1b516d23)
Start importing Assets/Resources/7558.dat.png using Guid(b6f797c0d256415aaf29100010a7c742) Importer(2089858483,0ecaa5967403d082aa24f35e1b516d23) [PhysX] Initialized MultithreadedTaskDispatcher with 20 workers.
 -> (artifact id: 'd7e05ede963ea3471db89e72734a8c97') in 0.012025 seconds
Number of updated asset objects reloaded before import = 0
Number of asset objects unloaded after import = 3
========================================================================
Received Import Request.
  Time since last request: 0.000018 seconds.
  path: Assets/Resources/7511.dat.png
  artifactKey: Guid(43992953b8ca46a0a1ccd68e801afb1b) Importer(2089858483,0ecaa5967403d082aa24f35e1b516d23)
Start importing Assets/Resources/7511.dat.png using Guid(43992953b8ca46a0a1ccd68e801afb1b) Importer(2089858483,0ecaa5967403d082aa24f35e1b516d23) [PhysX] Initialized MultithreadedTaskDispatcher with 20 workers.
 -> (artifact id: '35d131975963c3034d1ec3c8f1ddf1fc') in 0.007836 seconds
Number of updated asset objects reloaded before import = 0
Number of asset objects unloaded after import = 3
========================================================================
Received Import Request.
  Time since last request: 0.000026 seconds.
  path: Assets/Resources/弩兵_走.anim
  artifactKey: Guid(5fe4d61bc4d245d7ac5d63a6b672838f) Importer(2089858483,0ecaa5967403d082aa24f35e1b516d23)
Start importing Assets/Resources/弩兵_走.anim using Guid(5fe4d61bc4d245d7ac5d63a6b672838f) Importer(2089858483,0ecaa5967403d082aa24f35e1b516d23) [PhysX] Initialized MultithreadedTaskDispatcher with 20 workers.
 -> (artifact id: 'de99a2700ba951472d671370a219471f') in 0.003221 seconds
Number of updated asset objects reloaded before import = 0
Number of asset objects unloaded after import = 1
========================================================================
Received Import Request.
  Time since last request: 0.000010 seconds.
  path: Assets/Resources/7536.dat.asset
  artifactKey: Guid(d031c960cf874f7e858e623d3f2e18f9) Importer(2089858483,0ecaa5967403d082aa24f35e1b516d23)
Start importing Assets/Resources/7536.dat.asset using Guid(d031c960cf874f7e858e623d3f2e18f9) Importer(2089858483,0ecaa5967403d082aa24f35e1b516d23) [PhysX] Initialized MultithreadedTaskDispatcher with 20 workers.
 -> (artifact id: '1799ddd9b34c2fad0a146acd4e8ad01f') in 0.003749 seconds
Number of updated asset objects reloaded before import = 0
Number of asset objects unloaded after import = 3
========================================================================
Received Import Request.
  Time since last request: 0.000014 seconds.
  path: Assets/Resources/7489.dat.asset
  artifactKey: Guid(f8cc4f1dc85946f380e3d5696ef48002) Importer(2089858483,0ecaa5967403d082aa24f35e1b516d23)
Start importing Assets/Resources/7489.dat.asset using Guid(f8cc4f1dc85946f380e3d5696ef48002) Importer(2089858483,0ecaa5967403d082aa24f35e1b516d23) [PhysX] Initialized MultithreadedTaskDispatcher with 20 workers.
 -> (artifact id: 'e77b6c7277a66f211a40dbdd506d31a9') in 0.009258 seconds
Number of updated asset objects reloaded before import = 0
Number of asset objects unloaded after import = 3
========================================================================
Received Import Request.
  Time since last request: 0.000019 seconds.
  path: Assets/Resources/重骑兵_等待.anim
  artifactKey: Guid(b6425913eb5346f7b523be610d4f1440) Importer(2089858483,0ecaa5967403d082aa24f35e1b516d23)
Start importing Assets/Resources/重骑兵_等待.anim using Guid(b6425913eb5346f7b523be610d4f1440) Importer(2089858483,0ecaa5967403d082aa24f35e1b516d23) [PhysX] Initialized MultithreadedTaskDispatcher with 20 workers.
 -> (artifact id: '51bc883201e1cda2f0e29fb34bbedc34') in 0.004148 seconds
Number of updated asset objects reloaded before import = 0
Number of asset objects unloaded after import = 1
========================================================================
Received Import Request.
  Time since last request: 0.000011 seconds.
  path: Assets/Scripts/全局城池库.cs
  artifactKey: Guid(c214e7dd875a158cb26670265661464f) Importer(2089858483,0ecaa5967403d082aa24f35e1b516d23)
Start importing Assets/Scripts/全局城池库.cs using Guid(c214e7dd875a158cb26670265661464f) Importer(2089858483,0ecaa5967403d082aa24f35e1b516d23) [PhysX] Initialized MultithreadedTaskDispatcher with 20 workers.
 -> (artifact id: 'a6c5ecfe7c6e3f639abcca66655c2775') in 0.002838 seconds
Number of updated asset objects reloaded before import = 0
Number of asset objects unloaded after import = 1
========================================================================
Received Import Request.
  Time since last request: 0.000030 seconds.
  path: Assets/Resources/Sprites-Mask.mat
  artifactKey: Guid(f08135d7b221485d91787a790e854453) Importer(2089858483,0ecaa5967403d082aa24f35e1b516d23)
Start importing Assets/Resources/Sprites-Mask.mat using Guid(f08135d7b221485d91787a790e854453) Importer(2089858483,0ecaa5967403d082aa24f35e1b516d23) [PhysX] Initialized MultithreadedTaskDispatcher with 20 workers.
 -> (artifact id: '084b6921e10b5407868648e59f4b4a1f') in 0.004205 seconds
Number of updated asset objects reloaded before import = 0
Number of asset objects unloaded after import = 1
========================================================================
Received Import Request.
  Time since last request: 0.000023 seconds.
  path: Assets/Scripts/军情界面脚本.cs
  artifactKey: Guid(8311059b228c2d717bac522288adc76f) Importer(2089858483,0ecaa5967403d082aa24f35e1b516d23)
Start importing Assets/Scripts/军情界面脚本.cs using Guid(8311059b228c2d717bac522288adc76f) Importer(2089858483,0ecaa5967403d082aa24f35e1b516d23) [PhysX] Initialized MultithreadedTaskDispatcher with 20 workers.
 -> (artifact id: 'fe186a16cb933aa6c96c470eff053935') in 0.004274 seconds
Number of updated asset objects reloaded before import = 0
Number of asset objects unloaded after import = 1
========================================================================
Received Import Request.
  Time since last request: 0.000021 seconds.
  path: Assets/Resources/弓兵.controller
  artifactKey: Guid(fa8bdf3279824f32a1d54f37645a8732) Importer(2089858483,0ecaa5967403d082aa24f35e1b516d23)
Start importing Assets/Resources/弓兵.controller using Guid(fa8bdf3279824f32a1d54f37645a8732) Importer(2089858483,0ecaa5967403d082aa24f35e1b516d23) [PhysX] Initialized MultithreadedTaskDispatcher with 20 workers.
 -> (artifact id: 'dd7040e3ce33f43a47341f482e84bb21') in 0.009452 seconds
Number of updated asset objects reloaded before import = 0
Number of asset objects unloaded after import = 20
========================================================================
Received Import Request.
  Time since last request: 0.000015 seconds.
  path: Assets/Scripts/全局建筑库.cs
  artifactKey: Guid(cf7e7b31cf3ea9f39b3a8cbebb2cac45) Importer(2089858483,0ecaa5967403d082aa24f35e1b516d23)
Start importing Assets/Scripts/全局建筑库.cs using Guid(cf7e7b31cf3ea9f39b3a8cbebb2cac45) Importer(2089858483,0ecaa5967403d082aa24f35e1b516d23) [PhysX] Initialized MultithreadedTaskDispatcher with 20 workers.
 -> (artifact id: 'b0f7e9821e7dedfa0fc5edc6ab114e94') in 0.002594 seconds
Number of updated asset objects reloaded before import = 0
Number of asset objects unloaded after import = 1
========================================================================
Received Import Request.
  Time since last request: 0.000013 seconds.
  path: Assets/Scripts/建筑信息库类.cs
  artifactKey: Guid(e633aad1063eab2cd9d2bfda980818ed) Importer(2089858483,0ecaa5967403d082aa24f35e1b516d23)
Start importing Assets/Scripts/建筑信息库类.cs using Guid(e633aad1063eab2cd9d2bfda980818ed) Importer(2089858483,0ecaa5967403d082aa24f35e1b516d23) [PhysX] Initialized MultithreadedTaskDispatcher with 20 workers.
 -> (artifact id: '089d5514d9736cdeae1b046d70d1bc40') in 0.002463 seconds
Number of updated asset objects reloaded before import = 0
Number of asset objects unloaded after import = 1
========================================================================
Received Import Request.
  Time since last request: 0.000012 seconds.
  path: Assets/Resources/7522.dat.asset
  artifactKey: Guid(d8db0971b7f3461e828a26786ad30f57) Importer(2089858483,0ecaa5967403d082aa24f35e1b516d23)
Start importing Assets/Resources/7522.dat.asset using Guid(d8db0971b7f3461e828a26786ad30f57) Importer(2089858483,0ecaa5967403d082aa24f35e1b516d23) [PhysX] Initialized MultithreadedTaskDispatcher with 20 workers.
 -> (artifact id: 'e3a18265f02ad31f005e00d05fe67db0') in 0.003552 seconds
Number of updated asset objects reloaded before import = 0
Number of asset objects unloaded after import = 3
========================================================================
Received Import Request.
  Time since last request: 0.000013 seconds.
  path: Assets/Resources/新伤害数字.ttf
  artifactKey: Guid(750e975748784163a6bcf3fee703ca13) Importer(2089858483,0ecaa5967403d082aa24f35e1b516d23)
Start importing Assets/Resources/新伤害数字.ttf using Guid(750e975748784163a6bcf3fee703ca13) Importer(2089858483,0ecaa5967403d082aa24f35e1b516d23) [PhysX] Initialized MultithreadedTaskDispatcher with 20 workers.
 -> (artifact id: 'df3883a3d0689b56e61f584dc403a018') in 0.003304 seconds
Number of updated asset objects reloaded before import = 0
Number of asset objects unloaded after import = 1
========================================================================
Received Import Request.
  Time since last request: 0.000011 seconds.
  path: Assets/Resources/血条.png
  artifactKey: Guid(0985aa019c15474c966270e8a9a0c3ca) Importer(2089858483,0ecaa5967403d082aa24f35e1b516d23)
Start importing Assets/Resources/血条.png using Guid(0985aa019c15474c966270e8a9a0c3ca) Importer(2089858483,0ecaa5967403d082aa24f35e1b516d23) [PhysX] Initialized MultithreadedTaskDispatcher with 20 workers.
 -> (artifact id: '3dde3a261b9c4d1f61c58ba966384121') in 0.006221 seconds
Number of updated asset objects reloaded before import = 0
Number of asset objects unloaded after import = 3
========================================================================
Received Import Request.
  Time since last request: 0.000013 seconds.
  path: Assets/Resources/7541.dat.png
  artifactKey: Guid(ad5b274c62134baa8730ce1300649000) Importer(2089858483,0ecaa5967403d082aa24f35e1b516d23)
Start importing Assets/Resources/7541.dat.png using Guid(ad5b274c62134baa8730ce1300649000) Importer(2089858483,0ecaa5967403d082aa24f35e1b516d23) [PhysX] Initialized MultithreadedTaskDispatcher with 20 workers.
 -> (artifact id: '4485a097d1cab4200902b71803ad77b1') in 0.007173 seconds
Number of updated asset objects reloaded before import = 0
Number of asset objects unloaded after import = 3
========================================================================
Received Import Request.
  Time since last request: 0.000016 seconds.
  path: Assets/Resources/7504.dat.asset
  artifactKey: Guid(d66aec1dfbd8423b87d6f8d273a7112e) Importer(2089858483,0ecaa5967403d082aa24f35e1b516d23)
Start importing Assets/Resources/7504.dat.asset using Guid(d66aec1dfbd8423b87d6f8d273a7112e) Importer(2089858483,0ecaa5967403d082aa24f35e1b516d23) [PhysX] Initialized MultithreadedTaskDispatcher with 20 workers.
 -> (artifact id: '9a8112627448e78180fef78474632281') in 0.010375 seconds
Number of updated asset objects reloaded before import = 0
Number of asset objects unloaded after import = 3
========================================================================
Received Import Request.
  Time since last request: 0.000017 seconds.
  path: Assets/Resources/重弩车_等待.anim
  artifactKey: Guid(e4ae30ef4be14418bbcd286e11fdd3a0) Importer(2089858483,0ecaa5967403d082aa24f35e1b516d23)
Start importing Assets/Resources/重弩车_等待.anim using Guid(e4ae30ef4be14418bbcd286e11fdd3a0) Importer(2089858483,0ecaa5967403d082aa24f35e1b516d23) [PhysX] Initialized MultithreadedTaskDispatcher with 20 workers.
 -> (artifact id: '8699633afc5e2504dd180ceb6285a980') in 0.004241 seconds
Number of updated asset objects reloaded before import = 0
Number of asset objects unloaded after import = 1
========================================================================
Received Import Request.
  Time since last request: 0.000015 seconds.
  path: Assets/Resources/民兵_走.anim
  artifactKey: Guid(417db0184281451cbda78ab5fc1c34aa) Importer(2089858483,0ecaa5967403d082aa24f35e1b516d23)
Start importing Assets/Resources/民兵_走.anim using Guid(417db0184281451cbda78ab5fc1c34aa) Importer(2089858483,0ecaa5967403d082aa24f35e1b516d23) [PhysX] Initialized MultithreadedTaskDispatcher with 20 workers.
 -> (artifact id: '0eedbb4f51ce9c37282d72be32c6636c') in 0.004731 seconds
Number of updated asset objects reloaded before import = 0
Number of asset objects unloaded after import = 1
========================================================================
Received Import Request.
  Time since last request: 0.000014 seconds.
  path: Assets/Resources/7490.dat.png
  artifactKey: Guid(e40a964cfcc44281bba6d9ddf8dc3f30) Importer(2089858483,0ecaa5967403d082aa24f35e1b516d23)
Start importing Assets/Resources/7490.dat.png using Guid(e40a964cfcc44281bba6d9ddf8dc3f30) Importer(2089858483,0ecaa5967403d082aa24f35e1b516d23) [PhysX] Initialized MultithreadedTaskDispatcher with 20 workers.
 -> (artifact id: 'ce66214c224ab2b1ceb5d8471a94f381') in 0.006733 seconds
Number of updated asset objects reloaded before import = 0
Number of asset objects unloaded after import = 3
========================================================================
Received Import Request.
  Time since last request: 0.000013 seconds.
  path: Assets/Scripts/将领索引信息.cs
  artifactKey: Guid(0a1e04d3ebba99e0a920d32dae3eafcf) Importer(2089858483,0ecaa5967403d082aa24f35e1b516d23)
Start importing Assets/Scripts/将领索引信息.cs using Guid(0a1e04d3ebba99e0a920d32dae3eafcf) Importer(2089858483,0ecaa5967403d082aa24f35e1b516d23) [PhysX] Initialized MultithreadedTaskDispatcher with 20 workers.
 -> (artifact id: 'dcdc01c3a2a4b4541d4f3cf25c018e22') in 0.002494 seconds
Number of updated asset objects reloaded before import = 0
Number of asset objects unloaded after import = 1
========================================================================
Received Import Request.
  Time since last request: 0.000012 seconds.
  path: Assets/Resources/7499.dat.asset
  artifactKey: Guid(a9dba0f450f8483d8d17cca6109ee3e2) Importer(2089858483,0ecaa5967403d082aa24f35e1b516d23)
Start importing Assets/Resources/7499.dat.asset using Guid(a9dba0f450f8483d8d17cca6109ee3e2) Importer(2089858483,0ecaa5967403d082aa24f35e1b516d23) [PhysX] Initialized MultithreadedTaskDispatcher with 20 workers.
 -> (artifact id: 'dd5c260d811769db618823ea6547a7e5') in 0.003579 seconds
Number of updated asset objects reloaded before import = 0
Number of asset objects unloaded after import = 3
========================================================================
Received Import Request.
  Time since last request: 0.000013 seconds.
  path: Assets/Resources/重骑兵_攻击.anim
  artifactKey: Guid(d0478312211f4f3f8bd5043889538425) Importer(2089858483,0ecaa5967403d082aa24f35e1b516d23)
Start importing Assets/Resources/重骑兵_攻击.anim using Guid(d0478312211f4f3f8bd5043889538425) Importer(2089858483,0ecaa5967403d082aa24f35e1b516d23) [PhysX] Initialized MultithreadedTaskDispatcher with 20 workers.
 -> (artifact id: '7504b47a903abfa0737a957c0dfb8978') in 0.004341 seconds
Number of updated asset objects reloaded before import = 0
Number of asset objects unloaded after import = 1
========================================================================
Received Import Request.
  Time since last request: 0.000013 seconds.
  path: Assets/Resources/7503.dat.png
  artifactKey: Guid(53ab8e1a84534247ac33777f101ccaf7) Importer(2089858483,0ecaa5967403d082aa24f35e1b516d23)
Start importing Assets/Resources/7503.dat.png using Guid(53ab8e1a84534247ac33777f101ccaf7) Importer(2089858483,0ecaa5967403d082aa24f35e1b516d23) [PhysX] Initialized MultithreadedTaskDispatcher with 20 workers.
 -> (artifact id: '5443df86d0e761bf05d506c459787919') in 0.006285 seconds
Number of updated asset objects reloaded before import = 0
Number of asset objects unloaded after import = 3
========================================================================
Received Import Request.
  Time since last request: 0.000012 seconds.
  path: Assets/Resources/弓兵_走.anim
  artifactKey: Guid(f8139c6c09ab482d95d85c766a2cd127) Importer(2089858483,0ecaa5967403d082aa24f35e1b516d23)
Start importing Assets/Resources/弓兵_走.anim using Guid(f8139c6c09ab482d95d85c766a2cd127) Importer(2089858483,0ecaa5967403d082aa24f35e1b516d23) [PhysX] Initialized MultithreadedTaskDispatcher with 20 workers.
 -> (artifact id: '3dc48c454cf4cabd94ff95be1dace0e9') in 0.013351 seconds
Number of updated asset objects reloaded before import = 0
Number of asset objects unloaded after import = 1
========================================================================
Received Import Request.
  Time since last request: 0.000012 seconds.
  path: Assets/Resources/7532.dat.png
  artifactKey: Guid(ebca57944bd1419291b56792f0c4ed33) Importer(2089858483,0ecaa5967403d082aa24f35e1b516d23)
Start importing Assets/Resources/7532.dat.png using Guid(ebca57944bd1419291b56792f0c4ed33) Importer(2089858483,0ecaa5967403d082aa24f35e1b516d23) [PhysX] Initialized MultithreadedTaskDispatcher with 20 workers.
 -> (artifact id: 'b499ddf3edaef8ca28f0da92cb71530e') in 0.013033 seconds
Number of updated asset objects reloaded before import = 0
Number of asset objects unloaded after import = 3
========================================================================
Received Import Request.
  Time since last request: 0.000014 seconds.
  path: Assets/Resources/7555.dat.png
  artifactKey: Guid(ec49d86f58a54fb6b417a9546cfdcad2) Importer(2089858483,0ecaa5967403d082aa24f35e1b516d23)
Start importing Assets/Resources/7555.dat.png using Guid(ec49d86f58a54fb6b417a9546cfdcad2) Importer(2089858483,0ecaa5967403d082aa24f35e1b516d23) [PhysX] Initialized MultithreadedTaskDispatcher with 20 workers.
 -> (artifact id: 'f1f845d0f9e72c614b8cd0a32006843e') in 0.008469 seconds
Number of updated asset objects reloaded before import = 0
Number of asset objects unloaded after import = 3
========================================================================
Received Import Request.
  Time since last request: 0.000014 seconds.
  path: Assets/Resources/弩兵_等待.anim
  artifactKey: Guid(74059aa594674ec9ad349b1b0a712ecc) Importer(2089858483,0ecaa5967403d082aa24f35e1b516d23)
Start importing Assets/Resources/弩兵_等待.anim using Guid(74059aa594674ec9ad349b1b0a712ecc) Importer(2089858483,0ecaa5967403d082aa24f35e1b516d23) [PhysX] Initialized MultithreadedTaskDispatcher with 20 workers.
 -> (artifact id: '5e28b518be5168a59d8018e0c317b771') in 0.003766 seconds
Number of updated asset objects reloaded before import = 0
Number of asset objects unloaded after import = 1
========================================================================
Received Import Request.
  Time since last request: 0.000031 seconds.
  path: Assets/Resources/轻骑兵_跑.anim
  artifactKey: Guid(c7471c3f58874d60beefcf72cebfc991) Importer(2089858483,0ecaa5967403d082aa24f35e1b516d23)
Start importing Assets/Resources/轻骑兵_跑.anim using Guid(c7471c3f58874d60beefcf72cebfc991) Importer(2089858483,0ecaa5967403d082aa24f35e1b516d23) [PhysX] Initialized MultithreadedTaskDispatcher with 20 workers.
 -> (artifact id: 'd0a9e7f1ec862aaf1774a5442dfbc2a8') in 0.003258 seconds
Number of updated asset objects reloaded before import = 0
Number of asset objects unloaded after import = 1
========================================================================
Received Import Request.
  Time since last request: 0.000013 seconds.
  path: Assets/Scripts/国家信息库类.cs
  artifactKey: Guid(9bfc52fd36cce136b4fbb11528da9c80) Importer(2089858483,0ecaa5967403d082aa24f35e1b516d23)
Start importing Assets/Scripts/国家信息库类.cs using Guid(9bfc52fd36cce136b4fbb11528da9c80) Importer(2089858483,0ecaa5967403d082aa24f35e1b516d23) [PhysX] Initialized MultithreadedTaskDispatcher with 20 workers.
 -> (artifact id: 'e87ee8d588bbcb714047212be00d0d2e') in 0.002514 seconds
Number of updated asset objects reloaded before import = 0
Number of asset objects unloaded after import = 1
========================================================================
Received Import Request.
  Time since last request: 0.000016 seconds.
  path: Assets/Resources/战斗界面_兵力数字.png
  artifactKey: Guid(b0e965e262d44a3ea8695c8b9fa7e932) Importer(2089858483,0ecaa5967403d082aa24f35e1b516d23)
Start importing Assets/Resources/战斗界面_兵力数字.png using Guid(b0e965e262d44a3ea8695c8b9fa7e932) Importer(2089858483,0ecaa5967403d082aa24f35e1b516d23) [PhysX] Initialized MultithreadedTaskDispatcher with 20 workers.
 -> (artifact id: '9e3c1920c38aa8d0707865a43801eb8d') in 0.022990 seconds
Number of updated asset objects reloaded before import = 0
Number of asset objects unloaded after import = 22
========================================================================
Received Import Request.
  Time since last request: 0.000017 seconds.
  path: Assets/Scenes/主场景.unity
  artifactKey: Guid(6c2041b85e5efd248bd6e8d2cadbecf3) Importer(2089858483,0ecaa5967403d082aa24f35e1b516d23)
Start importing Assets/Scenes/主场景.unity using Guid(6c2041b85e5efd248bd6e8d2cadbecf3) Importer(2089858483,0ecaa5967403d082aa24f35e1b516d23) [PhysX] Initialized MultithreadedTaskDispatcher with 20 workers.
 -> (artifact id: '2761f7f96c62ebe368ccd2df2443b6e5') in 0.003700 seconds
Number of updated asset objects reloaded before import = 0
Number of asset objects unloaded after import = 1
========================================================================
Received Import Request.
  Time since last request: 0.000014 seconds.
  path: Assets/Resources/7492.dat.png
  artifactKey: Guid(ecd88765375241e19cacdc39b3eca4ef) Importer(2089858483,0ecaa5967403d082aa24f35e1b516d23)
Start importing Assets/Resources/7492.dat.png using Guid(ecd88765375241e19cacdc39b3eca4ef) Importer(2089858483,0ecaa5967403d082aa24f35e1b516d23) [PhysX] Initialized MultithreadedTaskDispatcher with 20 workers.
 -> (artifact id: 'eaf871c19eff426e65e8663b8d3c0ec9') in 0.006617 seconds
Number of updated asset objects reloaded before import = 0
Number of asset objects unloaded after import = 3
========================================================================
Received Import Request.
  Time since last request: 0.000012 seconds.
  path: Assets/Resources/7528.dat.asset
  artifactKey: Guid(f64d71959fac4a98b1de39e96b0e20bd) Importer(2089858483,0ecaa5967403d082aa24f35e1b516d23)
Start importing Assets/Resources/7528.dat.asset using Guid(f64d71959fac4a98b1de39e96b0e20bd) Importer(2089858483,0ecaa5967403d082aa24f35e1b516d23) [PhysX] Initialized MultithreadedTaskDispatcher with 20 workers.
 -> (artifact id: '6950f993ad6fbbbcf0cd24039c89ab55') in 0.003892 seconds
Number of updated asset objects reloaded before import = 0
Number of asset objects unloaded after import = 3
========================================================================
Received Import Request.
  Time since last request: 0.000014 seconds.
  path: Assets/Scripts/加载资源.cs
  artifactKey: Guid(b200c00d57511bf63365b540e51a9c80) Importer(2089858483,0ecaa5967403d082aa24f35e1b516d23)
Start importing Assets/Scripts/加载资源.cs using Guid(b200c00d57511bf63365b540e51a9c80) Importer(2089858483,0ecaa5967403d082aa24f35e1b516d23) [PhysX] Initialized MultithreadedTaskDispatcher with 20 workers.
 -> (artifact id: '967a09c731a3be0b32f999ac78794a3a') in 0.004660 seconds
Number of updated asset objects reloaded before import = 0
Number of asset objects unloaded after import = 1
========================================================================
Received Import Request.
  Time since last request: 0.000022 seconds.
  path: Assets/Resources/7519.dat.asset
  artifactKey: Guid(b07f19cb03eb40318770a713ec1f8ece) Importer(2089858483,0ecaa5967403d082aa24f35e1b516d23)
Start importing Assets/Resources/7519.dat.asset using Guid(b07f19cb03eb40318770a713ec1f8ece) Importer(2089858483,0ecaa5967403d082aa24f35e1b516d23) [PhysX] Initialized MultithreadedTaskDispatcher with 20 workers.
 -> (artifact id: 'e455bed551c2f1cc22c499d195576ca8') in 0.004090 seconds
Number of updated asset objects reloaded before import = 0
Number of asset objects unloaded after import = 3
========================================================================
Received Import Request.
  Time since last request: 0.000013 seconds.
  path: Assets/Resources/骑兵_死亡.anim
  artifactKey: Guid(5e8d32038c844ad587384f2547ccf1c4) Importer(2089858483,0ecaa5967403d082aa24f35e1b516d23)
Start importing Assets/Resources/骑兵_死亡.anim using Guid(5e8d32038c844ad587384f2547ccf1c4) Importer(2089858483,0ecaa5967403d082aa24f35e1b516d23) [PhysX] Initialized MultithreadedTaskDispatcher with 20 workers.
 -> (artifact id: '226da95eefcfec63226d2f7ba183a614') in 0.003269 seconds
Number of updated asset objects reloaded before import = 0
Number of asset objects unloaded after import = 1
========================================================================
Received Import Request.
  Time since last request: 0.000040 seconds.
  path: Assets/Resources/弩兵_攻击.anim
  artifactKey: Guid(a61b38ff92704ac9ac87a844cf714bd4) Importer(2089858483,0ecaa5967403d082aa24f35e1b516d23)
Start importing Assets/Resources/弩兵_攻击.anim using Guid(a61b38ff92704ac9ac87a844cf714bd4) Importer(2089858483,0ecaa5967403d082aa24f35e1b516d23) [PhysX] Initialized MultithreadedTaskDispatcher with 20 workers.
 -> (artifact id: '2250d326d17ec57cad299b42d409d0f5') in 0.009452 seconds
Number of updated asset objects reloaded before import = 0
Number of asset objects unloaded after import = 1
========================================================================
Received Import Request.
  Time since last request: 0.000019 seconds.
  path: Assets/Resources/7554.dat.asset
  artifactKey: Guid(6dd54dcd661143c6ab283a5a92b1e5ed) Importer(2089858483,0ecaa5967403d082aa24f35e1b516d23)
Start importing Assets/Resources/7554.dat.asset using Guid(6dd54dcd661143c6ab283a5a92b1e5ed) Importer(2089858483,0ecaa5967403d082aa24f35e1b516d23) [PhysX] Initialized MultithreadedTaskDispatcher with 20 workers.
 -> (artifact id: 'ba08340b53bd442a371b82c334dbe931') in 0.010418 seconds
Number of updated asset objects reloaded before import = 0
Number of asset objects unloaded after import = 3
========================================================================
Received Import Request.
  Time since last request: 0.000017 seconds.
  path: Assets/Scripts/封地信息界面UI脚本.cs
  artifactKey: Guid(807fbb49ea397664059add9d84d24358) Importer(2089858483,0ecaa5967403d082aa24f35e1b516d23)
Start importing Assets/Scripts/封地信息界面UI脚本.cs using Guid(807fbb49ea397664059add9d84d24358) Importer(2089858483,0ecaa5967403d082aa24f35e1b516d23) [PhysX] Initialized MultithreadedTaskDispatcher with 20 workers.
 -> (artifact id: 'f92655ab334002664ed3ad666443334b') in 0.003403 seconds
Number of updated asset objects reloaded before import = 0
Number of asset objects unloaded after import = 1
========================================================================
Received Import Request.
  Time since last request: 0.000013 seconds.
  path: Assets/Resources/7538.dat.asset
  artifactKey: Guid(aab58aef83814fcc9da4cd469741a34e) Importer(2089858483,0ecaa5967403d082aa24f35e1b516d23)
Start importing Assets/Resources/7538.dat.asset using Guid(aab58aef83814fcc9da4cd469741a34e) Importer(2089858483,0ecaa5967403d082aa24f35e1b516d23) [PhysX] Initialized MultithreadedTaskDispatcher with 20 workers.
 -> (artifact id: '3a383aa6dcdbea61d3315663a41dac51') in 0.003619 seconds
Number of updated asset objects reloaded before import = 0
Number of asset objects unloaded after import = 3
========================================================================
Received Import Request.
  Time since last request: 0.000015 seconds.
  path: Assets/Resources/7540.dat.asset
  artifactKey: Guid(16cf349e7b6d45e1b13499a01ed7a120) Importer(2089858483,0ecaa5967403d082aa24f35e1b516d23)
Start importing Assets/Resources/7540.dat.asset using Guid(16cf349e7b6d45e1b13499a01ed7a120) Importer(2089858483,0ecaa5967403d082aa24f35e1b516d23) [PhysX] Initialized MultithreadedTaskDispatcher with 20 workers.
 -> (artifact id: '03e4e4594b8d5cc82bc1a52f8710bf00') in 0.003569 seconds
Number of updated asset objects reloaded before import = 0
Number of asset objects unloaded after import = 3
========================================================================
Received Import Request.
  Time since last request: 0.000016 seconds.
  path: Assets/Resources/7552.dat.png
  artifactKey: Guid(10885307edc2482ea03d1942f072f0b7) Importer(2089858483,0ecaa5967403d082aa24f35e1b516d23)
Start importing Assets/Resources/7552.dat.png using Guid(10885307edc2482ea03d1942f072f0b7) Importer(2089858483,0ecaa5967403d082aa24f35e1b516d23) [PhysX] Initialized MultithreadedTaskDispatcher with 20 workers.
 -> (artifact id: '97673eb28648d66240e1c730f1e9a719') in 0.007471 seconds
Number of updated asset objects reloaded before import = 0
Number of asset objects unloaded after import = 3
========================================================================
Received Import Request.
  Time since last request: 0.000014 seconds.
  path: Assets/Resources/7513.dat.png
  artifactKey: Guid(4a5c0eca22164be383ff2d07b369733e) Importer(2089858483,0ecaa5967403d082aa24f35e1b516d23)
Start importing Assets/Resources/7513.dat.png using Guid(4a5c0eca22164be383ff2d07b369733e) Importer(2089858483,0ecaa5967403d082aa24f35e1b516d23) [PhysX] Initialized MultithreadedTaskDispatcher with 20 workers.
 -> (artifact id: 'f6a2396486c2fb6e8cfd272c2916e1d1') in 0.006148 seconds
Number of updated asset objects reloaded before import = 0
Number of asset objects unloaded after import = 3
========================================================================
Received Import Request.
  Time since last request: 0.000013 seconds.
  path: Assets/Resources/7527.dat.asset
  artifactKey: Guid(e415c984adde4e4cbe5d17d039856b90) Importer(2089858483,0ecaa5967403d082aa24f35e1b516d23)
Start importing Assets/Resources/7527.dat.asset using Guid(e415c984adde4e4cbe5d17d039856b90) Importer(2089858483,0ecaa5967403d082aa24f35e1b516d23) [PhysX] Initialized MultithreadedTaskDispatcher with 20 workers.
 -> (artifact id: '489fb019893c7a04edd4cb5a265122e0') in 0.003935 seconds
Number of updated asset objects reloaded before import = 0
Number of asset objects unloaded after import = 3
========================================================================
Received Import Request.
  Time since last request: 0.000539 seconds.
  path: Assets/Scripts/招募将领.cs
  artifactKey: Guid(1cafadcf7910d72838cef347c7f75e40) Importer(2089858483,0ecaa5967403d082aa24f35e1b516d23)
Start importing Assets/Scripts/招募将领.cs using Guid(1cafadcf7910d72838cef347c7f75e40) Importer(2089858483,0ecaa5967403d082aa24f35e1b516d23) [PhysX] Initialized MultithreadedTaskDispatcher with 20 workers.
 -> (artifact id: '4c2d38aa7f8242897a772647a83c6336') in 0.003737 seconds
Number of updated asset objects reloaded before import = 0
Number of asset objects unloaded after import = 1
========================================================================
Received Import Request.
  Time since last request: 0.000026 seconds.
  path: Assets/Scripts/强化脚本.cs
  artifactKey: Guid(3fd4f5adc37185684005978420f636b8) Importer(2089858483,0ecaa5967403d082aa24f35e1b516d23)
Start importing Assets/Scripts/强化脚本.cs using Guid(3fd4f5adc37185684005978420f636b8) Importer(2089858483,0ecaa5967403d082aa24f35e1b516d23) [PhysX] Initialized MultithreadedTaskDispatcher with 20 workers.
 -> (artifact id: 'd9a6705fef12988c8e5c6bca04c90a60') in 0.173331 seconds
Number of updated asset objects reloaded before import = 0
Number of asset objects unloaded after import = 1
========================================================================
Received Import Request.
  Time since last request: 0.000046 seconds.
  path: Assets/Resources/7556.dat.asset
  artifactKey: Guid(a138445602e94b908f755d92ab6753cb) Importer(2089858483,0ecaa5967403d082aa24f35e1b516d23)
Start importing Assets/Resources/7556.dat.asset using Guid(a138445602e94b908f755d92ab6753cb) Importer(2089858483,0ecaa5967403d082aa24f35e1b516d23) [PhysX] Initialized MultithreadedTaskDispatcher with 20 workers.
 -> (artifact id: 'f7f7c188f32a2ef874718dc7e19360e2') in 0.005740 seconds
Number of updated asset objects reloaded before import = 0
Number of asset objects unloaded after import = 3
========================================================================
Received Import Request.
  Time since last request: 0.000015 seconds.
  path: Assets/Resources/7535.dat.asset
  artifactKey: Guid(133486d1760644daac1df760deda4f2b) Importer(2089858483,0ecaa5967403d082aa24f35e1b516d23)
Start importing Assets/Resources/7535.dat.asset using Guid(133486d1760644daac1df760deda4f2b) Importer(2089858483,0ecaa5967403d082aa24f35e1b516d23) [PhysX] Initialized MultithreadedTaskDispatcher with 20 workers.
 -> (artifact id: '01d6c4281ef1534a1c5824af67708d5d') in 0.004240 seconds
Number of updated asset objects reloaded before import = 0
Number of asset objects unloaded after import = 3
========================================================================
Received Import Request.
  Time since last request: 0.000013 seconds.
  path: Assets/Resources/数字.png
  artifactKey: Guid(8b513143ca044bf9a13b2d25b2599b85) Importer(2089858483,0ecaa5967403d082aa24f35e1b516d23)
Start importing Assets/Resources/数字.png using Guid(8b513143ca044bf9a13b2d25b2599b85) Importer(2089858483,0ecaa5967403d082aa24f35e1b516d23) [PhysX] Initialized MultithreadedTaskDispatcher with 20 workers.
 -> (artifact id: '1f92814a44bbf99f0454ce463cae1184') in 0.022685 seconds
Number of updated asset objects reloaded before import = 0
Number of asset objects unloaded after import = 22
========================================================================
Received Import Request.
  Time since last request: 0.000016 seconds.
  path: Assets/Resources/7512.dat.png
  artifactKey: Guid(1477bf3ee2ac47588af990c69e29a45a) Importer(2089858483,0ecaa5967403d082aa24f35e1b516d23)
Start importing Assets/Resources/7512.dat.png using Guid(1477bf3ee2ac47588af990c69e29a45a) Importer(2089858483,0ecaa5967403d082aa24f35e1b516d23) [PhysX] Initialized MultithreadedTaskDispatcher with 20 workers.
 -> (artifact id: '778d4b307607669c50f991390d2de744') in 0.006607 seconds
Number of updated asset objects reloaded before import = 0
Number of asset objects unloaded after import = 3
========================================================================
Received Import Request.
  Time since last request: 0.000013 seconds.
  path: Assets/Resources/7488.dat.asset
  artifactKey: Guid(8d4a22f04e9a475a819443362a9439b5) Importer(2089858483,0ecaa5967403d082aa24f35e1b516d23)
Start importing Assets/Resources/7488.dat.asset using Guid(8d4a22f04e9a475a819443362a9439b5) Importer(2089858483,0ecaa5967403d082aa24f35e1b516d23) [PhysX] Initialized MultithreadedTaskDispatcher with 20 workers.
 -> (artifact id: '8753b8d7a5ac54aec3b04f8d5f15d8a6') in 0.005051 seconds
Number of updated asset objects reloaded before import = 0
Number of asset objects unloaded after import = 3
========================================================================
Received Import Request.
  Time since last request: 0.000018 seconds.
  path: Assets/Resources/7501.dat.png
  artifactKey: Guid(3cd2ae65e8f54e5387547739b5ecf45e) Importer(2089858483,0ecaa5967403d082aa24f35e1b516d23)
Start importing Assets/Resources/7501.dat.png using Guid(3cd2ae65e8f54e5387547739b5ecf45e) Importer(2089858483,0ecaa5967403d082aa24f35e1b516d23) [PhysX] Initialized MultithreadedTaskDispatcher with 20 workers.
 -> (artifact id: '9637816e9c85899a07d589b09d1d10cc') in 0.009754 seconds
Number of updated asset objects reloaded before import = 0
Number of asset objects unloaded after import = 3
========================================================================
Received Import Request.
  Time since last request: 0.000015 seconds.
  path: Assets/Resources/装备图片/牡羊云盔.png
  artifactKey: Guid(1deb82c0b91148bd9550275bf1845257) Importer(2089858483,0ecaa5967403d082aa24f35e1b516d23)
Start importing Assets/Resources/装备图片/牡羊云盔.png using Guid(1deb82c0b91148bd9550275bf1845257) Importer(2089858483,0ecaa5967403d082aa24f35e1b516d23) [PhysX] Initialized MultithreadedTaskDispatcher with 20 workers.
 -> (artifact id: '696816bd66146bfc34cf4425336d71d9') in 0.008148 seconds
Number of updated asset objects reloaded before import = 0
Number of asset objects unloaded after import = 3
========================================================================
Received Import Request.
  Time since last request: 0.000017 seconds.
  path: Assets/Resources/地图物件预制件/蓝色坑位.prefab
  artifactKey: Guid(998ec3c9525c4a67a4e68e15ce2a8dc0) Importer(2089858483,0ecaa5967403d082aa24f35e1b516d23)
Start importing Assets/Resources/地图物件预制件/蓝色坑位.prefab using Guid(998ec3c9525c4a67a4e68e15ce2a8dc0) Importer(2089858483,0ecaa5967403d082aa24f35e1b516d23) [PhysX] Initialized MultithreadedTaskDispatcher with 20 workers.
 -> (artifact id: 'b5d05cdbf6d23029c0f6ec820ff76a0e') in 0.024057 seconds
Number of updated asset objects reloaded before import = 0
Number of asset objects unloaded after import = 9
========================================================================
Received Import Request.
  Time since last request: 0.000014 seconds.
  path: Assets/Resources/山贼头像/830.dat.png
  artifactKey: Guid(35a44c074a244df2ac101327a26c25fa) Importer(2089858483,0ecaa5967403d082aa24f35e1b516d23)
Start importing Assets/Resources/山贼头像/830.dat.png using Guid(35a44c074a244df2ac101327a26c25fa) Importer(2089858483,0ecaa5967403d082aa24f35e1b516d23) [PhysX] Initialized MultithreadedTaskDispatcher with 20 workers.
 -> (artifact id: 'd91ff7220b8becea2477a7124c643c85') in 0.009744 seconds
Number of updated asset objects reloaded before import = 0
Number of asset objects unloaded after import = 3
========================================================================
Received Import Request.
  Time since last request: 0.000014 seconds.
  path: Assets/Resources/兵种头像/重弩车.png
  artifactKey: Guid(437d96f5fcbb4bab9e25fb8e4cbd0534) Importer(2089858483,0ecaa5967403d082aa24f35e1b516d23)
Start importing Assets/Resources/兵种头像/重弩车.png using Guid(437d96f5fcbb4bab9e25fb8e4cbd0534) Importer(2089858483,0ecaa5967403d082aa24f35e1b516d23) [PhysX] Initialized MultithreadedTaskDispatcher with 20 workers.
 -> (artifact id: '8161e87526aeef5e4705640fff660b15') in 0.007468 seconds
Number of updated asset objects reloaded before import = 0
Number of asset objects unloaded after import = 3
========================================================================
Received Import Request.
  Time since last request: 0.000014 seconds.
  path: Assets/Scripts/测试时间脚本.cs
  artifactKey: Guid(9039807d76300d31eb94bd18162b5b27) Importer(2089858483,0ecaa5967403d082aa24f35e1b516d23)
Start importing Assets/Scripts/测试时间脚本.cs using Guid(9039807d76300d31eb94bd18162b5b27) Importer(2089858483,0ecaa5967403d082aa24f35e1b516d23) [PhysX] Initialized MultithreadedTaskDispatcher with 20 workers.
 -> (artifact id: '37b45e0c1b4c8d9f4c7dae790f18564f') in 0.007863 seconds
Number of updated asset objects reloaded before import = 0
Number of asset objects unloaded after import = 1
========================================================================
Received Import Request.
  Time since last request: 0.000017 seconds.
  path: Assets/Resources/装备图片/丈八蛇矛.png
  artifactKey: Guid(8ab8c23f69b74a509415cfd60a983bc8) Importer(2089858483,0ecaa5967403d082aa24f35e1b516d23)
Start importing Assets/Resources/装备图片/丈八蛇矛.png using Guid(8ab8c23f69b74a509415cfd60a983bc8) Importer(2089858483,0ecaa5967403d082aa24f35e1b516d23) [PhysX] Initialized MultithreadedTaskDispatcher with 20 workers.
 -> (artifact id: '921a52474b2d1907472ebb649b6b0578') in 0.007345 seconds
Number of updated asset objects reloaded before import = 0
Number of asset objects unloaded after import = 3
========================================================================
Received Import Request.
  Time since last request: 0.000015 seconds.
  path: Assets/Resources/兵种头像/冲城车.png
  artifactKey: Guid(10f158fa38ac4f4a97871b05cbca646b) Importer(2089858483,0ecaa5967403d082aa24f35e1b516d23)
Start importing Assets/Resources/兵种头像/冲城车.png using Guid(10f158fa38ac4f4a97871b05cbca646b) Importer(2089858483,0ecaa5967403d082aa24f35e1b516d23) [PhysX] Initialized MultithreadedTaskDispatcher with 20 workers.
 -> (artifact id: '94703d6d69587f10699caf172aafd1a5') in 0.018170 seconds
Number of updated asset objects reloaded before import = 0
Number of asset objects unloaded after import = 3
========================================================================
Received Import Request.
  Time since last request: 0.000015 seconds.
  path: Assets/Resources/兵种模型预制件/轻骑兵.prefab
  artifactKey: Guid(71e29312da844e7d9dd54f86e9474530) Importer(2089858483,0ecaa5967403d082aa24f35e1b516d23)
Start importing Assets/Resources/兵种模型预制件/轻骑兵.prefab using Guid(71e29312da844e7d9dd54f86e9474530) Importer(2089858483,0ecaa5967403d082aa24f35e1b516d23) [PhysX] Initialized MultithreadedTaskDispatcher with 20 workers.
 -> (artifact id: '2a4f2df0702849cf9279e8163841aa93') in 0.010042 seconds
Number of updated asset objects reloaded before import = 0
Number of asset objects unloaded after import = 29
========================================================================
Received Import Request.
  Time since last request: 0.000013 seconds.
  path: Assets/Resources/称号头像/神工.png
  artifactKey: Guid(609f7a610fc04a7f916a624fbba3e3af) Importer(2089858483,0ecaa5967403d082aa24f35e1b516d23)
Start importing Assets/Resources/称号头像/神工.png using Guid(609f7a610fc04a7f916a624fbba3e3af) Importer(2089858483,0ecaa5967403d082aa24f35e1b516d23) [PhysX] Initialized MultithreadedTaskDispatcher with 20 workers.
 -> (artifact id: '48be421a0f4653fddaad4d4924d337b1') in 0.007514 seconds
Number of updated asset objects reloaded before import = 0
Number of asset objects unloaded after import = 3
========================================================================
Received Import Request.
  Time since last request: 0.000013 seconds.
  path: Assets/Resources/称号头像/义士.png
  artifactKey: Guid(5a3f6c57bb2540418376f0e5c7cbd9a0) Importer(2089858483,0ecaa5967403d082aa24f35e1b516d23)
Start importing Assets/Resources/称号头像/义士.png using Guid(5a3f6c57bb2540418376f0e5c7cbd9a0) Importer(2089858483,0ecaa5967403d082aa24f35e1b516d23) [PhysX] Initialized MultithreadedTaskDispatcher with 20 workers.
 -> (artifact id: '2420010cbe4de10ea69df739c4e8680d') in 0.007190 seconds
Number of updated asset objects reloaded before import = 0
Number of asset objects unloaded after import = 3
========================================================================
Received Import Request.
  Time since last request: 0.000016 seconds.
  path: Assets/Resources/将领信息预制件/将领橙星.prefab
  artifactKey: Guid(e2d7298ea34748c7a254c8aa35383b31) Importer(2089858483,0ecaa5967403d082aa24f35e1b516d23)
Start importing Assets/Resources/将领信息预制件/将领橙星.prefab using Guid(e2d7298ea34748c7a254c8aa35383b31) Importer(2089858483,0ecaa5967403d082aa24f35e1b516d23) [PhysX] Initialized MultithreadedTaskDispatcher with 20 workers.
 -> (artifact id: '5d39b6918ed5840eb0d4f9ccfb925629') in 0.005281 seconds
Number of updated asset objects reloaded before import = 0
Number of asset objects unloaded after import = 8
========================================================================
Received Import Request.
  Time since last request: 0.000014 seconds.
  path: Assets/Resources/装备品质图片/4.png
  artifactKey: Guid(19d23b9f56594e3198046b98cb9a3cf7) Importer(2089858483,0ecaa5967403d082aa24f35e1b516d23)
Start importing Assets/Resources/装备品质图片/4.png using Guid(19d23b9f56594e3198046b98cb9a3cf7) Importer(2089858483,0ecaa5967403d082aa24f35e1b516d23) [PhysX] Initialized MultithreadedTaskDispatcher with 20 workers.
 -> (artifact id: '0a9aa851c85845ac44b2fb06f2164d88') in 0.007772 seconds
Number of updated asset objects reloaded before import = 0
Number of asset objects unloaded after import = 3
========================================================================
Received Import Request.
  Time since last request: 0.000013 seconds.
  path: Assets/Resources/装备图片/玄冠.png
  artifactKey: Guid(ce5b7f6142e54497ab90bfb88f91d876) Importer(2089858483,0ecaa5967403d082aa24f35e1b516d23)
Start importing Assets/Resources/装备图片/玄冠.png using Guid(ce5b7f6142e54497ab90bfb88f91d876) Importer(2089858483,0ecaa5967403d082aa24f35e1b516d23) [PhysX] Initialized MultithreadedTaskDispatcher with 20 workers.
 -> (artifact id: 'b4454454c88447a6ec248675436f677a') in 0.006736 seconds
Number of updated asset objects reloaded before import = 0
Number of asset objects unloaded after import = 3
========================================================================
Received Import Request.
  Time since last request: 0.000019 seconds.
  path: Assets/Resources/称号头像/暴君.png
  artifactKey: Guid(6fe18ef64848452882531bad89ed0b03) Importer(2089858483,0ecaa5967403d082aa24f35e1b516d23)
Start importing Assets/Resources/称号头像/暴君.png using Guid(6fe18ef64848452882531bad89ed0b03) Importer(2089858483,0ecaa5967403d082aa24f35e1b516d23) [PhysX] Initialized MultithreadedTaskDispatcher with 20 workers.
 -> (artifact id: '9873fefa0cde0305d57c25a6664cedcb') in 0.007346 seconds
Number of updated asset objects reloaded before import = 0
Number of asset objects unloaded after import = 3
========================================================================
Received Import Request.
  Time since last request: 0.000013 seconds.
  path: Assets/Sounds/login.wav
  artifactKey: Guid(6a775ed9629c4dbbbbb5cb69629b5bda) Importer(2089858483,0ecaa5967403d082aa24f35e1b516d23)
Start importing Assets/Sounds/login.wav using Guid(6a775ed9629c4dbbbbb5cb69629b5bda) Importer(2089858483,0ecaa5967403d082aa24f35e1b516d23) [PhysX] Initialized MultithreadedTaskDispatcher with 20 workers.
 -> (artifact id: 'b794643ca26762b6dc3d4b34d7a2070f') in 0.168581 seconds
Number of updated asset objects reloaded before import = 0
Number of asset objects unloaded after import = 1
========================================================================
Received Import Request.
  Time since last request: 0.000020 seconds.
  path: Assets/Resources/装备图片/万石弓.png
  artifactKey: Guid(01ec864f3c954d22ba2d33589602bc11) Importer(2089858483,0ecaa5967403d082aa24f35e1b516d23)
Start importing Assets/Resources/装备图片/万石弓.png using Guid(01ec864f3c954d22ba2d33589602bc11) Importer(2089858483,0ecaa5967403d082aa24f35e1b516d23) [PhysX] Initialized MultithreadedTaskDispatcher with 20 workers.
 -> (artifact id: '4f6a9f18a2b185fe74108c15e3db2b9c') in 0.007462 seconds
Number of updated asset objects reloaded before import = 0
Number of asset objects unloaded after import = 3
========================================================================
Received Import Request.
  Time since last request: 0.000023 seconds.
  path: Assets/Resources/国家图片/汉.png
  artifactKey: Guid(a92d4129c1a445a48561fdb39694a194) Importer(2089858483,0ecaa5967403d082aa24f35e1b516d23)
Start importing Assets/Resources/国家图片/汉.png using Guid(a92d4129c1a445a48561fdb39694a194) Importer(2089858483,0ecaa5967403d082aa24f35e1b516d23) [PhysX] Initialized MultithreadedTaskDispatcher with 20 workers.
 -> (artifact id: '3f54d359c70c6cd3ed1c31e27161886f') in 0.024875 seconds
Number of updated asset objects reloaded before import = 0
Number of asset objects unloaded after import = 3
========================================================================
Received Import Request.
  Time since last request: 0.000018 seconds.
  path: Assets/Resources/称号头像/猛将.png
  artifactKey: Guid(df6311634fc64f448c279a3e402624af) Importer(2089858483,0ecaa5967403d082aa24f35e1b516d23)
Start importing Assets/Resources/称号头像/猛将.png using Guid(df6311634fc64f448c279a3e402624af) Importer(2089858483,0ecaa5967403d082aa24f35e1b516d23) [PhysX] Initialized MultithreadedTaskDispatcher with 20 workers.
 -> (artifact id: '3b0caad63c1e43e23f6fa5cba151da57') in 0.008863 seconds
Number of updated asset objects reloaded before import = 0
Number of asset objects unloaded after import = 3
========================================================================
Received Import Request.
  Time since last request: 0.000016 seconds.
  path: Assets/Resources/将领信息预制件/挡预制件.prefab
  artifactKey: Guid(17a0e057b8e84f0aa6fdf92369da9257) Importer(2089858483,0ecaa5967403d082aa24f35e1b516d23)
Start importing Assets/Resources/将领信息预制件/挡预制件.prefab using Guid(17a0e057b8e84f0aa6fdf92369da9257) Importer(2089858483,0ecaa5967403d082aa24f35e1b516d23) [PhysX] Initialized MultithreadedTaskDispatcher with 20 workers.
 -> (artifact id: 'bd7091d27853be0384b9d761b7653741') in 0.015810 seconds
Number of updated asset objects reloaded before import = 0
Number of asset objects unloaded after import = 11
========================================================================
Received Import Request.
  Time since last request: 0.000016 seconds.
  path: Assets/Scripts/附近山贼.cs
  artifactKey: Guid(4718cb5ab79d8627e780a90e88657f9a) Importer(2089858483,0ecaa5967403d082aa24f35e1b516d23)
Start importing Assets/Scripts/附近山贼.cs using Guid(4718cb5ab79d8627e780a90e88657f9a) Importer(2089858483,0ecaa5967403d082aa24f35e1b516d23) [PhysX] Initialized MultithreadedTaskDispatcher with 20 workers.
 -> (artifact id: 'cb54362eaaaef2976a0d03b68a859d6a') in 0.009651 seconds
Number of updated asset objects reloaded before import = 0
Number of asset objects unloaded after import = 1
========================================================================
Received Import Request.
  Time since last request: 0.000018 seconds.
  path: Assets/Resources/兵种模型预制件/重步兵.prefab
  artifactKey: Guid(a454ce371d6f4fc3b4c2503564e6ddcf) Importer(2089858483,0ecaa5967403d082aa24f35e1b516d23)
Start importing Assets/Resources/兵种模型预制件/重步兵.prefab using Guid(a454ce371d6f4fc3b4c2503564e6ddcf) Importer(2089858483,0ecaa5967403d082aa24f35e1b516d23) [PhysX] Initialized MultithreadedTaskDispatcher with 20 workers.
 -> (artifact id: '2f4f7456f02a9de402b94bed80c706c0') in 0.008653 seconds
Number of updated asset objects reloaded before import = 0
Number of asset objects unloaded after import = 43
========================================================================
Received Import Request.
  Time since last request: 0.000019 seconds.
  path: Assets/Resources/兵种模型预制件/铁骑兵.prefab
  artifactKey: Guid(82c0442cccc24a22a37eeeb0a2250aae) Importer(2089858483,0ecaa5967403d082aa24f35e1b516d23)
Start importing Assets/Resources/兵种模型预制件/铁骑兵.prefab using Guid(82c0442cccc24a22a37eeeb0a2250aae) Importer(2089858483,0ecaa5967403d082aa24f35e1b516d23) [PhysX] Initialized MultithreadedTaskDispatcher with 20 workers.
 -> (artifact id: '059aa75f57aa92a541b6be13426fa25b') in 0.009168 seconds
Number of updated asset objects reloaded before import = 0
Number of asset objects unloaded after import = 29
========================================================================
Received Import Request.
  Time since last request: 0.000015 seconds.
  path: Assets/Resources/将领信息预制件/中.anim
  artifactKey: Guid(e69e57bf67364df4b54028b51b6ff511) Importer(2089858483,0ecaa5967403d082aa24f35e1b516d23)
Start importing Assets/Resources/将领信息预制件/中.anim using Guid(e69e57bf67364df4b54028b51b6ff511) Importer(2089858483,0ecaa5967403d082aa24f35e1b516d23) [PhysX] Initialized MultithreadedTaskDispatcher with 20 workers.
 -> (artifact id: '4802eb8dda40a0390ed4c1f811526070') in 0.003463 seconds
Number of updated asset objects reloaded before import = 0
Number of asset objects unloaded after import = 1
========================================================================
Received Import Request.
  Time since last request: 0.000010 seconds.
  path: Assets/Resources/称号头像/君王.png
  artifactKey: Guid(c627291ddb62406896aaafc885e8a654) Importer(2089858483,0ecaa5967403d082aa24f35e1b516d23)
Start importing Assets/Resources/称号头像/君王.png using Guid(c627291ddb62406896aaafc885e8a654) Importer(2089858483,0ecaa5967403d082aa24f35e1b516d23) [PhysX] Initialized MultithreadedTaskDispatcher with 20 workers.
 -> (artifact id: '7e1cce57ad578688c8c95e958a9991fa') in 0.007301 seconds
Number of updated asset objects reloaded before import = 0
Number of asset objects unloaded after import = 3
========================================================================
Received Import Request.
  Time since last request: 0.000012 seconds.
  path: Assets/Resources/称号头像/卧龙.png
  artifactKey: Guid(17aeebd456644d6baba204bf9ffc21c0) Importer(2089858483,0ecaa5967403d082aa24f35e1b516d23)
Start importing Assets/Resources/称号头像/卧龙.png using Guid(17aeebd456644d6baba204bf9ffc21c0) Importer(2089858483,0ecaa5967403d082aa24f35e1b516d23) [PhysX] Initialized MultithreadedTaskDispatcher with 20 workers.
 -> (artifact id: '8e3904683448459ae1966442beb2511f') in 0.007138 seconds
Number of updated asset objects reloaded before import = 0
Number of asset objects unloaded after import = 3
========================================================================
Received Import Request.
  Time since last request: 0.000013 seconds.
  path: Assets/Resources/兵种头像/骁骑兵.png
  artifactKey: Guid(9a19123085054c2a910d2b2d86d1ccde) Importer(2089858483,0ecaa5967403d082aa24f35e1b516d23)
Start importing Assets/Resources/兵种头像/骁骑兵.png using Guid(9a19123085054c2a910d2b2d86d1ccde) Importer(2089858483,0ecaa5967403d082aa24f35e1b516d23) [PhysX] Initialized MultithreadedTaskDispatcher with 20 workers.
 -> (artifact id: '15a8f13be276a931d625387156c6b0c0') in 0.008019 seconds
Number of updated asset objects reloaded before import = 0
Number of asset objects unloaded after import = 3
========================================================================
Received Import Request.
  Time since last request: 0.000012 seconds.
  path: Assets/Resources/装备图片/帅袍.png
  artifactKey: Guid(bb44d6d03070445fb4435ad8023cd3fc) Importer(2089858483,0ecaa5967403d082aa24f35e1b516d23)
Start importing Assets/Resources/装备图片/帅袍.png using Guid(bb44d6d03070445fb4435ad8023cd3fc) Importer(2089858483,0ecaa5967403d082aa24f35e1b516d23) [PhysX] Initialized MultithreadedTaskDispatcher with 20 workers.
 -> (artifact id: 'b3ea3e978b9468834af2313cfa06fc37') in 0.008551 seconds
Number of updated asset objects reloaded before import = 0
Number of asset objects unloaded after import = 3
========================================================================
Received Import Request.
  Time since last request: 0.000017 seconds.
  path: Assets/Resources/称号头像/谋士.png
  artifactKey: Guid(67a9a6b6b98f48e58ebcd81fa2410e52) Importer(2089858483,0ecaa5967403d082aa24f35e1b516d23)
Start importing Assets/Resources/称号头像/谋士.png using Guid(67a9a6b6b98f48e58ebcd81fa2410e52) Importer(2089858483,0ecaa5967403d082aa24f35e1b516d23) [PhysX] Initialized MultithreadedTaskDispatcher with 20 workers.
 -> (artifact id: 'dc764569c9e6ae09697fb82596cd5e59') in 0.007032 seconds
Number of updated asset objects reloaded before import = 0
Number of asset objects unloaded after import = 3
========================================================================
Received Import Request.
  Time since last request: 0.000013 seconds.
  path: Assets/Resources/称号头像/凤雏.png
  artifactKey: Guid(228e3e70a80b40a0babb8857ca130278) Importer(2089858483,0ecaa5967403d082aa24f35e1b516d23)
Start importing Assets/Resources/称号头像/凤雏.png using Guid(228e3e70a80b40a0babb8857ca130278) Importer(2089858483,0ecaa5967403d082aa24f35e1b516d23) [PhysX] Initialized MultithreadedTaskDispatcher with 20 workers.
 -> (artifact id: 'f4fb7ebc5f9cbb73b33336afdc6d577e') in 0.007366 seconds
Number of updated asset objects reloaded before import = 0
Number of asset objects unloaded after import = 3
========================================================================
Received Import Request.
  Time since last request: 0.000018 seconds.
  path: Assets/Resources/国家图片/楚.png
  artifactKey: Guid(8d2a17161ad54443ae55fdfb713c3322) Importer(2089858483,0ecaa5967403d082aa24f35e1b516d23)
Start importing Assets/Resources/国家图片/楚.png using Guid(8d2a17161ad54443ae55fdfb713c3322) Importer(2089858483,0ecaa5967403d082aa24f35e1b516d23) [PhysX] Initialized MultithreadedTaskDispatcher with 20 workers.
 -> (artifact id: '456e95ce817195c59088b728ba36aa83') in 0.007088 seconds
Number of updated asset objects reloaded before import = 0
Number of asset objects unloaded after import = 3
========================================================================
Received Import Request.
  Time since last request: 0.000013 seconds.
  path: Assets/Resources/称号头像/滑头.png
  artifactKey: Guid(c783c593c77541a1a6972a0efa4b20e5) Importer(2089858483,0ecaa5967403d082aa24f35e1b516d23)
Start importing Assets/Resources/称号头像/滑头.png using Guid(c783c593c77541a1a6972a0efa4b20e5) Importer(2089858483,0ecaa5967403d082aa24f35e1b516d23) [PhysX] Initialized MultithreadedTaskDispatcher with 20 workers.
 -> (artifact id: 'fdd3d681704edb19b9209613a3a77a0b') in 0.006447 seconds
Number of updated asset objects reloaded before import = 0
Number of asset objects unloaded after import = 3
========================================================================
Received Import Request.
  Time since last request: 0.000013 seconds.
  path: Assets/Resources/装备图片/九齿钉耙.png
  artifactKey: Guid(51813495b4ff48a4a3b7cfb721e7fee5) Importer(2089858483,0ecaa5967403d082aa24f35e1b516d23)
Start importing Assets/Resources/装备图片/九齿钉耙.png using Guid(51813495b4ff48a4a3b7cfb721e7fee5) Importer(2089858483,0ecaa5967403d082aa24f35e1b516d23) [PhysX] Initialized MultithreadedTaskDispatcher with 20 workers.
 -> (artifact id: '74913eaf6601ac097e2b17cfab86b406') in 0.017611 seconds
Number of updated asset objects reloaded before import = 0
Number of asset objects unloaded after import = 3
========================================================================
Received Import Request.
  Time since last request: 0.000016 seconds.
  path: Assets/Resources/兵种头像/强弩兵.png
  artifactKey: Guid(afd34fdc95724bfa8aacbd3013e8fe9b) Importer(2089858483,0ecaa5967403d082aa24f35e1b516d23)
Start importing Assets/Resources/兵种头像/强弩兵.png using Guid(afd34fdc95724bfa8aacbd3013e8fe9b) Importer(2089858483,0ecaa5967403d082aa24f35e1b516d23) [PhysX] Initialized MultithreadedTaskDispatcher with 20 workers.
 -> (artifact id: '7d5f186d4bd63c692e42b5beab5a9b0e') in 0.007525 seconds
Number of updated asset objects reloaded before import = 0
Number of asset objects unloaded after import = 3
========================================================================
Received Import Request.
  Time since last request: 0.000012 seconds.
  path: Assets/Resources/兵种小图标/轻步兵.png
  artifactKey: Guid(2c0e76ad9091480490961cea83552885) Importer(2089858483,0ecaa5967403d082aa24f35e1b516d23)
Start importing Assets/Resources/兵种小图标/轻步兵.png using Guid(2c0e76ad9091480490961cea83552885) Importer(2089858483,0ecaa5967403d082aa24f35e1b516d23) [PhysX] Initialized MultithreadedTaskDispatcher with 20 workers.
 -> (artifact id: '4ec213623ce719b9ae2961ec634ed52e') in 0.006728 seconds
Number of updated asset objects reloaded before import = 0
Number of asset objects unloaded after import = 3
========================================================================
Received Import Request.
  Time since last request: 0.000013 seconds.
  path: Assets/Scripts/编队将领渲染.cs
  artifactKey: Guid(ca7d15bea676dde28cf20cc3956dfe3a) Importer(2089858483,0ecaa5967403d082aa24f35e1b516d23)
Start importing Assets/Scripts/编队将领渲染.cs using Guid(ca7d15bea676dde28cf20cc3956dfe3a) Importer(2089858483,0ecaa5967403d082aa24f35e1b516d23) [PhysX] Initialized MultithreadedTaskDispatcher with 20 workers.
 -> (artifact id: 'b2d2642a98e0476c633904d03d551912') in 0.003535 seconds
Number of updated asset objects reloaded before import = 0
Number of asset objects unloaded after import = 1
========================================================================
Received Import Request.
  Time since last request: 0.000013 seconds.
  path: Assets/Resources/将领信息预制件/挡.anim
  artifactKey: Guid(b4b4449a9c404c6f983edf724bf26189) Importer(2089858483,0ecaa5967403d082aa24f35e1b516d23)
Start importing Assets/Resources/将领信息预制件/挡.anim using Guid(b4b4449a9c404c6f983edf724bf26189) Importer(2089858483,0ecaa5967403d082aa24f35e1b516d23) [PhysX] Initialized MultithreadedTaskDispatcher with 20 workers.
 -> (artifact id: '33412e4dfb5c31ae6d076d5728abd0f5') in 0.002991 seconds
Number of updated asset objects reloaded before import = 0
Number of asset objects unloaded after import = 1
========================================================================
Received Import Request.
  Time since last request: 0.000010 seconds.
  path: Assets/Resources/称号头像/明君.png
  artifactKey: Guid(d2f936a0ad0a46f0b1e1ba3de420a3b3) Importer(2089858483,0ecaa5967403d082aa24f35e1b516d23)
Start importing Assets/Resources/称号头像/明君.png using Guid(d2f936a0ad0a46f0b1e1ba3de420a3b3) Importer(2089858483,0ecaa5967403d082aa24f35e1b516d23) [PhysX] Initialized MultithreadedTaskDispatcher with 20 workers.
 -> (artifact id: '67ef9636fd31ee914fa94a558f0df69d') in 0.006541 seconds
Number of updated asset objects reloaded before import = 0
Number of asset objects unloaded after import = 3
========================================================================
Received Import Request.
  Time since last request: 0.000019 seconds.
  path: Assets/Resources/称号头像/破军.png
  artifactKey: Guid(e06902d4a886413dbde260fbda128985) Importer(2089858483,0ecaa5967403d082aa24f35e1b516d23)
Start importing Assets/Resources/称号头像/破军.png using Guid(e06902d4a886413dbde260fbda128985) Importer(2089858483,0ecaa5967403d082aa24f35e1b516d23) [PhysX] Initialized MultithreadedTaskDispatcher with 20 workers.
 -> (artifact id: 'c4b1dc206ece182a409eaae775b844ea') in 0.007642 seconds
Number of updated asset objects reloaded before import = 0
Number of asset objects unloaded after import = 3
========================================================================
Received Import Request.
  Time since last request: 0.000013 seconds.
  path: Assets/Resources/山贼头像/824.dat.png
  artifactKey: Guid(a8f67a80c89d4be6abcc22381597667f) Importer(2089858483,0ecaa5967403d082aa24f35e1b516d23)
Start importing Assets/Resources/山贼头像/824.dat.png using Guid(a8f67a80c89d4be6abcc22381597667f) Importer(2089858483,0ecaa5967403d082aa24f35e1b516d23) [PhysX] Initialized MultithreadedTaskDispatcher with 20 workers.
 -> (artifact id: '77d9f87e0c2fbfd53e1b46b51d73a83e') in 0.007618 seconds
Number of updated asset objects reloaded before import = 0
Number of asset objects unloaded after import = 3
========================================================================
Received Import Request.
  Time since last request: 0.000014 seconds.
  path: Assets/Resources/山贼头像/831.dat.png
  artifactKey: Guid(c7efa77b2ea445c4bb727f41252baf39) Importer(2089858483,0ecaa5967403d082aa24f35e1b516d23)
Start importing Assets/Resources/山贼头像/831.dat.png using Guid(c7efa77b2ea445c4bb727f41252baf39) Importer(2089858483,0ecaa5967403d082aa24f35e1b516d23) [PhysX] Initialized MultithreadedTaskDispatcher with 20 workers.
 -> (artifact id: '6ddb56ee5fcf70b48213f22ca21228b7') in 0.006634 seconds
Number of updated asset objects reloaded before import = 0
Number of asset objects unloaded after import = 3
========================================================================
Received Import Request.
  Time since last request: 0.000024 seconds.
  path: Assets/Resources/国家图片/晋.png
  artifactKey: Guid(1e6960b14d1743c7b80536a78e8bad32) Importer(2089858483,0ecaa5967403d082aa24f35e1b516d23)
Start importing Assets/Resources/国家图片/晋.png using Guid(1e6960b14d1743c7b80536a78e8bad32) Importer(2089858483,0ecaa5967403d082aa24f35e1b516d23) [PhysX] Initialized MultithreadedTaskDispatcher with 20 workers.
 -> (artifact id: '6b57e22e34e5117b0c8cc66fd97785d4') in 0.007646 seconds
Number of updated asset objects reloaded before import = 0
Number of asset objects unloaded after import = 3
========================================================================
Received Import Request.
  Time since last request: 0.000014 seconds.
  path: Assets/Resources/将领信息预制件/打击特效.controller
  artifactKey: Guid(24a97c582c8a4115ad57fa1fb2bf8bc1) Importer(2089858483,0ecaa5967403d082aa24f35e1b516d23)
Start importing Assets/Resources/将领信息预制件/打击特效.controller using Guid(24a97c582c8a4115ad57fa1fb2bf8bc1) Importer(2089858483,0ecaa5967403d082aa24f35e1b516d23) [PhysX] Initialized MultithreadedTaskDispatcher with 20 workers.
 -> (artifact id: '7a21a4ee44158040c08f8d6e56305287') in 0.002782 seconds
Number of updated asset objects reloaded before import = 0
Number of asset objects unloaded after import = 4
========================================================================
Received Import Request.
  Time since last request: 0.000011 seconds.
  path: Assets/Resources/兵种模型预制件/骁骑兵.prefab
  artifactKey: Guid(43ca7f65115c4e75b5bfaf2d60d88def) Importer(2089858483,0ecaa5967403d082aa24f35e1b516d23)
Start importing Assets/Resources/兵种模型预制件/骁骑兵.prefab using Guid(43ca7f65115c4e75b5bfaf2d60d88def) Importer(2089858483,0ecaa5967403d082aa24f35e1b516d23) [PhysX] Initialized MultithreadedTaskDispatcher with 20 workers.
 -> (artifact id: 'ecdd25c7188000164509f6f2e9969a64') in 0.009114 seconds
Number of updated asset objects reloaded before import = 0
Number of asset objects unloaded after import = 29
========================================================================
Received Import Request.
  Time since last request: 0.000016 seconds.
  path: Assets/Resources/将领信息预制件/将领阴影.prefab
  artifactKey: Guid(b08b1e5536ce4d9ba80acec66d2eaaa6) Importer(2089858483,0ecaa5967403d082aa24f35e1b516d23)
Start importing Assets/Resources/将领信息预制件/将领阴影.prefab using Guid(b08b1e5536ce4d9ba80acec66d2eaaa6) Importer(2089858483,0ecaa5967403d082aa24f35e1b516d23) [PhysX] Initialized MultithreadedTaskDispatcher with 20 workers.
 -> (artifact id: '899c49de6ed64e6fad864c6cec914905') in 0.005339 seconds
Number of updated asset objects reloaded before import = 0
Number of asset objects unloaded after import = 8
========================================================================
Received Import Request.
  Time since last request: 0.000013 seconds.
  path: Assets/Resources/国家图片/陈.png
  artifactKey: Guid(38d8148ba4ff4fafa9feb68f75184ac3) Importer(2089858483,0ecaa5967403d082aa24f35e1b516d23)
Start importing Assets/Resources/国家图片/陈.png using Guid(38d8148ba4ff4fafa9feb68f75184ac3) Importer(2089858483,0ecaa5967403d082aa24f35e1b516d23) [PhysX] Initialized MultithreadedTaskDispatcher with 20 workers.
 -> (artifact id: '5ad2c129390804cd04ff05cc8b4672c4') in 0.008806 seconds
Number of updated asset objects reloaded before import = 0
Number of asset objects unloaded after import = 3
========================================================================
Received Import Request.
  Time since last request: 0.000016 seconds.
  path: Assets/Resources/将领信息预制件/闪.controller
  artifactKey: Guid(918e6bdd7fdc4bdfbc090857556b97ef) Importer(2089858483,0ecaa5967403d082aa24f35e1b516d23)
Start importing Assets/Resources/将领信息预制件/闪.controller using Guid(918e6bdd7fdc4bdfbc090857556b97ef) Importer(2089858483,0ecaa5967403d082aa24f35e1b516d23) [PhysX] Initialized MultithreadedTaskDispatcher with 20 workers.
 -> (artifact id: '1c44959ea09d67aa60c83cc8fb0eac9f') in 0.004212 seconds
Number of updated asset objects reloaded before import = 0
Number of asset objects unloaded after import = 4
========================================================================
Received Import Request.
  Time since last request: 0.000013 seconds.
  path: Assets/Resources/装备图片/天子椅1.png
  artifactKey: Guid(f5cb18f7dee943faa06ba6ba95e378af) Importer(2089858483,0ecaa5967403d082aa24f35e1b516d23)
Start importing Assets/Resources/装备图片/天子椅1.png using Guid(f5cb18f7dee943faa06ba6ba95e378af) Importer(2089858483,0ecaa5967403d082aa24f35e1b516d23) [PhysX] Initialized MultithreadedTaskDispatcher with 20 workers.
 -> (artifact id: 'df2a6028b2b473ce44a34c2809cabf2a') in 0.007177 seconds
Number of updated asset objects reloaded before import = 0
Number of asset objects unloaded after import = 3
========================================================================
Received Import Request.
  Time since last request: 0.000017 seconds.
  path: Assets/Resources/装备图片/尊·皇冠.png
  artifactKey: Guid(1d01af7cb25048cc935f708e15f2e9b6) Importer(2089858483,0ecaa5967403d082aa24f35e1b516d23)
Start importing Assets/Resources/装备图片/尊·皇冠.png using Guid(1d01af7cb25048cc935f708e15f2e9b6) Importer(2089858483,0ecaa5967403d082aa24f35e1b516d23) [PhysX] Initialized MultithreadedTaskDispatcher with 20 workers.
 -> (artifact id: 'ea7e1d470a05dd30505ec76fe9bdd521') in 0.006464 seconds
Number of updated asset objects reloaded before import = 0
Number of asset objects unloaded after import = 3
========================================================================
Received Import Request.
  Time since last request: 0.000017 seconds.
  path: Assets/Scripts/选择出征将领.cs
  artifactKey: Guid(2dea754e7372c5973b2e26c2bd1dd964) Importer(2089858483,0ecaa5967403d082aa24f35e1b516d23)
Start importing Assets/Scripts/选择出征将领.cs using Guid(2dea754e7372c5973b2e26c2bd1dd964) Importer(2089858483,0ecaa5967403d082aa24f35e1b516d23) [PhysX] Initialized MultithreadedTaskDispatcher with 20 workers.
 -> (artifact id: '4de11969921304fd105315163221387c') in 0.002403 seconds
Number of updated asset objects reloaded before import = 0
Number of asset objects unloaded after import = 1
========================================================================
Received Import Request.
  Time since last request: 0.000014 seconds.
  path: Assets/Resources/装备图片/灵羊骊.png
  artifactKey: Guid(191cf792c5c04b6c9237cc05d1ad38a4) Importer(2089858483,0ecaa5967403d082aa24f35e1b516d23)
Start importing Assets/Resources/装备图片/灵羊骊.png using Guid(191cf792c5c04b6c9237cc05d1ad38a4) Importer(2089858483,0ecaa5967403d082aa24f35e1b516d23) [PhysX] Initialized MultithreadedTaskDispatcher with 20 workers.
 -> (artifact id: '7842e91905052d805cccd5c8b7a8ae76') in 0.008065 seconds
Number of updated asset objects reloaded before import = 0
Number of asset objects unloaded after import = 3
========================================================================
Received Import Request.
  Time since last request: 0.000017 seconds.
  path: Assets/Resources/将领信息预制件/将领血条信息.prefab
  artifactKey: Guid(62face97c1084d1d92f0c9f95b9eee2e) Importer(2089858483,0ecaa5967403d082aa24f35e1b516d23)
Start importing Assets/Resources/将领信息预制件/将领血条信息.prefab using Guid(62face97c1084d1d92f0c9f95b9eee2e) Importer(2089858483,0ecaa5967403d082aa24f35e1b516d23) [PhysX] Initialized MultithreadedTaskDispatcher with 20 workers.
 -> (artifact id: 'a920804d88801950484beb519bf59713') in 0.006194 seconds
Number of updated asset objects reloaded before import = 0
Number of asset objects unloaded after import = 35
========================================================================
Received Import Request.
  Time since last request: 0.000012 seconds.
  path: Assets/Resources/称号头像/学士.png
  artifactKey: Guid(2de369a7b4ea4de4a4ac8d56551ce3fc) Importer(2089858483,0ecaa5967403d082aa24f35e1b516d23)
Start importing Assets/Resources/称号头像/学士.png using Guid(2de369a7b4ea4de4a4ac8d56551ce3fc) Importer(2089858483,0ecaa5967403d082aa24f35e1b516d23) [PhysX] Initialized MultithreadedTaskDispatcher with 20 workers.
 -> (artifact id: '774328844e6d67d75f4d2589635b18b1') in 0.007367 seconds
Number of updated asset objects reloaded before import = 0
Number of asset objects unloaded after import = 3
========================================================================
Received Import Request.
  Time since last request: 0.000017 seconds.
  path: Assets/Resources/装备图片/牡羊宝剑.png
  artifactKey: Guid(96b0e5f50eeb40e7b34f5659898f23db) Importer(2089858483,0ecaa5967403d082aa24f35e1b516d23)
Start importing Assets/Resources/装备图片/牡羊宝剑.png using Guid(96b0e5f50eeb40e7b34f5659898f23db) Importer(2089858483,0ecaa5967403d082aa24f35e1b516d23) [PhysX] Initialized MultithreadedTaskDispatcher with 20 workers.
 -> (artifact id: '8e412613e62d7195e905413c22986f8d') in 0.007781 seconds
Number of updated asset objects reloaded before import = 0
Number of asset objects unloaded after import = 3
========================================================================
Received Import Request.
  Time since last request: 0.000013 seconds.
  path: Assets/Resources/将领信息预制件/将领红星.prefab
  artifactKey: Guid(c09e15f3e60f48a4aec452f372d36e53) Importer(2089858483,0ecaa5967403d082aa24f35e1b516d23)
Start importing Assets/Resources/将领信息预制件/将领红星.prefab using Guid(c09e15f3e60f48a4aec452f372d36e53) Importer(2089858483,0ecaa5967403d082aa24f35e1b516d23) [PhysX] Initialized MultithreadedTaskDispatcher with 20 workers.
 -> (artifact id: '5a2135b98e4239ca455242104a41bbe8') in 0.004824 seconds
Number of updated asset objects reloaded before import = 0
Number of asset objects unloaded after import = 8
========================================================================
Received Import Request.
  Time since last request: 0.000013 seconds.
  path: Assets/Resources/装备图片/双股剑.png
  artifactKey: Guid(9bcd44ac96264e95b94c0a3e8830b383) Importer(2089858483,0ecaa5967403d082aa24f35e1b516d23)
Start importing Assets/Resources/装备图片/双股剑.png using Guid(9bcd44ac96264e95b94c0a3e8830b383) Importer(2089858483,0ecaa5967403d082aa24f35e1b516d23) [PhysX] Initialized MultithreadedTaskDispatcher with 20 workers.
 -> (artifact id: '6f80e8119328f81d10ce0f32e01a4c19') in 0.007730 seconds
Number of updated asset objects reloaded before import = 0
Number of asset objects unloaded after import = 3
========================================================================
Received Import Request.
  Time since last request: 0.000014 seconds.
  path: Assets/Resources/装备图片/开山斧.png
  artifactKey: Guid(d5dcd9cd166d44a58df13ab7f5ae8e86) Importer(2089858483,0ecaa5967403d082aa24f35e1b516d23)
Start importing Assets/Resources/装备图片/开山斧.png using Guid(d5dcd9cd166d44a58df13ab7f5ae8e86) Importer(2089858483,0ecaa5967403d082aa24f35e1b516d23) [PhysX] Initialized MultithreadedTaskDispatcher with 20 workers.
 -> (artifact id: '1310eb98d3cc90e33d1c991bb06ce7ee') in 0.008083 seconds
Number of updated asset objects reloaded before import = 0
Number of asset objects unloaded after import = 3
========================================================================
Received Import Request.
  Time since last request: 0.000018 seconds.
  path: Assets/Resources/装备图片/天子盔1.png
  artifactKey: Guid(98963979675e489d83676b7d1ec48a89) Importer(2089858483,0ecaa5967403d082aa24f35e1b516d23)
Start importing Assets/Resources/装备图片/天子盔1.png using Guid(98963979675e489d83676b7d1ec48a89) Importer(2089858483,0ecaa5967403d082aa24f35e1b516d23) [PhysX] Initialized MultithreadedTaskDispatcher with 20 workers.
 -> (artifact id: '8ea678604be546565eaf84fa17c646f9') in 0.008530 seconds
Number of updated asset objects reloaded before import = 0
Number of asset objects unloaded after import = 3
========================================================================
Received Import Request.
  Time since last request: 0.000018 seconds.
  path: Assets/Resources/兵种模型预制件/强弩兵.prefab
  artifactKey: Guid(9cf21606109848a7a6168eb00ce17bfa) Importer(2089858483,0ecaa5967403d082aa24f35e1b516d23)
Start importing Assets/Resources/兵种模型预制件/强弩兵.prefab using Guid(9cf21606109848a7a6168eb00ce17bfa) Importer(2089858483,0ecaa5967403d082aa24f35e1b516d23) [PhysX] Initialized MultithreadedTaskDispatcher with 20 workers.
 -> (artifact id: '77e30559145b78fa23e418e25fac713f') in 0.008940 seconds
Number of updated asset objects reloaded before import = 0
Number of asset objects unloaded after import = 60
========================================================================
Received Import Request.
  Time since last request: 0.000015 seconds.
  path: Assets/Resources/兵种小图标/投石车.png
  artifactKey: Guid(f362ba07d5334608b49463ff8cb314fe) Importer(2089858483,0ecaa5967403d082aa24f35e1b516d23)
Start importing Assets/Resources/兵种小图标/投石车.png using Guid(f362ba07d5334608b49463ff8cb314fe) Importer(2089858483,0ecaa5967403d082aa24f35e1b516d23) [PhysX] Initialized MultithreadedTaskDispatcher with 20 workers.
 -> (artifact id: 'f69a043f4da545fd3d6de8d78aad39e0') in 0.007647 seconds
Number of updated asset objects reloaded before import = 0
Number of asset objects unloaded after import = 3
========================================================================
Received Import Request.
  Time since last request: 0.000015 seconds.
  path: Assets/Resources/兵种模型预制件/近卫兵.prefab
  artifactKey: Guid(7c0dd474e98347d89aa210b917f7319b) Importer(2089858483,0ecaa5967403d082aa24f35e1b516d23)
Start importing Assets/Resources/兵种模型预制件/近卫兵.prefab using Guid(7c0dd474e98347d89aa210b917f7319b) Importer(2089858483,0ecaa5967403d082aa24f35e1b516d23) [PhysX] Initialized MultithreadedTaskDispatcher with 20 workers.
 -> (artifact id: '5a543f91d51b813808bf68f1a763377c') in 0.010374 seconds
Number of updated asset objects reloaded before import = 0
Number of asset objects unloaded after import = 64
========================================================================
Received Import Request.
  Time since last request: 0.000019 seconds.
  path: Assets/Resources/兵种小图标/民兵.png
  artifactKey: Guid(2013527cd7cc4140b337473a17f3fe2f) Importer(2089858483,0ecaa5967403d082aa24f35e1b516d23)
Start importing Assets/Resources/兵种小图标/民兵.png using Guid(2013527cd7cc4140b337473a17f3fe2f) Importer(2089858483,0ecaa5967403d082aa24f35e1b516d23) [PhysX] Initialized MultithreadedTaskDispatcher with 20 workers.
 -> (artifact id: 'f3fc93555f9adb5c26e089c392ef228e') in 0.007483 seconds
Number of updated asset objects reloaded before import = 0
Number of asset objects unloaded after import = 3
========================================================================
Received Import Request.
  Time since last request: 0.000015 seconds.
  path: Assets/Resources/主帅头像/0.png
  artifactKey: Guid(57cb718568a940428b93189c7caba5b1) Importer(2089858483,0ecaa5967403d082aa24f35e1b516d23)
Start importing Assets/Resources/主帅头像/0.png using Guid(57cb718568a940428b93189c7caba5b1) Importer(2089858483,0ecaa5967403d082aa24f35e1b516d23) [PhysX] Initialized MultithreadedTaskDispatcher with 20 workers.
 -> (artifact id: 'c31ce15cd7c483877e6d3ff7c3fa8d9f') in 0.008702 seconds
Number of updated asset objects reloaded before import = 0
Number of asset objects unloaded after import = 3
========================================================================
Received Import Request.
  Time since last request: 0.000018 seconds.
  path: Assets/Resources/装备图片/照夜玉狮子.png
  artifactKey: Guid(25bfe017fe32455fb4c1d7e5671e733e) Importer(2089858483,0ecaa5967403d082aa24f35e1b516d23)
Start importing Assets/Resources/装备图片/照夜玉狮子.png using Guid(25bfe017fe32455fb4c1d7e5671e733e) Importer(2089858483,0ecaa5967403d082aa24f35e1b516d23) [PhysX] Initialized MultithreadedTaskDispatcher with 20 workers.
 -> (artifact id: 'e6bd4db1d10a15118c2b5562bf2da871') in 0.006709 seconds
Number of updated asset objects reloaded before import = 0
Number of asset objects unloaded after import = 3
========================================================================
Received Import Request.
  Time since last request: 0.000014 seconds.
  path: Assets/Resources/装备图片/尊·龙剑.png
  artifactKey: Guid(adf8924df77b4068a3f345cf37c4badc) Importer(2089858483,0ecaa5967403d082aa24f35e1b516d23)
Start importing Assets/Resources/装备图片/尊·龙剑.png using Guid(adf8924df77b4068a3f345cf37c4badc) Importer(2089858483,0ecaa5967403d082aa24f35e1b516d23) [PhysX] Initialized MultithreadedTaskDispatcher with 20 workers.
 -> (artifact id: '265bdd0954b797c4a9323b4e8c5c9431') in 0.007930 seconds
Number of updated asset objects reloaded before import = 0
Number of asset objects unloaded after import = 3
========================================================================
Received Import Request.
  Time since last request: 0.000015 seconds.
  path: Assets/Resources/装备图片/玄铁双戟.png
  artifactKey: Guid(3699959bb0e14944a64f5b62ee300977) Importer(2089858483,0ecaa5967403d082aa24f35e1b516d23)
Start importing Assets/Resources/装备图片/玄铁双戟.png using Guid(3699959bb0e14944a64f5b62ee300977) Importer(2089858483,0ecaa5967403d082aa24f35e1b516d23) [PhysX] Initialized MultithreadedTaskDispatcher with 20 workers.
 -> (artifact id: 'a4d6427afa393bc6356bfb48e77251c8') in 0.007563 seconds
Number of updated asset objects reloaded before import = 0
Number of asset objects unloaded after import = 3
========================================================================
Received Import Request.
  Time since last request: 0.000017 seconds.
  path: Assets/Scripts/颜色类.cs
  artifactKey: Guid(5501f3e1c2df0824d69c4bfb34f1809f) Importer(2089858483,0ecaa5967403d082aa24f35e1b516d23)
Start importing Assets/Scripts/颜色类.cs using Guid(5501f3e1c2df0824d69c4bfb34f1809f) Importer(2089858483,0ecaa5967403d082aa24f35e1b516d23) [PhysX] Initialized MultithreadedTaskDispatcher with 20 workers.
 -> (artifact id: '931d92d51decb78e5212eb4279634415') in 0.003468 seconds
Number of updated asset objects reloaded before import = 0
Number of asset objects unloaded after import = 1
========================================================================
Received Import Request.
  Time since last request: 0.000016 seconds.
  path: Assets/Resources/将领信息预制件/新科技_闪.png
  artifactKey: Guid(234ffc2c94e14289a64abb7ab5748d3a) Importer(2089858483,0ecaa5967403d082aa24f35e1b516d23)
Start importing Assets/Resources/将领信息预制件/新科技_闪.png using Guid(234ffc2c94e14289a64abb7ab5748d3a) Importer(2089858483,0ecaa5967403d082aa24f35e1b516d23) [PhysX] Initialized MultithreadedTaskDispatcher with 20 workers.
 -> (artifact id: 'f22311a023e3ae344530217ec5e586d5') in 0.015256 seconds
Number of updated asset objects reloaded before import = 0
Number of asset objects unloaded after import = 11
========================================================================
Received Import Request.
  Time since last request: 0.000017 seconds.
  path: Assets/Resources/大地图资源/城池图片/0.png
  artifactKey: Guid(ed10b484e28c483f9bc5c01ba4b283dd) Importer(2089858483,0ecaa5967403d082aa24f35e1b516d23)
Start importing Assets/Resources/大地图资源/城池图片/0.png using Guid(ed10b484e28c483f9bc5c01ba4b283dd) Importer(2089858483,0ecaa5967403d082aa24f35e1b516d23) [PhysX] Initialized MultithreadedTaskDispatcher with 20 workers.
 -> (artifact id: 'f694dbecbf86161e0bd2f2f5d962d902') in 0.007507 seconds
Number of updated asset objects reloaded before import = 0
Number of asset objects unloaded after import = 3
========================================================================
Received Import Request.
  Time since last request: 0.000023 seconds.
  path: Assets/Resources/道具头像/将领抽奖箱.png
  artifactKey: Guid(0759444c106049b78344d46f4d070d8e) Importer(2089858483,0ecaa5967403d082aa24f35e1b516d23)
Start importing Assets/Resources/道具头像/将领抽奖箱.png using Guid(0759444c106049b78344d46f4d070d8e) Importer(2089858483,0ecaa5967403d082aa24f35e1b516d23) [PhysX] Initialized MultithreadedTaskDispatcher with 20 workers.
 -> (artifact id: '07d1fd9649337832df4822ef3ed407d0') in 0.007282 seconds
Number of updated asset objects reloaded before import = 0
Number of asset objects unloaded after import = 3
========================================================================
Received Import Request.
  Time since last request: 0.000014 seconds.
  path: Assets/Resources/装备图片/紫金铠.png
  artifactKey: Guid(94b697fe62a24732add24cde29b45908) Importer(2089858483,0ecaa5967403d082aa24f35e1b516d23)
Start importing Assets/Resources/装备图片/紫金铠.png using Guid(94b697fe62a24732add24cde29b45908) Importer(2089858483,0ecaa5967403d082aa24f35e1b516d23) [PhysX] Initialized MultithreadedTaskDispatcher with 20 workers.
 -> (artifact id: 'd81dae7ed304877d8b70c7fb2b4a969d') in 0.007087 seconds
Number of updated asset objects reloaded before import = 0
Number of asset objects unloaded after import = 3
========================================================================
Received Import Request.
  Time since last request: 0.000013 seconds.
  path: Assets/Scripts/玩家数据结构/玩家数据.cs
  artifactKey: Guid(06ba0d4f01850b692c8aa874853fe7b7) Importer(2089858483,0ecaa5967403d082aa24f35e1b516d23)
Start importing Assets/Scripts/玩家数据结构/玩家数据.cs using Guid(06ba0d4f01850b692c8aa874853fe7b7) Importer(2089858483,0ecaa5967403d082aa24f35e1b516d23) [PhysX] Initialized MultithreadedTaskDispatcher with 20 workers.
 -> (artifact id: 'e4a400982ca1d934b51d5ade1ef8b3d2') in 0.002513 seconds
Number of updated asset objects reloaded before import = 0
Number of asset objects unloaded after import = 1
========================================================================
Received Import Request.
  Time since last request: 0.000015 seconds.
  path: Assets/Resources/装备图片/红鬃马.png
  artifactKey: Guid(cba52f0c1eb04d409afd1dd03297fae2) Importer(2089858483,0ecaa5967403d082aa24f35e1b516d23)
Start importing Assets/Resources/装备图片/红鬃马.png using Guid(cba52f0c1eb04d409afd1dd03297fae2) Importer(2089858483,0ecaa5967403d082aa24f35e1b516d23) [PhysX] Initialized MultithreadedTaskDispatcher with 20 workers.
 -> (artifact id: '0932baba1fdc58d30e74235190ed1965') in 0.006966 seconds
Number of updated asset objects reloaded before import = 0
Number of asset objects unloaded after import = 3
========================================================================
Received Import Request.
  Time since last request: 0.000013 seconds.
  path: Assets/Resources/通用界面/加载动画.prefab
  artifactKey: Guid(069b23a69251456db2f4c99c57d49fe1) Importer(2089858483,0ecaa5967403d082aa24f35e1b516d23)
Start importing Assets/Resources/通用界面/加载动画.prefab using Guid(069b23a69251456db2f4c99c57d49fe1) Importer(2089858483,0ecaa5967403d082aa24f35e1b516d23) [PhysX] Initialized MultithreadedTaskDispatcher with 20 workers.
 -> (artifact id: '18ce74395c97beb6af490079b6f10092') in 0.008388 seconds
Number of updated asset objects reloaded before import = 0
Number of asset objects unloaded after import = 61
========================================================================
Received Import Request.
  Time since last request: 0.000013 seconds.
  path: Assets/Resources/装备图片/鬼头刀.png
  artifactKey: Guid(f63ea5fbf98f4a0594b91d103ade1696) Importer(2089858483,0ecaa5967403d082aa24f35e1b516d23)
Start importing Assets/Resources/装备图片/鬼头刀.png using Guid(f63ea5fbf98f4a0594b91d103ade1696) Importer(2089858483,0ecaa5967403d082aa24f35e1b516d23) [PhysX] Initialized MultithreadedTaskDispatcher with 20 workers.
 -> (artifact id: '2bbd4c73e3b9a86288de8158529de867') in 0.006760 seconds
Number of updated asset objects reloaded before import = 0
Number of asset objects unloaded after import = 3
========================================================================
Received Import Request.
  Time since last request: 0.000015 seconds.
  path: Assets/Resources/大地图资源/城池图片/3.png
  artifactKey: Guid(c3442694adff490b9feeb3ce4bbe1ddf) Importer(2089858483,0ecaa5967403d082aa24f35e1b516d23)
Start importing Assets/Resources/大地图资源/城池图片/3.png using Guid(c3442694adff490b9feeb3ce4bbe1ddf) Importer(2089858483,0ecaa5967403d082aa24f35e1b516d23) [PhysX] Initialized MultithreadedTaskDispatcher with 20 workers.
 -> (artifact id: '0498e243b24fdab6e54c6dc49470e57d') in 0.007674 seconds
Number of updated asset objects reloaded before import = 0
Number of asset objects unloaded after import = 3
========================================================================
Received Import Request.
  Time since last request: 0.000014 seconds.
  path: Assets/Resources/道具头像/钻石礼包.png
  artifactKey: Guid(bc61223e0a0843a694cae7b5aa784538) Importer(2089858483,0ecaa5967403d082aa24f35e1b516d23)
Start importing Assets/Resources/道具头像/钻石礼包.png using Guid(bc61223e0a0843a694cae7b5aa784538) Importer(2089858483,0ecaa5967403d082aa24f35e1b516d23) [PhysX] Initialized MultithreadedTaskDispatcher with 20 workers.
 -> (artifact id: '8540cff669b694830dbfb00b04f405ae') in 0.007317 seconds
Number of updated asset objects reloaded before import = 0
Number of asset objects unloaded after import = 3
========================================================================
Received Import Request.
  Time since last request: 0.000022 seconds.
  path: Assets/Resources/道具头像/玉玺.png
  artifactKey: Guid(375f9eff588d4571855ae41379ded475) Importer(2089858483,0ecaa5967403d082aa24f35e1b516d23)
Start importing Assets/Resources/道具头像/玉玺.png using Guid(375f9eff588d4571855ae41379ded475) Importer(2089858483,0ecaa5967403d082aa24f35e1b516d23) [PhysX] Initialized MultithreadedTaskDispatcher with 20 workers.
 -> (artifact id: '308596908ae2ce56d3a3fe190cc86d68') in 0.006984 seconds
Number of updated asset objects reloaded before import = 0
Number of asset objects unloaded after import = 3
========================================================================
Received Import Request.
  Time since last request: 0.000018 seconds.
  path: Assets/Resources/道具头像/昆仑玄铁.png
  artifactKey: Guid(f5760be43873477280a090958fb06344) Importer(2089858483,0ecaa5967403d082aa24f35e1b516d23)
Start importing Assets/Resources/道具头像/昆仑玄铁.png using Guid(f5760be43873477280a090958fb06344) Importer(2089858483,0ecaa5967403d082aa24f35e1b516d23) [PhysX] Initialized MultithreadedTaskDispatcher with 20 workers.
 -> (artifact id: '1019ab29cf5152b268804308b2ab9fe5') in 0.007610 seconds
Number of updated asset objects reloaded before import = 0
Number of asset objects unloaded after import = 3
========================================================================
Received Import Request.
  Time since last request: 0.000012 seconds.
  path: Assets/Resources/道具头像/高级战鼓.png
  artifactKey: Guid(a970e8e9e1334ff0a050534be7e84f5e) Importer(2089858483,0ecaa5967403d082aa24f35e1b516d23)
Start importing Assets/Resources/道具头像/高级战鼓.png using Guid(a970e8e9e1334ff0a050534be7e84f5e) Importer(2089858483,0ecaa5967403d082aa24f35e1b516d23) [PhysX] Initialized MultithreadedTaskDispatcher with 20 workers.
 -> (artifact id: 'b5e247d4d1822489688234d62fef8f9e') in 0.006927 seconds
Number of updated asset objects reloaded before import = 0
Number of asset objects unloaded after import = 3
========================================================================
Received Import Request.
  Time since last request: 0.000011 seconds.
  path: Assets/Resources/道具头像/地魄灵石.png
  artifactKey: Guid(52556e39495f4583819b7bb74474f021) Importer(2089858483,0ecaa5967403d082aa24f35e1b516d23)
Start importing Assets/Resources/道具头像/地魄灵石.png using Guid(52556e39495f4583819b7bb74474f021) Importer(2089858483,0ecaa5967403d082aa24f35e1b516d23) [PhysX] Initialized MultithreadedTaskDispatcher with 20 workers.
 -> (artifact id: '163e0f80ee01750f479a0c150e17d488') in 0.006782 seconds
Number of updated asset objects reloaded before import = 0
Number of asset objects unloaded after import = 3
========================================================================
Received Import Request.
  Time since last request: 0.000020 seconds.
  path: Assets/Resources/装备图片/青龙盔.png
  artifactKey: Guid(7ba908f8ab134a4388f2448ac227b0c8) Importer(2089858483,0ecaa5967403d082aa24f35e1b516d23)
Start importing Assets/Resources/装备图片/青龙盔.png using Guid(7ba908f8ab134a4388f2448ac227b0c8) Importer(2089858483,0ecaa5967403d082aa24f35e1b516d23) [PhysX] Initialized MultithreadedTaskDispatcher with 20 workers.
 -> (artifact id: 'b63c458d891e2285adeca9f2c0033297') in 0.007316 seconds
Number of updated asset objects reloaded before import = 0
Number of asset objects unloaded after import = 3
========================================================================
Received Import Request.
  Time since last request: 0.000014 seconds.
  path: Assets/Resources/装备图片/青铜铠.png
  artifactKey: Guid(d40683805d6046dd90f48dc5f122a9cc) Importer(2089858483,0ecaa5967403d082aa24f35e1b516d23)
Start importing Assets/Resources/装备图片/青铜铠.png using Guid(d40683805d6046dd90f48dc5f122a9cc) Importer(2089858483,0ecaa5967403d082aa24f35e1b516d23) [PhysX] Initialized MultithreadedTaskDispatcher with 20 workers.
 -> (artifact id: 'a3681cedb1222b228c0bc8d7f9ad52ba') in 0.006749 seconds
Number of updated asset objects reloaded before import = 0
Number of asset objects unloaded after import = 3
========================================================================
Received Import Request.
  Time since last request: 0.000014 seconds.
  path: Assets/Resources/大地图资源/城池头像/0.png
  artifactKey: Guid(d9e92b47434b47b08e66710f3d813bd5) Importer(2089858483,0ecaa5967403d082aa24f35e1b516d23)
Start importing Assets/Resources/大地图资源/城池头像/0.png using Guid(d9e92b47434b47b08e66710f3d813bd5) Importer(2089858483,0ecaa5967403d082aa24f35e1b516d23) [PhysX] Initialized MultithreadedTaskDispatcher with 20 workers.
 -> (artifact id: '4111a93b1981a4eff37e235dc7cb119d') in 0.008488 seconds
Number of updated asset objects reloaded before import = 0
Number of asset objects unloaded after import = 3
========================================================================
Received Import Request.
  Time since last request: 0.000014 seconds.
  path: Assets/Resources/道具头像/大礼包.png
  artifactKey: Guid(94354f1166214ca79d02f2d09d6f87af) Importer(2089858483,0ecaa5967403d082aa24f35e1b516d23)
Start importing Assets/Resources/道具头像/大礼包.png using Guid(94354f1166214ca79d02f2d09d6f87af) Importer(2089858483,0ecaa5967403d082aa24f35e1b516d23) [PhysX] Initialized MultithreadedTaskDispatcher with 20 workers.
 -> (artifact id: '579969c4e960737bee86df799c7123d1') in 0.007346 seconds
Number of updated asset objects reloaded before import = 0
Number of asset objects unloaded after import = 3
========================================================================
Received Import Request.
  Time since last request: 0.000014 seconds.
  path: Assets/Scripts/玩家数据结构/最终属性.cs
  artifactKey: Guid(622e40ef17765fc768688405ddddf34f) Importer(2089858483,0ecaa5967403d082aa24f35e1b516d23)
Start importing Assets/Scripts/玩家数据结构/最终属性.cs using Guid(622e40ef17765fc768688405ddddf34f) Importer(2089858483,0ecaa5967403d082aa24f35e1b516d23) [PhysX] Initialized MultithreadedTaskDispatcher with 20 workers.
 -> (artifact id: '820390f64d2bcd4da535907c6834e173') in 0.002495 seconds
Number of updated asset objects reloaded before import = 0
Number of asset objects unloaded after import = 1
========================================================================
Received Import Request.
  Time since last request: 0.000012 seconds.
  path: Assets/Resources/道具头像/招贤令.png
  artifactKey: Guid(ee36e0d633184199a98a2ed30d545194) Importer(2089858483,0ecaa5967403d082aa24f35e1b516d23)
Start importing Assets/Resources/道具头像/招贤令.png using Guid(ee36e0d633184199a98a2ed30d545194) Importer(2089858483,0ecaa5967403d082aa24f35e1b516d23) [PhysX] Initialized MultithreadedTaskDispatcher with 20 workers.
 -> (artifact id: '2302275c8ce0a53f5141515addab126e') in 0.006274 seconds
Number of updated asset objects reloaded before import = 0
Number of asset objects unloaded after import = 3
========================================================================
Received Import Request.
  Time since last request: 0.000016 seconds.
  path: Assets/Resources/道具头像/天罡北斗.png
  artifactKey: Guid(eeabb861a56d48118c79dae94e50fe67) Importer(2089858483,0ecaa5967403d082aa24f35e1b516d23)
Start importing Assets/Resources/道具头像/天罡北斗.png using Guid(eeabb861a56d48118c79dae94e50fe67) Importer(2089858483,0ecaa5967403d082aa24f35e1b516d23) [PhysX] Initialized MultithreadedTaskDispatcher with 20 workers.
 -> (artifact id: 'e0170469b627d5a67214775e6b284453') in 0.007788 seconds
Number of updated asset objects reloaded before import = 0
Number of asset objects unloaded after import = 3
========================================================================
Received Import Request.
  Time since last request: 0.000013 seconds.
  path: Assets/Resources/装备图片/破天锤.png
  artifactKey: Guid(05629c06e7424ff4986208d85ee8ced2) Importer(2089858483,0ecaa5967403d082aa24f35e1b516d23)
Start importing Assets/Resources/装备图片/破天锤.png using Guid(05629c06e7424ff4986208d85ee8ced2) Importer(2089858483,0ecaa5967403d082aa24f35e1b516d23) [PhysX] Initialized MultithreadedTaskDispatcher with 20 workers.
 -> (artifact id: '9ce41dce102919c9c83df0f678aeb5f9') in 0.007648 seconds
Number of updated asset objects reloaded before import = 0
Number of asset objects unloaded after import = 3
========================================================================
Received Import Request.
  Time since last request: 0.000015 seconds.
  path: Assets/Resources/装备图片/白银盔.png
  artifactKey: Guid(6ac08a3aa78341c7ac9d347fe8a06147) Importer(2089858483,0ecaa5967403d082aa24f35e1b516d23)
Start importing Assets/Resources/装备图片/白银盔.png using Guid(6ac08a3aa78341c7ac9d347fe8a06147) Importer(2089858483,0ecaa5967403d082aa24f35e1b516d23) [PhysX] Initialized MultithreadedTaskDispatcher with 20 workers.
 -> (artifact id: '80468fdc7a1d62dc0d77cfb73504bedb') in 0.007417 seconds
Number of updated asset objects reloaded before import = 0
Number of asset objects unloaded after import = 3
========================================================================
Received Import Request.
  Time since last request: 0.000014 seconds.
  path: Assets/Resources/道具头像/天魂灵石.png
  artifactKey: Guid(6a6034e2a3d34ac799db0358f6b41257) Importer(2089858483,0ecaa5967403d082aa24f35e1b516d23)
Start importing Assets/Resources/道具头像/天魂灵石.png using Guid(6a6034e2a3d34ac799db0358f6b41257) Importer(2089858483,0ecaa5967403d082aa24f35e1b516d23) [PhysX] Initialized MultithreadedTaskDispatcher with 20 workers.
 -> (artifact id: 'ed40500293dc8a3f0226fb4265a3eb46') in 0.008292 seconds
Number of updated asset objects reloaded before import = 0
Number of asset objects unloaded after import = 3
========================================================================
Received Import Request.
  Time since last request: 0.000013 seconds.
  path: Assets/Resources/道具头像/战鼓.png
  artifactKey: Guid(3bda1fbe36ed46768fd94ea55bca6edf) Importer(2089858483,0ecaa5967403d082aa24f35e1b516d23)
Start importing Assets/Resources/道具头像/战鼓.png using Guid(3bda1fbe36ed46768fd94ea55bca6edf) Importer(2089858483,0ecaa5967403d082aa24f35e1b516d23) [PhysX] Initialized MultithreadedTaskDispatcher with 20 workers.
 -> (artifact id: '4c8e4486b42a93f057c1d756f6096ca7') in 0.006974 seconds
Number of updated asset objects reloaded before import = 0
Number of asset objects unloaded after import = 3
========================================================================
Received Import Request.
  Time since last request: 0.000016 seconds.
  path: Assets/Resources/道具头像/金礼包.png
  artifactKey: Guid(c738d1ade8e242fc947c9f437e7250bb) Importer(2089858483,0ecaa5967403d082aa24f35e1b516d23)
Start importing Assets/Resources/道具头像/金礼包.png using Guid(c738d1ade8e242fc947c9f437e7250bb) Importer(2089858483,0ecaa5967403d082aa24f35e1b516d23) [PhysX] Initialized MultithreadedTaskDispatcher with 20 workers.
 -> (artifact id: '649f48189fbab36b648de84e448c2a7e') in 0.007145 seconds
Number of updated asset objects reloaded before import = 0
Number of asset objects unloaded after import = 3
========================================================================
Received Import Request.
  Time since last request: 0.000013 seconds.
  path: Assets/Scripts/玩家数据结构/财产信息.cs
  artifactKey: Guid(d436e5e751696d522e7902b3e8080a7e) Importer(2089858483,0ecaa5967403d082aa24f35e1b516d23)
Start importing Assets/Scripts/玩家数据结构/财产信息.cs using Guid(d436e5e751696d522e7902b3e8080a7e) Importer(2089858483,0ecaa5967403d082aa24f35e1b516d23) [PhysX] Initialized MultithreadedTaskDispatcher with 20 workers.
 -> (artifact id: '0905785ef75ace4f305d3585ddcb07be') in 0.002627 seconds
Number of updated asset objects reloaded before import = 0
Number of asset objects unloaded after import = 1
========================================================================
Received Import Request.
  Time since last request: 0.000013 seconds.
  path: Assets/Resources/道具头像/悬赏令.png
  artifactKey: Guid(8d8e44cee2764b689c253d2289583940) Importer(2089858483,0ecaa5967403d082aa24f35e1b516d23)
Start importing Assets/Resources/道具头像/悬赏令.png using Guid(8d8e44cee2764b689c253d2289583940) Importer(2089858483,0ecaa5967403d082aa24f35e1b516d23) [PhysX] Initialized MultithreadedTaskDispatcher with 20 workers.
 -> (artifact id: '1d1117127b5179639d75655f30ed58b5') in 0.008587 seconds
Number of updated asset objects reloaded before import = 0
Number of asset objects unloaded after import = 3
========================================================================
Received Import Request.
  Time since last request: 0.000018 seconds.
  path: Assets/Resources/道具头像/北斗七星.png
  artifactKey: Guid(64d7d0895aad4edeb625f530e745d7b6) Importer(2089858483,0ecaa5967403d082aa24f35e1b516d23)
Start importing Assets/Resources/道具头像/北斗七星.png using Guid(64d7d0895aad4edeb625f530e745d7b6) Importer(2089858483,0ecaa5967403d082aa24f35e1b516d23) [PhysX] Initialized MultithreadedTaskDispatcher with 20 workers.
 -> (artifact id: '374ccb6f92d8bd93f851d343726ba747') in 0.007384 seconds
Number of updated asset objects reloaded before import = 0
Number of asset objects unloaded after import = 3
========================================================================
Received Import Request.
  Time since last request: 0.000012 seconds.
  path: Assets/Resources/装备图片/避水剑.png
  artifactKey: Guid(a7c4653b42b347a691f257f1d66f40fa) Importer(2089858483,0ecaa5967403d082aa24f35e1b516d23)
Start importing Assets/Resources/装备图片/避水剑.png using Guid(a7c4653b42b347a691f257f1d66f40fa) Importer(2089858483,0ecaa5967403d082aa24f35e1b516d23) [PhysX] Initialized MultithreadedTaskDispatcher with 20 workers.
 -> (artifact id: '7da499ac54a0cf49362b670c9bd6183c') in 0.007104 seconds
Number of updated asset objects reloaded before import = 0
Number of asset objects unloaded after import = 3
========================================================================
Received Import Request.
  Time since last request: 0.000013 seconds.
  path: Assets/Resources/装备图片/青铜盔.png
  artifactKey: Guid(9e03008d7fc7469683c30b34dbdf7ff9) Importer(2089858483,0ecaa5967403d082aa24f35e1b516d23)
Start importing Assets/Resources/装备图片/青铜盔.png using Guid(9e03008d7fc7469683c30b34dbdf7ff9) Importer(2089858483,0ecaa5967403d082aa24f35e1b516d23) [PhysX] Initialized MultithreadedTaskDispatcher with 20 workers.
 -> (artifact id: 'e063bd2c39481dc9b6899d1d9ad1c1c1') in 0.006883 seconds
Number of updated asset objects reloaded before import = 0
Number of asset objects unloaded after import = 3
========================================================================
Received Import Request.
  Time since last request: 0.000016 seconds.
  path: Assets/Resources/大地图资源/城池路径/-1_2.prefab
  artifactKey: Guid(9249338ea87041079d95e05c3e6995d5) Importer(2089858483,0ecaa5967403d082aa24f35e1b516d23)
Start importing Assets/Resources/大地图资源/城池路径/-1_2.prefab using Guid(9249338ea87041079d95e05c3e6995d5) Importer(2089858483,0ecaa5967403d082aa24f35e1b516d23) [PhysX] Initialized MultithreadedTaskDispatcher with 20 workers.
 -> (artifact id: 'f1b2ba4dc5c89239696905276a3f4de1') in 0.004978 seconds
Number of updated asset objects reloaded before import = 0
Number of asset objects unloaded after import = 25
========================================================================
Received Import Request.
  Time since last request: 0.000016 seconds.
  path: Assets/Resources/装备图片/黄袍.png
  artifactKey: Guid(553c5560fb694aca91cb42c93aa34307) Importer(2089858483,0ecaa5967403d082aa24f35e1b516d23)
Start importing Assets/Resources/装备图片/黄袍.png using Guid(553c5560fb694aca91cb42c93aa34307) Importer(2089858483,0ecaa5967403d082aa24f35e1b516d23) [PhysX] Initialized MultithreadedTaskDispatcher with 20 workers.
 -> (artifact id: 'a7965c668d164e22b077de2ae371171e') in 0.026990 seconds
Number of updated asset objects reloaded before import = 0
Number of asset objects unloaded after import = 3
========================================================================
Received Import Request.
  Time since last request: 0.000088 seconds.
  path: Assets/Resources/大地图资源/城池路径/-3_2.prefab
  artifactKey: Guid(6d61c331b9af48f98a35e607169ac80f) Importer(2089858483,0ecaa5967403d082aa24f35e1b516d23)
Start importing Assets/Resources/大地图资源/城池路径/-3_2.prefab using Guid(6d61c331b9af48f98a35e607169ac80f) Importer(2089858483,0ecaa5967403d082aa24f35e1b516d23) [PhysX] Initialized MultithreadedTaskDispatcher with 20 workers.
 -> (artifact id: '005b890766c046bd4fb20cb950718aa9') in 0.004739 seconds
Number of updated asset objects reloaded before import = 0
Number of asset objects unloaded after import = 24
========================================================================
Received Import Request.
  Time since last request: 0.000014 seconds.
  path: Assets/Resources/大地图资源/城池头像/3.png
  artifactKey: Guid(87066bb29e4243158c84778a8a28fed2) Importer(2089858483,0ecaa5967403d082aa24f35e1b516d23)
Start importing Assets/Resources/大地图资源/城池头像/3.png using Guid(87066bb29e4243158c84778a8a28fed2) Importer(2089858483,0ecaa5967403d082aa24f35e1b516d23) [PhysX] Initialized MultithreadedTaskDispatcher with 20 workers.
 -> (artifact id: '9f887c023a85e05f534d33ac3ecfab7c') in 0.007267 seconds
Number of updated asset objects reloaded before import = 0
Number of asset objects unloaded after import = 3
========================================================================
Received Import Request.
  Time since last request: 0.000013 seconds.
  path: Assets/Resources/装备图片/龙胆枪.png
  artifactKey: Guid(f951a6cc1e8f499ead8e875597cc5ea5) Importer(2089858483,0ecaa5967403d082aa24f35e1b516d23)
Start importing Assets/Resources/装备图片/龙胆枪.png using Guid(f951a6cc1e8f499ead8e875597cc5ea5) Importer(2089858483,0ecaa5967403d082aa24f35e1b516d23) [PhysX] Initialized MultithreadedTaskDispatcher with 20 workers.
 -> (artifact id: 'ede3c2d2bdf8b05f10306da08085b21b') in 0.007937 seconds
Number of updated asset objects reloaded before import = 0
Number of asset objects unloaded after import = 3
========================================================================
Received Import Request.
  Time since last request: 0.000014 seconds.
  path: Assets/Resources/道具头像/福神符.png
  artifactKey: Guid(2dfff6fa032c4081a0d3cb4f7ec5c972) Importer(2089858483,0ecaa5967403d082aa24f35e1b516d23)
Start importing Assets/Resources/道具头像/福神符.png using Guid(2dfff6fa032c4081a0d3cb4f7ec5c972) Importer(2089858483,0ecaa5967403d082aa24f35e1b516d23) [PhysX] Initialized MultithreadedTaskDispatcher with 20 workers.
 -> (artifact id: '35b40e293c1c384289c20d2f52b3e133') in 0.007447 seconds
Number of updated asset objects reloaded before import = 0
Number of asset objects unloaded after import = 3
========================================================================
Received Import Request.
  Time since last request: 0.000015 seconds.
  path: Assets/Resources/称号头像/锦鲤.png
  artifactKey: Guid(79a4263461fb4f8d8e8e2646dfa4c186) Importer(2089858483,0ecaa5967403d082aa24f35e1b516d23)
Start importing Assets/Resources/称号头像/锦鲤.png using Guid(79a4263461fb4f8d8e8e2646dfa4c186) Importer(2089858483,0ecaa5967403d082aa24f35e1b516d23) [PhysX] Initialized MultithreadedTaskDispatcher with 20 workers.
 -> (artifact id: '2480cd307319e4ccaf7095ec38b6314b') in 0.008463 seconds
Number of updated asset objects reloaded before import = 0
Number of asset objects unloaded after import = 3
========================================================================
Received Import Request.
  Time since last request: 0.000014 seconds.
  path: Assets/Resources/道具头像/练兵符.png
  artifactKey: Guid(46ecd04f4be243e39a4f68d12eba2338) Importer(2089858483,0ecaa5967403d082aa24f35e1b516d23)
Start importing Assets/Resources/道具头像/练兵符.png using Guid(46ecd04f4be243e39a4f68d12eba2338) Importer(2089858483,0ecaa5967403d082aa24f35e1b516d23) [PhysX] Initialized MultithreadedTaskDispatcher with 20 workers.
 -> (artifact id: 'f5acae46932965e9edd5b3d9a6dc2c2c') in 0.007448 seconds
Number of updated asset objects reloaded before import = 0
Number of asset objects unloaded after import = 3
========================================================================
Received Import Request.
  Time since last request: 0.000013 seconds.
  path: Assets/Scripts/调整数量脚本.cs
  artifactKey: Guid(e6ac6c44d60c7b0b8afcef08700298b4) Importer(2089858483,0ecaa5967403d082aa24f35e1b516d23)
Start importing Assets/Scripts/调整数量脚本.cs using Guid(e6ac6c44d60c7b0b8afcef08700298b4) Importer(2089858483,0ecaa5967403d082aa24f35e1b516d23) [PhysX] Initialized MultithreadedTaskDispatcher with 20 workers.
 -> (artifact id: 'efcd96556a22652baa9103af6857a6ee') in 0.002941 seconds
Number of updated asset objects reloaded before import = 0
Number of asset objects unloaded after import = 1
========================================================================
Received Import Request.
  Time since last request: 0.000016 seconds.
  path: Assets/Resources/国家图片/燕.png
  artifactKey: Guid(c8d063bf02804292b052759b79da18ca) Importer(2089858483,0ecaa5967403d082aa24f35e1b516d23)
Start importing Assets/Resources/国家图片/燕.png using Guid(c8d063bf02804292b052759b79da18ca) Importer(2089858483,0ecaa5967403d082aa24f35e1b516d23) [PhysX] Initialized MultithreadedTaskDispatcher with 20 workers.
 -> (artifact id: '2d02fc4ec5e58ffd22ea3f85e4dbe8d5') in 0.006552 seconds
Number of updated asset objects reloaded before import = 0
Number of asset objects unloaded after import = 3
========================================================================
Received Import Request.
  Time since last request: 0.000014 seconds.
  path: Assets/Resources/兵种小图标/轻骑兵.png
  artifactKey: Guid(682f3faca1ac454ab47b6723a2091f07) Importer(2089858483,0ecaa5967403d082aa24f35e1b516d23)
Start importing Assets/Resources/兵种小图标/轻骑兵.png using Guid(682f3faca1ac454ab47b6723a2091f07) Importer(2089858483,0ecaa5967403d082aa24f35e1b516d23) [PhysX] Initialized MultithreadedTaskDispatcher with 20 workers.
 -> (artifact id: '20df0d04cf4173e0e5ec967b7afa3528') in 0.007429 seconds
Number of updated asset objects reloaded before import = 0
Number of asset objects unloaded after import = 3
========================================================================
Received Import Request.
  Time since last request: 0.000018 seconds.
  path: Assets/Resources/装备图片/精铁盔.png
  artifactKey: Guid(657b5a0d6dd74d74a25084e2d1159976) Importer(2089858483,0ecaa5967403d082aa24f35e1b516d23)
Start importing Assets/Resources/装备图片/精铁盔.png using Guid(657b5a0d6dd74d74a25084e2d1159976) Importer(2089858483,0ecaa5967403d082aa24f35e1b516d23) [PhysX] Initialized MultithreadedTaskDispatcher with 20 workers.
 -> (artifact id: '9c44defe9517d23adca984583ddc0ffc') in 0.007250 seconds
Number of updated asset objects reloaded before import = 0
Number of asset objects unloaded after import = 3
========================================================================
Received Import Request.
  Time since last request: 0.000012 seconds.
  path: Assets/Resources/装备图片/骏马骊.png
  artifactKey: Guid(0c2cafb0e2904e7bb522d259268f83fe) Importer(2089858483,0ecaa5967403d082aa24f35e1b516d23)
Start importing Assets/Resources/装备图片/骏马骊.png using Guid(0c2cafb0e2904e7bb522d259268f83fe) Importer(2089858483,0ecaa5967403d082aa24f35e1b516d23) [PhysX] Initialized MultithreadedTaskDispatcher with 20 workers.
 -> (artifact id: '4e6d4eaabb08614e3ce2a6ada311157f') in 0.006488 seconds
Number of updated asset objects reloaded before import = 0
Number of asset objects unloaded after import = 3
========================================================================
Received Import Request.
  Time since last request: 0.000014 seconds.
  path: Assets/Resources/装备图片/尊·龙袍.png
  artifactKey: Guid(945fa158a6654d67a2f4d6683ac46e74) Importer(2089858483,0ecaa5967403d082aa24f35e1b516d23)
Start importing Assets/Resources/装备图片/尊·龙袍.png using Guid(945fa158a6654d67a2f4d6683ac46e74) Importer(2089858483,0ecaa5967403d082aa24f35e1b516d23) [PhysX] Initialized MultithreadedTaskDispatcher with 20 workers.
 -> (artifact id: 'a8576a61e3e36ce7416fd9486f5ea94d') in 0.008842 seconds
Number of updated asset objects reloaded before import = 0
Number of asset objects unloaded after import = 3
========================================================================
Received Import Request.
  Time since last request: 0.000014 seconds.
  path: Assets/Resources/选择出征将领预制件/列表将领.prefab
  artifactKey: Guid(a54844c85ec74121a0dd728dc359d6f2) Importer(2089858483,0ecaa5967403d082aa24f35e1b516d23)
Start importing Assets/Resources/选择出征将领预制件/列表将领.prefab using Guid(a54844c85ec74121a0dd728dc359d6f2) Importer(2089858483,0ecaa5967403d082aa24f35e1b516d23) [PhysX] Initialized MultithreadedTaskDispatcher with 20 workers.
 -> (artifact id: '5bd798bf02b260c235e437e4433f73c2') in 0.009398 seconds
Number of updated asset objects reloaded before import = 0
Number of asset objects unloaded after import = 178
========================================================================
Received Import Request.
  Time since last request: 0.000013 seconds.
  path: Assets/Scripts/玩家数据结构/装备分类列表.cs
  artifactKey: Guid(714b0272cc31b06c150ea7cacf5ead3e) Importer(2089858483,0ecaa5967403d082aa24f35e1b516d23)
Start importing Assets/Scripts/玩家数据结构/装备分类列表.cs using Guid(714b0272cc31b06c150ea7cacf5ead3e) Importer(2089858483,0ecaa5967403d082aa24f35e1b516d23) [PhysX] Initialized MultithreadedTaskDispatcher with 20 workers.
 -> (artifact id: 'b09e944903a0ac5e999b134e924a2d2f') in 0.002380 seconds
Number of updated asset objects reloaded before import = 0
Number of asset objects unloaded after import = 1
========================================================================
Received Import Request.
  Time since last request: 0.000011 seconds.
  path: Assets/Scripts/编队将领移动.cs
  artifactKey: Guid(a8fe756cefe6355dfee8ac32e0c7ff30) Importer(2089858483,0ecaa5967403d082aa24f35e1b516d23)
Start importing Assets/Scripts/编队将领移动.cs using Guid(a8fe756cefe6355dfee8ac32e0c7ff30) Importer(2089858483,0ecaa5967403d082aa24f35e1b516d23) [PhysX] Initialized MultithreadedTaskDispatcher with 20 workers.
 -> (artifact id: '3462765b2c653d9e4b957f289cc0ea2c') in 0.002460 seconds
Number of updated asset objects reloaded before import = 0
Number of asset objects unloaded after import = 1
========================================================================
Received Import Request.
  Time since last request: 0.000013 seconds.
  path: Assets/Resources/装备图片/五彩神牛.png
  artifactKey: Guid(f94974f3679b41c480e563f9010882b1) Importer(2089858483,0ecaa5967403d082aa24f35e1b516d23)
Start importing Assets/Resources/装备图片/五彩神牛.png using Guid(f94974f3679b41c480e563f9010882b1) Importer(2089858483,0ecaa5967403d082aa24f35e1b516d23) [PhysX] Initialized MultithreadedTaskDispatcher with 20 workers.
 -> (artifact id: '4df3fe1fda4e8b45ba15404bfd3913f3') in 0.007366 seconds
Number of updated asset objects reloaded before import = 0
Number of asset objects unloaded after import = 3
========================================================================
Received Import Request.
  Time since last request: 0.000012 seconds.
  path: Assets/Resources/大地图资源/城池路径/1_2.prefab
  artifactKey: Guid(a71a74853fbc484099bfea554f436713) Importer(2089858483,0ecaa5967403d082aa24f35e1b516d23)
Start importing Assets/Resources/大地图资源/城池路径/1_2.prefab using Guid(a71a74853fbc484099bfea554f436713) Importer(2089858483,0ecaa5967403d082aa24f35e1b516d23) [PhysX] Initialized MultithreadedTaskDispatcher with 20 workers.
 -> (artifact id: '91308f9d9d2d09c36aed708a77b72c4f') in 0.004890 seconds
Number of updated asset objects reloaded before import = 0
Number of asset objects unloaded after import = 28
========================================================================
Received Import Request.
  Time since last request: 0.000013 seconds.
  path: Assets/Resources/称号头像/天子.png
  artifactKey: Guid(c55ac6814c3f459fb41fac9bb9e631c8) Importer(2089858483,0ecaa5967403d082aa24f35e1b516d23)
Start importing Assets/Resources/称号头像/天子.png using Guid(c55ac6814c3f459fb41fac9bb9e631c8) Importer(2089858483,0ecaa5967403d082aa24f35e1b516d23) [PhysX] Initialized MultithreadedTaskDispatcher with 20 workers.
 -> (artifact id: 'fc5bb8f36d445fb0b564342aeca34922') in 0.007429 seconds
Number of updated asset objects reloaded before import = 0
Number of asset objects unloaded after import = 3
========================================================================
Received Import Request.
  Time since last request: 0.000014 seconds.
  path: Assets/Resources/装备图片/紫金盔.png
  artifactKey: Guid(3e0dfffb21dc47b59912acda7b481620) Importer(2089858483,0ecaa5967403d082aa24f35e1b516d23)
Start importing Assets/Resources/装备图片/紫金盔.png using Guid(3e0dfffb21dc47b59912acda7b481620) Importer(2089858483,0ecaa5967403d082aa24f35e1b516d23) [PhysX] Initialized MultithreadedTaskDispatcher with 20 workers.
 -> (artifact id: '7b2caa13c5f16a40969213fe7b8ef571') in 0.060406 seconds
Number of updated asset objects reloaded before import = 0
Number of asset objects unloaded after import = 3
========================================================================
Received Import Request.
  Time since last request: 0.000015 seconds.
  path: Assets/Resources/兵种头像/弩骑兵.png
  artifactKey: Guid(cf8c51346a1c464d8c2f6150f0cd65bd) Importer(2089858483,0ecaa5967403d082aa24f35e1b516d23)
Start importing Assets/Resources/兵种头像/弩骑兵.png using Guid(cf8c51346a1c464d8c2f6150f0cd65bd) Importer(2089858483,0ecaa5967403d082aa24f35e1b516d23) [PhysX] Initialized MultithreadedTaskDispatcher with 20 workers.
 -> (artifact id: '42ac23ac6284ea2faf1c42ba3bd5a739') in 0.008801 seconds
Number of updated asset objects reloaded before import = 0
Number of asset objects unloaded after import = 3
========================================================================
Received Import Request.
  Time since last request: 0.000017 seconds.
  path: Assets/Scripts/玩家数据结构/返回将领索引.cs
  artifactKey: Guid(adb539e930598fa736be0970428f0288) Importer(2089858483,0ecaa5967403d082aa24f35e1b516d23)
Start importing Assets/Scripts/玩家数据结构/返回将领索引.cs using Guid(adb539e930598fa736be0970428f0288) Importer(2089858483,0ecaa5967403d082aa24f35e1b516d23) [PhysX] Initialized MultithreadedTaskDispatcher with 20 workers.
 -> (artifact id: '61ce08b2dd5097e50965b24d2815ebdb') in 0.003164 seconds
Number of updated asset objects reloaded before import = 0
Number of asset objects unloaded after import = 1
========================================================================
Received Import Request.
  Time since last request: 0.000018 seconds.
  path: Assets/Resources/兵种头像/近卫兵.png
  artifactKey: Guid(1dcb9406aabd4b26a3613ba70f9e1e12) Importer(2089858483,0ecaa5967403d082aa24f35e1b516d23)
Start importing Assets/Resources/兵种头像/近卫兵.png using Guid(1dcb9406aabd4b26a3613ba70f9e1e12) Importer(2089858483,0ecaa5967403d082aa24f35e1b516d23) [PhysX] Initialized MultithreadedTaskDispatcher with 20 workers.
 -> (artifact id: '2703868879cec5127adb187d5d89f0b5') in 0.007690 seconds
Number of updated asset objects reloaded before import = 0
Number of asset objects unloaded after import = 3
========================================================================
Received Import Request.
  Time since last request: 0.000014 seconds.
  path: Assets/Sounds/map1.wav
  artifactKey: Guid(2826d7bc06b04dcd8f4c11878bad66aa) Importer(2089858483,0ecaa5967403d082aa24f35e1b516d23)
Start importing Assets/Sounds/map1.wav using Guid(2826d7bc06b04dcd8f4c11878bad66aa) Importer(2089858483,0ecaa5967403d082aa24f35e1b516d23) [PhysX] Initialized MultithreadedTaskDispatcher with 20 workers.
 -> (artifact id: '5df3d383697cdcd04b22a3f14c869b92') in 0.135059 seconds
Number of updated asset objects reloaded before import = 0
Number of asset objects unloaded after import = 1
========================================================================
Received Import Request.
  Time since last request: 0.000024 seconds.
  path: Assets/Resources/道具头像/大疾风符.png
  artifactKey: Guid(ed33e2964c4947b0b4cab5cbb256bd3c) Importer(2089858483,0ecaa5967403d082aa24f35e1b516d23)
Start importing Assets/Resources/道具头像/大疾风符.png using Guid(ed33e2964c4947b0b4cab5cbb256bd3c) Importer(2089858483,0ecaa5967403d082aa24f35e1b516d23) [PhysX] Initialized MultithreadedTaskDispatcher with 20 workers.
 -> (artifact id: 'cddab71e04f3ed5f01c35158338ded11') in 0.007201 seconds
Number of updated asset objects reloaded before import = 0
Number of asset objects unloaded after import = 3
========================================================================
Received Import Request.
  Time since last request: 0.000015 seconds.
  path: Assets/Resources/将领头像/名将/大乔.png
  artifactKey: Guid(9ddd2822e09e4467ac39284b2ec2c46a) Importer(2089858483,0ecaa5967403d082aa24f35e1b516d23)
Start importing Assets/Resources/将领头像/名将/大乔.png using Guid(9ddd2822e09e4467ac39284b2ec2c46a) Importer(2089858483,0ecaa5967403d082aa24f35e1b516d23) [PhysX] Initialized MultithreadedTaskDispatcher with 20 workers.
 -> (artifact id: '8c53ecd4e5842ed7f72c5280b3e8d021') in 0.007271 seconds
Number of updated asset objects reloaded before import = 0
Number of asset objects unloaded after import = 3
========================================================================
Received Import Request.
  Time since last request: 0.000014 seconds.
  path: Assets/Resources/将领头像/君王/袁术.png
  artifactKey: Guid(72ec45001c564dfbbf5b8b3fb7a8cd21) Importer(2089858483,0ecaa5967403d082aa24f35e1b516d23)
Start importing Assets/Resources/将领头像/君王/袁术.png using Guid(72ec45001c564dfbbf5b8b3fb7a8cd21) Importer(2089858483,0ecaa5967403d082aa24f35e1b516d23) [PhysX] Initialized MultithreadedTaskDispatcher with 20 workers.
 -> (artifact id: '58d8c2a5906963a61889a40d08839963') in 0.007471 seconds
Number of updated asset objects reloaded before import = 0
Number of asset objects unloaded after import = 3
========================================================================
Received Import Request.
  Time since last request: 0.000012 seconds.
  path: Assets/Resources/将领头像/君王/吕玲绮.png
  artifactKey: Guid(aefcf0bd4e69415ab2b1022cc0b7a98d) Importer(2089858483,0ecaa5967403d082aa24f35e1b516d23)
Start importing Assets/Resources/将领头像/君王/吕玲绮.png using Guid(aefcf0bd4e69415ab2b1022cc0b7a98d) Importer(2089858483,0ecaa5967403d082aa24f35e1b516d23) [PhysX] Initialized MultithreadedTaskDispatcher with 20 workers.
 -> (artifact id: '2b349ce8ef744d289f2fe676b2b20819') in 0.006318 seconds
Number of updated asset objects reloaded before import = 0
Number of asset objects unloaded after import = 3
========================================================================
Received Import Request.
  Time since last request: 0.000013 seconds.
  path: Assets/Resources/将领头像/战将/战·吕布.png
  artifactKey: Guid(1dd39d7a699144faab6a9e2cd86ece97) Importer(2089858483,0ecaa5967403d082aa24f35e1b516d23)
Start importing Assets/Resources/将领头像/战将/战·吕布.png using Guid(1dd39d7a699144faab6a9e2cd86ece97) Importer(2089858483,0ecaa5967403d082aa24f35e1b516d23) [PhysX] Initialized MultithreadedTaskDispatcher with 20 workers.
 -> (artifact id: '0ce625a6caefc811e82dca42fcf4c603') in 0.007562 seconds
Number of updated asset objects reloaded before import = 0
Number of asset objects unloaded after import = 3
========================================================================
Received Import Request.
  Time since last request: 0.000013 seconds.
  path: Assets/Resources/将领头像/名将/许子将.png
  artifactKey: Guid(7ab76d521cec40dfa43de9580a87c2bb) Importer(2089858483,0ecaa5967403d082aa24f35e1b516d23)
Start importing Assets/Resources/将领头像/名将/许子将.png using Guid(7ab76d521cec40dfa43de9580a87c2bb) Importer(2089858483,0ecaa5967403d082aa24f35e1b516d23) [PhysX] Initialized MultithreadedTaskDispatcher with 20 workers.
 -> (artifact id: '5d916f9c59996544ae29cc88dd643237') in 0.007596 seconds
Number of updated asset objects reloaded before import = 0
Number of asset objects unloaded after import = 3
========================================================================
Received Import Request.
  Time since last request: 0.000013 seconds.
  path: Assets/Resources/将领头像/君王/黄舞蝶.png
  artifactKey: Guid(e2984cd2b1504de7bab83e257cb96b9f) Importer(2089858483,0ecaa5967403d082aa24f35e1b516d23)
Start importing Assets/Resources/将领头像/君王/黄舞蝶.png using Guid(e2984cd2b1504de7bab83e257cb96b9f) Importer(2089858483,0ecaa5967403d082aa24f35e1b516d23) [PhysX] Initialized MultithreadedTaskDispatcher with 20 workers.
 -> (artifact id: '1994d3feacdf55470587edc8b72bf36d') in 0.006740 seconds
Number of updated asset objects reloaded before import = 0
Number of asset objects unloaded after import = 3
========================================================================
Received Import Request.
  Time since last request: 0.000012 seconds.
  path: Assets/Resources/将领头像/名将/徐晃.png
  artifactKey: Guid(5ac976e249034cb2a8cde8b3320e91f3) Importer(2089858483,0ecaa5967403d082aa24f35e1b516d23)
Start importing Assets/Resources/将领头像/名将/徐晃.png using Guid(5ac976e249034cb2a8cde8b3320e91f3) Importer(2089858483,0ecaa5967403d082aa24f35e1b516d23) [PhysX] Initialized MultithreadedTaskDispatcher with 20 workers.
 -> (artifact id: '2c9a4ed0ae95df6628cf6be4c74607bd') in 0.007246 seconds
Number of updated asset objects reloaded before import = 0
Number of asset objects unloaded after import = 3
========================================================================
Received Import Request.
  Time since last request: 0.000012 seconds.
  path: Assets/Resources/将领头像/禧将/禧·花鬘.png
  artifactKey: Guid(a34da95b224949efb4a614b12cfa161d) Importer(2089858483,0ecaa5967403d082aa24f35e1b516d23)
Start importing Assets/Resources/将领头像/禧将/禧·花鬘.png using Guid(a34da95b224949efb4a614b12cfa161d) Importer(2089858483,0ecaa5967403d082aa24f35e1b516d23) [PhysX] Initialized MultithreadedTaskDispatcher with 20 workers.
 -> (artifact id: '47bda8b9d833e03462870531b613ce1c') in 0.007767 seconds
Number of updated asset objects reloaded before import = 0
Number of asset objects unloaded after import = 3
========================================================================
Received Import Request.
  Time since last request: 0.000015 seconds.
  path: Assets/Resources/将领头像/尊将/尊·曹操.png
  artifactKey: Guid(1cdc228b31bb4627aafebdd48c8aa653) Importer(2089858483,0ecaa5967403d082aa24f35e1b516d23)
Start importing Assets/Resources/将领头像/尊将/尊·曹操.png using Guid(1cdc228b31bb4627aafebdd48c8aa653) Importer(2089858483,0ecaa5967403d082aa24f35e1b516d23) [PhysX] Initialized MultithreadedTaskDispatcher with 20 workers.
 -> (artifact id: '5177fd7b2ca1390fc956a24bc2b33ad7') in 0.006328 seconds
Number of updated asset objects reloaded before import = 0
Number of asset objects unloaded after import = 3
========================================================================
Received Import Request.
  Time since last request: 0.000011 seconds.
  path: Assets/Resources/将领头像/名将/徐庶.png
  artifactKey: Guid(2e9d05712bb2433aa9bb3de36ebc13a4) Importer(2089858483,0ecaa5967403d082aa24f35e1b516d23)
Start importing Assets/Resources/将领头像/名将/徐庶.png using Guid(2e9d05712bb2433aa9bb3de36ebc13a4) Importer(2089858483,0ecaa5967403d082aa24f35e1b516d23) [PhysX] Initialized MultithreadedTaskDispatcher with 20 workers.
 -> (artifact id: '735ebc9b026f9c73f8b459a866f2a884') in 0.007108 seconds
Number of updated asset objects reloaded before import = 0
Number of asset objects unloaded after import = 3
========================================================================
Received Import Request.
  Time since last request: 0.000012 seconds.
  path: Assets/Resources/将领头像/普通/良好女将.png
  artifactKey: Guid(fd36b4eaed5f487b891c452f8095f9e5) Importer(2089858483,0ecaa5967403d082aa24f35e1b516d23)
Start importing Assets/Resources/将领头像/普通/良好女将.png using Guid(fd36b4eaed5f487b891c452f8095f9e5) Importer(2089858483,0ecaa5967403d082aa24f35e1b516d23) [PhysX] Initialized MultithreadedTaskDispatcher with 20 workers.
 -> (artifact id: '27f05a6bd95256f55f4feb29a71ea2d1') in 0.008789 seconds
Number of updated asset objects reloaded before import = 0
Number of asset objects unloaded after import = 3
========================================================================
Received Import Request.
  Time since last request: 0.000016 seconds.
  path: Assets/Resources/将领头像/尊将/尊·张飞.png
  artifactKey: Guid(29f9bd78c33c41d8bbd40747ab9c2cf1) Importer(2089858483,0ecaa5967403d082aa24f35e1b516d23)
Start importing Assets/Resources/将领头像/尊将/尊·张飞.png using Guid(29f9bd78c33c41d8bbd40747ab9c2cf1) Importer(2089858483,0ecaa5967403d082aa24f35e1b516d23) [PhysX] Initialized MultithreadedTaskDispatcher with 20 workers.
 -> (artifact id: '9d6eb563b3d94cf8ac0122fe81be1143') in 0.006984 seconds
Number of updated asset objects reloaded before import = 0
Number of asset objects unloaded after import = 3
========================================================================
Received Import Request.
  Time since last request: 0.000013 seconds.
  path: Assets/Resources/将领头像/名将/孙尚香.png
  artifactKey: Guid(ed4c7bf16f074575b37248d14652269b) Importer(2089858483,0ecaa5967403d082aa24f35e1b516d23)
Start importing Assets/Resources/将领头像/名将/孙尚香.png using Guid(ed4c7bf16f074575b37248d14652269b) Importer(2089858483,0ecaa5967403d082aa24f35e1b516d23) [PhysX] Initialized MultithreadedTaskDispatcher with 20 workers.
 -> (artifact id: '0b05c5b20d58a3c1f6f0cc5dee0a5c05') in 0.007541 seconds
Number of updated asset objects reloaded before import = 0
Number of asset objects unloaded after import = 3
========================================================================
Received Import Request.
  Time since last request: 0.000013 seconds.
  path: Assets/Resources/将领头像/名将/周瑜.png
  artifactKey: Guid(05d1b710d166412c822a9e41d2a35e77) Importer(2089858483,0ecaa5967403d082aa24f35e1b516d23)
Start importing Assets/Resources/将领头像/名将/周瑜.png using Guid(05d1b710d166412c822a9e41d2a35e77) Importer(2089858483,0ecaa5967403d082aa24f35e1b516d23) [PhysX] Initialized MultithreadedTaskDispatcher with 20 workers.
 -> (artifact id: '601174949819a1b84a080a743e113d75') in 0.007688 seconds
Number of updated asset objects reloaded before import = 0
Number of asset objects unloaded after import = 3
========================================================================
Received Import Request.
  Time since last request: 0.000012 seconds.
  path: Assets/Resources/将领头像/普通/普通男将.png
  artifactKey: Guid(e5e3ee93f63342f09f91a01cecce18dd) Importer(2089858483,0ecaa5967403d082aa24f35e1b516d23)
Start importing Assets/Resources/将领头像/普通/普通男将.png using Guid(e5e3ee93f63342f09f91a01cecce18dd) Importer(2089858483,0ecaa5967403d082aa24f35e1b516d23) [PhysX] Initialized MultithreadedTaskDispatcher with 20 workers.
 -> (artifact id: '65312dce6cb80214726deb4092278136') in 0.006800 seconds
Number of updated asset objects reloaded before import = 0
Number of asset objects unloaded after import = 3
========================================================================
Received Import Request.
  Time since last request: 0.000015 seconds.
  path: Assets/Resources/将领头像/普通/良好男将.png
  artifactKey: Guid(7b284feb8f9a449a9fa7c1b010977cd1) Importer(2089858483,0ecaa5967403d082aa24f35e1b516d23)
Start importing Assets/Resources/将领头像/普通/良好男将.png using Guid(7b284feb8f9a449a9fa7c1b010977cd1) Importer(2089858483,0ecaa5967403d082aa24f35e1b516d23) [PhysX] Initialized MultithreadedTaskDispatcher with 20 workers.
 -> (artifact id: 'f485d281f3fd0fd638865cca8001ce37') in 0.007594 seconds
Number of updated asset objects reloaded before import = 0
Number of asset objects unloaded after import = 3
========================================================================
Received Import Request.
  Time since last request: 0.000015 seconds.
  path: Assets/Resources/将领头像/君王/鲍三娘.png
  artifactKey: Guid(81f8516c0c1c46358037119fb47acde9) Importer(2089858483,0ecaa5967403d082aa24f35e1b516d23)
Start importing Assets/Resources/将领头像/君王/鲍三娘.png using Guid(81f8516c0c1c46358037119fb47acde9) Importer(2089858483,0ecaa5967403d082aa24f35e1b516d23) [PhysX] Initialized MultithreadedTaskDispatcher with 20 workers.
 -> (artifact id: 'a826ae61ae2d4abddc2e5f3883fcaad3') in 0.011850 seconds
Number of updated asset objects reloaded before import = 0
Number of asset objects unloaded after import = 3
========================================================================
Received Import Request.
  Time since last request: 0.000014 seconds.
  path: Assets/Resources/将领头像/君王/陶谦.png
  artifactKey: Guid(8da6032ca18446a4983fc6ac25c12955) Importer(2089858483,0ecaa5967403d082aa24f35e1b516d23)
Start importing Assets/Resources/将领头像/君王/陶谦.png using Guid(8da6032ca18446a4983fc6ac25c12955) Importer(2089858483,0ecaa5967403d082aa24f35e1b516d23) [PhysX] Initialized MultithreadedTaskDispatcher with 20 workers.
 -> (artifact id: '3b4a4245a74631d65ec324c18a9e6aff') in 0.007483 seconds
Number of updated asset objects reloaded before import = 0
Number of asset objects unloaded after import = 3
========================================================================
Received Import Request.
  Time since last request: 0.000012 seconds.
  path: Assets/Resources/将领头像/君王/公孙瓒.png
  artifactKey: Guid(44f0ffd334244021a606b3634ec9acad) Importer(2089858483,0ecaa5967403d082aa24f35e1b516d23)
Start importing Assets/Resources/将领头像/君王/公孙瓒.png using Guid(44f0ffd334244021a606b3634ec9acad) Importer(2089858483,0ecaa5967403d082aa24f35e1b516d23) [PhysX] Initialized MultithreadedTaskDispatcher with 20 workers.
 -> (artifact id: '58a249fbf306406eca7bf33aeea40262') in 0.009678 seconds
Number of updated asset objects reloaded before import = 0
Number of asset objects unloaded after import = 3
========================================================================
Received Import Request.
  Time since last request: 0.000015 seconds.
  path: Assets/Resources/将领头像/普通/普通名将男.png
  artifactKey: Guid(5fddb41dd1864384894a4d64049e559b) Importer(2089858483,0ecaa5967403d082aa24f35e1b516d23)
Start importing Assets/Resources/将领头像/普通/普通名将男.png using Guid(5fddb41dd1864384894a4d64049e559b) Importer(2089858483,0ecaa5967403d082aa24f35e1b516d23) [PhysX] Initialized MultithreadedTaskDispatcher with 20 workers.
 -> (artifact id: 'cef2f3ed5754b6ce6c17ee355855223b') in 0.028382 seconds
Number of updated asset objects reloaded before import = 0
Number of asset objects unloaded after import = 3
========================================================================
Received Import Request.
  Time since last request: 0.000018 seconds.
  path: Assets/Resources/将领头像/名将/廖化.png
  artifactKey: Guid(ce0476b65de744578bc4c15e71d099a0) Importer(2089858483,0ecaa5967403d082aa24f35e1b516d23)
Start importing Assets/Resources/将领头像/名将/廖化.png using Guid(ce0476b65de744578bc4c15e71d099a0) Importer(2089858483,0ecaa5967403d082aa24f35e1b516d23) [PhysX] Initialized MultithreadedTaskDispatcher with 20 workers.
 -> (artifact id: '097dafb9e4c26a897578ea2f1c52996a') in 0.066922 seconds
Number of updated asset objects reloaded before import = 0
Number of asset objects unloaded after import = 3
========================================================================
Received Import Request.
  Time since last request: 0.000026 seconds.
  path: Assets/Resources/将领头像/名将/李典.png
  artifactKey: Guid(93317cb2d63e458ebf13cf26a66ebbc7) Importer(2089858483,0ecaa5967403d082aa24f35e1b516d23)
Start importing Assets/Resources/将领头像/名将/李典.png using Guid(93317cb2d63e458ebf13cf26a66ebbc7) Importer(2089858483,0ecaa5967403d082aa24f35e1b516d23) [PhysX] Initialized MultithreadedTaskDispatcher with 20 workers.
 -> (artifact id: '25f34a7f693a4afbab055ddc46fb2bae') in 0.007269 seconds
Number of updated asset objects reloaded before import = 0
Number of asset objects unloaded after import = 3
========================================================================
Received Import Request.
  Time since last request: 0.000021 seconds.
  path: Assets/Resources/将领头像/名将/黄月英.png
  artifactKey: Guid(1ae3ea58d3034d4faf75fba38e47b1bc) Importer(2089858483,0ecaa5967403d082aa24f35e1b516d23)
Start importing Assets/Resources/将领头像/名将/黄月英.png using Guid(1ae3ea58d3034d4faf75fba38e47b1bc) Importer(2089858483,0ecaa5967403d082aa24f35e1b516d23) [PhysX] Initialized MultithreadedTaskDispatcher with 20 workers.
 -> (artifact id: '8de8ca645d16e9cfe8361d49266ca5f1') in 0.007466 seconds
Number of updated asset objects reloaded before import = 0
Number of asset objects unloaded after import = 3
========================================================================
Received Import Request.
  Time since last request: 0.000015 seconds.
  path: Assets/Resources/将领头像/名将/郭嘉.png
  artifactKey: Guid(759ec89b671244c7aedcb6e50a435fa5) Importer(2089858483,0ecaa5967403d082aa24f35e1b516d23)
Start importing Assets/Resources/将领头像/名将/郭嘉.png using Guid(759ec89b671244c7aedcb6e50a435fa5) Importer(2089858483,0ecaa5967403d082aa24f35e1b516d23) [PhysX] Initialized MultithreadedTaskDispatcher with 20 workers.
 -> (artifact id: '1dac4fedb68e5f15cbbafe051d3eb889') in 0.006557 seconds
Number of updated asset objects reloaded before import = 0
Number of asset objects unloaded after import = 3
========================================================================
Received Import Request.
  Time since last request: 0.000012 seconds.
  path: Assets/Resources/将领头像/君王/南华老仙.png
  artifactKey: Guid(45febc634f314506802c1e3de5581839) Importer(2089858483,0ecaa5967403d082aa24f35e1b516d23)
Start importing Assets/Resources/将领头像/君王/南华老仙.png using Guid(45febc634f314506802c1e3de5581839) Importer(2089858483,0ecaa5967403d082aa24f35e1b516d23) [PhysX] Initialized MultithreadedTaskDispatcher with 20 workers.
 -> (artifact id: 'b4d0d8949303b8580a63bfad06c30e51') in 0.012464 seconds
Number of updated asset objects reloaded before import = 0
Number of asset objects unloaded after import = 3
========================================================================
Received Import Request.
  Time since last request: 0.000016 seconds.
  path: Assets/Resources/将领头像/尊将/尊·刘备.png
  artifactKey: Guid(8cd8e4877bec41f0b8dfa4370819b0d9) Importer(2089858483,0ecaa5967403d082aa24f35e1b516d23)
Start importing Assets/Resources/将领头像/尊将/尊·刘备.png using Guid(8cd8e4877bec41f0b8dfa4370819b0d9) Importer(2089858483,0ecaa5967403d082aa24f35e1b516d23) [PhysX] Initialized MultithreadedTaskDispatcher with 20 workers.
 -> (artifact id: '2258f3393069d808b8874dc4edcef2ec') in 0.007797 seconds
Number of updated asset objects reloaded before import = 0
Number of asset objects unloaded after import = 3
========================================================================
Received Import Request.
  Time since last request: 0.000017 seconds.
  path: Assets/Resources/大地图资源/归属图标/2.png
  artifactKey: Guid(7314f96413c6430e986338551e8fea7d) Importer(2089858483,0ecaa5967403d082aa24f35e1b516d23)
Start importing Assets/Resources/大地图资源/归属图标/2.png using Guid(7314f96413c6430e986338551e8fea7d) Importer(2089858483,0ecaa5967403d082aa24f35e1b516d23) [PhysX] Initialized MultithreadedTaskDispatcher with 20 workers.
 -> (artifact id: '5a12332de0dedc250a7a3044fed55061') in 0.007107 seconds
Number of updated asset objects reloaded before import = 0
Number of asset objects unloaded after import = 3
========================================================================
Received Import Request.
  Time since last request: 0.000014 seconds.
  path: Assets/Resources/将领头像/尊将/尊·黄忠.png
  artifactKey: Guid(ef4bd2ea662b4f228d661122ce9db2cf) Importer(2089858483,0ecaa5967403d082aa24f35e1b516d23)
Start importing Assets/Resources/将领头像/尊将/尊·黄忠.png using Guid(ef4bd2ea662b4f228d661122ce9db2cf) Importer(2089858483,0ecaa5967403d082aa24f35e1b516d23) [PhysX] Initialized MultithreadedTaskDispatcher with 20 workers.
 -> (artifact id: '3f0c3b95cfdff86c9994b5be93cf70a6') in 0.009532 seconds
Number of updated asset objects reloaded before import = 0
Number of asset objects unloaded after import = 3
========================================================================
Received Import Request.
  Time since last request: 0.000017 seconds.
  path: Assets/Resources/将领头像/君王/公孙度.png
  artifactKey: Guid(a24c693915fb4a4fbc49c452d4724f2c) Importer(2089858483,0ecaa5967403d082aa24f35e1b516d23)
Start importing Assets/Resources/将领头像/君王/公孙度.png using Guid(a24c693915fb4a4fbc49c452d4724f2c) Importer(2089858483,0ecaa5967403d082aa24f35e1b516d23) [PhysX] Initialized MultithreadedTaskDispatcher with 20 workers.
 -> (artifact id: 'c83e4b50d91d3c30f14fe6ba589af393') in 0.016878 seconds
Number of updated asset objects reloaded before import = 0
Number of asset objects unloaded after import = 3
========================================================================
Received Import Request.
  Time since last request: 0.000017 seconds.
  path: Assets/Resources/将领头像/君王/邹夫人.png
  artifactKey: Guid(48a3cf9989b44a3c8b084eec0b85bd05) Importer(2089858483,0ecaa5967403d082aa24f35e1b516d23)
Start importing Assets/Resources/将领头像/君王/邹夫人.png using Guid(48a3cf9989b44a3c8b084eec0b85bd05) Importer(2089858483,0ecaa5967403d082aa24f35e1b516d23) [PhysX] Initialized MultithreadedTaskDispatcher with 20 workers.
 -> (artifact id: 'cc22170fe0ebbc7b0d3f1234154a5494') in 0.007951 seconds
Number of updated asset objects reloaded before import = 0
Number of asset objects unloaded after import = 3
========================================================================
Received Import Request.
  Time since last request: 0.000014 seconds.
  path: Assets/Resources/将领头像/尊将/尊·马超.png
  artifactKey: Guid(fc2f06f9c42b4a5497e8642ea901e61f) Importer(2089858483,0ecaa5967403d082aa24f35e1b516d23)
Start importing Assets/Resources/将领头像/尊将/尊·马超.png using Guid(fc2f06f9c42b4a5497e8642ea901e61f) Importer(2089858483,0ecaa5967403d082aa24f35e1b516d23) [PhysX] Initialized MultithreadedTaskDispatcher with 20 workers.
 -> (artifact id: 'df0ffc88d2eb7dbcad97e52b8b4e814a') in 0.013614 seconds
Number of updated asset objects reloaded before import = 0
Number of asset objects unloaded after import = 3
========================================================================
Received Import Request.
  Time since last request: 0.000018 seconds.
  path: Assets/Resources/将领头像/名将/陆逊.png
  artifactKey: Guid(9341b8f5849944ef91fd8f88a7c82e76) Importer(2089858483,0ecaa5967403d082aa24f35e1b516d23)
Start importing Assets/Resources/将领头像/名将/陆逊.png using Guid(9341b8f5849944ef91fd8f88a7c82e76) Importer(2089858483,0ecaa5967403d082aa24f35e1b516d23) [PhysX] Initialized MultithreadedTaskDispatcher with 20 workers.
 -> (artifact id: 'f9db80ca108aa69c5463d0d159c2a13a') in 0.007414 seconds
Number of updated asset objects reloaded before import = 0
Number of asset objects unloaded after import = 3
========================================================================
Received Import Request.
  Time since last request: 0.000019 seconds.
  path: Assets/Resources/将领头像/尊将/尊·董卓.png
  artifactKey: Guid(e7dc580e7b22471dbd6f41d28739bc19) Importer(2089858483,0ecaa5967403d082aa24f35e1b516d23)
Start importing Assets/Resources/将领头像/尊将/尊·董卓.png using Guid(e7dc580e7b22471dbd6f41d28739bc19) Importer(2089858483,0ecaa5967403d082aa24f35e1b516d23) [PhysX] Initialized MultithreadedTaskDispatcher with 20 workers.
 -> (artifact id: 'c07495027cd8c330688a0a6eda957b51') in 0.008640 seconds
Number of updated asset objects reloaded before import = 0
Number of asset objects unloaded after import = 3
========================================================================
Received Import Request.
  Time since last request: 0.000013 seconds.
  path: Assets/Resources/将领头像/君王/庞德公.png
  artifactKey: Guid(f4924dda7984411e9b84e0e88971ba00) Importer(2089858483,0ecaa5967403d082aa24f35e1b516d23)
Start importing Assets/Resources/将领头像/君王/庞德公.png using Guid(f4924dda7984411e9b84e0e88971ba00) Importer(2089858483,0ecaa5967403d082aa24f35e1b516d23) [PhysX] Initialized MultithreadedTaskDispatcher with 20 workers.
 -> (artifact id: '2b6790e13b90b4682dd7a113f057da0e') in 0.008280 seconds
Number of updated asset objects reloaded before import = 0
Number of asset objects unloaded after import = 3
========================================================================
Received Import Request.
  Time since last request: 0.000017 seconds.
  path: Assets/Resources/将领头像/尊将/尊·孙权.png
  artifactKey: Guid(27b532692fa24feeba76b2b5c6ea2343) Importer(2089858483,0ecaa5967403d082aa24f35e1b516d23)
Start importing Assets/Resources/将领头像/尊将/尊·孙权.png using Guid(27b532692fa24feeba76b2b5c6ea2343) Importer(2089858483,0ecaa5967403d082aa24f35e1b516d23) [PhysX] Initialized MultithreadedTaskDispatcher with 20 workers.
 -> (artifact id: 'b8bf051bbfcf7f510999e1b708e5bcdc') in 0.007252 seconds
Number of updated asset objects reloaded before import = 0
Number of asset objects unloaded after import = 3
========================================================================
Received Import Request.
  Time since last request: 0.000013 seconds.
  path: Assets/Resources/大地图资源/归属图标/1.png
  artifactKey: Guid(7f37e5b3bbf740eb926cbfb89fb73327) Importer(2089858483,0ecaa5967403d082aa24f35e1b516d23)
Start importing Assets/Resources/大地图资源/归属图标/1.png using Guid(7f37e5b3bbf740eb926cbfb89fb73327) Importer(2089858483,0ecaa5967403d082aa24f35e1b516d23) [PhysX] Initialized MultithreadedTaskDispatcher with 20 workers.
 -> (artifact id: '48254ca954f7ed4c62bd670495cdec3d') in 0.006946 seconds
Number of updated asset objects reloaded before import = 0
Number of asset objects unloaded after import = 3
========================================================================
Received Import Request.
  Time since last request: 0.000014 seconds.
  path: Assets/Resources/将领头像/君王/孙坚.png
  artifactKey: Guid(5c15a31f45654c1cb1d32bbe8dbd5a20) Importer(2089858483,0ecaa5967403d082aa24f35e1b516d23)
Start importing Assets/Resources/将领头像/君王/孙坚.png using Guid(5c15a31f45654c1cb1d32bbe8dbd5a20) Importer(2089858483,0ecaa5967403d082aa24f35e1b516d23) [PhysX] Initialized MultithreadedTaskDispatcher with 20 workers.
 -> (artifact id: '08d2d82c744d7ec9106e6e9d1c2e89fe') in 0.007365 seconds
Number of updated asset objects reloaded before import = 0
Number of asset objects unloaded after import = 3
========================================================================
Received Import Request.
  Time since last request: 0.000013 seconds.
  path: Assets/Resources/将领头像/名将/华雄.png
  artifactKey: Guid(a6597b0df76d41098fae8a6294c6a9f4) Importer(2089858483,0ecaa5967403d082aa24f35e1b516d23)
Start importing Assets/Resources/将领头像/名将/华雄.png using Guid(a6597b0df76d41098fae8a6294c6a9f4) Importer(2089858483,0ecaa5967403d082aa24f35e1b516d23) [PhysX] Initialized MultithreadedTaskDispatcher with 20 workers.
 -> (artifact id: '4e15f2fd08db2cf204d8fefcc9b39182') in 0.008148 seconds
Number of updated asset objects reloaded before import = 0
Number of asset objects unloaded after import = 3
========================================================================
Received Import Request.
  Time since last request: 0.000015 seconds.
  path: Assets/Resources/将领头像/君王/孙策.png
  artifactKey: Guid(1a024eb4f6ef423eb055347061bedf3e) Importer(2089858483,0ecaa5967403d082aa24f35e1b516d23)
Start importing Assets/Resources/将领头像/君王/孙策.png using Guid(1a024eb4f6ef423eb055347061bedf3e) Importer(2089858483,0ecaa5967403d082aa24f35e1b516d23) [PhysX] Initialized MultithreadedTaskDispatcher with 20 workers.
 -> (artifact id: '42ff98cc8c966d63132d33d57403af1a') in 0.010651 seconds
Number of updated asset objects reloaded before import = 0
Number of asset objects unloaded after import = 3
========================================================================
Received Import Request.
  Time since last request: 0.000017 seconds.
  path: Assets/Resources/将领头像/名将/贾诩.png
  artifactKey: Guid(0308b4e892ca450692dada1d4c0a1d78) Importer(2089858483,0ecaa5967403d082aa24f35e1b516d23)
Start importing Assets/Resources/将领头像/名将/贾诩.png using Guid(0308b4e892ca450692dada1d4c0a1d78) Importer(2089858483,0ecaa5967403d082aa24f35e1b516d23) [PhysX] Initialized MultithreadedTaskDispatcher with 20 workers.
 -> (artifact id: '39990df75d2e9e78b220b491aa65615a') in 0.007629 seconds
Number of updated asset objects reloaded before import = 0
Number of asset objects unloaded after import = 3
========================================================================
Received Import Request.
  Time since last request: 0.000016 seconds.
  path: Assets/Resources/将领头像/名将/典韦.png
  artifactKey: Guid(7d83cda425b2498287df4a13432d229f) Importer(2089858483,0ecaa5967403d082aa24f35e1b516d23)
Start importing Assets/Resources/将领头像/名将/典韦.png using Guid(7d83cda425b2498287df4a13432d229f) Importer(2089858483,0ecaa5967403d082aa24f35e1b516d23) [PhysX] Initialized MultithreadedTaskDispatcher with 20 workers.
 -> (artifact id: 'b65d84f52fdc6b3fba25701607c29ed6') in 0.007766 seconds
Number of updated asset objects reloaded before import = 0
Number of asset objects unloaded after import = 3
========================================================================
Received Import Request.
  Time since last request: 0.000018 seconds.
  path: Assets/Resources/将领头像/名将/荀彧.png
  artifactKey: Guid(1bcfb45e017542c4aeeeeb51c7b37bdf) Importer(2089858483,0ecaa5967403d082aa24f35e1b516d23)
Start importing Assets/Resources/将领头像/名将/荀彧.png using Guid(1bcfb45e017542c4aeeeeb51c7b37bdf) Importer(2089858483,0ecaa5967403d082aa24f35e1b516d23) [PhysX] Initialized MultithreadedTaskDispatcher with 20 workers.
 -> (artifact id: '7877e2d554b24d85ca2e0ccc4ca1a1e0') in 0.009885 seconds
Number of updated asset objects reloaded before import = 0
Number of asset objects unloaded after import = 3
========================================================================
Received Import Request.
  Time since last request: 0.000014 seconds.
  path: Assets/Resources/将领头像/尊将/尊·庞统.png
  artifactKey: Guid(7028abe412d844468a992c12989d4b8d) Importer(2089858483,0ecaa5967403d082aa24f35e1b516d23)
Start importing Assets/Resources/将领头像/尊将/尊·庞统.png using Guid(7028abe412d844468a992c12989d4b8d) Importer(2089858483,0ecaa5967403d082aa24f35e1b516d23) [PhysX] Initialized MultithreadedTaskDispatcher with 20 workers.
 -> (artifact id: '8d0f7027f5092a233ec785edf0b6bf1d') in 0.007757 seconds
Number of updated asset objects reloaded before import = 0
Number of asset objects unloaded after import = 3
========================================================================
Received Import Request.
  Time since last request: 0.000015 seconds.
  path: Assets/Resources/装备图片/精铁铠.png
  artifactKey: Guid(be97a06d061e4295a727074282903fec) Importer(2089858483,0ecaa5967403d082aa24f35e1b516d23)
Start importing Assets/Resources/装备图片/精铁铠.png using Guid(be97a06d061e4295a727074282903fec) Importer(2089858483,0ecaa5967403d082aa24f35e1b516d23) [PhysX] Initialized MultithreadedTaskDispatcher with 20 workers.
 -> (artifact id: '787572f2ea0a3d9caf235f3becf8701f') in 0.010519 seconds
Number of updated asset objects reloaded before import = 0
Number of asset objects unloaded after import = 3
========================================================================
Received Import Request.
  Time since last request: 0.000020 seconds.
  path: Assets/Resources/装备图片/战袍.png
  artifactKey: Guid(e31a134d7fda4f57a45a8bcf32edfb17) Importer(2089858483,0ecaa5967403d082aa24f35e1b516d23)
Start importing Assets/Resources/装备图片/战袍.png using Guid(e31a134d7fda4f57a45a8bcf32edfb17) Importer(2089858483,0ecaa5967403d082aa24f35e1b516d23) [PhysX] Initialized MultithreadedTaskDispatcher with 20 workers.
 -> (artifact id: 'adbf61dd8bc57bcc9a7f8b8c72df1dd3') in 0.006299 seconds
Number of updated asset objects reloaded before import = 0
Number of asset objects unloaded after import = 3
========================================================================
Received Import Request.
  Time since last request: 0.000022 seconds.
  path: Assets/Resources/装备图片/宝马.png
  artifactKey: Guid(34ab90c9ba00400f882cfed6765273c6) Importer(2089858483,0ecaa5967403d082aa24f35e1b516d23)
Start importing Assets/Resources/装备图片/宝马.png using Guid(34ab90c9ba00400f882cfed6765273c6) Importer(2089858483,0ecaa5967403d082aa24f35e1b516d23) [PhysX] Initialized MultithreadedTaskDispatcher with 20 workers.
 -> (artifact id: '7c31b0efcde286ce713e567c256a0bae') in 0.007438 seconds
Number of updated asset objects reloaded before import = 0
Number of asset objects unloaded after import = 3
========================================================================
Received Import Request.
  Time since last request: 0.000013 seconds.
  path: Assets/Resources/将领头像/名将/庞统.png
  artifactKey: Guid(fee06277102d4066b5d2dd368dc39acd) Importer(2089858483,0ecaa5967403d082aa24f35e1b516d23)
Start importing Assets/Resources/将领头像/名将/庞统.png using Guid(fee06277102d4066b5d2dd368dc39acd) Importer(2089858483,0ecaa5967403d082aa24f35e1b516d23) [PhysX] Initialized MultithreadedTaskDispatcher with 20 workers.
 -> (artifact id: 'e3c448247cdb04df87658e88a1d97f7a') in 0.007393 seconds
Number of updated asset objects reloaded before import = 0
Number of asset objects unloaded after import = 3
========================================================================
Received Import Request.
  Time since last request: 0.000014 seconds.
  path: Assets/Resources/装备图片/龙椅.png
  artifactKey: Guid(b997618976c243fe96af4e45116bb620) Importer(2089858483,0ecaa5967403d082aa24f35e1b516d23)
Start importing Assets/Resources/装备图片/龙椅.png using Guid(b997618976c243fe96af4e45116bb620) Importer(2089858483,0ecaa5967403d082aa24f35e1b516d23) [PhysX] Initialized MultithreadedTaskDispatcher with 20 workers.
 -> (artifact id: '93b32adb9cdded64bcd5c958cdf2f456') in 0.007064 seconds
Number of updated asset objects reloaded before import = 0
Number of asset objects unloaded after import = 3
========================================================================
Received Import Request.
  Time since last request: 0.000018 seconds.
  path: Assets/Resources/将领头像/名将/黄盖.png
  artifactKey: Guid(e36b8f6885674740acdb462506538e1f) Importer(2089858483,0ecaa5967403d082aa24f35e1b516d23)
Start importing Assets/Resources/将领头像/名将/黄盖.png using Guid(e36b8f6885674740acdb462506538e1f) Importer(2089858483,0ecaa5967403d082aa24f35e1b516d23) [PhysX] Initialized MultithreadedTaskDispatcher with 20 workers.
 -> (artifact id: 'a280c74434ae5bafd7b5f28f8a14c43c') in 0.008135 seconds
Number of updated asset objects reloaded before import = 0
Number of asset objects unloaded after import = 3
========================================================================
Received Import Request.
  Time since last request: 0.000013 seconds.
  path: Assets/Scripts/随机姓名.cs
  artifactKey: Guid(81746f915bec28709086f70f715685a4) Importer(2089858483,0ecaa5967403d082aa24f35e1b516d23)
Start importing Assets/Scripts/随机姓名.cs using Guid(81746f915bec28709086f70f715685a4) Importer(2089858483,0ecaa5967403d082aa24f35e1b516d23) [PhysX] Initialized MultithreadedTaskDispatcher with 20 workers.
 -> (artifact id: 'f01f5caa5ec2d95c50121687f732fc70') in 0.002791 seconds
Number of updated asset objects reloaded before import = 0
Number of asset objects unloaded after import = 1
========================================================================
Received Import Request.
  Time since last request: 0.000015 seconds.
  path: Assets/Resources/称号头像/达人.png
  artifactKey: Guid(26d23be3bd9d40f9880ff8c1f94a8678) Importer(2089858483,0ecaa5967403d082aa24f35e1b516d23)
Start importing Assets/Resources/称号头像/达人.png using Guid(26d23be3bd9d40f9880ff8c1f94a8678) Importer(2089858483,0ecaa5967403d082aa24f35e1b516d23) [PhysX] Initialized MultithreadedTaskDispatcher with 20 workers.
 -> (artifact id: 'a01fa93762739f5937ef2c3e06b72f65') in 0.006751 seconds
Number of updated asset objects reloaded before import = 0
Number of asset objects unloaded after import = 3
========================================================================
Received Import Request.
  Time since last request: 0.000015 seconds.
  path: Assets/Resources/将领信息预制件/底部特效.prefab
  artifactKey: Guid(f8153febaacc4099925c91659f3b24eb) Importer(2089858483,0ecaa5967403d082aa24f35e1b516d23)
Start importing Assets/Resources/将领信息预制件/底部特效.prefab using Guid(f8153febaacc4099925c91659f3b24eb) Importer(2089858483,0ecaa5967403d082aa24f35e1b516d23) [PhysX] Initialized MultithreadedTaskDispatcher with 20 workers.
 -> (artifact id: '31c063e2efab3007a3d570a0603309c1') in 0.008415 seconds
Number of updated asset objects reloaded before import = 0
Number of asset objects unloaded after import = 33
========================================================================
Received Import Request.
  Time since last request: 0.000013 seconds.
  path: Assets/Scripts/玩家数据结构/编队信息.cs
  artifactKey: Guid(7be61483d0f2b4b99971971b81b4e008) Importer(2089858483,0ecaa5967403d082aa24f35e1b516d23)
Start importing Assets/Scripts/玩家数据结构/编队信息.cs using Guid(7be61483d0f2b4b99971971b81b4e008) Importer(2089858483,0ecaa5967403d082aa24f35e1b516d23) [PhysX] Initialized MultithreadedTaskDispatcher with 20 workers.
 -> (artifact id: '0fb2fa14451256e4cc3b5eb065c8867a') in 0.003503 seconds
Number of updated asset objects reloaded before import = 0
Number of asset objects unloaded after import = 1
========================================================================
Received Import Request.
  Time since last request: 0.000012 seconds.
  path: Assets/Resources/兵种模型预制件/重骑兵.prefab
  artifactKey: Guid(cde12bca25014374a725159045d3941b) Importer(2089858483,0ecaa5967403d082aa24f35e1b516d23)
Start importing Assets/Resources/兵种模型预制件/重骑兵.prefab using Guid(cde12bca25014374a725159045d3941b) Importer(2089858483,0ecaa5967403d082aa24f35e1b516d23) [PhysX] Initialized MultithreadedTaskDispatcher with 20 workers.
 -> (artifact id: '6d7a57bacae97c4eac47c00d07b56b93') in 0.007673 seconds
Number of updated asset objects reloaded before import = 0
Number of asset objects unloaded after import = 29
========================================================================
Received Import Request.
  Time since last request: 0.000021 seconds.
  path: Assets/Resources/建筑头像/农田/3.png
  artifactKey: Guid(53fc31d431684569bffb3c1799fd92b2) Importer(2089858483,0ecaa5967403d082aa24f35e1b516d23)
Start importing Assets/Resources/建筑头像/农田/3.png using Guid(53fc31d431684569bffb3c1799fd92b2) Importer(2089858483,0ecaa5967403d082aa24f35e1b516d23) [PhysX] Initialized MultithreadedTaskDispatcher with 20 workers.
 -> (artifact id: '8ea552914115bc21a1a9b526dfbfbaf1') in 0.006941 seconds
Number of updated asset objects reloaded before import = 0
Number of asset objects unloaded after import = 3
========================================================================
Received Import Request.
  Time since last request: 0.000014 seconds.
  path: Assets/Resources/建筑头像/战车营/0.png
  artifactKey: Guid(80266bbf7e3645e4840685abddc0a101) Importer(2089858483,0ecaa5967403d082aa24f35e1b516d23)
Start importing Assets/Resources/建筑头像/战车营/0.png using Guid(80266bbf7e3645e4840685abddc0a101) Importer(2089858483,0ecaa5967403d082aa24f35e1b516d23) [PhysX] Initialized MultithreadedTaskDispatcher with 20 workers.
 -> (artifact id: 'e25bb493a4112dfcac76fd0b73b2b7c2') in 0.007793 seconds
Number of updated asset objects reloaded before import = 0
Number of asset objects unloaded after import = 3
========================================================================
Received Import Request.
  Time since last request: 0.000013 seconds.
  path: Assets/Resources/建筑头像/步兵营/4.png
  artifactKey: Guid(48b034c579a047f2a174b92091afe92f) Importer(2089858483,0ecaa5967403d082aa24f35e1b516d23)
Start importing Assets/Resources/建筑头像/步兵营/4.png using Guid(48b034c579a047f2a174b92091afe92f) Importer(2089858483,0ecaa5967403d082aa24f35e1b516d23) [PhysX] Initialized MultithreadedTaskDispatcher with 20 workers.
 -> (artifact id: '3ca502070b07ef36b289d841dad155f7') in 0.006538 seconds
Number of updated asset objects reloaded before import = 0
Number of asset objects unloaded after import = 3
========================================================================
Received Import Request.
  Time since last request: 0.000014 seconds.
  path: Assets/Resources/建筑头像/战车营/1.png
  artifactKey: Guid(f5d526614847493bbb8709da394a29db) Importer(2089858483,0ecaa5967403d082aa24f35e1b516d23)
Start importing Assets/Resources/建筑头像/战车营/1.png using Guid(f5d526614847493bbb8709da394a29db) Importer(2089858483,0ecaa5967403d082aa24f35e1b516d23) [PhysX] Initialized MultithreadedTaskDispatcher with 20 workers.
 -> (artifact id: '155260c3018423303ef825b2658c99a5') in 0.006870 seconds
Number of updated asset objects reloaded before import = 0
Number of asset objects unloaded after import = 3
========================================================================
Received Import Request.
  Time since last request: 0.000016 seconds.
  path: Assets/Resources/建筑模型/弓兵营/2.prefab
  artifactKey: Guid(a7f93d8a571d4216a11ebf5d3b86ebe2) Importer(2089858483,0ecaa5967403d082aa24f35e1b516d23)
Start importing Assets/Resources/建筑模型/弓兵营/2.prefab using Guid(a7f93d8a571d4216a11ebf5d3b86ebe2) Importer(2089858483,0ecaa5967403d082aa24f35e1b516d23) [PhysX] Initialized MultithreadedTaskDispatcher with 20 workers.
 -> (artifact id: '4c66224ee601ed70944da613feea151d') in 0.003058 seconds
Number of updated asset objects reloaded before import = 0
Number of asset objects unloaded after import = 9
========================================================================
Received Import Request.
  Time since last request: 0.000011 seconds.
  path: Assets/Resources/建筑头像/房屋/4.png
  artifactKey: Guid(09a5740cb0284d1b9dc930027eac7316) Importer(2089858483,0ecaa5967403d082aa24f35e1b516d23)
Start importing Assets/Resources/建筑头像/房屋/4.png using Guid(09a5740cb0284d1b9dc930027eac7316) Importer(2089858483,0ecaa5967403d082aa24f35e1b516d23) [PhysX] Initialized MultithreadedTaskDispatcher with 20 workers.
 -> (artifact id: '7f5cb4d17dc9665e0831dfe4c820417b') in 0.008135 seconds
Number of updated asset objects reloaded before import = 0
Number of asset objects unloaded after import = 3
========================================================================
Received Import Request.
  Time since last request: 0.000015 seconds.
  path: Assets/Resources/建筑模型/名字/7.png
  artifactKey: Guid(e044be8d7dd14e7e9cf9ce8f1b50b42e) Importer(2089858483,0ecaa5967403d082aa24f35e1b516d23)
Start importing Assets/Resources/建筑模型/名字/7.png using Guid(e044be8d7dd14e7e9cf9ce8f1b50b42e) Importer(2089858483,0ecaa5967403d082aa24f35e1b516d23) [PhysX] Initialized MultithreadedTaskDispatcher with 20 workers.
 -> (artifact id: 'bb2f24e5a316dcc3c35c601e376c02d2') in 0.007415 seconds
Number of updated asset objects reloaded before import = 0
Number of asset objects unloaded after import = 3
========================================================================
Received Import Request.
  Time since last request: 0.000013 seconds.
  path: Assets/Resources/建筑头像/大厅/2.png
  artifactKey: Guid(8544456e295a48feaf22c79febf32cdb) Importer(2089858483,0ecaa5967403d082aa24f35e1b516d23)
Start importing Assets/Resources/建筑头像/大厅/2.png using Guid(8544456e295a48feaf22c79febf32cdb) Importer(2089858483,0ecaa5967403d082aa24f35e1b516d23) [PhysX] Initialized MultithreadedTaskDispatcher with 20 workers.
 -> (artifact id: 'fd2f1d60455dfb3c76d407725ee6024b') in 0.007974 seconds
Number of updated asset objects reloaded before import = 0
Number of asset objects unloaded after import = 3
========================================================================
Received Import Request.
  Time since last request: 0.000014 seconds.
  path: Assets/Resources/建筑模型/书院/2.prefab
  artifactKey: Guid(796cbcee67eb4976b10f6f3c5cc0ed58) Importer(2089858483,0ecaa5967403d082aa24f35e1b516d23)
Start importing Assets/Resources/建筑模型/书院/2.prefab using Guid(796cbcee67eb4976b10f6f3c5cc0ed58) Importer(2089858483,0ecaa5967403d082aa24f35e1b516d23) [PhysX] Initialized MultithreadedTaskDispatcher with 20 workers.
 -> (artifact id: '581883776e4288a865b7a608bd2a5260') in 0.039970 seconds
Number of updated asset objects reloaded before import = 0
Number of asset objects unloaded after import = 9
========================================================================
Received Import Request.
  Time since last request: 0.000019 seconds.
  path: Assets/Resources/建筑模型/大厅/6847.dat.png
  artifactKey: Guid(9608215880e146b2981f6f3d1b7f0e30) Importer(2089858483,0ecaa5967403d082aa24f35e1b516d23)
Start importing Assets/Resources/建筑模型/大厅/6847.dat.png using Guid(9608215880e146b2981f6f3d1b7f0e30) Importer(2089858483,0ecaa5967403d082aa24f35e1b516d23) [PhysX] Initialized MultithreadedTaskDispatcher with 20 workers.
 -> (artifact id: 'f3366fab44c44f301868cfd9faf0ab34') in 0.006877 seconds
Number of updated asset objects reloaded before import = 0
Number of asset objects unloaded after import = 3
========================================================================
Received Import Request.
  Time since last request: 0.000014 seconds.
  path: Assets/Resources/建筑模型/农田/1.prefab
  artifactKey: Guid(4e6ab5c3f7ad43b1829a286ecbcc15df) Importer(2089858483,0ecaa5967403d082aa24f35e1b516d23)
Start importing Assets/Resources/建筑模型/农田/1.prefab using Guid(4e6ab5c3f7ad43b1829a286ecbcc15df) Importer(2089858483,0ecaa5967403d082aa24f35e1b516d23) [PhysX] Initialized MultithreadedTaskDispatcher with 20 workers.
 -> (artifact id: '41abb967b786496c615366bdaaffad37') in 0.002780 seconds
Number of updated asset objects reloaded before import = 0
Number of asset objects unloaded after import = 9
========================================================================
Received Import Request.
  Time since last request: 0.000013 seconds.
  path: Assets/Resources/建筑模型/农田/6123.png
  artifactKey: Guid(dfbfeb603dc04db984d7e1ea6bd4f669) Importer(2089858483,0ecaa5967403d082aa24f35e1b516d23)
Start importing Assets/Resources/建筑模型/农田/6123.png using Guid(dfbfeb603dc04db984d7e1ea6bd4f669) Importer(2089858483,0ecaa5967403d082aa24f35e1b516d23) [PhysX] Initialized MultithreadedTaskDispatcher with 20 workers.
 -> (artifact id: '3c1b254fca3a0f66ef46945a18ded40d') in 0.006406 seconds
Number of updated asset objects reloaded before import = 0
Number of asset objects unloaded after import = 3
========================================================================
Received Import Request.
  Time since last request: 0.000022 seconds.
  path: Assets/Resources/建筑头像/书院/1.png
  artifactKey: Guid(eb19eff98ee1441e8643d1b17448b7af) Importer(2089858483,0ecaa5967403d082aa24f35e1b516d23)
Start importing Assets/Resources/建筑头像/书院/1.png using Guid(eb19eff98ee1441e8643d1b17448b7af) Importer(2089858483,0ecaa5967403d082aa24f35e1b516d23) [PhysX] Initialized MultithreadedTaskDispatcher with 20 workers.
 -> (artifact id: '7e6e1b1e5848f27e89150967383d6164') in 0.008289 seconds
Number of updated asset objects reloaded before import = 0
Number of asset objects unloaded after import = 3
========================================================================
Received Import Request.
  Time since last request: 0.000015 seconds.
  path: Assets/Resources/建筑模型/大厅/6846.dat.png
  artifactKey: Guid(9df3cfcc4b92428894a33ab54cf82ad1) Importer(2089858483,0ecaa5967403d082aa24f35e1b516d23)
Start importing Assets/Resources/建筑模型/大厅/6846.dat.png using Guid(9df3cfcc4b92428894a33ab54cf82ad1) Importer(2089858483,0ecaa5967403d082aa24f35e1b516d23) [PhysX] Initialized MultithreadedTaskDispatcher with 20 workers.
 -> (artifact id: 'ea5ade5fb527e858779cfe9a563d6be6') in 0.006934 seconds
Number of updated asset objects reloaded before import = 0
Number of asset objects unloaded after import = 3
========================================================================
Received Import Request.
  Time since last request: 0.000015 seconds.
  path: Assets/Resources/建筑模型/名字/1.png
  artifactKey: Guid(dd80c4c860f34f9fb35479ebbb568067) Importer(2089858483,0ecaa5967403d082aa24f35e1b516d23)
Start importing Assets/Resources/建筑模型/名字/1.png using Guid(dd80c4c860f34f9fb35479ebbb568067) Importer(2089858483,0ecaa5967403d082aa24f35e1b516d23) [PhysX] Initialized MultithreadedTaskDispatcher with 20 workers.
 -> (artifact id: 'e5101d1952dc739156b7b2c28feb847c') in 0.086723 seconds
Number of updated asset objects reloaded before import = 0
Number of asset objects unloaded after import = 3
========================================================================
Received Import Request.
  Time since last request: 0.000018 seconds.
  path: Assets/Resources/建筑模型/名字/3.png
  artifactKey: Guid(647ea21c26b74736aaf1e6e41ac1d8a4) Importer(2089858483,0ecaa5967403d082aa24f35e1b516d23)
Start importing Assets/Resources/建筑模型/名字/3.png using Guid(647ea21c26b74736aaf1e6e41ac1d8a4) Importer(2089858483,0ecaa5967403d082aa24f35e1b516d23) [PhysX] Initialized MultithreadedTaskDispatcher with 20 workers.
 -> (artifact id: '1fad182f8f17dbf9416d3f5b0b58c496') in 0.008876 seconds
Number of updated asset objects reloaded before import = 0
Number of asset objects unloaded after import = 3
========================================================================
Received Import Request.
  Time since last request: 0.000025 seconds.
  path: Assets/Resources/建筑头像/弓兵营/1.png
  artifactKey: Guid(8f1615c3464e4589ae342f1a0ee24509) Importer(2089858483,0ecaa5967403d082aa24f35e1b516d23)
Start importing Assets/Resources/建筑头像/弓兵营/1.png using Guid(8f1615c3464e4589ae342f1a0ee24509) Importer(2089858483,0ecaa5967403d082aa24f35e1b516d23) [PhysX] Initialized MultithreadedTaskDispatcher with 20 workers.
 -> (artifact id: '5906679598bb380c9cbe1fc7e8a2ab87') in 0.006554 seconds
Number of updated asset objects reloaded before import = 0
Number of asset objects unloaded after import = 3
========================================================================
Received Import Request.
  Time since last request: 0.000013 seconds.
  path: Assets/Resources/建筑头像/房屋/3.png
  artifactKey: Guid(918d627a136242e9a4cc44129fb6228f) Importer(2089858483,0ecaa5967403d082aa24f35e1b516d23)
Start importing Assets/Resources/建筑头像/房屋/3.png using Guid(918d627a136242e9a4cc44129fb6228f) Importer(2089858483,0ecaa5967403d082aa24f35e1b516d23) [PhysX] Initialized MultithreadedTaskDispatcher with 20 workers.
 -> (artifact id: '9e9417594ae7f0c6e3dc03630ec75c60') in 0.008046 seconds
Number of updated asset objects reloaded before import = 0
Number of asset objects unloaded after import = 3
========================================================================
Received Import Request.
  Time since last request: 0.000015 seconds.
  path: Assets/Resources/建筑头像/书院/0.png
  artifactKey: Guid(0f9dc5baeb324475a6773f6ea554184e) Importer(2089858483,0ecaa5967403d082aa24f35e1b516d23)
Start importing Assets/Resources/建筑头像/书院/0.png using Guid(0f9dc5baeb324475a6773f6ea554184e) Importer(2089858483,0ecaa5967403d082aa24f35e1b516d23) [PhysX] Initialized MultithreadedTaskDispatcher with 20 workers.
 -> (artifact id: '73a026f4205e974c8a7777914212e9f4') in 0.006359 seconds
Number of updated asset objects reloaded before import = 0
Number of asset objects unloaded after import = 3
========================================================================
Received Import Request.
  Time since last request: 0.000013 seconds.
  path: Assets/Resources/建筑模型/弓兵营/4322.dat.png
  artifactKey: Guid(7d44aaf64ddf43788e2d404895a9db34) Importer(2089858483,0ecaa5967403d082aa24f35e1b516d23)
Start importing Assets/Resources/建筑模型/弓兵营/4322.dat.png using Guid(7d44aaf64ddf43788e2d404895a9db34) Importer(2089858483,0ecaa5967403d082aa24f35e1b516d23) [PhysX] Initialized MultithreadedTaskDispatcher with 20 workers.
 -> (artifact id: 'a5caa84ee86e8214e4a58f5a55b1dad5') in 0.007600 seconds
Number of updated asset objects reloaded before import = 0
Number of asset objects unloaded after import = 3
========================================================================
Received Import Request.
  Time since last request: 0.000018 seconds.
  path: Assets/Resources/建筑模型/名字/0.png
  artifactKey: Guid(cdfaf4a363964d56a74d76452a27a129) Importer(2089858483,0ecaa5967403d082aa24f35e1b516d23)
Start importing Assets/Resources/建筑模型/名字/0.png using Guid(cdfaf4a363964d56a74d76452a27a129) Importer(2089858483,0ecaa5967403d082aa24f35e1b516d23) [PhysX] Initialized MultithreadedTaskDispatcher with 20 workers.
 -> (artifact id: 'd3a8384e40b276418be697706e872c10') in 0.008572 seconds
Number of updated asset objects reloaded before import = 0
Number of asset objects unloaded after import = 3
========================================================================
Received Import Request.
  Time since last request: 0.000015 seconds.
  path: Assets/Resources/建筑头像/书院/3.png
  artifactKey: Guid(0719741a442e4542963b462987fa6055) Importer(2089858483,0ecaa5967403d082aa24f35e1b516d23)
Start importing Assets/Resources/建筑头像/书院/3.png using Guid(0719741a442e4542963b462987fa6055) Importer(2089858483,0ecaa5967403d082aa24f35e1b516d23) [PhysX] Initialized MultithreadedTaskDispatcher with 20 workers.
 -> (artifact id: '56577c2ef04053fe2a5e515bcf5ffa7f') in 0.006586 seconds
Number of updated asset objects reloaded before import = 0
Number of asset objects unloaded after import = 3
========================================================================
Received Import Request.
  Time since last request: 0.000013 seconds.
  path: Assets/Resources/建筑模型/农田/123.png
  artifactKey: Guid(4cb5be89beff42bb809d35c660d0580f) Importer(2089858483,0ecaa5967403d082aa24f35e1b516d23)
Start importing Assets/Resources/建筑模型/农田/123.png using Guid(4cb5be89beff42bb809d35c660d0580f) Importer(2089858483,0ecaa5967403d082aa24f35e1b516d23) [PhysX] Initialized MultithreadedTaskDispatcher with 20 workers.
 -> (artifact id: 'a1a95b5fbf680e52a303efca84bf468b') in 0.006805 seconds
Number of updated asset objects reloaded before import = 0
Number of asset objects unloaded after import = 3
========================================================================
Received Import Request.
  Time since last request: 0.000013 seconds.
  path: Assets/Resources/建筑模型/书院/4340.dat.png
  artifactKey: Guid(60c84e0cbc2c41588b522de5a0f74ee2) Importer(2089858483,0ecaa5967403d082aa24f35e1b516d23)
Start importing Assets/Resources/建筑模型/书院/4340.dat.png using Guid(60c84e0cbc2c41588b522de5a0f74ee2) Importer(2089858483,0ecaa5967403d082aa24f35e1b516d23) [PhysX] Initialized MultithreadedTaskDispatcher with 20 workers.
 -> (artifact id: '54fb9411709eadf3d06589f7c0bd047a') in 0.007816 seconds
Number of updated asset objects reloaded before import = 0
Number of asset objects unloaded after import = 3
========================================================================
Received Import Request.
  Time since last request: 0.000013 seconds.
  path: Assets/Resources/建筑头像/房屋/1.png
  artifactKey: Guid(053a59de10de4d8cba9961bf2e35d656) Importer(2089858483,0ecaa5967403d082aa24f35e1b516d23)
Start importing Assets/Resources/建筑头像/房屋/1.png using Guid(053a59de10de4d8cba9961bf2e35d656) Importer(2089858483,0ecaa5967403d082aa24f35e1b516d23) [PhysX] Initialized MultithreadedTaskDispatcher with 20 workers.
 -> (artifact id: '4c5bc7ae6fa23f52c8a1c6067f3b80d9') in 0.006418 seconds
Number of updated asset objects reloaded before import = 0
Number of asset objects unloaded after import = 3
========================================================================
Received Import Request.
  Time since last request: 0.000012 seconds.
  path: Assets/Resources/建筑模型/大厅/6845.dat.png
  artifactKey: Guid(973e3303ec9947d694ca55393e8f78a6) Importer(2089858483,0ecaa5967403d082aa24f35e1b516d23)
Start importing Assets/Resources/建筑模型/大厅/6845.dat.png using Guid(973e3303ec9947d694ca55393e8f78a6) Importer(2089858483,0ecaa5967403d082aa24f35e1b516d23) [PhysX] Initialized MultithreadedTaskDispatcher with 20 workers.
 -> (artifact id: 'a0edd4055f680695862402e399c972c8') in 0.009583 seconds
Number of updated asset objects reloaded before import = 0
Number of asset objects unloaded after import = 3
========================================================================
Received Import Request.
  Time since last request: 0.000014 seconds.
  path: Assets/Resources/建筑模型/书院/4.prefab
  artifactKey: Guid(5af2a4f1baac4046a9c02f12b950bb9d) Importer(2089858483,0ecaa5967403d082aa24f35e1b516d23)
Start importing Assets/Resources/建筑模型/书院/4.prefab using Guid(5af2a4f1baac4046a9c02f12b950bb9d) Importer(2089858483,0ecaa5967403d082aa24f35e1b516d23) [PhysX] Initialized MultithreadedTaskDispatcher with 20 workers.
 -> (artifact id: '190a71825f9fd250571a2a17046ed1c1') in 0.002776 seconds
Number of updated asset objects reloaded before import = 0
Number of asset objects unloaded after import = 9
========================================================================
Received Import Request.
  Time since last request: 0.000012 seconds.
  path: Assets/Resources/建筑头像/大厅/3.png
  artifactKey: Guid(c5cfa04fe344496b81c3e8ea33c6db1c) Importer(2089858483,0ecaa5967403d082aa24f35e1b516d23)
Start importing Assets/Resources/建筑头像/大厅/3.png using Guid(c5cfa04fe344496b81c3e8ea33c6db1c) Importer(2089858483,0ecaa5967403d082aa24f35e1b516d23) [PhysX] Initialized MultithreadedTaskDispatcher with 20 workers.
 -> (artifact id: 'ef3ede67e7a0f70fba54046c8a4abe2b') in 0.006170 seconds
Number of updated asset objects reloaded before import = 0
Number of asset objects unloaded after import = 3
========================================================================
Received Import Request.
  Time since last request: 0.000014 seconds.
  path: Assets/Resources/建筑模型/农田/6856.png
  artifactKey: Guid(5194d6e2850e42ea8af9926f05b8f237) Importer(2089858483,0ecaa5967403d082aa24f35e1b516d23)
Start importing Assets/Resources/建筑模型/农田/6856.png using Guid(5194d6e2850e42ea8af9926f05b8f237) Importer(2089858483,0ecaa5967403d082aa24f35e1b516d23) [PhysX] Initialized MultithreadedTaskDispatcher with 20 workers.
 -> (artifact id: '6daa0c858633f218f550174e5da057ee') in 0.013049 seconds
Number of updated asset objects reloaded before import = 0
Number of asset objects unloaded after import = 3
========================================================================
Received Import Request.
  Time since last request: 0.000015 seconds.
  path: Assets/Resources/建筑模型/弓兵营/0.prefab
  artifactKey: Guid(3f76405fa0e84a938bcbea1c518cd45f) Importer(2089858483,0ecaa5967403d082aa24f35e1b516d23)
Start importing Assets/Resources/建筑模型/弓兵营/0.prefab using Guid(3f76405fa0e84a938bcbea1c518cd45f) Importer(2089858483,0ecaa5967403d082aa24f35e1b516d23) [PhysX] Initialized MultithreadedTaskDispatcher with 20 workers.
 -> (artifact id: '7ab0d6ab8a3c89cf261ba8292bfcd31f') in 0.002932 seconds
Number of updated asset objects reloaded before import = 0
Number of asset objects unloaded after import = 9
========================================================================
Received Import Request.
  Time since last request: 0.000012 seconds.
  path: Assets/Resources/建筑头像/房屋/0.png
  artifactKey: Guid(0cdc33858ae04bc99a8dec0418ab4b47) Importer(2089858483,0ecaa5967403d082aa24f35e1b516d23)
Start importing Assets/Resources/建筑头像/房屋/0.png using Guid(0cdc33858ae04bc99a8dec0418ab4b47) Importer(2089858483,0ecaa5967403d082aa24f35e1b516d23) [PhysX] Initialized MultithreadedTaskDispatcher with 20 workers.
 -> (artifact id: '7dcf1bd1bf3dcf8835a073f1aa921847') in 0.008330 seconds
Number of updated asset objects reloaded before import = 0
Number of asset objects unloaded after import = 3
========================================================================
Received Import Request.
  Time since last request: 0.000016 seconds.
  path: Assets/Resources/建筑头像/战车营/2.png
  artifactKey: Guid(b7b545e0c07241599b1b3002af776ff5) Importer(2089858483,0ecaa5967403d082aa24f35e1b516d23)
Start importing Assets/Resources/建筑头像/战车营/2.png using Guid(b7b545e0c07241599b1b3002af776ff5) Importer(2089858483,0ecaa5967403d082aa24f35e1b516d23) [PhysX] Initialized MultithreadedTaskDispatcher with 20 workers.
 -> (artifact id: 'd6261205864063c1414ba5a3c6bcd691') in 0.006976 seconds
Number of updated asset objects reloaded before import = 0
Number of asset objects unloaded after import = 3
========================================================================
Received Import Request.
  Time since last request: 0.000013 seconds.
  path: Assets/Resources/将领头像/君王/张鲁.png
  artifactKey: Guid(4321b5d76c584abbb65e08e60de60666) Importer(2089858483,0ecaa5967403d082aa24f35e1b516d23)
Start importing Assets/Resources/将领头像/君王/张鲁.png using Guid(4321b5d76c584abbb65e08e60de60666) Importer(2089858483,0ecaa5967403d082aa24f35e1b516d23) [PhysX] Initialized MultithreadedTaskDispatcher with 20 workers.
 -> (artifact id: '64ef8b702872be0dd3e3c0ffa06655a5') in 0.006934 seconds
Number of updated asset objects reloaded before import = 0
Number of asset objects unloaded after import = 3
========================================================================
Received Import Request.
  Time since last request: 0.000014 seconds.
  path: Assets/Resources/装备品质图片/3.png
  artifactKey: Guid(c693632909e246278622a669b14c4e37) Importer(2089858483,0ecaa5967403d082aa24f35e1b516d23)
Start importing Assets/Resources/装备品质图片/3.png using Guid(c693632909e246278622a669b14c4e37) Importer(2089858483,0ecaa5967403d082aa24f35e1b516d23) [PhysX] Initialized MultithreadedTaskDispatcher with 20 workers.
 -> (artifact id: 'b7047aab4cf2f59be9a4b3f693822172') in 0.008438 seconds
Number of updated asset objects reloaded before import = 0
Number of asset objects unloaded after import = 3
========================================================================
Received Import Request.
  Time since last request: 0.000014 seconds.
  path: Assets/Scripts/道具信息库类.cs
  artifactKey: Guid(f8cbb18466f67c5b9885c794ac7f7351) Importer(2089858483,0ecaa5967403d082aa24f35e1b516d23)
Start importing Assets/Scripts/道具信息库类.cs using Guid(f8cbb18466f67c5b9885c794ac7f7351) Importer(2089858483,0ecaa5967403d082aa24f35e1b516d23) [PhysX] Initialized MultithreadedTaskDispatcher with 20 workers.
 -> (artifact id: 'de58baceae78550ac0774dca222d8a65') in 0.002758 seconds
Number of updated asset objects reloaded before import = 0
Number of asset objects unloaded after import = 1
========================================================================
Received Import Request.
  Time since last request: 0.000016 seconds.
  path: Assets/Resources/将领头像/名将/蔡文姬.png
  artifactKey: Guid(15536a4ed5da4b4b924623c16cfea944) Importer(2089858483,0ecaa5967403d082aa24f35e1b516d23)
Start importing Assets/Resources/将领头像/名将/蔡文姬.png using Guid(15536a4ed5da4b4b924623c16cfea944) Importer(2089858483,0ecaa5967403d082aa24f35e1b516d23) [PhysX] Initialized MultithreadedTaskDispatcher with 20 workers.
 -> (artifact id: '7a579bfb6be88630957cd2c018dde620') in 0.006726 seconds
Number of updated asset objects reloaded before import = 0
Number of asset objects unloaded after import = 3
========================================================================
Received Import Request.
  Time since last request: 0.000013 seconds.
  path: Assets/Resources/建筑模型/名字/4.png
  artifactKey: Guid(4e68bb130d4a4206969ff532ad016f51) Importer(2089858483,0ecaa5967403d082aa24f35e1b516d23)
Start importing Assets/Resources/建筑模型/名字/4.png using Guid(4e68bb130d4a4206969ff532ad016f51) Importer(2089858483,0ecaa5967403d082aa24f35e1b516d23) [PhysX] Initialized MultithreadedTaskDispatcher with 20 workers.
 -> (artifact id: '48d7b2ee78a9f3606b0ae4a3be4f2d4a') in 0.006614 seconds
Number of updated asset objects reloaded before import = 0
Number of asset objects unloaded after import = 3
========================================================================
Received Import Request.
  Time since last request: 0.000014 seconds.
  path: Assets/Resources/建筑模型/农田/4.prefab
  artifactKey: Guid(2c8602f9b0d244ecba6bdb0e94926dbb) Importer(2089858483,0ecaa5967403d082aa24f35e1b516d23)
Start importing Assets/Resources/建筑模型/农田/4.prefab using Guid(2c8602f9b0d244ecba6bdb0e94926dbb) Importer(2089858483,0ecaa5967403d082aa24f35e1b516d23) [PhysX] Initialized MultithreadedTaskDispatcher with 20 workers.
 -> (artifact id: '32f5ccf29bb33863fd204c29750e21ca') in 0.003555 seconds
Number of updated asset objects reloaded before import = 0
Number of asset objects unloaded after import = 9
========================================================================
Received Import Request.
  Time since last request: 0.000013 seconds.
  path: Assets/Resources/建筑模型/弓兵营/3.prefab
  artifactKey: Guid(66cb5830b62d40b29b3fafb523368d40) Importer(2089858483,0ecaa5967403d082aa24f35e1b516d23)
Start importing Assets/Resources/建筑模型/弓兵营/3.prefab using Guid(66cb5830b62d40b29b3fafb523368d40) Importer(2089858483,0ecaa5967403d082aa24f35e1b516d23) [PhysX] Initialized MultithreadedTaskDispatcher with 20 workers.
 -> (artifact id: '64b9489fd012a47669839f4b1a34e95a') in 0.003993 seconds
Number of updated asset objects reloaded before import = 0
Number of asset objects unloaded after import = 9
========================================================================
Received Import Request.
  Time since last request: 0.000013 seconds.
  path: Assets/Resources/建筑模型/大厅/1.prefab
  artifactKey: Guid(45b3e3d89574420e84efb23a22a2ffdf) Importer(2089858483,0ecaa5967403d082aa24f35e1b516d23)
Start importing Assets/Resources/建筑模型/大厅/1.prefab using Guid(45b3e3d89574420e84efb23a22a2ffdf) Importer(2089858483,0ecaa5967403d082aa24f35e1b516d23) [PhysX] Initialized MultithreadedTaskDispatcher with 20 workers.
 -> (artifact id: '78f4143208ecd615082cbcd59186e728') in 0.002922 seconds
Number of updated asset objects reloaded before import = 0
Number of asset objects unloaded after import = 16
========================================================================
Received Import Request.
  Time since last request: 0.000010 seconds.
  path: Assets/Resources/装备图片/明光铠.png
  artifactKey: Guid(c0521ea8a59343e7a5fef2575f49617e) Importer(2089858483,0ecaa5967403d082aa24f35e1b516d23)
Start importing Assets/Resources/装备图片/明光铠.png using Guid(c0521ea8a59343e7a5fef2575f49617e) Importer(2089858483,0ecaa5967403d082aa24f35e1b516d23) [PhysX] Initialized MultithreadedTaskDispatcher with 20 workers.
 -> (artifact id: '0415707910d29563fa8da30a75dcf2c4') in 0.006338 seconds
Number of updated asset objects reloaded before import = 0
Number of asset objects unloaded after import = 3
========================================================================
Received Import Request.
  Time since last request: 0.000012 seconds.
  path: Assets/Resources/主帅头像/1.png
  artifactKey: Guid(d451c710408747d399bc8fa83fc2e597) Importer(2089858483,0ecaa5967403d082aa24f35e1b516d23)
Start importing Assets/Resources/主帅头像/1.png using Guid(d451c710408747d399bc8fa83fc2e597) Importer(2089858483,0ecaa5967403d082aa24f35e1b516d23) [PhysX] Initialized MultithreadedTaskDispatcher with 20 workers.
 -> (artifact id: 'dc0108cdcd50bb5a81c5ca5ff4b88daa') in 0.006945 seconds
Number of updated asset objects reloaded before import = 0
Number of asset objects unloaded after import = 3
========================================================================
Received Import Request.
  Time since last request: 0.000013 seconds.
  path: Assets/Scripts/玩家数据结构/将领属性.cs
  artifactKey: Guid(b2a907d67833d1fcf34b3cba82c41a36) Importer(2089858483,0ecaa5967403d082aa24f35e1b516d23)
Start importing Assets/Scripts/玩家数据结构/将领属性.cs using Guid(b2a907d67833d1fcf34b3cba82c41a36) Importer(2089858483,0ecaa5967403d082aa24f35e1b516d23) [PhysX] Initialized MultithreadedTaskDispatcher with 20 workers.
 -> (artifact id: 'd7d7bd90aa4bae7961fe17912a166a18') in 0.002434 seconds
Number of updated asset objects reloaded before import = 0
Number of asset objects unloaded after import = 1
========================================================================
Received Import Request.
  Time since last request: 0.000013 seconds.
  path: Assets/Resources/将领头像/名将/夏侯渊.png
  artifactKey: Guid(1225a1cb95784cabba2bf9bec9567d5a) Importer(2089858483,0ecaa5967403d082aa24f35e1b516d23)
Start importing Assets/Resources/将领头像/名将/夏侯渊.png using Guid(1225a1cb95784cabba2bf9bec9567d5a) Importer(2089858483,0ecaa5967403d082aa24f35e1b516d23) [PhysX] Initialized MultithreadedTaskDispatcher with 20 workers.
 -> (artifact id: '94aa80240dcd23ac68291c19966eb7bc') in 0.009359 seconds
Number of updated asset objects reloaded before import = 0
Number of asset objects unloaded after import = 3
========================================================================
Received Import Request.
  Time since last request: 0.000018 seconds.
  path: Assets/Resources/将领头像/名将/文丑.png
  artifactKey: Guid(4b73f4dd5dc845d8a4c5f593f8673971) Importer(2089858483,0ecaa5967403d082aa24f35e1b516d23)
Start importing Assets/Resources/将领头像/名将/文丑.png using Guid(4b73f4dd5dc845d8a4c5f593f8673971) Importer(2089858483,0ecaa5967403d082aa24f35e1b516d23) [PhysX] Initialized MultithreadedTaskDispatcher with 20 workers.
 -> (artifact id: 'd5f75177332567d3486a1d88a6ba4abf') in 0.007270 seconds
Number of updated asset objects reloaded before import = 0
Number of asset objects unloaded after import = 3
========================================================================
Received Import Request.
  Time since last request: 0.000015 seconds.
  path: Assets/Resources/国家图片/鲁.png
  artifactKey: Guid(bb64129a71204ad9948cf3be302c35ce) Importer(2089858483,0ecaa5967403d082aa24f35e1b516d23)
Start importing Assets/Resources/国家图片/鲁.png using Guid(bb64129a71204ad9948cf3be302c35ce) Importer(2089858483,0ecaa5967403d082aa24f35e1b516d23) [PhysX] Initialized MultithreadedTaskDispatcher with 20 workers.
 -> (artifact id: '1f2826af6d0291cf9aecf84c5adb9d39') in 0.007883 seconds
Number of updated asset objects reloaded before import = 0
Number of asset objects unloaded after import = 3
========================================================================
Received Import Request.
  Time since last request: 0.000016 seconds.
  path: Assets/Resources/建筑头像/步兵营/1.png
  artifactKey: Guid(6754447acf224cf2b5d3a63a1ae246ef) Importer(2089858483,0ecaa5967403d082aa24f35e1b516d23)
Start importing Assets/Resources/建筑头像/步兵营/1.png using Guid(6754447acf224cf2b5d3a63a1ae246ef) Importer(2089858483,0ecaa5967403d082aa24f35e1b516d23) [PhysX] Initialized MultithreadedTaskDispatcher with 20 workers.
 -> (artifact id: '239c9c0262bf0ac1e3f9d796d5b7c0a5') in 0.006780 seconds
Number of updated asset objects reloaded before import = 0
Number of asset objects unloaded after import = 3
========================================================================
Received Import Request.
  Time since last request: 0.000019 seconds.
  path: Assets/Resources/将领头像/名将/张辽.png
  artifactKey: Guid(af3a25f61d314253b95cfde0df3ba187) Importer(2089858483,0ecaa5967403d082aa24f35e1b516d23)
Start importing Assets/Resources/将领头像/名将/张辽.png using Guid(af3a25f61d314253b95cfde0df3ba187) Importer(2089858483,0ecaa5967403d082aa24f35e1b516d23) [PhysX] Initialized MultithreadedTaskDispatcher with 20 workers.
 -> (artifact id: 'f37427ccd46f41b088a5e03c78fc852f') in 0.007935 seconds
Number of updated asset objects reloaded before import = 0
Number of asset objects unloaded after import = 3
========================================================================
Received Import Request.
  Time since last request: 0.000014 seconds.
  path: Assets/Scripts/玩家数据结构/炼魂属性.cs
  artifactKey: Guid(b8a2553866f86d39d962144d5d87baba) Importer(2089858483,0ecaa5967403d082aa24f35e1b516d23)
Start importing Assets/Scripts/玩家数据结构/炼魂属性.cs using Guid(b8a2553866f86d39d962144d5d87baba) Importer(2089858483,0ecaa5967403d082aa24f35e1b516d23) [PhysX] Initialized MultithreadedTaskDispatcher with 20 workers.
 -> (artifact id: 'fae10b8f99da86c2a2dec6cb74f4b695') in 0.002537 seconds
Number of updated asset objects reloaded before import = 0
Number of asset objects unloaded after import = 1
========================================================================
Received Import Request.
  Time since last request: 0.000011 seconds.
  path: Assets/Resources/装备图片/天子剑.png
  artifactKey: Guid(c3e2b8278dd040e2aa7c62ea0423967c) Importer(2089858483,0ecaa5967403d082aa24f35e1b516d23)
Start importing Assets/Resources/装备图片/天子剑.png using Guid(c3e2b8278dd040e2aa7c62ea0423967c) Importer(2089858483,0ecaa5967403d082aa24f35e1b516d23) [PhysX] Initialized MultithreadedTaskDispatcher with 20 workers.
 -> (artifact id: '5a2e7b6bebc46da16f0160f5467876bc') in 0.008311 seconds
Number of updated asset objects reloaded before import = 0
Number of asset objects unloaded after import = 3
========================================================================
Received Import Request.
  Time since last request: 0.000015 seconds.
  path: Assets/Resources/将领头像/名将/普通名将.png
  artifactKey: Guid(8beb01ea2f4945a8b47b9a606bfef81d) Importer(2089858483,0ecaa5967403d082aa24f35e1b516d23)
Start importing Assets/Resources/将领头像/名将/普通名将.png using Guid(8beb01ea2f4945a8b47b9a606bfef81d) Importer(2089858483,0ecaa5967403d082aa24f35e1b516d23) [PhysX] Initialized MultithreadedTaskDispatcher with 20 workers.
 -> (artifact id: '82f38315ef9e0f4689ac49c510f2dcad') in 0.008720 seconds
Number of updated asset objects reloaded before import = 0
Number of asset objects unloaded after import = 3
========================================================================
Received Import Request.
  Time since last request: 0.000012 seconds.
  path: Assets/Resources/装备图片/大宛马.png
  artifactKey: Guid(a1676e2ad0a8468793ea6e3724c02c32) Importer(2089858483,0ecaa5967403d082aa24f35e1b516d23)
Start importing Assets/Resources/装备图片/大宛马.png using Guid(a1676e2ad0a8468793ea6e3724c02c32) Importer(2089858483,0ecaa5967403d082aa24f35e1b516d23) [PhysX] Initialized MultithreadedTaskDispatcher with 20 workers.
 -> (artifact id: '2eacd50bbf4651b176e7840c1841b51b') in 0.006668 seconds
Number of updated asset objects reloaded before import = 0
Number of asset objects unloaded after import = 3
========================================================================
Received Import Request.
  Time since last request: 0.000012 seconds.
  path: Assets/Resources/将领头像/君王/董白.png
  artifactKey: Guid(e6417bb077264fb290276074eaed8bc4) Importer(2089858483,0ecaa5967403d082aa24f35e1b516d23)
Start importing Assets/Resources/将领头像/君王/董白.png using Guid(e6417bb077264fb290276074eaed8bc4) Importer(2089858483,0ecaa5967403d082aa24f35e1b516d23) [PhysX] Initialized MultithreadedTaskDispatcher with 20 workers.
 -> (artifact id: '4058ac3a86d04983884baab6c5128cdb') in 0.015546 seconds
Number of updated asset objects reloaded before import = 0
Number of asset objects unloaded after import = 3
========================================================================
Received Import Request.
  Time since last request: 0.000016 seconds.
  path: Assets/Resources/建筑模型/书院/4338.dat.png
  artifactKey: Guid(49985a7061f242bbb009fb8c3c9a777c) Importer(2089858483,0ecaa5967403d082aa24f35e1b516d23)
Start importing Assets/Resources/建筑模型/书院/4338.dat.png using Guid(49985a7061f242bbb009fb8c3c9a777c) Importer(2089858483,0ecaa5967403d082aa24f35e1b516d23) [PhysX] Initialized MultithreadedTaskDispatcher with 20 workers.
 -> (artifact id: '66cd6b85b21a16d172f9467b6d4d7eb6') in 0.007310 seconds
Number of updated asset objects reloaded before import = 0
Number of asset objects unloaded after import = 3
========================================================================
Received Import Request.
  Time since last request: 0.000015 seconds.
  path: Assets/Resources/将领头像/君王/花鬘.png
  artifactKey: Guid(577e26eac7d04812be8af4a201d46485) Importer(2089858483,0ecaa5967403d082aa24f35e1b516d23)
Start importing Assets/Resources/将领头像/君王/花鬘.png using Guid(577e26eac7d04812be8af4a201d46485) Importer(2089858483,0ecaa5967403d082aa24f35e1b516d23) [PhysX] Initialized MultithreadedTaskDispatcher with 20 workers.
 -> (artifact id: 'c62c2192c29d3706788a2ea9b1a2b8a3') in 0.008483 seconds
Number of updated asset objects reloaded before import = 0
Number of asset objects unloaded after import = 3
========================================================================
Received Import Request.
  Time since last request: 0.000022 seconds.
  path: Assets/Resources/建筑模型/骑兵营/2.prefab
  artifactKey: Guid(65dbe39d8b704343bdb52a4b02156ef7) Importer(2089858483,0ecaa5967403d082aa24f35e1b516d23)
Start importing Assets/Resources/建筑模型/骑兵营/2.prefab using Guid(65dbe39d8b704343bdb52a4b02156ef7) Importer(2089858483,0ecaa5967403d082aa24f35e1b516d23) [PhysX] Initialized MultithreadedTaskDispatcher with 20 workers.
 -> (artifact id: '762608c1f6ebb7a1c7286ffb4dae0d85') in 0.003466 seconds
Number of updated asset objects reloaded before import = 0
Number of asset objects unloaded after import = 9
========================================================================
Received Import Request.
  Time since last request: 0.000013 seconds.
  path: Assets/Resources/建筑模型/战车营/3.prefab
  artifactKey: Guid(f6f4fe48164d4726a4b5663120023650) Importer(2089858483,0ecaa5967403d082aa24f35e1b516d23)
Start importing Assets/Resources/建筑模型/战车营/3.prefab using Guid(f6f4fe48164d4726a4b5663120023650) Importer(2089858483,0ecaa5967403d082aa24f35e1b516d23) [PhysX] Initialized MultithreadedTaskDispatcher with 20 workers.
 -> (artifact id: 'd0ad3974afe327467b103a1c7cb4a3e9') in 0.003054 seconds
Number of updated asset objects reloaded before import = 0
Number of asset objects unloaded after import = 9
========================================================================
Received Import Request.
  Time since last request: 0.000011 seconds.
  path: Assets/Resources/建筑模型/房屋/0.prefab
  artifactKey: Guid(295679524116425eae56466d6c41bd7a) Importer(2089858483,0ecaa5967403d082aa24f35e1b516d23)
Start importing Assets/Resources/建筑模型/房屋/0.prefab using Guid(295679524116425eae56466d6c41bd7a) Importer(2089858483,0ecaa5967403d082aa24f35e1b516d23) [PhysX] Initialized MultithreadedTaskDispatcher with 20 workers.
 -> (artifact id: '2cb6aaeb0b48dee336022eb119d99772') in 0.002822 seconds
Number of updated asset objects reloaded before import = 0
Number of asset objects unloaded after import = 9
========================================================================
Received Import Request.
  Time since last request: 0.000012 seconds.
  path: Assets/Resources/建筑模型/步兵营/4.prefab
  artifactKey: Guid(dbe4edd07666450691b03bb51e50cb51) Importer(2089858483,0ecaa5967403d082aa24f35e1b516d23)
Start importing Assets/Resources/建筑模型/步兵营/4.prefab using Guid(dbe4edd07666450691b03bb51e50cb51) Importer(2089858483,0ecaa5967403d082aa24f35e1b516d23) [PhysX] Initialized MultithreadedTaskDispatcher with 20 workers.
 -> (artifact id: '68728c4efb8d5eedb951edbbadacafe5') in 0.002712 seconds
Number of updated asset objects reloaded before import = 0
Number of asset objects unloaded after import = 9
========================================================================
Received Import Request.
  Time since last request: 0.000011 seconds.
  path: Assets/Plugins/Android/libs/armeabi-v7a/libmonobdwgc-2.0.so
  artifactKey: Guid(29c3f8c2eabfe07e0e4726bca874b2f2) Importer(2089858483,0ecaa5967403d082aa24f35e1b516d23)
Start importing Assets/Plugins/Android/libs/armeabi-v7a/libmonobdwgc-2.0.so using Guid(29c3f8c2eabfe07e0e4726bca874b2f2) Importer(2089858483,0ecaa5967403d082aa24f35e1b516d23) [PhysX] Initialized MultithreadedTaskDispatcher with 20 workers.
 -> (artifact id: 'e5801d4fa1c8e8f49bdcb2f8488ee9a4') in 0.002780 seconds
Number of updated asset objects reloaded before import = 0
Number of asset objects unloaded after import = 1
========================================================================
Received Import Request.
  Time since last request: 0.000013 seconds.
  path: Assets/Resources/建筑模型/骑兵营/4.prefab
  artifactKey: Guid(792260e4e3044e1683d5dfb9d1a48380) Importer(2089858483,0ecaa5967403d082aa24f35e1b516d23)
Start importing Assets/Resources/建筑模型/骑兵营/4.prefab using Guid(792260e4e3044e1683d5dfb9d1a48380) Importer(2089858483,0ecaa5967403d082aa24f35e1b516d23) [PhysX] Initialized MultithreadedTaskDispatcher with 20 workers.
 -> (artifact id: '6389e0af4be4d760b570d0a60533fb20') in 0.002910 seconds
Number of updated asset objects reloaded before import = 0
Number of asset objects unloaded after import = 9
========================================================================
Received Import Request.
  Time since last request: 0.000011 seconds.
  path: Assets/Resources/建筑模型/房屋/123.png
  artifactKey: Guid(1b45a8fd687d41ba8a08c78ac605cf20) Importer(2089858483,0ecaa5967403d082aa24f35e1b516d23)
Start importing Assets/Resources/建筑模型/房屋/123.png using Guid(1b45a8fd687d41ba8a08c78ac605cf20) Importer(2089858483,0ecaa5967403d082aa24f35e1b516d23) [PhysX] Initialized MultithreadedTaskDispatcher with 20 workers.
 -> (artifact id: '000c410d46a1d354b4f7101cc82ed43f') in 0.007817 seconds
Number of updated asset objects reloaded before import = 0
Number of asset objects unloaded after import = 3
========================================================================
Received Import Request.
  Time since last request: 0.000015 seconds.
  path: Assets/Resources/建筑模型/骑兵营/4348.dat.png
  artifactKey: Guid(8c82b7e0334e490ca9d1c0ba2aac4a7b) Importer(2089858483,0ecaa5967403d082aa24f35e1b516d23)
Start importing Assets/Resources/建筑模型/骑兵营/4348.dat.png using Guid(8c82b7e0334e490ca9d1c0ba2aac4a7b) Importer(2089858483,0ecaa5967403d082aa24f35e1b516d23) [PhysX] Initialized MultithreadedTaskDispatcher with 20 workers.
 -> (artifact id: '41bab789607d34e2d56bf435916f9e54') in 0.007603 seconds
Number of updated asset objects reloaded before import = 0
Number of asset objects unloaded after import = 3
========================================================================
Received Import Request.
  Time since last request: 0.000014 seconds.
  path: Assets/Resources/建筑模型/步兵营/4328.dat.png
  artifactKey: Guid(6a1d490f20a2424fa04506f140b5a96c) Importer(2089858483,0ecaa5967403d082aa24f35e1b516d23)
Start importing Assets/Resources/建筑模型/步兵营/4328.dat.png using Guid(6a1d490f20a2424fa04506f140b5a96c) Importer(2089858483,0ecaa5967403d082aa24f35e1b516d23) [PhysX] Initialized MultithreadedTaskDispatcher with 20 workers.
 -> (artifact id: '16bf74b0b0e2be45d74696268130b880') in 0.008483 seconds
Number of updated asset objects reloaded before import = 0
Number of asset objects unloaded after import = 3
========================================================================
Received Import Request.
  Time since last request: 0.000014 seconds.
  path: Assets/Resources/建筑模型/步兵营/4330.dat.png
  artifactKey: Guid(caede80916354afbb76c751b5738403b) Importer(2089858483,0ecaa5967403d082aa24f35e1b516d23)
Start importing Assets/Resources/建筑模型/步兵营/4330.dat.png using Guid(caede80916354afbb76c751b5738403b) Importer(2089858483,0ecaa5967403d082aa24f35e1b516d23) [PhysX] Initialized MultithreadedTaskDispatcher with 20 workers.
 -> (artifact id: 'b3d4e20b468e8c94826a0b2369a52650') in 0.012561 seconds
Number of updated asset objects reloaded before import = 0
Number of asset objects unloaded after import = 3
========================================================================
Received Import Request.
  Time since last request: 0.000014 seconds.
  path: Assets/Resources/建筑模型/战车营/4362.dat.png
  artifactKey: Guid(dc26fa252e5b4c05a376d6cedfc8311a) Importer(2089858483,0ecaa5967403d082aa24f35e1b516d23)
Start importing Assets/Resources/建筑模型/战车营/4362.dat.png using Guid(dc26fa252e5b4c05a376d6cedfc8311a) Importer(2089858483,0ecaa5967403d082aa24f35e1b516d23) [PhysX] Initialized MultithreadedTaskDispatcher with 20 workers.
 -> (artifact id: 'b49c38949d9e5f7f0f349b1e44060915') in 0.008659 seconds
Number of updated asset objects reloaded before import = 0
Number of asset objects unloaded after import = 3
========================================================================
Received Import Request.
  Time since last request: 0.000021 seconds.
  path: Assets/Resources/建筑模型/房屋/5667.png
  artifactKey: Guid(29be3c985c5a49d9b5f0566280a1c942) Importer(2089858483,0ecaa5967403d082aa24f35e1b516d23)
Start importing Assets/Resources/建筑模型/房屋/5667.png using Guid(29be3c985c5a49d9b5f0566280a1c942) Importer(2089858483,0ecaa5967403d082aa24f35e1b516d23) [PhysX] Initialized MultithreadedTaskDispatcher with 20 workers.
 -> (artifact id: 'a3fbe24db578909e52169b354adef0c9') in 0.006701 seconds
Number of updated asset objects reloaded before import = 0
Number of asset objects unloaded after import = 3
========================================================================
Received Import Request.
  Time since last request: 0.000014 seconds.
  path: Assets/Resources/建筑模型/战车营/4.prefab
  artifactKey: Guid(2fe5733fafe3455aa42f75d23710b5b9) Importer(2089858483,0ecaa5967403d082aa24f35e1b516d23)
Start importing Assets/Resources/建筑模型/战车营/4.prefab using Guid(2fe5733fafe3455aa42f75d23710b5b9) Importer(2089858483,0ecaa5967403d082aa24f35e1b516d23) [PhysX] Initialized MultithreadedTaskDispatcher with 20 workers.
 -> (artifact id: '92428b1716a6816c9c54b77533fe12f9') in 0.003129 seconds
Number of updated asset objects reloaded before import = 0
Number of asset objects unloaded after import = 9
========================================================================
Received Import Request.
  Time since last request: 0.000013 seconds.
  path: Assets/Resources/建筑模型/骑兵营/1.prefab
  artifactKey: Guid(cedb506020844d81baecfa91774843e9) Importer(2089858483,0ecaa5967403d082aa24f35e1b516d23)
Start importing Assets/Resources/建筑模型/骑兵营/1.prefab using Guid(cedb506020844d81baecfa91774843e9) Importer(2089858483,0ecaa5967403d082aa24f35e1b516d23) [PhysX] Initialized MultithreadedTaskDispatcher with 20 workers.
 -> (artifact id: '099722bda6d5d4963fb3e5642dc4afb5') in 0.003677 seconds
Number of updated asset objects reloaded before import = 0
Number of asset objects unloaded after import = 9
========================================================================
Received Import Request.
  Time since last request: 0.000013 seconds.
  path: Assets/Resources/建筑模型/步兵营/4326.dat.png
  artifactKey: Guid(5164106f441d42649ef7163e4e2f56eb) Importer(2089858483,0ecaa5967403d082aa24f35e1b516d23)
Start importing Assets/Resources/建筑模型/步兵营/4326.dat.png using Guid(5164106f441d42649ef7163e4e2f56eb) Importer(2089858483,0ecaa5967403d082aa24f35e1b516d23) [PhysX] Initialized MultithreadedTaskDispatcher with 20 workers.
 -> (artifact id: 'c3c5d6daa00eced2b23119e4ad9a77cc') in 0.008474 seconds
Number of updated asset objects reloaded before import = 0
Number of asset objects unloaded after import = 3
========================================================================
Received Import Request.
  Time since last request: 0.000015 seconds.
  path: Assets/Resources/建筑模型/战车营/4364.dat.png
  artifactKey: Guid(ff256f2214464466bcd775c9d94cd48a) Importer(2089858483,0ecaa5967403d082aa24f35e1b516d23)
Start importing Assets/Resources/建筑模型/战车营/4364.dat.png using Guid(ff256f2214464466bcd775c9d94cd48a) Importer(2089858483,0ecaa5967403d082aa24f35e1b516d23) [PhysX] Initialized MultithreadedTaskDispatcher with 20 workers.
 -> (artifact id: '0154a5bf9537d37679b7e6f9a7259fe8') in 0.043008 seconds
Number of updated asset objects reloaded before import = 0
Number of asset objects unloaded after import = 3
========================================================================
Received Import Request.
  Time since last request: 0.000019 seconds.
  path: Assets/Resources/建筑模型/房屋/213.png
  artifactKey: Guid(9bee7810c04b4209b4c3314d3c57b1f1) Importer(2089858483,0ecaa5967403d082aa24f35e1b516d23)
Start importing Assets/Resources/建筑模型/房屋/213.png using Guid(9bee7810c04b4209b4c3314d3c57b1f1) Importer(2089858483,0ecaa5967403d082aa24f35e1b516d23) [PhysX] Initialized MultithreadedTaskDispatcher with 20 workers.
 -> (artifact id: '4589970c057c8f141c56976e0f2a1d2d') in 0.007583 seconds
Number of updated asset objects reloaded before import = 0
Number of asset objects unloaded after import = 3
========================================================================
Received Import Request.
  Time since last request: 0.000013 seconds.
  path: Assets/Plugins/Android/libs/armeabi-v7a/libMonoPosixHelper.so
  artifactKey: Guid(637d344790977b9f72a31734e255af4a) Importer(2089858483,0ecaa5967403d082aa24f35e1b516d23)
Start importing Assets/Plugins/Android/libs/armeabi-v7a/libMonoPosixHelper.so using Guid(637d344790977b9f72a31734e255af4a) Importer(2089858483,0ecaa5967403d082aa24f35e1b516d23) [PhysX] Initialized MultithreadedTaskDispatcher with 20 workers.
 -> (artifact id: 'edb65584e171291f40951debc9f4901a') in 0.002939 seconds
Number of updated asset objects reloaded before import = 0
Number of asset objects unloaded after import = 1
========================================================================
Received Import Request.
  Time since last request: 0.000021 seconds.
  path: Assets/Resources/建筑模型/步兵营/4332.dat.png
  artifactKey: Guid(60c286a3b13f4c5fa466b14fddbd4e5a) Importer(2089858483,0ecaa5967403d082aa24f35e1b516d23)
Start importing Assets/Resources/建筑模型/步兵营/4332.dat.png using Guid(60c286a3b13f4c5fa466b14fddbd4e5a) Importer(2089858483,0ecaa5967403d082aa24f35e1b516d23) [PhysX] Initialized MultithreadedTaskDispatcher with 20 workers.
 -> (artifact id: 'c37bae0982fc787c8b6d66fdc51287ce') in 0.006651 seconds
Number of updated asset objects reloaded before import = 0
Number of asset objects unloaded after import = 3
========================================================================
Received Import Request.
  Time since last request: 0.000020 seconds.
  path: Assets/Resources/建筑模型/战车营/0.prefab
  artifactKey: Guid(1ea480165b6b4c6e98651ee3f2c1eaa8) Importer(2089858483,0ecaa5967403d082aa24f35e1b516d23)
Start importing Assets/Resources/建筑模型/战车营/0.prefab using Guid(1ea480165b6b4c6e98651ee3f2c1eaa8) Importer(2089858483,0ecaa5967403d082aa24f35e1b516d23) [PhysX] Initialized MultithreadedTaskDispatcher with 20 workers.
 -> (artifact id: '9000d4598d10a42cfe7ff726eed363bb') in 0.002739 seconds
Number of updated asset objects reloaded before import = 0
Number of asset objects unloaded after import = 9
========================================================================
Received Import Request.
  Time since last request: 0.000017 seconds.
  path: Assets/Resources/建筑模型/步兵营/3.prefab
  artifactKey: Guid(45a82ae4424b4809846a2057bd9a4bd2) Importer(2089858483,0ecaa5967403d082aa24f35e1b516d23)
Start importing Assets/Resources/建筑模型/步兵营/3.prefab using Guid(45a82ae4424b4809846a2057bd9a4bd2) Importer(2089858483,0ecaa5967403d082aa24f35e1b516d23) [PhysX] Initialized MultithreadedTaskDispatcher with 20 workers.
 -> (artifact id: '499eba632a2a390d6263dc3662f2e6a6') in 0.003326 seconds
Number of updated asset objects reloaded before import = 0
Number of asset objects unloaded after import = 9
========================================================================
Received Import Request.
  Time since last request: 0.000024 seconds.
  path: Assets/Resources/建筑模型/战车营/4356.dat.png
  artifactKey: Guid(595500fb1ac44e2c9019074897ab04a8) Importer(2089858483,0ecaa5967403d082aa24f35e1b516d23)
Start importing Assets/Resources/建筑模型/战车营/4356.dat.png using Guid(595500fb1ac44e2c9019074897ab04a8) Importer(2089858483,0ecaa5967403d082aa24f35e1b516d23) [PhysX] Initialized MultithreadedTaskDispatcher with 20 workers.
 -> (artifact id: '89b619c83a7f4a37cd1e59af05e3fcf6') in 0.007727 seconds
Number of updated asset objects reloaded before import = 0
Number of asset objects unloaded after import = 3
========================================================================
Received Import Request.
  Time since last request: 0.000014 seconds.
  path: Assets/Resources/建筑模型/房屋/3.prefab
  artifactKey: Guid(955f6d5b4d3044ee962bdeaa4ba75a52) Importer(2089858483,0ecaa5967403d082aa24f35e1b516d23)
Start importing Assets/Resources/建筑模型/房屋/3.prefab using Guid(955f6d5b4d3044ee962bdeaa4ba75a52) Importer(2089858483,0ecaa5967403d082aa24f35e1b516d23) [PhysX] Initialized MultithreadedTaskDispatcher with 20 workers.
 -> (artifact id: '50faa3926a52b7dade87c2d46286c9cd') in 0.002766 seconds
Number of updated asset objects reloaded before import = 0
Number of asset objects unloaded after import = 9
========================================================================
Received Import Request.
  Time since last request: 0.000010 seconds.
  path: Assets/Resources/建筑模型/弓兵营/4324.dat.png
  artifactKey: Guid(3f3a21e586f648ef8e0ce6b1f47b2d59) Importer(2089858483,0ecaa5967403d082aa24f35e1b516d23)
Start importing Assets/Resources/建筑模型/弓兵营/4324.dat.png using Guid(3f3a21e586f648ef8e0ce6b1f47b2d59) Importer(2089858483,0ecaa5967403d082aa24f35e1b516d23) [PhysX] Initialized MultithreadedTaskDispatcher with 20 workers.
 -> (artifact id: 'b1ffb32967bc3c2f7689c7efb88902ca') in 0.006347 seconds
Number of updated asset objects reloaded before import = 0
Number of asset objects unloaded after import = 3
========================================================================
Received Import Request.
  Time since last request: 0.000013 seconds.
  path: Assets/Resources/建筑模型/房屋/4.prefab
  artifactKey: Guid(7f6eecc4f49d4aed81d1fbffa49ee8f1) Importer(2089858483,0ecaa5967403d082aa24f35e1b516d23)
Start importing Assets/Resources/建筑模型/房屋/4.prefab using Guid(7f6eecc4f49d4aed81d1fbffa49ee8f1) Importer(2089858483,0ecaa5967403d082aa24f35e1b516d23) [PhysX] Initialized MultithreadedTaskDispatcher with 20 workers.
 -> (artifact id: '6abd9827f6d9513a80468910431e089d') in 0.002706 seconds
Number of updated asset objects reloaded before import = 0
Number of asset objects unloaded after import = 9
========================================================================
Received Import Request.
  Time since last request: 0.000011 seconds.
  path: Assets/Resources/建筑模型/骑兵营/4354.dat.png
  artifactKey: Guid(b9ea6aadaae44439a2e828af242befde) Importer(2089858483,0ecaa5967403d082aa24f35e1b516d23)
Start importing Assets/Resources/建筑模型/骑兵营/4354.dat.png using Guid(b9ea6aadaae44439a2e828af242befde) Importer(2089858483,0ecaa5967403d082aa24f35e1b516d23) [PhysX] Initialized MultithreadedTaskDispatcher with 20 workers.
 -> (artifact id: 'f98bb74dd21fb6f32e5dfcfbf00db389') in 0.008244 seconds
Number of updated asset objects reloaded before import = 0
Number of asset objects unloaded after import = 3
========================================================================
Received Import Request.
  Time since last request: 0.000012 seconds.
  path: Assets/Resources/将领信息预制件/打击动画.png
  artifactKey: Guid(0e11e6ea17194810ac31fa069da16421) Importer(2089858483,0ecaa5967403d082aa24f35e1b516d23)
Start importing Assets/Resources/将领信息预制件/打击动画.png using Guid(0e11e6ea17194810ac31fa069da16421) Importer(2089858483,0ecaa5967403d082aa24f35e1b516d23) [PhysX] Initialized MultithreadedTaskDispatcher with 20 workers.
 -> (artifact id: '792f96cc7a49074d79f9593258fc9d6b') in 0.013577 seconds
Number of updated asset objects reloaded before import = 0
Number of asset objects unloaded after import = 6
========================================================================
Received Import Request.
  Time since last request: 0.000015 seconds.
  path: Assets/Scripts/网络时间类.cs
  artifactKey: Guid(304a5c2d3251f5efcb288605fbc9f193) Importer(2089858483,0ecaa5967403d082aa24f35e1b516d23)
Start importing Assets/Scripts/网络时间类.cs using Guid(304a5c2d3251f5efcb288605fbc9f193) Importer(2089858483,0ecaa5967403d082aa24f35e1b516d23) [PhysX] Initialized MultithreadedTaskDispatcher with 20 workers.
 -> (artifact id: '014bae3fc0454aa0c1bb3e444754f61f') in 0.002521 seconds
Number of updated asset objects reloaded before import = 0
Number of asset objects unloaded after import = 1
========================================================================
Received Import Request.
  Time since last request: 0.000013 seconds.
  path: Assets/Resources/装备图片/凤翔盔.png
  artifactKey: Guid(19b048bc8bc54905984a5595386af5fa) Importer(2089858483,0ecaa5967403d082aa24f35e1b516d23)
Start importing Assets/Resources/装备图片/凤翔盔.png using Guid(19b048bc8bc54905984a5595386af5fa) Importer(2089858483,0ecaa5967403d082aa24f35e1b516d23) [PhysX] Initialized MultithreadedTaskDispatcher with 20 workers.
 -> (artifact id: '99403e4cb33e5a1ce8f9485e60cbb48e') in 0.077309 seconds
Number of updated asset objects reloaded before import = 0
Number of asset objects unloaded after import = 3
========================================================================
Received Import Request.
  Time since last request: 0.000098 seconds.
  path: Assets/Resources/将领头像/君王/马腾.png
  artifactKey: Guid(1aac714c8be94141be08bc269142f50c) Importer(2089858483,0ecaa5967403d082aa24f35e1b516d23)
Start importing Assets/Resources/将领头像/君王/马腾.png using Guid(1aac714c8be94141be08bc269142f50c) Importer(2089858483,0ecaa5967403d082aa24f35e1b516d23) [PhysX] Initialized MultithreadedTaskDispatcher with 20 workers.
 -> (artifact id: 'dd96b050aed9e5fbe895ff3670b8da5e') in 0.009002 seconds
Number of updated asset objects reloaded before import = 0
Number of asset objects unloaded after import = 3
========================================================================
Received Import Request.
  Time since last request: 0.000014 seconds.
  path: Assets/Resources/装备图片/龙袍.png
  artifactKey: Guid(6248fc9dafc84c5f9187874fdafad929) Importer(2089858483,0ecaa5967403d082aa24f35e1b516d23)
Start importing Assets/Resources/装备图片/龙袍.png using Guid(6248fc9dafc84c5f9187874fdafad929) Importer(2089858483,0ecaa5967403d082aa24f35e1b516d23) [PhysX] Initialized MultithreadedTaskDispatcher with 20 workers.
 -> (artifact id: '0aea265bd4b22c5c392858ae72c337dc') in 0.006853 seconds
Number of updated asset objects reloaded before import = 0
Number of asset objects unloaded after import = 3
========================================================================
Received Import Request.
  Time since last request: 0.000017 seconds.
  path: Assets/Resources/称号头像/善人.png
  artifactKey: Guid(533b7d67b7dd4cd29834d617fbf05168) Importer(2089858483,0ecaa5967403d082aa24f35e1b516d23)
Start importing Assets/Resources/称号头像/善人.png using Guid(533b7d67b7dd4cd29834d617fbf05168) Importer(2089858483,0ecaa5967403d082aa24f35e1b516d23) [PhysX] Initialized MultithreadedTaskDispatcher with 20 workers.
 -> (artifact id: '812e9b630f1900fb11cebeb59f8df9a5') in 0.008245 seconds
Number of updated asset objects reloaded before import = 0
Number of asset objects unloaded after import = 3
========================================================================
Received Import Request.
  Time since last request: 0.000013 seconds.
  path: Assets/Resources/道具头像/太平要术.png
  artifactKey: Guid(d16aae81fc0f4c759333f993aef15554) Importer(2089858483,0ecaa5967403d082aa24f35e1b516d23)
Start importing Assets/Resources/道具头像/太平要术.png using Guid(d16aae81fc0f4c759333f993aef15554) Importer(2089858483,0ecaa5967403d082aa24f35e1b516d23) [PhysX] Initialized MultithreadedTaskDispatcher with 20 workers.
 -> (artifact id: '9b84fef0f0095eb5ff27549d88d71f01') in 0.006959 seconds
Number of updated asset objects reloaded before import = 0
Number of asset objects unloaded after import = 3
========================================================================
Received Import Request.
  Time since last request: 0.000013 seconds.
  path: Assets/Resources/兵种模型预制件/弩车.prefab
  artifactKey: Guid(2d4220bbf1024bfba8708fb251f25399) Importer(2089858483,0ecaa5967403d082aa24f35e1b516d23)
Start importing Assets/Resources/兵种模型预制件/弩车.prefab using Guid(2d4220bbf1024bfba8708fb251f25399) Importer(2089858483,0ecaa5967403d082aa24f35e1b516d23) [PhysX] Initialized MultithreadedTaskDispatcher with 20 workers.
 -> (artifact id: '9c86387f7239d59435190b5104da7f0d') in 0.008225 seconds
Number of updated asset objects reloaded before import = 0
Number of asset objects unloaded after import = 25
========================================================================
Received Import Request.
  Time since last request: 0.000017 seconds.
  path: Assets/Scripts/玩家数据结构/详细信息.cs
  artifactKey: Guid(b144607a56784836d5415ffcb3603bde) Importer(2089858483,0ecaa5967403d082aa24f35e1b516d23)
Start importing Assets/Scripts/玩家数据结构/详细信息.cs using Guid(b144607a56784836d5415ffcb3603bde) Importer(2089858483,0ecaa5967403d082aa24f35e1b516d23) [PhysX] Initialized MultithreadedTaskDispatcher with 20 workers.
 -> (artifact id: '10055209967b1b73a04444d9e6db53b8') in 0.003664 seconds
Number of updated asset objects reloaded before import = 0
Number of asset objects unloaded after import = 1
========================================================================
Received Import Request.
  Time since last request: 0.000017 seconds.
  path: Assets/Resources/称号头像/马贼.png
  artifactKey: Guid(74c67ca27d2744c5913bd3969de853f9) Importer(2089858483,0ecaa5967403d082aa24f35e1b516d23)
Start importing Assets/Resources/称号头像/马贼.png using Guid(74c67ca27d2744c5913bd3969de853f9) Importer(2089858483,0ecaa5967403d082aa24f35e1b516d23) [PhysX] Initialized MultithreadedTaskDispatcher with 20 workers.
 -> (artifact id: '541ffba4c0277af52a4fef4331f019d6') in 0.008999 seconds
Number of updated asset objects reloaded before import = 0
Number of asset objects unloaded after import = 3
========================================================================
Received Import Request.
  Time since last request: 0.000015 seconds.
  path: Assets/Resources/大地图资源/城池路径/0_2.prefab
  artifactKey: Guid(9c1f1c7664ee416c84abbfb03b3e10b4) Importer(2089858483,0ecaa5967403d082aa24f35e1b516d23)
Start importing Assets/Resources/大地图资源/城池路径/0_2.prefab using Guid(9c1f1c7664ee416c84abbfb03b3e10b4) Importer(2089858483,0ecaa5967403d082aa24f35e1b516d23) [PhysX] Initialized MultithreadedTaskDispatcher with 20 workers.
 -> (artifact id: '8a1a37c05fa5e619fbc9a278fe0dee16') in 0.004911 seconds
Number of updated asset objects reloaded before import = 0
Number of asset objects unloaded after import = 30
========================================================================
Received Import Request.
  Time since last request: 0.000017 seconds.
  path: Assets/Resources/装备图片/碧玉刀.png
  artifactKey: Guid(d08b20f4fcf448dd8eca529f5263663b) Importer(2089858483,0ecaa5967403d082aa24f35e1b516d23)
Start importing Assets/Resources/装备图片/碧玉刀.png using Guid(d08b20f4fcf448dd8eca529f5263663b) Importer(2089858483,0ecaa5967403d082aa24f35e1b516d23) [PhysX] Initialized MultithreadedTaskDispatcher with 20 workers.
 -> (artifact id: '9bfd0dfddac799438c73f31a0591c451') in 0.016259 seconds
Number of updated asset objects reloaded before import = 0
Number of asset objects unloaded after import = 3
========================================================================
Received Import Request.
  Time since last request: 0.000015 seconds.
  path: Assets/Resources/将领头像/名将/诸葛亮.png
  artifactKey: Guid(0269c45e05c442f189bdd6318d031655) Importer(2089858483,0ecaa5967403d082aa24f35e1b516d23)
Start importing Assets/Resources/将领头像/名将/诸葛亮.png using Guid(0269c45e05c442f189bdd6318d031655) Importer(2089858483,0ecaa5967403d082aa24f35e1b516d23) [PhysX] Initialized MultithreadedTaskDispatcher with 20 workers.
 -> (artifact id: 'd48710ac0025adba17982d272eeebda6') in 0.006796 seconds
Number of updated asset objects reloaded before import = 0
Number of asset objects unloaded after import = 3
========================================================================
Received Import Request.
  Time since last request: 0.000025 seconds.
  path: Assets/Resources/大地图资源/城池头像/2.png
  artifactKey: Guid(d4ed8991141b4298a28e3f6f79482013) Importer(2089858483,0ecaa5967403d082aa24f35e1b516d23)
Start importing Assets/Resources/大地图资源/城池头像/2.png using Guid(d4ed8991141b4298a28e3f6f79482013) Importer(2089858483,0ecaa5967403d082aa24f35e1b516d23) [PhysX] Initialized MultithreadedTaskDispatcher with 20 workers.
 -> (artifact id: '99a125ec2d935b2dcdc77a28289b1800') in 0.007657 seconds
Number of updated asset objects reloaded before import = 0
Number of asset objects unloaded after import = 3
========================================================================
Received Import Request.
  Time since last request: 0.000021 seconds.
  path: Assets/Resources/称号头像/名士.png
  artifactKey: Guid(c11996e906d64837bc843a910148b5cd) Importer(2089858483,0ecaa5967403d082aa24f35e1b516d23)
Start importing Assets/Resources/称号头像/名士.png using Guid(c11996e906d64837bc843a910148b5cd) Importer(2089858483,0ecaa5967403d082aa24f35e1b516d23) [PhysX] Initialized MultithreadedTaskDispatcher with 20 workers.
 -> (artifact id: '90972cca1039d52ee2a2e09c009e5737') in 0.006497 seconds
Number of updated asset objects reloaded before import = 0
Number of asset objects unloaded after import = 3
========================================================================
Received Import Request.
  Time since last request: 0.000014 seconds.
  path: Assets/Scripts/炼魂脚本.cs
  artifactKey: Guid(8ac5619badb7c3ab6a5fb4364ae1ebc7) Importer(2089858483,0ecaa5967403d082aa24f35e1b516d23)
Start importing Assets/Scripts/炼魂脚本.cs using Guid(8ac5619badb7c3ab6a5fb4364ae1ebc7) Importer(2089858483,0ecaa5967403d082aa24f35e1b516d23) [PhysX] Initialized MultithreadedTaskDispatcher with 20 workers.
 -> (artifact id: '82f262d16ffe2bb5b1b43486084cd9a5') in 0.002790 seconds
Number of updated asset objects reloaded before import = 0
Number of asset objects unloaded after import = 1
========================================================================
Received Import Request.
  Time since last request: 0.000012 seconds.
  path: Assets/Resources/轻骑兵_攻击.anim
  artifactKey: Guid(20868d45775c466e953e0bb0481c4e6e) Importer(2089858483,0ecaa5967403d082aa24f35e1b516d23)
Start importing Assets/Resources/轻骑兵_攻击.anim using Guid(20868d45775c466e953e0bb0481c4e6e) Importer(2089858483,0ecaa5967403d082aa24f35e1b516d23) [PhysX] Initialized MultithreadedTaskDispatcher with 20 workers.
 -> (artifact id: '42ade79f914e578fd741bf7c71647655') in 0.003277 seconds
Number of updated asset objects reloaded before import = 0
Number of asset objects unloaded after import = 1
========================================================================
Received Import Request.
  Time since last request: 0.000012 seconds.
  path: Assets/Scripts/城墙脚本.cs
  artifactKey: Guid(087a4fdaa308ae623dcd9e13713c6bb7) Importer(2089858483,0ecaa5967403d082aa24f35e1b516d23)
Start importing Assets/Scripts/城墙脚本.cs using Guid(087a4fdaa308ae623dcd9e13713c6bb7) Importer(2089858483,0ecaa5967403d082aa24f35e1b516d23) [PhysX] Initialized MultithreadedTaskDispatcher with 20 workers.
 -> (artifact id: '386a7bd7b452657a3efb9c063481199d') in 0.002660 seconds
Number of updated asset objects reloaded before import = 0
Number of asset objects unloaded after import = 1
========================================================================
Received Import Request.
  Time since last request: 0.000020 seconds.
  path: Assets/Resources/骑兵_等待.anim
  artifactKey: Guid(a66aa065bf774c87aba4d47ae37dcabe) Importer(2089858483,0ecaa5967403d082aa24f35e1b516d23)
Start importing Assets/Resources/骑兵_等待.anim using Guid(a66aa065bf774c87aba4d47ae37dcabe) Importer(2089858483,0ecaa5967403d082aa24f35e1b516d23) [PhysX] Initialized MultithreadedTaskDispatcher with 20 workers.
 -> (artifact id: 'ebd72c3e541dd8d11a5df40fc7975f1a') in 0.004632 seconds
Number of updated asset objects reloaded before import = 0
Number of asset objects unloaded after import = 1
========================================================================
Received Import Request.
  Time since last request: 0.000011 seconds.
  path: Assets/Resources/7509.dat.png
  artifactKey: Guid(9483f4024c7247789bef79ba0d581d7a) Importer(2089858483,0ecaa5967403d082aa24f35e1b516d23)
Start importing Assets/Resources/7509.dat.png using Guid(9483f4024c7247789bef79ba0d581d7a) Importer(2089858483,0ecaa5967403d082aa24f35e1b516d23) [PhysX] Initialized MultithreadedTaskDispatcher with 20 workers.
 -> (artifact id: '054cba0c50e4967f51c6a549f75f102a') in 0.006464 seconds
Number of updated asset objects reloaded before import = 0
Number of asset objects unloaded after import = 3
========================================================================
Received Import Request.
  Time since last request: 0.000055 seconds.
  path: Assets/Scripts/显示称号信息.cs
  artifactKey: Guid(f8bf0d595e590d4f2cd2a634d5d79c3f) Importer(2089858483,0ecaa5967403d082aa24f35e1b516d23)
Start importing Assets/Scripts/显示称号信息.cs using Guid(f8bf0d595e590d4f2cd2a634d5d79c3f) Importer(2089858483,0ecaa5967403d082aa24f35e1b516d23) [PhysX] Initialized MultithreadedTaskDispatcher with 20 workers.
 -> (artifact id: '91c5b48590393662449781fab56e8cc9') in 0.003487 seconds
Number of updated asset objects reloaded before import = 0
Number of asset objects unloaded after import = 1
========================================================================
Received Import Request.
  Time since last request: 0.000016 seconds.
  path: Assets/Resources/强弩兵_跑.anim
  artifactKey: Guid(d5a1151f8cbb44a4824223d06b9b0b58) Importer(2089858483,0ecaa5967403d082aa24f35e1b516d23)
Start importing Assets/Resources/强弩兵_跑.anim using Guid(d5a1151f8cbb44a4824223d06b9b0b58) Importer(2089858483,0ecaa5967403d082aa24f35e1b516d23) [PhysX] Initialized MultithreadedTaskDispatcher with 20 workers.
 -> (artifact id: '1888075d6a4eed4f0e51526cd05c95a3') in 0.003360 seconds
Number of updated asset objects reloaded before import = 0
Number of asset objects unloaded after import = 1
========================================================================
Received Import Request.
  Time since last request: 0.000012 seconds.
  path: Assets/Resources/将领头像/普通/卓越男将.png
  artifactKey: Guid(81fd2a3839a546caaaa11a261e66c0a8) Importer(2089858483,0ecaa5967403d082aa24f35e1b516d23)
Start importing Assets/Resources/将领头像/普通/卓越男将.png using Guid(81fd2a3839a546caaaa11a261e66c0a8) Importer(2089858483,0ecaa5967403d082aa24f35e1b516d23) [PhysX] Initialized MultithreadedTaskDispatcher with 20 workers.
 -> (artifact id: '8009bfc23800528aa04dd9074faec591') in 0.016696 seconds
Number of updated asset objects reloaded before import = 0
Number of asset objects unloaded after import = 3
========================================================================
Received Import Request.
  Time since last request: 0.000022 seconds.
  path: Assets/Resources/道具头像/新手礼包.png
  artifactKey: Guid(3d836380a76d4fa7b568d4e6dfc058bd) Importer(2089858483,0ecaa5967403d082aa24f35e1b516d23)
Start importing Assets/Resources/道具头像/新手礼包.png using Guid(3d836380a76d4fa7b568d4e6dfc058bd) Importer(2089858483,0ecaa5967403d082aa24f35e1b516d23) [PhysX] Initialized MultithreadedTaskDispatcher with 20 workers.
 -> (artifact id: '70c8e827be7cd5036373ddb830d52f37') in 0.006892 seconds
Number of updated asset objects reloaded before import = 0
Number of asset objects unloaded after import = 3
========================================================================
Received Import Request.
  Time since last request: 0.000015 seconds.
  path: Assets/Scripts/玩家数据结构/闲兵信息.cs
  artifactKey: Guid(1495b6f1e9bcbe09786b4e5c4c30800f) Importer(2089858483,0ecaa5967403d082aa24f35e1b516d23)
Start importing Assets/Scripts/玩家数据结构/闲兵信息.cs using Guid(1495b6f1e9bcbe09786b4e5c4c30800f) Importer(2089858483,0ecaa5967403d082aa24f35e1b516d23) [PhysX] Initialized MultithreadedTaskDispatcher with 20 workers.
 -> (artifact id: '2ec73edc239f66fc4c27f23ed8206e4c') in 0.002661 seconds
Number of updated asset objects reloaded before import = 0
Number of asset objects unloaded after import = 1
========================================================================
Received Import Request.
  Time since last request: 0.000011 seconds.
  path: Assets/Resources/大地图资源/归属图标/3.png
  artifactKey: Guid(2f5de59ebe944104ab20dbb07bcecafb) Importer(2089858483,0ecaa5967403d082aa24f35e1b516d23)
Start importing Assets/Resources/大地图资源/归属图标/3.png using Guid(2f5de59ebe944104ab20dbb07bcecafb) Importer(2089858483,0ecaa5967403d082aa24f35e1b516d23) [PhysX] Initialized MultithreadedTaskDispatcher with 20 workers.
 -> (artifact id: '44b8a768383dfbb27c63af2b0b9906d2') in 0.008096 seconds
Number of updated asset objects reloaded before import = 0
Number of asset objects unloaded after import = 3
========================================================================
Received Import Request.
  Time since last request: 0.000016 seconds.
  path: Assets/Resources/将领头像/普通/普通女将.png
  artifactKey: Guid(3f6ed96d2fd945ff8d8537bfdbc22c8a) Importer(2089858483,0ecaa5967403d082aa24f35e1b516d23)
Start importing Assets/Resources/将领头像/普通/普通女将.png using Guid(3f6ed96d2fd945ff8d8537bfdbc22c8a) Importer(2089858483,0ecaa5967403d082aa24f35e1b516d23) [PhysX] Initialized MultithreadedTaskDispatcher with 20 workers.
 -> (artifact id: 'ed887e2b2f11477b36cabc267b8f58a6') in 0.006405 seconds
Number of updated asset objects reloaded before import = 0
Number of asset objects unloaded after import = 3
========================================================================
Received Import Request.
  Time since last request: 0.000013 seconds.
  path: Assets/Resources/将领头像/战将/战·黄忠.png
  artifactKey: Guid(c2f9838fe5944e51b10136030afcd69b) Importer(2089858483,0ecaa5967403d082aa24f35e1b516d23)
Start importing Assets/Resources/将领头像/战将/战·黄忠.png using Guid(c2f9838fe5944e51b10136030afcd69b) Importer(2089858483,0ecaa5967403d082aa24f35e1b516d23) [PhysX] Initialized MultithreadedTaskDispatcher with 20 workers.
 -> (artifact id: '4b78e6d77923b14050effe1111cf8914') in 0.007694 seconds
Number of updated asset objects reloaded before import = 0
Number of asset objects unloaded after import = 3
========================================================================
Received Import Request.
  Time since last request: 0.000014 seconds.
  path: Assets/Resources/建筑模型/大厅/4370.dat.png
  artifactKey: Guid(731d0c9d6be940ba9d0ba95dfbbe89a5) Importer(2089858483,0ecaa5967403d082aa24f35e1b516d23)
Start importing Assets/Resources/建筑模型/大厅/4370.dat.png using Guid(731d0c9d6be940ba9d0ba95dfbbe89a5) Importer(2089858483,0ecaa5967403d082aa24f35e1b516d23) [PhysX] Initialized MultithreadedTaskDispatcher with 20 workers.
 -> (artifact id: '2c0474cf92d1eb324d86300d2db80e84') in 0.007072 seconds
Number of updated asset objects reloaded before import = 0
Number of asset objects unloaded after import = 3
========================================================================
Received Import Request.
  Time since last request: 0.000014 seconds.
  path: Assets/Resources/8127.dat.png
  artifactKey: Guid(975c910c67674408a4bb2e7f565ea8b4) Importer(2089858483,0ecaa5967403d082aa24f35e1b516d23)
Start importing Assets/Resources/8127.dat.png using Guid(975c910c67674408a4bb2e7f565ea8b4) Importer(2089858483,0ecaa5967403d082aa24f35e1b516d23) [PhysX] Initialized MultithreadedTaskDispatcher with 20 workers.
 -> (artifact id: 'f053747d6a0f099d3843ccf8c154c8ce') in 0.007741 seconds
Number of updated asset objects reloaded before import = 0
Number of asset objects unloaded after import = 3
========================================================================
Received Import Request.
  Time since last request: 0.000057 seconds.
  path: Assets/Resources/无标题 (1).png
  artifactKey: Guid(306e8723039341a7b4f5e19156bedadf) Importer(2089858483,0ecaa5967403d082aa24f35e1b516d23)
Start importing Assets/Resources/无标题 (1).png using Guid(306e8723039341a7b4f5e19156bedadf) Importer(2089858483,0ecaa5967403d082aa24f35e1b516d23) [PhysX] Initialized MultithreadedTaskDispatcher with 20 workers.
 -> (artifact id: 'fe24060f2e17d974605b07118f2acd9e') in 0.007284 seconds
Number of updated asset objects reloaded before import = 0
Number of asset objects unloaded after import = 3
========================================================================
Received Import Request.
  Time since last request: 0.000015 seconds.
  path: Assets/Resources/投石车_攻击.anim
  artifactKey: Guid(9351856eb3e145efacceb1a1d5ddcdf2) Importer(2089858483,0ecaa5967403d082aa24f35e1b516d23)
Start importing Assets/Resources/投石车_攻击.anim using Guid(9351856eb3e145efacceb1a1d5ddcdf2) Importer(2089858483,0ecaa5967403d082aa24f35e1b516d23) [PhysX] Initialized MultithreadedTaskDispatcher with 20 workers.
 -> (artifact id: 'aa69bcd30d177a1645ac00056aba5edb') in 0.004770 seconds
Number of updated asset objects reloaded before import = 0
Number of asset objects unloaded after import = 1
========================================================================
Received Import Request.
  Time since last request: 0.000013 seconds.
  path: Assets/Resources/将领头像/君王/樊夫人.png
  artifactKey: Guid(59846019f63043a49f6e6570a4560718) Importer(2089858483,0ecaa5967403d082aa24f35e1b516d23)
Start importing Assets/Resources/将领头像/君王/樊夫人.png using Guid(59846019f63043a49f6e6570a4560718) Importer(2089858483,0ecaa5967403d082aa24f35e1b516d23) [PhysX] Initialized MultithreadedTaskDispatcher with 20 workers.
 -> (artifact id: 'e7757a9f7fb1a6d6bcb2858e898b6a89') in 0.006716 seconds
Number of updated asset objects reloaded before import = 0
Number of asset objects unloaded after import = 3
========================================================================
Received Import Request.
  Time since last request: 0.000012 seconds.
  path: Assets/Resources/建筑头像/书院/2.png
  artifactKey: Guid(5bb7438466294357b3f92ad1e86d4521) Importer(2089858483,0ecaa5967403d082aa24f35e1b516d23)
Start importing Assets/Resources/建筑头像/书院/2.png using Guid(5bb7438466294357b3f92ad1e86d4521) Importer(2089858483,0ecaa5967403d082aa24f35e1b516d23) [PhysX] Initialized MultithreadedTaskDispatcher with 20 workers.
 -> (artifact id: 'bb0d4c5ec59e6b4180c309735e7ede16') in 0.034842 seconds
Number of updated asset objects reloaded before import = 0
Number of asset objects unloaded after import = 3
========================================================================
Received Import Request.
  Time since last request: 0.000017 seconds.
  path: Assets/Resources/将领头像/名将/关羽.png
  artifactKey: Guid(aa92c74b01be44cc8a2e77a2de704598) Importer(2089858483,0ecaa5967403d082aa24f35e1b516d23)
Start importing Assets/Resources/将领头像/名将/关羽.png using Guid(aa92c74b01be44cc8a2e77a2de704598) Importer(2089858483,0ecaa5967403d082aa24f35e1b516d23) [PhysX] Initialized MultithreadedTaskDispatcher with 20 workers.
 -> (artifact id: 'f277cffe31210cd95e4a86e0b10fe76c') in 0.037035 seconds
Number of updated asset objects reloaded before import = 0
Number of asset objects unloaded after import = 3
========================================================================
Received Import Request.
  Time since last request: 0.000278 seconds.
  path: Assets/Resources/将领头像/名将/张飞.png
  artifactKey: Guid(63054a3756074766a54cfb8dc0031029) Importer(2089858483,0ecaa5967403d082aa24f35e1b516d23)
Start importing Assets/Resources/将领头像/名将/张飞.png using Guid(63054a3756074766a54cfb8dc0031029) Importer(2089858483,0ecaa5967403d082aa24f35e1b516d23) [PhysX] Initialized MultithreadedTaskDispatcher with 20 workers.
 -> (artifact id: '5a45487fcdd4d31caae091b19137e2c9') in 0.007972 seconds
Number of updated asset objects reloaded before import = 0
Number of asset objects unloaded after import = 3
========================================================================
Received Import Request.
  Time since last request: 0.000019 seconds.
  path: Assets/Resources/将领头像/君王/刘表.png
  artifactKey: Guid(569260c6d7c64f658047094a03a07778) Importer(2089858483,0ecaa5967403d082aa24f35e1b516d23)
Start importing Assets/Resources/将领头像/君王/刘表.png using Guid(569260c6d7c64f658047094a03a07778) Importer(2089858483,0ecaa5967403d082aa24f35e1b516d23) [PhysX] Initialized MultithreadedTaskDispatcher with 20 workers.
 -> (artifact id: '116642f1b5a93525201fe9bfc2b69eee') in 0.008163 seconds
Number of updated asset objects reloaded before import = 0
Number of asset objects unloaded after import = 3
========================================================================
Received Import Request.
  Time since last request: 0.000016 seconds.
  path: Assets/Resources/等级数字.mat
  artifactKey: Guid(cbcb8abaf38f45d4a9e1e8d5f8a52983) Importer(2089858483,0ecaa5967403d082aa24f35e1b516d23)
Start importing Assets/Resources/等级数字.mat using Guid(cbcb8abaf38f45d4a9e1e8d5f8a52983) Importer(2089858483,0ecaa5967403d082aa24f35e1b516d23) [PhysX] Initialized MultithreadedTaskDispatcher with 20 workers.
 -> (artifact id: '53e9c78320b98853c14df93b0cd12d0c') in 0.003154 seconds
Number of updated asset objects reloaded before import = 0
Number of asset objects unloaded after import = 2
========================================================================
Received Import Request.
  Time since last request: 0.000020 seconds.
  path: Assets/Resources/弩车_等待.anim
  artifactKey: Guid(f7d1bfe72e8641cc909e688864b60421) Importer(2089858483,0ecaa5967403d082aa24f35e1b516d23)
Start importing Assets/Resources/弩车_等待.anim using Guid(f7d1bfe72e8641cc909e688864b60421) Importer(2089858483,0ecaa5967403d082aa24f35e1b516d23) [PhysX] Initialized MultithreadedTaskDispatcher with 20 workers.
 -> (artifact id: 'd76d8e075aa37ac4332c818cfe222fa0') in 0.003157 seconds
Number of updated asset objects reloaded before import = 0
Number of asset objects unloaded after import = 1
========================================================================
Received Import Request.
  Time since last request: 0.000012 seconds.
  path: Assets/Resources/道具头像/高级八阵图.png
  artifactKey: Guid(9860f56aa73d48f4ada3073a694f8f0e) Importer(2089858483,0ecaa5967403d082aa24f35e1b516d23)
Start importing Assets/Resources/道具头像/高级八阵图.png using Guid(9860f56aa73d48f4ada3073a694f8f0e) Importer(2089858483,0ecaa5967403d082aa24f35e1b516d23) [PhysX] Initialized MultithreadedTaskDispatcher with 20 workers.
 -> (artifact id: 'f3275c187744593d57a5352a27dceb0a') in 0.026416 seconds
Number of updated asset objects reloaded before import = 0
Number of asset objects unloaded after import = 3
========================================================================
Received Import Request.
  Time since last request: 0.000016 seconds.
  path: Assets/Resources/兵种头像/投石车.png
  artifactKey: Guid(460ede2520a643d29a82138253082b79) Importer(2089858483,0ecaa5967403d082aa24f35e1b516d23)
Start importing Assets/Resources/兵种头像/投石车.png using Guid(460ede2520a643d29a82138253082b79) Importer(2089858483,0ecaa5967403d082aa24f35e1b516d23) [PhysX] Initialized MultithreadedTaskDispatcher with 20 workers.
 -> (artifact id: '6fa9ff1738f362526f974980280121b5') in 0.007877 seconds
Number of updated asset objects reloaded before import = 0
Number of asset objects unloaded after import = 3
========================================================================
Received Import Request.
  Time since last request: 0.000015 seconds.
  path: Assets/Resources/民兵_攻击.anim
  artifactKey: Guid(8c36ad4d85d74e00981c28b72d848c98) Importer(2089858483,0ecaa5967403d082aa24f35e1b516d23)
Start importing Assets/Resources/民兵_攻击.anim using Guid(8c36ad4d85d74e00981c28b72d848c98) Importer(2089858483,0ecaa5967403d082aa24f35e1b516d23) [PhysX] Initialized MultithreadedTaskDispatcher with 20 workers.
 -> (artifact id: '62c747b7b14ee33a2e974910f185c0c8') in 0.003697 seconds
Number of updated asset objects reloaded before import = 0
Number of asset objects unloaded after import = 1
========================================================================
Received Import Request.
  Time since last request: 0.000011 seconds.
  path: Assets/Resources/轻骑兵动画.controller
  artifactKey: Guid(edb74c7346b44c7ea335f09bee29522e) Importer(2089858483,0ecaa5967403d082aa24f35e1b516d23)
Start importing Assets/Resources/轻骑兵动画.controller using Guid(edb74c7346b44c7ea335f09bee29522e) Importer(2089858483,0ecaa5967403d082aa24f35e1b516d23) [PhysX] Initialized MultithreadedTaskDispatcher with 20 workers.
 -> (artifact id: '47062177c2f7fbc264b25719260b299f') in 0.003896 seconds
Number of updated asset objects reloaded before import = 0
Number of asset objects unloaded after import = 20
========================================================================
Received Import Request.
  Time since last request: 0.000011 seconds.
  path: Assets/Resources/将领信息预制件/中.controller
  artifactKey: Guid(ab99150140ee48ef853eec1149160e64) Importer(2089858483,0ecaa5967403d082aa24f35e1b516d23)
Start importing Assets/Resources/将领信息预制件/中.controller using Guid(ab99150140ee48ef853eec1149160e64) Importer(2089858483,0ecaa5967403d082aa24f35e1b516d23) [PhysX] Initialized MultithreadedTaskDispatcher with 20 workers.
 -> (artifact id: 'b9ecf8b18d6fd9bc25e6646c9258c127') in 0.003699 seconds
Number of updated asset objects reloaded before import = 0
Number of asset objects unloaded after import = 4
========================================================================
Received Import Request.
  Time since last request: 0.000013 seconds.
  path: Assets/Resources/7535.dat.png
  artifactKey: Guid(4ff0807e059e492bacd0f2a147ef3b1c) Importer(2089858483,0ecaa5967403d082aa24f35e1b516d23)
Start importing Assets/Resources/7535.dat.png using Guid(4ff0807e059e492bacd0f2a147ef3b1c) Importer(2089858483,0ecaa5967403d082aa24f35e1b516d23) [PhysX] Initialized MultithreadedTaskDispatcher with 20 workers.
 -> (artifact id: 'f295d440dfb199976e721fefd5a5502b') in 0.008904 seconds
Number of updated asset objects reloaded before import = 0
Number of asset objects unloaded after import = 3
========================================================================
Received Import Request.
  Time since last request: 0.000020 seconds.
  path: Assets/Resources/装备图片/冕冠.png
  artifactKey: Guid(d93fae15c91f40c983f2b7c346f0c207) Importer(2089858483,0ecaa5967403d082aa24f35e1b516d23)
Start importing Assets/Resources/装备图片/冕冠.png using Guid(d93fae15c91f40c983f2b7c346f0c207) Importer(2089858483,0ecaa5967403d082aa24f35e1b516d23) [PhysX] Initialized MultithreadedTaskDispatcher with 20 workers.
 -> (artifact id: '73f4cb13748efa68ac85f57a0d1a11ab') in 0.006640 seconds
Number of updated asset objects reloaded before import = 0
Number of asset objects unloaded after import = 3
========================================================================
Received Import Request.
  Time since last request: 0.000013 seconds.
  path: Assets/Resources/装备图片/牡羊晶甲.png
  artifactKey: Guid(0f37711dccf44f1ab8f3da4d0956c8dc) Importer(2089858483,0ecaa5967403d082aa24f35e1b516d23)
Start importing Assets/Resources/装备图片/牡羊晶甲.png using Guid(0f37711dccf44f1ab8f3da4d0956c8dc) Importer(2089858483,0ecaa5967403d082aa24f35e1b516d23) [PhysX] Initialized MultithreadedTaskDispatcher with 20 workers.
 -> (artifact id: '8fe7a92402276ed3edd415dc33fc74ed') in 0.008123 seconds
Number of updated asset objects reloaded before import = 0
Number of asset objects unloaded after import = 3
========================================================================
Received Import Request.
  Time since last request: 0.000013 seconds.
  path: Assets/Resources/骑兵_死亡.png
  artifactKey: Guid(9eb11f385ed44da8a8509d457f93e0d3) Importer(2089858483,0ecaa5967403d082aa24f35e1b516d23)
Start importing Assets/Resources/骑兵_死亡.png using Guid(9eb11f385ed44da8a8509d457f93e0d3) Importer(2089858483,0ecaa5967403d082aa24f35e1b516d23) [PhysX] Initialized MultithreadedTaskDispatcher with 20 workers.
 -> (artifact id: '62ad14c7ad66ccf45f0e87b22c6c80b7') in 0.044761 seconds
Number of updated asset objects reloaded before import = 0
Number of asset objects unloaded after import = 5
========================================================================
Received Import Request.
  Time since last request: 0.000022 seconds.
  path: Assets/Resources/将领_紫星.png
  artifactKey: Guid(d927c17cf09243fa8db83ff89bc27708) Importer(2089858483,0ecaa5967403d082aa24f35e1b516d23)
Start importing Assets/Resources/将领_紫星.png using Guid(d927c17cf09243fa8db83ff89bc27708) Importer(2089858483,0ecaa5967403d082aa24f35e1b516d23) [PhysX] Initialized MultithreadedTaskDispatcher with 20 workers.
 -> (artifact id: '9260aa27d49962158e9cb9e8963ce915') in 0.008628 seconds
Number of updated asset objects reloaded before import = 0
Number of asset objects unloaded after import = 3
========================================================================
Received Import Request.
  Time since last request: 0.000014 seconds.
  path: Assets/Resources/建筑头像/骑兵营/2.png
  artifactKey: Guid(46000ae209f543668e26bb4756a7a904) Importer(2089858483,0ecaa5967403d082aa24f35e1b516d23)
Start importing Assets/Resources/建筑头像/骑兵营/2.png using Guid(46000ae209f543668e26bb4756a7a904) Importer(2089858483,0ecaa5967403d082aa24f35e1b516d23) [PhysX] Initialized MultithreadedTaskDispatcher with 20 workers.
 -> (artifact id: '70e7f756e9fabe58a3865f41075959d0') in 0.008339 seconds
Number of updated asset objects reloaded before import = 0
Number of asset objects unloaded after import = 3
========================================================================
Received Import Request.
  Time since last request: 0.000021 seconds.
  path: Assets/Scripts/战场信息.cs
  artifactKey: Guid(9a0b10de343f2ec831d42f4648c9d76a) Importer(2089858483,0ecaa5967403d082aa24f35e1b516d23)
Start importing Assets/Scripts/战场信息.cs using Guid(9a0b10de343f2ec831d42f4648c9d76a) Importer(2089858483,0ecaa5967403d082aa24f35e1b516d23) [PhysX] Initialized MultithreadedTaskDispatcher with 20 workers.
 -> (artifact id: '81551dee9c3b23b74a59d077802bbdf0') in 0.002737 seconds
Number of updated asset objects reloaded before import = 0
Number of asset objects unloaded after import = 1
========================================================================
Received Import Request.
  Time since last request: 0.000013 seconds.
  path: Assets/Resources/将领信息预制件/将领名字.prefab
  artifactKey: Guid(41339edf92fa4220845a699be47323e2) Importer(2089858483,0ecaa5967403d082aa24f35e1b516d23)
Start importing Assets/Resources/将领信息预制件/将领名字.prefab using Guid(41339edf92fa4220845a699be47323e2) Importer(2089858483,0ecaa5967403d082aa24f35e1b516d23) [PhysX] Initialized MultithreadedTaskDispatcher with 20 workers.
 -> (artifact id: '4b20d40fae24e7f9e188aa6d2be4d543') in 0.003542 seconds
Number of updated asset objects reloaded before import = 0
Number of asset objects unloaded after import = 12
========================================================================
Received Import Request.
  Time since last request: 0.000012 seconds.
  path: Assets/Resources/道具头像/高级装备箱子.png
  artifactKey: Guid(cfb1e07ca3d64389a69c13458432965c) Importer(2089858483,0ecaa5967403d082aa24f35e1b516d23)
Start importing Assets/Resources/道具头像/高级装备箱子.png using Guid(cfb1e07ca3d64389a69c13458432965c) Importer(2089858483,0ecaa5967403d082aa24f35e1b516d23) [PhysX] Initialized MultithreadedTaskDispatcher with 20 workers.
 -> (artifact id: 'c3fc74c267dfddff34f3284167ac412c') in 0.009275 seconds
Number of updated asset objects reloaded before import = 0
Number of asset objects unloaded after import = 3
========================================================================
Received Import Request.
  Time since last request: 0.000015 seconds.
  path: Assets/Resources/弩车_攻击.anim
  artifactKey: Guid(8d64554ad6014f3bb5cf64a4d19a4822) Importer(2089858483,0ecaa5967403d082aa24f35e1b516d23)
Start importing Assets/Resources/弩车_攻击.anim using Guid(8d64554ad6014f3bb5cf64a4d19a4822) Importer(2089858483,0ecaa5967403d082aa24f35e1b516d23) [PhysX] Initialized MultithreadedTaskDispatcher with 20 workers.
 -> (artifact id: 'f7edb0a2665ed53c15d0345ea3159c08') in 0.003561 seconds
Number of updated asset objects reloaded before import = 0
Number of asset objects unloaded after import = 1
========================================================================
Received Import Request.
  Time since last request: 0.000014 seconds.
  path: Assets/Resources/挂载脚本预制体/编队对象.prefab
  artifactKey: Guid(1876833933b24781abe90dbcb25999b0) Importer(2089858483,0ecaa5967403d082aa24f35e1b516d23)
Start importing Assets/Resources/挂载脚本预制体/编队对象.prefab using Guid(1876833933b24781abe90dbcb25999b0) Importer(2089858483,0ecaa5967403d082aa24f35e1b516d23) [PhysX] Initialized MultithreadedTaskDispatcher with 20 workers.
 -> (artifact id: '21a06b57868a76b54bb9ed6eb5c8547b') in 0.006358 seconds
Number of updated asset objects reloaded before import = 0
Number of asset objects unloaded after import = 6
========================================================================
Received Import Request.
  Time since last request: 0.000013 seconds.
  path: Assets/Resources/7487.dat.png
  artifactKey: Guid(7e8a47fbf83a4cac989319063b9e4c87) Importer(2089858483,0ecaa5967403d082aa24f35e1b516d23)
Start importing Assets/Resources/7487.dat.png using Guid(7e8a47fbf83a4cac989319063b9e4c87) Importer(2089858483,0ecaa5967403d082aa24f35e1b516d23) [PhysX] Initialized MultithreadedTaskDispatcher with 20 workers.
 -> (artifact id: '099be82092d093ec0115a86e4996efd6') in 0.007818 seconds
Number of updated asset objects reloaded before import = 0
Number of asset objects unloaded after import = 3
========================================================================
Received Import Request.
  Time since last request: 0.000017 seconds.
  path: Assets/Resources/将领头像/君王/袁绍.png
  artifactKey: Guid(1ca32d0e9e984de7ac35929ebff6d131) Importer(2089858483,0ecaa5967403d082aa24f35e1b516d23)
Start importing Assets/Resources/将领头像/君王/袁绍.png using Guid(1ca32d0e9e984de7ac35929ebff6d131) Importer(2089858483,0ecaa5967403d082aa24f35e1b516d23) [PhysX] Initialized MultithreadedTaskDispatcher with 20 workers.
 -> (artifact id: '8271fd9e2d05db5780adc1ca64342b82') in 0.045448 seconds
Number of updated asset objects reloaded before import = 0
Number of asset objects unloaded after import = 3
========================================================================
Received Import Request.
  Time since last request: 0.000017 seconds.
  path: Assets/Resources/7538.dat.png
  artifactKey: Guid(a83ea92112b64ed5b80dcfe85fa3aa44) Importer(2089858483,0ecaa5967403d082aa24f35e1b516d23)
Start importing Assets/Resources/7538.dat.png using Guid(a83ea92112b64ed5b80dcfe85fa3aa44) Importer(2089858483,0ecaa5967403d082aa24f35e1b516d23) [PhysX] Initialized MultithreadedTaskDispatcher with 20 workers.
 -> (artifact id: 'a66925bc77f84ce63c07dcd178e26f7e') in 0.065224 seconds
Number of updated asset objects reloaded before import = 0
Number of asset objects unloaded after import = 3
========================================================================
Received Import Request.
  Time since last request: 0.000025 seconds.
  path: Assets/Resources/国家图片/魏.png
  artifactKey: Guid(3c7aba8a47c04c88b64f77693835e930) Importer(2089858483,0ecaa5967403d082aa24f35e1b516d23)
Start importing Assets/Resources/国家图片/魏.png using Guid(3c7aba8a47c04c88b64f77693835e930) Importer(2089858483,0ecaa5967403d082aa24f35e1b516d23) [PhysX] Initialized MultithreadedTaskDispatcher with 20 workers.
 -> (artifact id: '9ead8fbe1988d385039acd7bdf406020') in 0.008410 seconds
Number of updated asset objects reloaded before import = 0
Number of asset objects unloaded after import = 3
========================================================================
Received Import Request.
  Time since last request: 0.000014 seconds.
  path: Assets/Resources/大地图资源/城池路径/-2_2.prefab
  artifactKey: Guid(3b27bbc99b354fa0b7b12e6cf95a7505) Importer(2089858483,0ecaa5967403d082aa24f35e1b516d23)
Start importing Assets/Resources/大地图资源/城池路径/-2_2.prefab using Guid(3b27bbc99b354fa0b7b12e6cf95a7505) Importer(2089858483,0ecaa5967403d082aa24f35e1b516d23) [PhysX] Initialized MultithreadedTaskDispatcher with 20 workers.
 -> (artifact id: 'f4b6afd46310738fbd126b8421ad8eb3') in 0.004919 seconds
Number of updated asset objects reloaded before import = 0
Number of asset objects unloaded after import = 28
========================================================================
Received Import Request.
  Time since last request: 0.000013 seconds.
  path: Assets/Resources/山贼头像/828.dat.png
  artifactKey: Guid(e37f9a86523143b8821fda066153b6d9) Importer(2089858483,0ecaa5967403d082aa24f35e1b516d23)
Start importing Assets/Resources/山贼头像/828.dat.png using Guid(e37f9a86523143b8821fda066153b6d9) Importer(2089858483,0ecaa5967403d082aa24f35e1b516d23) [PhysX] Initialized MultithreadedTaskDispatcher with 20 workers.
 -> (artifact id: 'b1523095ad896c60311909ad95a67765') in 0.026005 seconds
Number of updated asset objects reloaded before import = 0
Number of asset objects unloaded after import = 3
========================================================================
Received Import Request.
  Time since last request: 0.000019 seconds.
  path: Assets/Resources/装备图片/天子甲1.png
  artifactKey: Guid(e3bd1c17649940b1abb9c8b9c2ecf888) Importer(2089858483,0ecaa5967403d082aa24f35e1b516d23)
Start importing Assets/Resources/装备图片/天子甲1.png using Guid(e3bd1c17649940b1abb9c8b9c2ecf888) Importer(2089858483,0ecaa5967403d082aa24f35e1b516d23) [PhysX] Initialized MultithreadedTaskDispatcher with 20 workers.
 -> (artifact id: 'd82ba8d63e4f9c3c3a2a7fd99583eb1c') in 0.007543 seconds
Number of updated asset objects reloaded before import = 0
Number of asset objects unloaded after import = 3
========================================================================
Received Import Request.
  Time since last request: 0.000014 seconds.
  path: Assets/Resources/7493.dat.png
  artifactKey: Guid(0a20d16a8abc4a9cb240e500e5b1ec7d) Importer(2089858483,0ecaa5967403d082aa24f35e1b516d23)
Start importing Assets/Resources/7493.dat.png using Guid(0a20d16a8abc4a9cb240e500e5b1ec7d) Importer(2089858483,0ecaa5967403d082aa24f35e1b516d23) [PhysX] Initialized MultithreadedTaskDispatcher with 20 workers.
 -> (artifact id: '16e38b3ac1a2d098c0298b8aeeae5731') in 0.007714 seconds
Number of updated asset objects reloaded before import = 0
Number of asset objects unloaded after import = 3
========================================================================
Received Import Request.
  Time since last request: 0.000012 seconds.
  path: Assets/Resources/7550.dat.png
  artifactKey: Guid(3e66fc4f7b74429db846ff6a31ba305e) Importer(2089858483,0ecaa5967403d082aa24f35e1b516d23)
Start importing Assets/Resources/7550.dat.png using Guid(3e66fc4f7b74429db846ff6a31ba305e) Importer(2089858483,0ecaa5967403d082aa24f35e1b516d23) [PhysX] Initialized MultithreadedTaskDispatcher with 20 workers.
 -> (artifact id: '737df8f07b18b8f7874bb6cd3cb96c92') in 0.006710 seconds
Number of updated asset objects reloaded before import = 0
Number of asset objects unloaded after import = 3
========================================================================
Received Import Request.
  Time since last request: 0.000013 seconds.
  path: Assets/Resources/大地图资源/城池头像/1.png
  artifactKey: Guid(9417d7d2e9c04c1d8c49c672c9f01885) Importer(2089858483,0ecaa5967403d082aa24f35e1b516d23)
Start importing Assets/Resources/大地图资源/城池头像/1.png using Guid(9417d7d2e9c04c1d8c49c672c9f01885) Importer(2089858483,0ecaa5967403d082aa24f35e1b516d23) [PhysX] Initialized MultithreadedTaskDispatcher with 20 workers.
 -> (artifact id: 'db46c7c4f6a6f75038ac1c2631742b97') in 0.008350 seconds
Number of updated asset objects reloaded before import = 0
Number of asset objects unloaded after import = 3
========================================================================
Received Import Request.
  Time since last request: 0.000019 seconds.
  path: Assets/Resources/近卫兵_走.anim
  artifactKey: Guid(6459c35a6fa448baa5a81727e2f95bf2) Importer(2089858483,0ecaa5967403d082aa24f35e1b516d23)
Start importing Assets/Resources/近卫兵_走.anim using Guid(6459c35a6fa448baa5a81727e2f95bf2) Importer(2089858483,0ecaa5967403d082aa24f35e1b516d23) [PhysX] Initialized MultithreadedTaskDispatcher with 20 workers.
 -> (artifact id: 'e4957fcce75ed2a0bbbe2f3a94482176') in 0.003795 seconds
Number of updated asset objects reloaded before import = 0
Number of asset objects unloaded after import = 1
========================================================================
Received Import Request.
  Time since last request: 0.000014 seconds.
  path: Assets/Resources/装备图片/乌骓.png
  artifactKey: Guid(f915f4831724463ab8b4410ca629b40e) Importer(2089858483,0ecaa5967403d082aa24f35e1b516d23)
Start importing Assets/Resources/装备图片/乌骓.png using Guid(f915f4831724463ab8b4410ca629b40e) Importer(2089858483,0ecaa5967403d082aa24f35e1b516d23) [PhysX] Initialized MultithreadedTaskDispatcher with 20 workers.
 -> (artifact id: 'a73c9117bedca7e476f78b17761e2800') in 0.007319 seconds
Number of updated asset objects reloaded before import = 0
Number of asset objects unloaded after import = 3
========================================================================
Received Import Request.
  Time since last request: 0.000015 seconds.
  path: Assets/Resources/兵种模型预制件/弩兵.prefab
  artifactKey: Guid(65d152c140e14441b93bdd5f7a0fc877) Importer(2089858483,0ecaa5967403d082aa24f35e1b516d23)
Start importing Assets/Resources/兵种模型预制件/弩兵.prefab using Guid(65d152c140e14441b93bdd5f7a0fc877) Importer(2089858483,0ecaa5967403d082aa24f35e1b516d23) [PhysX] Initialized MultithreadedTaskDispatcher with 20 workers.
 -> (artifact id: '029df58334679d6babc5b70e24c931e2') in 0.008936 seconds
Number of updated asset objects reloaded before import = 0
Number of asset objects unloaded after import = 59
========================================================================
Received Import Request.
  Time since last request: 0.000013 seconds.
  path: Assets/Resources/强弩兵_走.anim
  artifactKey: Guid(c59bbb5e4e0e4d75b128c497d31a3a1d) Importer(2089858483,0ecaa5967403d082aa24f35e1b516d23)
Start importing Assets/Resources/强弩兵_走.anim using Guid(c59bbb5e4e0e4d75b128c497d31a3a1d) Importer(2089858483,0ecaa5967403d082aa24f35e1b516d23) [PhysX] Initialized MultithreadedTaskDispatcher with 20 workers.
 -> (artifact id: '681c2ef08c9909dc9239c2af304e1632') in 0.003768 seconds
Number of updated asset objects reloaded before import = 0
Number of asset objects unloaded after import = 1
========================================================================
Received Import Request.
  Time since last request: 0.000017 seconds.
  path: Assets/Resources/7511.dat.asset
  artifactKey: Guid(4f37884caaa54c08b1477c85119e4d90) Importer(2089858483,0ecaa5967403d082aa24f35e1b516d23)
Start importing Assets/Resources/7511.dat.asset using Guid(4f37884caaa54c08b1477c85119e4d90) Importer(2089858483,0ecaa5967403d082aa24f35e1b516d23) [PhysX] Initialized MultithreadedTaskDispatcher with 20 workers.
 -> (artifact id: '3310612071ff44b1da8cf2cba8abd6e3') in 0.003970 seconds
Number of updated asset objects reloaded before import = 0
Number of asset objects unloaded after import = 3
========================================================================
Received Import Request.
  Time since last request: 0.000011 seconds.
  path: Assets/Resources/国家图片/蜀.png
  artifactKey: Guid(0002960938874891a252227456c7f895) Importer(2089858483,0ecaa5967403d082aa24f35e1b516d23)
Start importing Assets/Resources/国家图片/蜀.png using Guid(0002960938874891a252227456c7f895) Importer(2089858483,0ecaa5967403d082aa24f35e1b516d23) [PhysX] Initialized MultithreadedTaskDispatcher with 20 workers.
 -> (artifact id: '665363a96a23ec1b30557caa2497e870') in 0.006859 seconds
Number of updated asset objects reloaded before import = 0
Number of asset objects unloaded after import = 3
========================================================================
Received Import Request.
  Time since last request: 0.000014 seconds.
  path: Assets/Resources/国家图片/赵.png
  artifactKey: Guid(759b0a219b2b47f098f794e554103975) Importer(2089858483,0ecaa5967403d082aa24f35e1b516d23)
Start importing Assets/Resources/国家图片/赵.png using Guid(759b0a219b2b47f098f794e554103975) Importer(2089858483,0ecaa5967403d082aa24f35e1b516d23) [PhysX] Initialized MultithreadedTaskDispatcher with 20 workers.
 -> (artifact id: '573591d28d8a378b906e59984af9a281') in 0.007977 seconds
Number of updated asset objects reloaded before import = 0
Number of asset objects unloaded after import = 3
========================================================================
Received Import Request.
  Time since last request: 0.000015 seconds.
  path: Assets/Resources/将领_黄星.png
  artifactKey: Guid(363f54a5dec94d1e8eee5385862bdb4e) Importer(2089858483,0ecaa5967403d082aa24f35e1b516d23)
Start importing Assets/Resources/将领_黄星.png using Guid(363f54a5dec94d1e8eee5385862bdb4e) Importer(2089858483,0ecaa5967403d082aa24f35e1b516d23) [PhysX] Initialized MultithreadedTaskDispatcher with 20 workers.
 -> (artifact id: '7405c9b42918eb78178feba8467a8e0d') in 0.007090 seconds
Number of updated asset objects reloaded before import = 0
Number of asset objects unloaded after import = 3
========================================================================
Received Import Request.
  Time since last request: 0.000026 seconds.
  path: Assets/Resources/7549.dat.asset
  artifactKey: Guid(272cfca757cc41b49c5174650c8b9193) Importer(2089858483,0ecaa5967403d082aa24f35e1b516d23)
Start importing Assets/Resources/7549.dat.asset using Guid(272cfca757cc41b49c5174650c8b9193) Importer(2089858483,0ecaa5967403d082aa24f35e1b516d23) [PhysX] Initialized MultithreadedTaskDispatcher with 20 workers.
 -> (artifact id: 'ab86838435da1ecd60235eb6f3f52ec9') in 0.005164 seconds
Number of updated asset objects reloaded before import = 0
Number of asset objects unloaded after import = 3
========================================================================
Received Import Request.
  Time since last request: 0.000013 seconds.
  path: Assets/Scripts/军情信息.cs
  artifactKey: Guid(d9aa2086b1ca7294b810d777accc4010) Importer(2089858483,0ecaa5967403d082aa24f35e1b516d23)
Start importing Assets/Scripts/军情信息.cs using Guid(d9aa2086b1ca7294b810d777accc4010) Importer(2089858483,0ecaa5967403d082aa24f35e1b516d23) [PhysX] Initialized MultithreadedTaskDispatcher with 20 workers.
 -> (artifact id: 'c29e2f0b09b569f48fffb512d5964d49') in 0.002764 seconds
Number of updated asset objects reloaded before import = 0
Number of asset objects unloaded after import = 1
========================================================================
Received Import Request.
  Time since last request: 0.000013 seconds.
  path: Assets/Resources/大地图资源/城池信息预制件.prefab
  artifactKey: Guid(09b3134142d8441fb20b1d9b16b206bf) Importer(2089858483,0ecaa5967403d082aa24f35e1b516d23)
Start importing Assets/Resources/大地图资源/城池信息预制件.prefab using Guid(09b3134142d8441fb20b1d9b16b206bf) Importer(2089858483,0ecaa5967403d082aa24f35e1b516d23) [PhysX] Initialized MultithreadedTaskDispatcher with 20 workers.
 -> (artifact id: '60a53775538ba1a5f0779054a5a987ff') in 0.005483 seconds
Number of updated asset objects reloaded before import = 0
Number of asset objects unloaded after import = 54
========================================================================
Received Import Request.
  Time since last request: 0.000012 seconds.
  path: Assets/Resources/7555.dat.asset
  artifactKey: Guid(9f95ecb14de749e68008d01e87f14194) Importer(2089858483,0ecaa5967403d082aa24f35e1b516d23)
Start importing Assets/Resources/7555.dat.asset using Guid(9f95ecb14de749e68008d01e87f14194) Importer(2089858483,0ecaa5967403d082aa24f35e1b516d23) [PhysX] Initialized MultithreadedTaskDispatcher with 20 workers.
 -> (artifact id: '49b83e78f82b89f5e1ef5e954f003460') in 0.003514 seconds
Number of updated asset objects reloaded before import = 0
Number of asset objects unloaded after import = 3
========================================================================
Received Import Request.
  Time since last request: 0.000012 seconds.
  path: Assets/Resources/冲城车_走.anim
  artifactKey: Guid(bda952a3aed443bcaaebd6628228da40) Importer(2089858483,0ecaa5967403d082aa24f35e1b516d23)
Start importing Assets/Resources/冲城车_走.anim using Guid(bda952a3aed443bcaaebd6628228da40) Importer(2089858483,0ecaa5967403d082aa24f35e1b516d23) [PhysX] Initialized MultithreadedTaskDispatcher with 20 workers.
 -> (artifact id: '436c3249d0808c99023f1ed904b1c751') in 0.012437 seconds
Number of updated asset objects reloaded before import = 0
Number of asset objects unloaded after import = 1
========================================================================
Received Import Request.
  Time since last request: 0.000015 seconds.
  path: Assets/Resources/道具头像/八阵图.png
  artifactKey: Guid(2e1eb6d0d0f447f897fa2412545cf470) Importer(2089858483,0ecaa5967403d082aa24f35e1b516d23)
Start importing Assets/Resources/道具头像/八阵图.png using Guid(2e1eb6d0d0f447f897fa2412545cf470) Importer(2089858483,0ecaa5967403d082aa24f35e1b516d23) [PhysX] Initialized MultithreadedTaskDispatcher with 20 workers.
 -> (artifact id: 'ebbc485af3b97eb6574cc51121bf5d6b') in 0.007746 seconds
Number of updated asset objects reloaded before import = 0
Number of asset objects unloaded after import = 3
========================================================================
Received Import Request.
  Time since last request: 0.000016 seconds.
  path: Assets/Resources/兵种模型预制件/重弩车.prefab
  artifactKey: Guid(d2a01ee2c17549d7ac47158135934e74) Importer(2089858483,0ecaa5967403d082aa24f35e1b516d23)
Start importing Assets/Resources/兵种模型预制件/重弩车.prefab using Guid(d2a01ee2c17549d7ac47158135934e74) Importer(2089858483,0ecaa5967403d082aa24f35e1b516d23) [PhysX] Initialized MultithreadedTaskDispatcher with 20 workers.
 -> (artifact id: '4c5b5adfa5e1118a1656dc5c66c7325a') in 0.008180 seconds
Number of updated asset objects reloaded before import = 0
Number of asset objects unloaded after import = 25
========================================================================
Received Import Request.
  Time since last request: 0.000013 seconds.
  path: Assets/Resources/民兵动画.controller
  artifactKey: Guid(7a63aeee78224ddb8b38c73c12beecbe) Importer(2089858483,0ecaa5967403d082aa24f35e1b516d23)
Start importing Assets/Resources/民兵动画.controller using Guid(7a63aeee78224ddb8b38c73c12beecbe) Importer(2089858483,0ecaa5967403d082aa24f35e1b516d23) [PhysX] Initialized MultithreadedTaskDispatcher with 20 workers.
 -> (artifact id: 'd9ccffe565ed29a3d4f23ae8cb23367c') in 0.004541 seconds
Number of updated asset objects reloaded before import = 0
Number of asset objects unloaded after import = 20
========================================================================
Received Import Request.
  Time since last request: 0.000014 seconds.
  path: Assets/Resources/将领头像/尊将/尊·袁绍.png
  artifactKey: Guid(0fd0241fa43945fd8b29d3395134b7ea) Importer(2089858483,0ecaa5967403d082aa24f35e1b516d23)
Start importing Assets/Resources/将领头像/尊将/尊·袁绍.png using Guid(0fd0241fa43945fd8b29d3395134b7ea) Importer(2089858483,0ecaa5967403d082aa24f35e1b516d23) [PhysX] Initialized MultithreadedTaskDispatcher with 20 workers.
 -> (artifact id: '3cf6687a2dd45e90bcc2a773b8297506') in 0.011403 seconds
Number of updated asset objects reloaded before import = 0
Number of asset objects unloaded after import = 3
========================================================================
Received Import Request.
  Time since last request: 0.000015 seconds.
  path: Assets/Resources/城池起火.anim
  artifactKey: Guid(582ede6fa51e4512919c93ef07d534fd) Importer(2089858483,0ecaa5967403d082aa24f35e1b516d23)
Start importing Assets/Resources/城池起火.anim using Guid(582ede6fa51e4512919c93ef07d534fd) Importer(2089858483,0ecaa5967403d082aa24f35e1b516d23) [PhysX] Initialized MultithreadedTaskDispatcher with 20 workers.
 -> (artifact id: 'f344f7693db4c5782cb05f009b3a46e2') in 0.003727 seconds
Number of updated asset objects reloaded before import = 0
Number of asset objects unloaded after import = 1
========================================================================
Received Import Request.
  Time since last request: 0.000012 seconds.
  path: Assets/Scripts/玩家数据结构/建筑信息.cs
  artifactKey: Guid(68608645273b675c67869ae07c64f3b6) Importer(2089858483,0ecaa5967403d082aa24f35e1b516d23)
Start importing Assets/Scripts/玩家数据结构/建筑信息.cs using Guid(68608645273b675c67869ae07c64f3b6) Importer(2089858483,0ecaa5967403d082aa24f35e1b516d23) [PhysX] Initialized MultithreadedTaskDispatcher with 20 workers.
 -> (artifact id: '15cf0300b5c998d30003f79a17a9b510') in 0.003893 seconds
Number of updated asset objects reloaded before import = 0
Number of asset objects unloaded after import = 1
========================================================================
Received Import Request.
  Time since last request: 0.000014 seconds.
  path: Assets/Resources/将领头像/名将/左慈.png
  artifactKey: Guid(a9a6b73d1aea451c95ae9e2b77231a48) Importer(2089858483,0ecaa5967403d082aa24f35e1b516d23)
Start importing Assets/Resources/将领头像/名将/左慈.png using Guid(a9a6b73d1aea451c95ae9e2b77231a48) Importer(2089858483,0ecaa5967403d082aa24f35e1b516d23) [PhysX] Initialized MultithreadedTaskDispatcher with 20 workers.
 -> (artifact id: '7add365ceb9bb2711fb0dbcf22467f4c') in 0.016371 seconds
Number of updated asset objects reloaded before import = 0
Number of asset objects unloaded after import = 3
========================================================================
Received Import Request.
  Time since last request: 0.000021 seconds.
  path: Assets/Resources/重骑兵动画.controller
  artifactKey: Guid(b597f0b5b928426e8ac1be3787de0cf6) Importer(2089858483,0ecaa5967403d082aa24f35e1b516d23)
Start importing Assets/Resources/重骑兵动画.controller using Guid(b597f0b5b928426e8ac1be3787de0cf6) Importer(2089858483,0ecaa5967403d082aa24f35e1b516d23) [PhysX] Initialized MultithreadedTaskDispatcher with 20 workers.
 -> (artifact id: '28c0cfba34edd09a136ab50afc9d5cf8') in 0.005649 seconds
Number of updated asset objects reloaded before import = 0
Number of asset objects unloaded after import = 20
========================================================================
Received Import Request.
  Time since last request: 0.000021 seconds.
  path: Assets/Scripts/显示背包物品.cs
  artifactKey: Guid(31d8441712ec3380057e6984f5807363) Importer(2089858483,0ecaa5967403d082aa24f35e1b516d23)
Start importing Assets/Scripts/显示背包物品.cs using Guid(31d8441712ec3380057e6984f5807363) Importer(2089858483,0ecaa5967403d082aa24f35e1b516d23) [PhysX] Initialized MultithreadedTaskDispatcher with 20 workers.
 -> (artifact id: 'f785ce043c33a4a0c1367f61c5932772') in 0.002712 seconds
Number of updated asset objects reloaded before import = 0
Number of asset objects unloaded after import = 1
========================================================================
Received Import Request.
  Time since last request: 0.000017 seconds.
  path: Assets/Resources/冲城车_死亡.anim
  artifactKey: Guid(572d158e487a40028547b307a5215925) Importer(2089858483,0ecaa5967403d082aa24f35e1b516d23)
Start importing Assets/Resources/冲城车_死亡.anim using Guid(572d158e487a40028547b307a5215925) Importer(2089858483,0ecaa5967403d082aa24f35e1b516d23) [PhysX] Initialized MultithreadedTaskDispatcher with 20 workers.
 -> (artifact id: '9964f25a8b4ce11136d47ea6b595d14a') in 0.003405 seconds
Number of updated asset objects reloaded before import = 0
Number of asset objects unloaded after import = 1
========================================================================
Received Import Request.
  Time since last request: 0.000014 seconds.
  path: Assets/Scripts/目标属性信息.cs
  artifactKey: Guid(80663367e3ec0cf0ec4f374d11af30f2) Importer(2089858483,0ecaa5967403d082aa24f35e1b516d23)
Start importing Assets/Scripts/目标属性信息.cs using Guid(80663367e3ec0cf0ec4f374d11af30f2) Importer(2089858483,0ecaa5967403d082aa24f35e1b516d23) [PhysX] Initialized MultithreadedTaskDispatcher with 20 workers.
 -> (artifact id: 'b92c4a784deed89835f4643279eef815') in 0.002804 seconds
Number of updated asset objects reloaded before import = 0
Number of asset objects unloaded after import = 1
========================================================================
Received Import Request.
  Time since last request: 0.000011 seconds.
  path: Assets/Resources/装备图片/白虎盔.png
  artifactKey: Guid(39d99461aa81431ebefb3aa0277d191a) Importer(2089858483,0ecaa5967403d082aa24f35e1b516d23)
Start importing Assets/Resources/装备图片/白虎盔.png using Guid(39d99461aa81431ebefb3aa0277d191a) Importer(2089858483,0ecaa5967403d082aa24f35e1b516d23) [PhysX] Initialized MultithreadedTaskDispatcher with 20 workers.
 -> (artifact id: 'b4d4c0642173381052d07778c07b3147') in 0.021330 seconds
Number of updated asset objects reloaded before import = 0
Number of asset objects unloaded after import = 3
========================================================================
Received Import Request.
  Time since last request: 0.000020 seconds.
  path: Assets/Resources/建筑头像/战车营/4.png
  artifactKey: Guid(0e4557296acd43e9b5d284b7beafc340) Importer(2089858483,0ecaa5967403d082aa24f35e1b516d23)
Start importing Assets/Resources/建筑头像/战车营/4.png using Guid(0e4557296acd43e9b5d284b7beafc340) Importer(2089858483,0ecaa5967403d082aa24f35e1b516d23) [PhysX] Initialized MultithreadedTaskDispatcher with 20 workers.
 -> (artifact id: '26945fc48a583412b3be4219748f8d7d') in 0.006745 seconds
Number of updated asset objects reloaded before import = 0
Number of asset objects unloaded after import = 3
========================================================================
Received Import Request.
  Time since last request: 0.000014 seconds.
  path: Assets/Resources/装备图片/绝影.png
  artifactKey: Guid(fcf5503e0ce24e408514fde269b1fcfb) Importer(2089858483,0ecaa5967403d082aa24f35e1b516d23)
Start importing Assets/Resources/装备图片/绝影.png using Guid(fcf5503e0ce24e408514fde269b1fcfb) Importer(2089858483,0ecaa5967403d082aa24f35e1b516d23) [PhysX] Initialized MultithreadedTaskDispatcher with 20 workers.
 -> (artifact id: '84857682f460c062b94e23ccb1ab30b7') in 0.008066 seconds
Number of updated asset objects reloaded before import = 0
Number of asset objects unloaded after import = 3
========================================================================
Received Import Request.
  Time since last request: 0.000014 seconds.
  path: Assets/Resources/将领头像/名将/曹仁.png
  artifactKey: Guid(d63569024a8143fa84ebea2f8fc49039) Importer(2089858483,0ecaa5967403d082aa24f35e1b516d23)
Start importing Assets/Resources/将领头像/名将/曹仁.png using Guid(d63569024a8143fa84ebea2f8fc49039) Importer(2089858483,0ecaa5967403d082aa24f35e1b516d23) [PhysX] Initialized MultithreadedTaskDispatcher with 20 workers.
 -> (artifact id: '452dc57791f615286634cc16592f26b6') in 0.006793 seconds
Number of updated asset objects reloaded before import = 0
Number of asset objects unloaded after import = 3
========================================================================
Received Import Request.
  Time since last request: 0.000015 seconds.
  path: Assets/Resources/7521.dat.asset
  artifactKey: Guid(5128a5e10f8a4bd889638e2f53963c23) Importer(2089858483,0ecaa5967403d082aa24f35e1b516d23)
Start importing Assets/Resources/7521.dat.asset using Guid(5128a5e10f8a4bd889638e2f53963c23) Importer(2089858483,0ecaa5967403d082aa24f35e1b516d23) [PhysX] Initialized MultithreadedTaskDispatcher with 20 workers.
 -> (artifact id: '5a8e09c075d9ba357667050b05482d2f') in 0.003837 seconds
Number of updated asset objects reloaded before import = 0
Number of asset objects unloaded after import = 3
========================================================================
Received Import Request.
  Time since last request: 0.000014 seconds.
  path: Assets/Resources/7537.dat.png
  artifactKey: Guid(57076527745a479a94723e0db4f935e9) Importer(2089858483,0ecaa5967403d082aa24f35e1b516d23)
Start importing Assets/Resources/7537.dat.png using Guid(57076527745a479a94723e0db4f935e9) Importer(2089858483,0ecaa5967403d082aa24f35e1b516d23) [PhysX] Initialized MultithreadedTaskDispatcher with 20 workers.
 -> (artifact id: '455b72676bdf3fc01c6af8589944a222') in 0.008480 seconds
Number of updated asset objects reloaded before import = 0
Number of asset objects unloaded after import = 3
========================================================================
Received Import Request.
  Time since last request: 0.000014 seconds.
  path: Assets/Resources/无标题 1.png
  artifactKey: Guid(62c897c843ee4872af752af7f6b26fe5) Importer(2089858483,0ecaa5967403d082aa24f35e1b516d23)
Start importing Assets/Resources/无标题 1.png using Guid(62c897c843ee4872af752af7f6b26fe5) Importer(2089858483,0ecaa5967403d082aa24f35e1b516d23) [PhysX] Initialized MultithreadedTaskDispatcher with 20 workers.
 -> (artifact id: '7b54ff907f0412787ba443cf554e2dd5') in 0.007442 seconds
Number of updated asset objects reloaded before import = 0
Number of asset objects unloaded after import = 3
========================================================================
Received Import Request.
  Time since last request: 0.000014 seconds.
  path: Assets/Resources/将领头像/名将/颜良.png
  artifactKey: Guid(b90d94b8c8c04c57a7d237bcdc500d64) Importer(2089858483,0ecaa5967403d082aa24f35e1b516d23)
Start importing Assets/Resources/将领头像/名将/颜良.png using Guid(b90d94b8c8c04c57a7d237bcdc500d64) Importer(2089858483,0ecaa5967403d082aa24f35e1b516d23) [PhysX] Initialized MultithreadedTaskDispatcher with 20 workers.
 -> (artifact id: '40db2f0679cd32715232554706a044b5') in 0.008027 seconds
Number of updated asset objects reloaded before import = 0
Number of asset objects unloaded after import = 3
========================================================================
Received Import Request.
  Time since last request: 0.000012 seconds.
  path: Assets/Resources/装备图片/雌雄双剑.png
  artifactKey: Guid(550a1634104f4a9c9a598b81e3865d45) Importer(2089858483,0ecaa5967403d082aa24f35e1b516d23)
Start importing Assets/Resources/装备图片/雌雄双剑.png using Guid(550a1634104f4a9c9a598b81e3865d45) Importer(2089858483,0ecaa5967403d082aa24f35e1b516d23) [PhysX] Initialized MultithreadedTaskDispatcher with 20 workers.
 -> (artifact id: '90b5baa601136ba4d6b3235830bc109b') in 0.006556 seconds
Number of updated asset objects reloaded before import = 0
Number of asset objects unloaded after import = 3
========================================================================
Received Import Request.
  Time since last request: 0.000012 seconds.
  path: Assets/Resources/将领头像/尊将/尊·周瑜.png
  artifactKey: Guid(d53b3c240ed54b5996a07b704b5a821e) Importer(2089858483,0ecaa5967403d082aa24f35e1b516d23)
Start importing Assets/Resources/将领头像/尊将/尊·周瑜.png using Guid(d53b3c240ed54b5996a07b704b5a821e) Importer(2089858483,0ecaa5967403d082aa24f35e1b516d23) [PhysX] Initialized MultithreadedTaskDispatcher with 20 workers.
 -> (artifact id: 'dd40941ec636347cbbfcaa60d3d18b6e') in 0.013422 seconds
Number of updated asset objects reloaded before import = 0
Number of asset objects unloaded after import = 3
========================================================================
Received Import Request.
  Time since last request: 0.000019 seconds.
  path: Assets/Resources/建筑模型/弓兵营/4.prefab
  artifactKey: Guid(10c990ae53344e6893667066681e8c62) Importer(2089858483,0ecaa5967403d082aa24f35e1b516d23)
Start importing Assets/Resources/建筑模型/弓兵营/4.prefab using Guid(10c990ae53344e6893667066681e8c62) Importer(2089858483,0ecaa5967403d082aa24f35e1b516d23) [PhysX] Initialized MultithreadedTaskDispatcher with 20 workers.
 -> (artifact id: '52efa8b9e83f4ec12772fcb25299a255') in 0.004084 seconds
Number of updated asset objects reloaded before import = 0
Number of asset objects unloaded after import = 9
========================================================================
Received Import Request.
  Time since last request: 0.000012 seconds.
  path: Assets/Scripts/显示物品详情.cs
  artifactKey: Guid(fac45cf6bf9790abd99aaf212683597d) Importer(2089858483,0ecaa5967403d082aa24f35e1b516d23)
Start importing Assets/Scripts/显示物品详情.cs using Guid(fac45cf6bf9790abd99aaf212683597d) Importer(2089858483,0ecaa5967403d082aa24f35e1b516d23) [PhysX] Initialized MultithreadedTaskDispatcher with 20 workers.
 -> (artifact id: '3c34c75ecaaa8932949b9de300b97da2') in 0.003187 seconds
Number of updated asset objects reloaded before import = 0
Number of asset objects unloaded after import = 1
========================================================================
Received Import Request.
  Time since last request: 0.000016 seconds.
  path: Assets/Resources/装备图片/玄武盔.png
  artifactKey: Guid(c2a13dd40aee47539907ab209eda291c) Importer(2089858483,0ecaa5967403d082aa24f35e1b516d23)
Start importing Assets/Resources/装备图片/玄武盔.png using Guid(c2a13dd40aee47539907ab209eda291c) Importer(2089858483,0ecaa5967403d082aa24f35e1b516d23) [PhysX] Initialized MultithreadedTaskDispatcher with 20 workers.
 -> (artifact id: '00cb51f620204434e7c045b549456159') in 0.006891 seconds
Number of updated asset objects reloaded before import = 0
Number of asset objects unloaded after import = 3
========================================================================
Received Import Request.
  Time since last request: 0.000013 seconds.
  path: Assets/Resources/道具头像/虎符.png
  artifactKey: Guid(315027a568d74e95934b92a68a42c272) Importer(2089858483,0ecaa5967403d082aa24f35e1b516d23)
Start importing Assets/Resources/道具头像/虎符.png using Guid(315027a568d74e95934b92a68a42c272) Importer(2089858483,0ecaa5967403d082aa24f35e1b516d23) [PhysX] Initialized MultithreadedTaskDispatcher with 20 workers.
 -> (artifact id: 'a60a423be2fc63d6e1cdb1290333f9d4') in 0.006656 seconds
Number of updated asset objects reloaded before import = 0
Number of asset objects unloaded after import = 3
========================================================================
Received Import Request.
  Time since last request: 0.000013 seconds.
  path: Assets/Scripts/购买道具脚本.cs
  artifactKey: Guid(88352f74f59530663ce89db4361f68e3) Importer(2089858483,0ecaa5967403d082aa24f35e1b516d23)
Start importing Assets/Scripts/购买道具脚本.cs using Guid(88352f74f59530663ce89db4361f68e3) Importer(2089858483,0ecaa5967403d082aa24f35e1b516d23) [PhysX] Initialized MultithreadedTaskDispatcher with 20 workers.
 -> (artifact id: '622ccf0845edef29f8c558203bbd5cd8') in 0.004166 seconds
Number of updated asset objects reloaded before import = 0
Number of asset objects unloaded after import = 1
========================================================================
Received Import Request.
  Time since last request: 0.000017 seconds.
  path: Assets/Resources/建筑模型/大厅/6852.dat.png
  artifactKey: Guid(4dfdc61cdd1d438eae41b6be77e05d9a) Importer(2089858483,0ecaa5967403d082aa24f35e1b516d23)
Start importing Assets/Resources/建筑模型/大厅/6852.dat.png using Guid(4dfdc61cdd1d438eae41b6be77e05d9a) Importer(2089858483,0ecaa5967403d082aa24f35e1b516d23) [PhysX] Initialized MultithreadedTaskDispatcher with 20 workers.
 -> (artifact id: '99597db2f0a828c715ee574fed4157ad') in 0.006751 seconds
Number of updated asset objects reloaded before import = 0
Number of asset objects unloaded after import = 3
========================================================================
Received Import Request.
  Time since last request: 0.000012 seconds.
  path: Assets/Resources/将领头像/君王/董卓.png
  artifactKey: Guid(49c66ae20dd746369e4fea0e055f5f2c) Importer(2089858483,0ecaa5967403d082aa24f35e1b516d23)
Start importing Assets/Resources/将领头像/君王/董卓.png using Guid(49c66ae20dd746369e4fea0e055f5f2c) Importer(2089858483,0ecaa5967403d082aa24f35e1b516d23) [PhysX] Initialized MultithreadedTaskDispatcher with 20 workers.
 -> (artifact id: '81bc172783c0e4f0b6ba32c99cfe090c') in 0.010649 seconds
Number of updated asset objects reloaded before import = 0
Number of asset objects unloaded after import = 3
========================================================================
Received Import Request.
  Time since last request: 0.000014 seconds.
  path: Assets/Resources/建筑模型/名字/2.png
  artifactKey: Guid(6a27aa22fe4742dba1b42f549a0f14d9) Importer(2089858483,0ecaa5967403d082aa24f35e1b516d23)
Start importing Assets/Resources/建筑模型/名字/2.png using Guid(6a27aa22fe4742dba1b42f549a0f14d9) Importer(2089858483,0ecaa5967403d082aa24f35e1b516d23) [PhysX] Initialized MultithreadedTaskDispatcher with 20 workers.
 -> (artifact id: '3719072f25e9af1563fb86c2fda015ab') in 0.008850 seconds
Number of updated asset objects reloaded before import = 0
Number of asset objects unloaded after import = 3
========================================================================
Received Import Request.
  Time since last request: 0.000015 seconds.
  path: Assets/Resources/建筑模型/大厅/4368.dat.png
  artifactKey: Guid(a9e012d3f24f4611906f3a780c02d51a) Importer(2089858483,0ecaa5967403d082aa24f35e1b516d23)
Start importing Assets/Resources/建筑模型/大厅/4368.dat.png using Guid(a9e012d3f24f4611906f3a780c02d51a) Importer(2089858483,0ecaa5967403d082aa24f35e1b516d23) [PhysX] Initialized MultithreadedTaskDispatcher with 20 workers.
 -> (artifact id: '46396db8479c5abeb13a1df96dc14707') in 0.007262 seconds
Number of updated asset objects reloaded before import = 0
Number of asset objects unloaded after import = 3
========================================================================
Received Import Request.
  Time since last request: 0.000014 seconds.
  path: Assets/Resources/大地图资源/城池路径/3_0.prefab
  artifactKey: Guid(41efa93292a0480ea0197d1bc0a5e9ec) Importer(2089858483,0ecaa5967403d082aa24f35e1b516d23)
Start importing Assets/Resources/大地图资源/城池路径/3_0.prefab using Guid(41efa93292a0480ea0197d1bc0a5e9ec) Importer(2089858483,0ecaa5967403d082aa24f35e1b516d23) [PhysX] Initialized MultithreadedTaskDispatcher with 20 workers.
 -> (artifact id: '582f80bfb93cd4c3fd297355a05d4b13') in 0.006002 seconds
Number of updated asset objects reloaded before import = 0
Number of asset objects unloaded after import = 31
========================================================================
Received Import Request.
  Time since last request: 0.000013 seconds.
  path: Assets/Resources/装备图片/骏马盔.png
  artifactKey: Guid(5810079061f4438ab67277518f555d06) Importer(2089858483,0ecaa5967403d082aa24f35e1b516d23)
Start importing Assets/Resources/装备图片/骏马盔.png using Guid(5810079061f4438ab67277518f555d06) Importer(2089858483,0ecaa5967403d082aa24f35e1b516d23) [PhysX] Initialized MultithreadedTaskDispatcher with 20 workers.
 -> (artifact id: 'ef917e0207abd2e5d430e1d5b739dce7') in 0.006819 seconds
Number of updated asset objects reloaded before import = 0
Number of asset objects unloaded after import = 3
========================================================================
Received Import Request.
  Time since last request: 0.000015 seconds.
  path: Assets/Resources/投石车动画控制.controller
  artifactKey: Guid(8af9f67b3ce34f4f9ccae92cd6edeb15) Importer(2089858483,0ecaa5967403d082aa24f35e1b516d23)
Start importing Assets/Resources/投石车动画控制.controller using Guid(8af9f67b3ce34f4f9ccae92cd6edeb15) Importer(2089858483,0ecaa5967403d082aa24f35e1b516d23) [PhysX] Initialized MultithreadedTaskDispatcher with 20 workers.
 -> (artifact id: 'a0c6afde82e79ecadcff3f579b9bea95') in 0.004417 seconds
Number of updated asset objects reloaded before import = 0
Number of asset objects unloaded after import = 19
========================================================================
Received Import Request.
  Time since last request: 0.000018 seconds.
  path: Assets/Resources/称号头像/军师.png
  artifactKey: Guid(5d142d75266142c1baafd94638271fa9) Importer(2089858483,0ecaa5967403d082aa24f35e1b516d23)
Start importing Assets/Resources/称号头像/军师.png using Guid(5d142d75266142c1baafd94638271fa9) Importer(2089858483,0ecaa5967403d082aa24f35e1b516d23) [PhysX] Initialized MultithreadedTaskDispatcher with 20 workers.
 -> (artifact id: '253e4b329571956b5ce10f8b33e42aba') in 0.009526 seconds
Number of updated asset objects reloaded before import = 0
Number of asset objects unloaded after import = 3
========================================================================
Received Import Request.
  Time since last request: 0.000026 seconds.
  path: Assets/Resources/主帅头像/3.png
  artifactKey: Guid(fea6dc883c8644d2b3a2d0c63eba0ee5) Importer(2089858483,0ecaa5967403d082aa24f35e1b516d23)
Start importing Assets/Resources/主帅头像/3.png using Guid(fea6dc883c8644d2b3a2d0c63eba0ee5) Importer(2089858483,0ecaa5967403d082aa24f35e1b516d23) [PhysX] Initialized MultithreadedTaskDispatcher with 20 workers.
 -> (artifact id: '8222e201d3306d2ffbfce1c396411a5e') in 0.007484 seconds
Number of updated asset objects reloaded before import = 0
Number of asset objects unloaded after import = 3
========================================================================
Received Import Request.
  Time since last request: 0.000029 seconds.
  path: Assets/Resources/投石车_走.anim
  artifactKey: Guid(82df20caa4cd4d5fbdf28d68b3299e85) Importer(2089858483,0ecaa5967403d082aa24f35e1b516d23)
Start importing Assets/Resources/投石车_走.anim using Guid(82df20caa4cd4d5fbdf28d68b3299e85) Importer(2089858483,0ecaa5967403d082aa24f35e1b516d23) [PhysX] Initialized MultithreadedTaskDispatcher with 20 workers.
 -> (artifact id: '44333670367bbdf4970ae487cf13fb4a') in 0.003815 seconds
Number of updated asset objects reloaded before import = 0
Number of asset objects unloaded after import = 1
========================================================================
Received Import Request.
  Time since last request: 0.000023 seconds.
  path: Assets/Resources/7491.dat.asset
  artifactKey: Guid(fe2dd8d559634f26a16ce6ec11becdc0) Importer(2089858483,0ecaa5967403d082aa24f35e1b516d23)
Start importing Assets/Resources/7491.dat.asset using Guid(fe2dd8d559634f26a16ce6ec11becdc0) Importer(2089858483,0ecaa5967403d082aa24f35e1b516d23) [PhysX] Initialized MultithreadedTaskDispatcher with 20 workers.
 -> (artifact id: 'e1b6191a62eebffb7a3db19c21ccc079') in 0.003676 seconds
Number of updated asset objects reloaded before import = 0
Number of asset objects unloaded after import = 3
========================================================================
Received Import Request.
  Time since last request: 0.000014 seconds.
  path: Assets/Resources/建筑模型/弓兵营/4318.dat.png
  artifactKey: Guid(4eada64a58804b639e215055ff37ab40) Importer(2089858483,0ecaa5967403d082aa24f35e1b516d23)
Start importing Assets/Resources/建筑模型/弓兵营/4318.dat.png using Guid(4eada64a58804b639e215055ff37ab40) Importer(2089858483,0ecaa5967403d082aa24f35e1b516d23) [PhysX] Initialized MultithreadedTaskDispatcher with 20 workers.
 -> (artifact id: '99bc7765e45353a1cc4cf8db90536611') in 0.010664 seconds
Number of updated asset objects reloaded before import = 0
Number of asset objects unloaded after import = 3
========================================================================
Received Import Request.
  Time since last request: 0.000019 seconds.
  path: Assets/Resources/近卫兵_死亡.anim
  artifactKey: Guid(444b6757b5ce4563b612d6df730710d2) Importer(2089858483,0ecaa5967403d082aa24f35e1b516d23)
Start importing Assets/Resources/近卫兵_死亡.anim using Guid(444b6757b5ce4563b612d6df730710d2) Importer(2089858483,0ecaa5967403d082aa24f35e1b516d23) [PhysX] Initialized MultithreadedTaskDispatcher with 20 workers.
 -> (artifact id: '6848232041d60ec2787d171abb3ce06b') in 0.003818 seconds
Number of updated asset objects reloaded before import = 0
Number of asset objects unloaded after import = 1
========================================================================
Received Import Request.
  Time since last request: 0.000023 seconds.
  path: Assets/Resources/7546.dat.png
  artifactKey: Guid(48c9c379065048559ac7d6791eabc387) Importer(2089858483,0ecaa5967403d082aa24f35e1b516d23)
Start importing Assets/Resources/7546.dat.png using Guid(48c9c379065048559ac7d6791eabc387) Importer(2089858483,0ecaa5967403d082aa24f35e1b516d23) [PhysX] Initialized MultithreadedTaskDispatcher with 20 workers.
 -> (artifact id: '9c713b73e04e18a6c2c82768d0dc2e76') in 0.008656 seconds
Number of updated asset objects reloaded before import = 0
Number of asset objects unloaded after import = 3
========================================================================
Received Import Request.
  Time since last request: 0.000015 seconds.
  path: Assets/Resources/轻步兵_攻击.anim
  artifactKey: Guid(b3fc634f4b144441bfc48a344e74c6e0) Importer(2089858483,0ecaa5967403d082aa24f35e1b516d23)
Start importing Assets/Resources/轻步兵_攻击.anim using Guid(b3fc634f4b144441bfc48a344e74c6e0) Importer(2089858483,0ecaa5967403d082aa24f35e1b516d23) [PhysX] Initialized MultithreadedTaskDispatcher with 20 workers.
 -> (artifact id: 'a419a78c4c6a5c25e0197d0cfd930fc6') in 0.003416 seconds
Number of updated asset objects reloaded before import = 0
Number of asset objects unloaded after import = 1
========================================================================
Received Import Request.
  Time since last request: 0.000013 seconds.
  path: Assets/Resources/等级数字.ttf
  artifactKey: Guid(0669c19ef30a48b396b72adf2b7e30eb) Importer(2089858483,0ecaa5967403d082aa24f35e1b516d23)
Start importing Assets/Resources/等级数字.ttf using Guid(0669c19ef30a48b396b72adf2b7e30eb) Importer(2089858483,0ecaa5967403d082aa24f35e1b516d23) [PhysX] Initialized MultithreadedTaskDispatcher with 20 workers.
 -> (artifact id: 'cfa484b220db14b5d6c884fd65d5f430') in 0.002471 seconds
Number of updated asset objects reloaded before import = 0
Number of asset objects unloaded after import = 1
========================================================================
Received Import Request.
  Time since last request: 0.000011 seconds.
  path: Assets/Resources/兵种头像/轻骑兵.png
  artifactKey: Guid(e5ef39712bf94b2482d39ccb8299f4e3) Importer(2089858483,0ecaa5967403d082aa24f35e1b516d23)
Start importing Assets/Resources/兵种头像/轻骑兵.png using Guid(e5ef39712bf94b2482d39ccb8299f4e3) Importer(2089858483,0ecaa5967403d082aa24f35e1b516d23) [PhysX] Initialized MultithreadedTaskDispatcher with 20 workers.
 -> (artifact id: '0f81e40e36fb2bbe7b3fbc1a1bd74dfa') in 0.006363 seconds
Number of updated asset objects reloaded before import = 0
Number of asset objects unloaded after import = 3
========================================================================
Received Import Request.
  Time since last request: 0.000013 seconds.
  path: Assets/Scripts/提示移动.cs
  artifactKey: Guid(005550bc7fe2d8131659821c95683aaf) Importer(2089858483,0ecaa5967403d082aa24f35e1b516d23)
Start importing Assets/Scripts/提示移动.cs using Guid(005550bc7fe2d8131659821c95683aaf) Importer(2089858483,0ecaa5967403d082aa24f35e1b516d23) [PhysX] Initialized MultithreadedTaskDispatcher with 20 workers.
 -> (artifact id: 'de599994e250af5dcdf3b63fa4e8be56') in 0.016928 seconds
Number of updated asset objects reloaded before import = 0
Number of asset objects unloaded after import = 1
========================================================================
Received Import Request.
  Time since last request: 0.000025 seconds.
  path: Assets/Resources/7498.dat.asset
  artifactKey: Guid(c2a7454c68d04c33945bd86faf3b7d58) Importer(2089858483,0ecaa5967403d082aa24f35e1b516d23)
Start importing Assets/Resources/7498.dat.asset using Guid(c2a7454c68d04c33945bd86faf3b7d58) Importer(2089858483,0ecaa5967403d082aa24f35e1b516d23) [PhysX] Initialized MultithreadedTaskDispatcher with 20 workers.
 -> (artifact id: 'ac905bc9816210be8d4a4719c8ab6ad6') in 0.004691 seconds
Number of updated asset objects reloaded before import = 0
Number of asset objects unloaded after import = 3
========================================================================
Received Import Request.
  Time since last request: 0.000021 seconds.
  path: Assets/Resources/7498.dat.png
  artifactKey: Guid(4b29117382864efea76493e8f4178135) Importer(2089858483,0ecaa5967403d082aa24f35e1b516d23)
Start importing Assets/Resources/7498.dat.png using Guid(4b29117382864efea76493e8f4178135) Importer(2089858483,0ecaa5967403d082aa24f35e1b516d23) [PhysX] Initialized MultithreadedTaskDispatcher with 20 workers.
 -> (artifact id: 'aac9f736c2f2d39481afcf501326a903') in 0.008053 seconds
Number of updated asset objects reloaded before import = 0
Number of asset objects unloaded after import = 3
========================================================================
Received Import Request.
  Time since last request: 0.000015 seconds.
  path: Assets/Resources/7489.dat.png
  artifactKey: Guid(9f4587b75c514479b8a4a51cded9372b) Importer(2089858483,0ecaa5967403d082aa24f35e1b516d23)
Start importing Assets/Resources/7489.dat.png using Guid(9f4587b75c514479b8a4a51cded9372b) Importer(2089858483,0ecaa5967403d082aa24f35e1b516d23) [PhysX] Initialized MultithreadedTaskDispatcher with 20 workers.
 -> (artifact id: '324d7f19ed6ece0169675fd2d973008a') in 0.006420 seconds
Number of updated asset objects reloaded before import = 0
Number of asset objects unloaded after import = 3
========================================================================
Received Import Request.
  Time since last request: 0.000014 seconds.
  path: Assets/Resources/建筑模型/步兵营/2.prefab
  artifactKey: Guid(be0bcbb36ebb477992d637e1d132196d) Importer(2089858483,0ecaa5967403d082aa24f35e1b516d23)
Start importing Assets/Resources/建筑模型/步兵营/2.prefab using Guid(be0bcbb36ebb477992d637e1d132196d) Importer(2089858483,0ecaa5967403d082aa24f35e1b516d23) [PhysX] Initialized MultithreadedTaskDispatcher with 20 workers.
 -> (artifact id: 'dffc3a2a17459a97392f3cb4c3aedd51') in 0.002973 seconds
Number of updated asset objects reloaded before import = 0
Number of asset objects unloaded after import = 9
========================================================================
Received Import Request.
  Time since last request: 0.000012 seconds.
  path: Assets/Scripts/城池信息库类.cs
  artifactKey: Guid(82c7a6f1c66b1fe0d9ed5ba04fdee4e0) Importer(2089858483,0ecaa5967403d082aa24f35e1b516d23)
Start importing Assets/Scripts/城池信息库类.cs using Guid(82c7a6f1c66b1fe0d9ed5ba04fdee4e0) Importer(2089858483,0ecaa5967403d082aa24f35e1b516d23) [PhysX] Initialized MultithreadedTaskDispatcher with 20 workers.
 -> (artifact id: '4069d4772abbb4e4c2ae3ac89238b817') in 0.025603 seconds
Number of updated asset objects reloaded before import = 0
Number of asset objects unloaded after import = 1
========================================================================
Received Import Request.
  Time since last request: 0.000019 seconds.
  path: Assets/Resources/建筑头像/书院/4.png
  artifactKey: Guid(ce0ae826e6e145f98178bf934e63aba3) Importer(2089858483,0ecaa5967403d082aa24f35e1b516d23)
Start importing Assets/Resources/建筑头像/书院/4.png using Guid(ce0ae826e6e145f98178bf934e63aba3) Importer(2089858483,0ecaa5967403d082aa24f35e1b516d23) [PhysX] Initialized MultithreadedTaskDispatcher with 20 workers.
 -> (artifact id: '9473e897316375b84e6470ed9c959a2f') in 0.024618 seconds
Number of updated asset objects reloaded before import = 0
Number of asset objects unloaded after import = 3
========================================================================
Received Import Request.
  Time since last request: 0.000030 seconds.
  path: Assets/Resources/弓兵_死亡.anim
  artifactKey: Guid(a99244d61da7432584f5db2eba1ff8c7) Importer(2089858483,0ecaa5967403d082aa24f35e1b516d23)
Start importing Assets/Resources/弓兵_死亡.anim using Guid(a99244d61da7432584f5db2eba1ff8c7) Importer(2089858483,0ecaa5967403d082aa24f35e1b516d23) [PhysX] Initialized MultithreadedTaskDispatcher with 20 workers.
 -> (artifact id: '69b160da45cfb4463176b8677f24b29c') in 0.003699 seconds
Number of updated asset objects reloaded before import = 0
Number of asset objects unloaded after import = 1
========================================================================
Received Import Request.
  Time since last request: 0.000034 seconds.
  path: Assets/Resources/将领头像/君王/马云禄.png
  artifactKey: Guid(c3a7959115ec438c8cd8d4e41b3cbcae) Importer(2089858483,0ecaa5967403d082aa24f35e1b516d23)
Start importing Assets/Resources/将领头像/君王/马云禄.png using Guid(c3a7959115ec438c8cd8d4e41b3cbcae) Importer(2089858483,0ecaa5967403d082aa24f35e1b516d23) [PhysX] Initialized MultithreadedTaskDispatcher with 20 workers.
 -> (artifact id: '73e25701a9050d3c1acd6f53819dcd4f') in 0.009809 seconds
Number of updated asset objects reloaded before import = 0
Number of asset objects unloaded after import = 3
========================================================================
Received Import Request.
  Time since last request: 26.035886 seconds.
  path: Assets/Resources/将领头像/名将/典韦.png
  artifactKey: Guid(7d83cda425b2498287df4a13432d229f) Importer(815301076,1909f56bfc062723c751e8b465ee728b)
Start importing Assets/Resources/将领头像/名将/典韦.png using Guid(7d83cda425b2498287df4a13432d229f) Importer(815301076,1909f56bfc062723c751e8b465ee728b) [PhysX] Initialized MultithreadedTaskDispatcher with 20 workers.
[PhysX] Initialized MultithreadedTaskDispatcher with 20 workers.
 -> (artifact id: '44c58ce2a018b1e2507309bd5d91f660') in 0.014350 seconds
Number of updated asset objects reloaded before import = 0
Number of asset objects unloaded after import = 3
========================================================================
Received Import Request.
  Time since last request: 0.001583 seconds.
  path: Assets/Resources/将领头像/名将/庞统.png
  artifactKey: Guid(fee06277102d4066b5d2dd368dc39acd) Importer(815301076,1909f56bfc062723c751e8b465ee728b)
Start importing Assets/Resources/将领头像/名将/庞统.png using Guid(fee06277102d4066b5d2dd368dc39acd) Importer(815301076,1909f56bfc062723c751e8b465ee728b) [PhysX] Initialized MultithreadedTaskDispatcher with 20 workers.
[PhysX] Initialized MultithreadedTaskDispatcher with 20 workers.
 -> (artifact id: 'd8b439dc12e5f7aac9869ca7ef424a5a') in 0.011182 seconds
Number of updated asset objects reloaded before import = 0
Number of asset objects unloaded after import = 3
========================================================================
Received Import Request.
  Time since last request: 0.000015 seconds.
  path: Assets/Resources/将领头像/名将/周瑜.png
  artifactKey: Guid(05d1b710d166412c822a9e41d2a35e77) Importer(815301076,1909f56bfc062723c751e8b465ee728b)
Start importing Assets/Resources/将领头像/名将/周瑜.png using Guid(05d1b710d166412c822a9e41d2a35e77) Importer(815301076,1909f56bfc062723c751e8b465ee728b) [PhysX] Initialized MultithreadedTaskDispatcher with 20 workers.
[PhysX] Initialized MultithreadedTaskDispatcher with 20 workers.
 -> (artifact id: 'b7a97f73bd03eb183a871b4acc8c0c90') in 0.006656 seconds
Number of updated asset objects reloaded before import = 0
Number of asset objects unloaded after import = 3
========================================================================
Received Import Request.
  Time since last request: 0.000014 seconds.
  path: Assets/Resources/将领头像/名将/张辽.png
  artifactKey: Guid(af3a25f61d314253b95cfde0df3ba187) Importer(815301076,1909f56bfc062723c751e8b465ee728b)
Start importing Assets/Resources/将领头像/名将/张辽.png using Guid(af3a25f61d314253b95cfde0df3ba187) Importer(815301076,1909f56bfc062723c751e8b465ee728b) [PhysX] Initialized MultithreadedTaskDispatcher with 20 workers.
[PhysX] Initialized MultithreadedTaskDispatcher with 20 workers.
 -> (artifact id: 'e9dc597095c0b7a328155b7bc3da0e80') in 0.007658 seconds
Number of updated asset objects reloaded before import = 0
Number of asset objects unloaded after import = 3
========================================================================
Received Import Request.
  Time since last request: 0.000013 seconds.
  path: Assets/Resources/将领头像/名将/普通名将.png
  artifactKey: Guid(8beb01ea2f4945a8b47b9a606bfef81d) Importer(815301076,1909f56bfc062723c751e8b465ee728b)
Start importing Assets/Resources/将领头像/名将/普通名将.png using Guid(8beb01ea2f4945a8b47b9a606bfef81d) Importer(815301076,1909f56bfc062723c751e8b465ee728b) [PhysX] Initialized MultithreadedTaskDispatcher with 20 workers.
[PhysX] Initialized MultithreadedTaskDispatcher with 20 workers.
 -> (artifact id: '78d4bde9973a184da7c42463e3157005') in 0.006781 seconds
Number of updated asset objects reloaded before import = 0
Number of asset objects unloaded after import = 3
========================================================================
Received Import Request.
  Time since last request: 0.000013 seconds.
  path: Assets/Resources/将领头像/名将/庞德.png
  artifactKey: Guid(9894dd23302145f3b23313e30d63dd34) Importer(815301076,1909f56bfc062723c751e8b465ee728b)
Start importing Assets/Resources/将领头像/名将/庞德.png using Guid(9894dd23302145f3b23313e30d63dd34) Importer(815301076,1909f56bfc062723c751e8b465ee728b) [PhysX] Initialized MultithreadedTaskDispatcher with 20 workers.
[PhysX] Initialized MultithreadedTaskDispatcher with 20 workers.
 -> (artifact id: 'b144d81328e9b0488a3d871a977660bc') in 0.006520 seconds
Number of updated asset objects reloaded before import = 0
Number of asset objects unloaded after import = 3
========================================================================
Received Import Request.
  Time since last request: 0.000013 seconds.
  path: Assets/Resources/将领头像/名将/徐晃.png
  artifactKey: Guid(5ac976e249034cb2a8cde8b3320e91f3) Importer(815301076,1909f56bfc062723c751e8b465ee728b)
Start importing Assets/Resources/将领头像/名将/徐晃.png using Guid(5ac976e249034cb2a8cde8b3320e91f3) Importer(815301076,1909f56bfc062723c751e8b465ee728b) [PhysX] Initialized MultithreadedTaskDispatcher with 20 workers.
[PhysX] Initialized MultithreadedTaskDispatcher with 20 workers.
 -> (artifact id: 'fdf5a4e7fa15e0307d2a9ec8ff494d07') in 0.012745 seconds
Number of updated asset objects reloaded before import = 0
Number of asset objects unloaded after import = 3
========================================================================
Received Import Request.
  Time since last request: 0.000015 seconds.
  path: Assets/Resources/将领头像/名将/祝融夫人.png
  artifactKey: Guid(f3035c7b077c4e9fb36274a9ca9eb1e2) Importer(815301076,1909f56bfc062723c751e8b465ee728b)
Start importing Assets/Resources/将领头像/名将/祝融夫人.png using Guid(f3035c7b077c4e9fb36274a9ca9eb1e2) Importer(815301076,1909f56bfc062723c751e8b465ee728b) [PhysX] Initialized MultithreadedTaskDispatcher with 20 workers.
[PhysX] Initialized MultithreadedTaskDispatcher with 20 workers.
 -> (artifact id: '1c5f05365d49a2db09cdbd8ff0f28ee5') in 0.013086 seconds
Number of updated asset objects reloaded before import = 0
Number of asset objects unloaded after import = 3
========================================================================
Received Import Request.
  Time since last request: 0.000018 seconds.
  path: Assets/Resources/将领头像/名将/华雄.png
  artifactKey: Guid(a6597b0df76d41098fae8a6294c6a9f4) Importer(815301076,1909f56bfc062723c751e8b465ee728b)
Start importing Assets/Resources/将领头像/名将/华雄.png using Guid(a6597b0df76d41098fae8a6294c6a9f4) Importer(815301076,1909f56bfc062723c751e8b465ee728b) [PhysX] Initialized MultithreadedTaskDispatcher with 20 workers.
[PhysX] Initialized MultithreadedTaskDispatcher with 20 workers.
 -> (artifact id: '06343b0bbf3890e369a8c39ae2ef155b') in 0.008092 seconds
Number of updated asset objects reloaded before import = 0
Number of asset objects unloaded after import = 3
========================================================================
Received Import Request.
  Time since last request: 0.000013 seconds.
  path: Assets/Resources/将领头像/名将/小乔.png
  artifactKey: Guid(d270bd51b15c46a994c8e0b98f10345c) Importer(815301076,1909f56bfc062723c751e8b465ee728b)
Start importing Assets/Resources/将领头像/名将/小乔.png using Guid(d270bd51b15c46a994c8e0b98f10345c) Importer(815301076,1909f56bfc062723c751e8b465ee728b) [PhysX] Initialized MultithreadedTaskDispatcher with 20 workers.
[PhysX] Initialized MultithreadedTaskDispatcher with 20 workers.
 -> (artifact id: '850e25056f1e463108717777c432f406') in 0.007689 seconds
Number of updated asset objects reloaded before import = 0
Number of asset objects unloaded after import = 3
========================================================================
Received Import Request.
  Time since last request: 0.000014 seconds.
  path: Assets/Resources/将领头像/名将/姜维.png
  artifactKey: Guid(422dc0b74e374de7aa0617bbe25f303d) Importer(815301076,1909f56bfc062723c751e8b465ee728b)
Start importing Assets/Resources/将领头像/名将/姜维.png using Guid(422dc0b74e374de7aa0617bbe25f303d) Importer(815301076,1909f56bfc062723c751e8b465ee728b) [PhysX] Initialized MultithreadedTaskDispatcher with 20 workers.
[PhysX] Initialized MultithreadedTaskDispatcher with 20 workers.
 -> (artifact id: 'df439cd28aa764f597316b7981819f79') in 0.007101 seconds
Number of updated asset objects reloaded before import = 0
Number of asset objects unloaded after import = 3
========================================================================
Received Import Request.
  Time since last request: 0.000013 seconds.
  path: Assets/Resources/将领头像/名将/太史慈.png
  artifactKey: Guid(485ae772d2374f8eb74a8353143846ec) Importer(815301076,1909f56bfc062723c751e8b465ee728b)
Start importing Assets/Resources/将领头像/名将/太史慈.png using Guid(485ae772d2374f8eb74a8353143846ec) Importer(815301076,1909f56bfc062723c751e8b465ee728b) [PhysX] Initialized MultithreadedTaskDispatcher with 20 workers.
[PhysX] Initialized MultithreadedTaskDispatcher with 20 workers.
 -> (artifact id: '955d4ccf04cc02e548aeeb6a871336bb') in 0.006054 seconds
Number of updated asset objects reloaded before import = 0
Number of asset objects unloaded after import = 3
========================================================================
Received Import Request.
  Time since last request: 0.000013 seconds.
  path: Assets/Resources/将领头像/名将/蔡文姬.png
  artifactKey: Guid(15536a4ed5da4b4b924623c16cfea944) Importer(815301076,1909f56bfc062723c751e8b465ee728b)
Start importing Assets/Resources/将领头像/名将/蔡文姬.png using Guid(15536a4ed5da4b4b924623c16cfea944) Importer(815301076,1909f56bfc062723c751e8b465ee728b) [PhysX] Initialized MultithreadedTaskDispatcher with 20 workers.
[PhysX] Initialized MultithreadedTaskDispatcher with 20 workers.
 -> (artifact id: '492be2246ce8f56df1af63a62cbd9272') in 0.011936 seconds
Number of updated asset objects reloaded before import = 0
Number of asset objects unloaded after import = 3
========================================================================
Received Import Request.
  Time since last request: 0.000014 seconds.
  path: Assets/Resources/将领头像/名将/甘宁.png
  artifactKey: Guid(d501ecbad4e9462aa96fa7f800585727) Importer(815301076,1909f56bfc062723c751e8b465ee728b)
Start importing Assets/Resources/将领头像/名将/甘宁.png using Guid(d501ecbad4e9462aa96fa7f800585727) Importer(815301076,1909f56bfc062723c751e8b465ee728b) [PhysX] Initialized MultithreadedTaskDispatcher with 20 workers.
[PhysX] Initialized MultithreadedTaskDispatcher with 20 workers.
 -> (artifact id: 'ac93c0eda1c5a20698a9645ad123de62') in 0.007464 seconds
Number of updated asset objects reloaded before import = 0
Number of asset objects unloaded after import = 3
========================================================================
Received Import Request.
  Time since last request: 0.000013 seconds.
  path: Assets/Resources/将领头像/名将/李典.png
  artifactKey: Guid(93317cb2d63e458ebf13cf26a66ebbc7) Importer(815301076,1909f56bfc062723c751e8b465ee728b)
Start importing Assets/Resources/将领头像/名将/李典.png using Guid(93317cb2d63e458ebf13cf26a66ebbc7) Importer(815301076,1909f56bfc062723c751e8b465ee728b) [PhysX] Initialized MultithreadedTaskDispatcher with 20 workers.
[PhysX] Initialized MultithreadedTaskDispatcher with 20 workers.
 -> (artifact id: '81f52324c63df4a812624e1ddf4bc1a5') in 0.006773 seconds
Number of updated asset objects reloaded before import = 0
Number of asset objects unloaded after import = 3
========================================================================
Received Import Request.
  Time since last request: 0.000013 seconds.
  path: Assets/Resources/将领头像/名将/夏侯惇.png
  artifactKey: Guid(1dfadb0714014b81bee34c1066f8f4b3) Importer(815301076,1909f56bfc062723c751e8b465ee728b)
Start importing Assets/Resources/将领头像/名将/夏侯惇.png using Guid(1dfadb0714014b81bee34c1066f8f4b3) Importer(815301076,1909f56bfc062723c751e8b465ee728b) [PhysX] Initialized MultithreadedTaskDispatcher with 20 workers.
[PhysX] Initialized MultithreadedTaskDispatcher with 20 workers.
 -> (artifact id: 'eca2858ef9a75e33139181f7e3a807a3') in 0.007140 seconds
Number of updated asset objects reloaded before import = 0
Number of asset objects unloaded after import = 3
========================================================================
Received Import Request.
  Time since last request: 3.016951 seconds.
  path: Assets/Resources/将领头像/名将/许褚.png
  artifactKey: Guid(da9e224de23c49fc88af3e6a86754959) Importer(815301076,1909f56bfc062723c751e8b465ee728b)
Start importing Assets/Resources/将领头像/名将/许褚.png using Guid(da9e224de23c49fc88af3e6a86754959) Importer(815301076,1909f56bfc062723c751e8b465ee728b) [PhysX] Initialized MultithreadedTaskDispatcher with 20 workers.
[PhysX] Initialized MultithreadedTaskDispatcher with 20 workers.
 -> (artifact id: '211004b6351a0cadbb521f9da2ce5f58') in 0.023773 seconds
Number of updated asset objects reloaded before import = 0
Number of asset objects unloaded after import = 3
========================================================================
Received Import Request.
  Time since last request: 0.000015 seconds.
  path: Assets/Resources/将领头像/名将/诸葛亮.png
  artifactKey: Guid(0269c45e05c442f189bdd6318d031655) Importer(815301076,1909f56bfc062723c751e8b465ee728b)
Start importing Assets/Resources/将领头像/名将/诸葛亮.png using Guid(0269c45e05c442f189bdd6318d031655) Importer(815301076,1909f56bfc062723c751e8b465ee728b) [PhysX] Initialized MultithreadedTaskDispatcher with 20 workers.
[PhysX] Initialized MultithreadedTaskDispatcher with 20 workers.
 -> (artifact id: '61c7569defc48430cabfdb24ccee4d14') in 0.012074 seconds
Number of updated asset objects reloaded before import = 0
Number of asset objects unloaded after import = 3
========================================================================
Received Import Request.
  Time since last request: 0.000017 seconds.
  path: Assets/Resources/将领头像/名将/贾诩.png
  artifactKey: Guid(0308b4e892ca450692dada1d4c0a1d78) Importer(815301076,1909f56bfc062723c751e8b465ee728b)
Start importing Assets/Resources/将领头像/名将/贾诩.png using Guid(0308b4e892ca450692dada1d4c0a1d78) Importer(815301076,1909f56bfc062723c751e8b465ee728b) [PhysX] Initialized MultithreadedTaskDispatcher with 20 workers.
[PhysX] Initialized MultithreadedTaskDispatcher with 20 workers.
 -> (artifact id: '4da3b800adf1f3c3558edb2a49c51988') in 0.006579 seconds
Number of updated asset objects reloaded before import = 0
Number of asset objects unloaded after import = 3
========================================================================
Received Import Request.
  Time since last request: 0.000154 seconds.
  path: Assets/Resources/将领头像/名将/赵云.png
  artifactKey: Guid(73f65404f75f42e9bf3b89da81169b91) Importer(815301076,1909f56bfc062723c751e8b465ee728b)
Start importing Assets/Resources/将领头像/名将/赵云.png using Guid(73f65404f75f42e9bf3b89da81169b91) Importer(815301076,1909f56bfc062723c751e8b465ee728b) [PhysX] Initialized MultithreadedTaskDispatcher with 20 workers.
[PhysX] Initialized MultithreadedTaskDispatcher with 20 workers.
 -> (artifact id: '989e5ee5742d578fa291aedf79f62e86') in 0.006544 seconds
Number of updated asset objects reloaded before import = 0
Number of asset objects unloaded after import = 3
========================================================================
Received Import Request.
  Time since last request: 0.533397 seconds.
  path: Assets/Resources/将领头像/名将/马岱.png
  artifactKey: Guid(1273ad2dd3c54cc69974a01338968329) Importer(815301076,1909f56bfc062723c751e8b465ee728b)
Start importing Assets/Resources/将领头像/名将/马岱.png using Guid(1273ad2dd3c54cc69974a01338968329) Importer(815301076,1909f56bfc062723c751e8b465ee728b) [PhysX] Initialized MultithreadedTaskDispatcher with 20 workers.
[PhysX] Initialized MultithreadedTaskDispatcher with 20 workers.
 -> (artifact id: '4c9ce80cacbba0c32faae1278d440f2a') in 0.021891 seconds
Number of updated asset objects reloaded before import = 0
Number of asset objects unloaded after import = 3
========================================================================
Received Import Request.
  Time since last request: 0.000014 seconds.
  path: Assets/Resources/将领头像/名将/马超.png
  artifactKey: Guid(466470ece29b434d897151b7f15e7f40) Importer(815301076,1909f56bfc062723c751e8b465ee728b)
Start importing Assets/Resources/将领头像/名将/马超.png using Guid(466470ece29b434d897151b7f15e7f40) Importer(815301076,1909f56bfc062723c751e8b465ee728b) [PhysX] Initialized MultithreadedTaskDispatcher with 20 workers.
[PhysX] Initialized MultithreadedTaskDispatcher with 20 workers.
 -> (artifact id: '81faf53a018347c72cd687742fc1b8d9') in 0.012111 seconds
Number of updated asset objects reloaded before import = 0
Number of asset objects unloaded after import = 3
========================================================================
Received Import Request.
  Time since last request: 0.000014 seconds.
  path: Assets/Resources/将领头像/名将/魏延.png
  artifactKey: Guid(ad0713dda0ef45df8ae0a93253f15c1c) Importer(815301076,1909f56bfc062723c751e8b465ee728b)
Start importing Assets/Resources/将领头像/名将/魏延.png using Guid(ad0713dda0ef45df8ae0a93253f15c1c) Importer(815301076,1909f56bfc062723c751e8b465ee728b) [PhysX] Initialized MultithreadedTaskDispatcher with 20 workers.
[PhysX] Initialized MultithreadedTaskDispatcher with 20 workers.
 -> (artifact id: 'e431d7914643222006b534899759c250') in 0.007152 seconds
Number of updated asset objects reloaded before import = 0
Number of asset objects unloaded after import = 3
========================================================================
Received Import Request.
  Time since last request: 0.000012 seconds.
  path: Assets/Resources/将领头像/名将/黄忠.png
  artifactKey: Guid(76e221059463449593ef33cb8511224a) Importer(815301076,1909f56bfc062723c751e8b465ee728b)
Start importing Assets/Resources/将领头像/名将/黄忠.png using Guid(76e221059463449593ef33cb8511224a) Importer(815301076,1909f56bfc062723c751e8b465ee728b) [PhysX] Initialized MultithreadedTaskDispatcher with 20 workers.
[PhysX] Initialized MultithreadedTaskDispatcher with 20 workers.
 -> (artifact id: '172fc4c77e372a233d72352e873fb449') in 0.008705 seconds
Number of updated asset objects reloaded before import = 0
Number of asset objects unloaded after import = 3
========================================================================
Received Import Request.
  Time since last request: 5.836988 seconds.
  path: Assets/Resources/将领头像/尊将/尊·刘备.png
  artifactKey: Guid(8cd8e4877bec41f0b8dfa4370819b0d9) Importer(815301076,1909f56bfc062723c751e8b465ee728b)
Start importing Assets/Resources/将领头像/尊将/尊·刘备.png using Guid(8cd8e4877bec41f0b8dfa4370819b0d9) Importer(815301076,1909f56bfc062723c751e8b465ee728b) [PhysX] Initialized MultithreadedTaskDispatcher with 20 workers.
[PhysX] Initialized MultithreadedTaskDispatcher with 20 workers.
 -> (artifact id: '490763909c8eb80a43b999bcdc035efa') in 0.008277 seconds
Number of updated asset objects reloaded before import = 0
Number of asset objects unloaded after import = 3
========================================================================
Received Import Request.
  Time since last request: 0.000017 seconds.
  path: Assets/Resources/将领头像/尊将/尊·献帝.png
  artifactKey: Guid(daa11102d2be407fafa31934f2196ad7) Importer(815301076,1909f56bfc062723c751e8b465ee728b)
Start importing Assets/Resources/将领头像/尊将/尊·献帝.png using Guid(daa11102d2be407fafa31934f2196ad7) Importer(815301076,1909f56bfc062723c751e8b465ee728b) [PhysX] Initialized MultithreadedTaskDispatcher with 20 workers.
[PhysX] Initialized MultithreadedTaskDispatcher with 20 workers.
 -> (artifact id: '8febcdabf19112e8e92c8c9340e8a356') in 0.014201 seconds
Number of updated asset objects reloaded before import = 0
Number of asset objects unloaded after import = 3
========================================================================
Received Import Request.
  Time since last request: 0.000014 seconds.
  path: Assets/Resources/将领头像/尊将/尊·曹操.png
  artifactKey: Guid(1cdc228b31bb4627aafebdd48c8aa653) Importer(815301076,1909f56bfc062723c751e8b465ee728b)
Start importing Assets/Resources/将领头像/尊将/尊·曹操.png using Guid(1cdc228b31bb4627aafebdd48c8aa653) Importer(815301076,1909f56bfc062723c751e8b465ee728b) [PhysX] Initialized MultithreadedTaskDispatcher with 20 workers.
[PhysX] Initialized MultithreadedTaskDispatcher with 20 workers.
 -> (artifact id: '740fdef78343899bb3c10db70cf60098') in 0.006960 seconds
Number of updated asset objects reloaded before import = 0
Number of asset objects unloaded after import = 3
========================================================================
Received Import Request.
  Time since last request: 0.000017 seconds.
  path: Assets/Resources/将领头像/尊将/尊·袁绍.png
  artifactKey: Guid(0fd0241fa43945fd8b29d3395134b7ea) Importer(815301076,1909f56bfc062723c751e8b465ee728b)
Start importing Assets/Resources/将领头像/尊将/尊·袁绍.png using Guid(0fd0241fa43945fd8b29d3395134b7ea) Importer(815301076,1909f56bfc062723c751e8b465ee728b) [PhysX] Initialized MultithreadedTaskDispatcher with 20 workers.
[PhysX] Initialized MultithreadedTaskDispatcher with 20 workers.
 -> (artifact id: '3b181c9651246a59db46597ab37ef341') in 0.006332 seconds
Number of updated asset objects reloaded before import = 0
Number of asset objects unloaded after import = 3
========================================================================
Received Import Request.
  Time since last request: 0.000013 seconds.
  path: Assets/Resources/将领头像/尊将/尊·董卓.png
  artifactKey: Guid(e7dc580e7b22471dbd6f41d28739bc19) Importer(815301076,1909f56bfc062723c751e8b465ee728b)
Start importing Assets/Resources/将领头像/尊将/尊·董卓.png using Guid(e7dc580e7b22471dbd6f41d28739bc19) Importer(815301076,1909f56bfc062723c751e8b465ee728b) [PhysX] Initialized MultithreadedTaskDispatcher with 20 workers.
[PhysX] Initialized MultithreadedTaskDispatcher with 20 workers.
 -> (artifact id: '43d8b8f43697f3f7c4ddc1a47af18794') in 0.006344 seconds
Number of updated asset objects reloaded before import = 0
Number of asset objects unloaded after import = 3
========================================================================
Received Import Request.
  Time since last request: 0.000013 seconds.
  path: Assets/Resources/将领头像/尊将/尊·庞统.png
  artifactKey: Guid(7028abe412d844468a992c12989d4b8d) Importer(815301076,1909f56bfc062723c751e8b465ee728b)
Start importing Assets/Resources/将领头像/尊将/尊·庞统.png using Guid(7028abe412d844468a992c12989d4b8d) Importer(815301076,1909f56bfc062723c751e8b465ee728b) [PhysX] Initialized MultithreadedTaskDispatcher with 20 workers.
[PhysX] Initialized MultithreadedTaskDispatcher with 20 workers.
 -> (artifact id: '289f4cacc60950dc986abbd411eeb892') in 0.006960 seconds
Number of updated asset objects reloaded before import = 0
Number of asset objects unloaded after import = 3
========================================================================
Received Import Request.
  Time since last request: 0.000012 seconds.
  path: Assets/Resources/将领头像/尊将/尊·鲍三娘.png
  artifactKey: Guid(98b05d97ed4743928db17be9f462c99d) Importer(815301076,1909f56bfc062723c751e8b465ee728b)
Start importing Assets/Resources/将领头像/尊将/尊·鲍三娘.png using Guid(98b05d97ed4743928db17be9f462c99d) Importer(815301076,1909f56bfc062723c751e8b465ee728b) [PhysX] Initialized MultithreadedTaskDispatcher with 20 workers.
[PhysX] Initialized MultithreadedTaskDispatcher with 20 workers.
 -> (artifact id: '03c8f64ef8e8e3e995c438b69e2ecbfd') in 0.007514 seconds
Number of updated asset objects reloaded before import = 0
Number of asset objects unloaded after import = 3
========================================================================
Received Import Request.
  Time since last request: 0.000023 seconds.
  path: Assets/Resources/将领头像/尊将/尊·孙权.png
  artifactKey: Guid(27b532692fa24feeba76b2b5c6ea2343) Importer(815301076,1909f56bfc062723c751e8b465ee728b)
Start importing Assets/Resources/将领头像/尊将/尊·孙权.png using Guid(27b532692fa24feeba76b2b5c6ea2343) Importer(815301076,1909f56bfc062723c751e8b465ee728b) [PhysX] Initialized MultithreadedTaskDispatcher with 20 workers.
[PhysX] Initialized MultithreadedTaskDispatcher with 20 workers.
 -> (artifact id: 'f6b5ebccbb66726bfb5be82361eb8381') in 0.009630 seconds
Number of updated asset objects reloaded before import = 0
Number of asset objects unloaded after import = 3
========================================================================
Received Import Request.
  Time since last request: 0.000014 seconds.
  path: Assets/Resources/将领头像/尊将/尊·貂蝉.png
  artifactKey: Guid(97eb9cb4ad584eab9ee8a3f2400273a6) Importer(815301076,1909f56bfc062723c751e8b465ee728b)
Start importing Assets/Resources/将领头像/尊将/尊·貂蝉.png using Guid(97eb9cb4ad584eab9ee8a3f2400273a6) Importer(815301076,1909f56bfc062723c751e8b465ee728b) [PhysX] Initialized MultithreadedTaskDispatcher with 20 workers.
[PhysX] Initialized MultithreadedTaskDispatcher with 20 workers.
 -> (artifact id: 'd268e20174a665846084ea163e10f069') in 0.006828 seconds
Number of updated asset objects reloaded before import = 0
Number of asset objects unloaded after import = 3
========================================================================
Received Import Request.
  Time since last request: 0.000012 seconds.
  path: Assets/Resources/将领头像/尊将/尊·小乔.png
  artifactKey: Guid(efab08f686f340099c73a68f65f64db8) Importer(815301076,1909f56bfc062723c751e8b465ee728b)
Start importing Assets/Resources/将领头像/尊将/尊·小乔.png using Guid(efab08f686f340099c73a68f65f64db8) Importer(815301076,1909f56bfc062723c751e8b465ee728b) [PhysX] Initialized MultithreadedTaskDispatcher with 20 workers.
[PhysX] Initialized MultithreadedTaskDispatcher with 20 workers.
 -> (artifact id: '43efae7686a4584e4752c2596366bf0e') in 0.008177 seconds
Number of updated asset objects reloaded before import = 0
Number of asset objects unloaded after import = 3
========================================================================
Received Import Request.
  Time since last request: 0.000013 seconds.
  path: Assets/Resources/将领头像/尊将/尊·周瑜.png
  artifactKey: Guid(d53b3c240ed54b5996a07b704b5a821e) Importer(815301076,1909f56bfc062723c751e8b465ee728b)
Start importing Assets/Resources/将领头像/尊将/尊·周瑜.png using Guid(d53b3c240ed54b5996a07b704b5a821e) Importer(815301076,1909f56bfc062723c751e8b465ee728b) [PhysX] Initialized MultithreadedTaskDispatcher with 20 workers.
[PhysX] Initialized MultithreadedTaskDispatcher with 20 workers.
 -> (artifact id: '5e830ee64a8c86820d01641efb75cb6b') in 0.006160 seconds
Number of updated asset objects reloaded before import = 0
Number of asset objects unloaded after import = 3
========================================================================
Received Import Request.
  Time since last request: 4.988241 seconds.
  path: Assets/Resources/将领头像/战将/战·吕布.png
  artifactKey: Guid(1dd39d7a699144faab6a9e2cd86ece97) Importer(815301076,1909f56bfc062723c751e8b465ee728b)
Start importing Assets/Resources/将领头像/战将/战·吕布.png using Guid(1dd39d7a699144faab6a9e2cd86ece97) Importer(815301076,1909f56bfc062723c751e8b465ee728b) [PhysX] Initialized MultithreadedTaskDispatcher with 20 workers.
[PhysX] Initialized MultithreadedTaskDispatcher with 20 workers.
 -> (artifact id: 'e4904dd1d1f0d4fa637639490a382b07') in 0.019285 seconds
Number of updated asset objects reloaded before import = 0
Number of asset objects unloaded after import = 3
========================================================================
Received Import Request.
  Time since last request: 0.000021 seconds.
  path: Assets/Resources/将领头像/战将/战·许子将.png
  artifactKey: Guid(f7faff70096a44679b01442cd999a5e4) Importer(815301076,1909f56bfc062723c751e8b465ee728b)
Start importing Assets/Resources/将领头像/战将/战·许子将.png using Guid(f7faff70096a44679b01442cd999a5e4) Importer(815301076,1909f56bfc062723c751e8b465ee728b) [PhysX] Initialized MultithreadedTaskDispatcher with 20 workers.
[PhysX] Initialized MultithreadedTaskDispatcher with 20 workers.
 -> (artifact id: '24699cf6392c83b2d86652b8b4294ad8') in 0.015986 seconds
Number of updated asset objects reloaded before import = 0
Number of asset objects unloaded after import = 3
========================================================================
Received Import Request.
  Time since last request: 0.000024 seconds.
  path: Assets/Resources/将领头像/战将/战·周瑜.png
  artifactKey: Guid(86bf7acd2c84446484a6dc90a56e88cf) Importer(815301076,1909f56bfc062723c751e8b465ee728b)
Start importing Assets/Resources/将领头像/战将/战·周瑜.png using Guid(86bf7acd2c84446484a6dc90a56e88cf) Importer(815301076,1909f56bfc062723c751e8b465ee728b) [PhysX] Initialized MultithreadedTaskDispatcher with 20 workers.
[PhysX] Initialized MultithreadedTaskDispatcher with 20 workers.
 -> (artifact id: '1e577757fb9ed8898ade3fa842c7edca') in 0.007541 seconds
Number of updated asset objects reloaded before import = 0
Number of asset objects unloaded after import = 3
========================================================================
Received Import Request.
  Time since last request: 0.708467 seconds.
  path: Assets/Resources/将领头像/普通/优秀男将.png
  artifactKey: Guid(7aafc605b6694d599b9886f8d29080a6) Importer(815301076,1909f56bfc062723c751e8b465ee728b)
Start importing Assets/Resources/将领头像/普通/优秀男将.png using Guid(7aafc605b6694d599b9886f8d29080a6) Importer(815301076,1909f56bfc062723c751e8b465ee728b) [PhysX] Initialized MultithreadedTaskDispatcher with 20 workers.
[PhysX] Initialized MultithreadedTaskDispatcher with 20 workers.
 -> (artifact id: '23a85b3a34fee48d03bf8fcdf87b5852') in 0.008398 seconds
Number of updated asset objects reloaded before import = 0
Number of asset objects unloaded after import = 3
========================================================================
Received Import Request.
  Time since last request: 0.000014 seconds.
  path: Assets/Resources/将领头像/普通/良好男将.png
  artifactKey: Guid(7b284feb8f9a449a9fa7c1b010977cd1) Importer(815301076,1909f56bfc062723c751e8b465ee728b)
Start importing Assets/Resources/将领头像/普通/良好男将.png using Guid(7b284feb8f9a449a9fa7c1b010977cd1) Importer(815301076,1909f56bfc062723c751e8b465ee728b) [PhysX] Initialized MultithreadedTaskDispatcher with 20 workers.
[PhysX] Initialized MultithreadedTaskDispatcher with 20 workers.
 -> (artifact id: '1e743ecdca662731832b28ed66a05c1b') in 0.009944 seconds
Number of updated asset objects reloaded before import = 0
Number of asset objects unloaded after import = 3
========================================================================
Received Import Request.
  Time since last request: 0.000016 seconds.
  path: Assets/Resources/将领头像/普通/普通名将男.png
  artifactKey: Guid(5fddb41dd1864384894a4d64049e559b) Importer(815301076,1909f56bfc062723c751e8b465ee728b)
Start importing Assets/Resources/将领头像/普通/普通名将男.png using Guid(5fddb41dd1864384894a4d64049e559b) Importer(815301076,1909f56bfc062723c751e8b465ee728b) [PhysX] Initialized MultithreadedTaskDispatcher with 20 workers.
[PhysX] Initialized MultithreadedTaskDispatcher with 20 workers.
 -> (artifact id: 'ee8a1a85d172043e81d8a2bd624edb44') in 0.006544 seconds
Number of updated asset objects reloaded before import = 0
Number of asset objects unloaded after import = 3
========================================================================
Received Import Request.
  Time since last request: 0.000012 seconds.
  path: Assets/Resources/将领头像/普通/卓越女将.png
  artifactKey: Guid(d95635b1170640bd8936bf272b11fb70) Importer(815301076,1909f56bfc062723c751e8b465ee728b)
Start importing Assets/Resources/将领头像/普通/卓越女将.png using Guid(d95635b1170640bd8936bf272b11fb70) Importer(815301076,1909f56bfc062723c751e8b465ee728b) [PhysX] Initialized MultithreadedTaskDispatcher with 20 workers.
[PhysX] Initialized MultithreadedTaskDispatcher with 20 workers.
 -> (artifact id: 'c8eff79ef22152d75833c84ba8a64c32') in 0.008561 seconds
Number of updated asset objects reloaded before import = 0
Number of asset objects unloaded after import = 3
========================================================================
Received Import Request.
  Time since last request: 0.000012 seconds.
  path: Assets/Resources/将领头像/普通/普通男将.png
  artifactKey: Guid(e5e3ee93f63342f09f91a01cecce18dd) Importer(815301076,1909f56bfc062723c751e8b465ee728b)
Start importing Assets/Resources/将领头像/普通/普通男将.png using Guid(e5e3ee93f63342f09f91a01cecce18dd) Importer(815301076,1909f56bfc062723c751e8b465ee728b) [PhysX] Initialized MultithreadedTaskDispatcher with 20 workers.
[PhysX] Initialized MultithreadedTaskDispatcher with 20 workers.
 -> (artifact id: '2d53f3a56d1336eddcf70148978c3219') in 0.005778 seconds
Number of updated asset objects reloaded before import = 0
Number of asset objects unloaded after import = 3
========================================================================
Received Import Request.
  Time since last request: 1.288271 seconds.
  path: Assets/Resources/将领头像/禧将/禧·花鬘.png
  artifactKey: Guid(a34da95b224949efb4a614b12cfa161d) Importer(815301076,1909f56bfc062723c751e8b465ee728b)
Start importing Assets/Resources/将领头像/禧将/禧·花鬘.png using Guid(a34da95b224949efb4a614b12cfa161d) Importer(815301076,1909f56bfc062723c751e8b465ee728b) [PhysX] Initialized MultithreadedTaskDispatcher with 20 workers.
[PhysX] Initialized MultithreadedTaskDispatcher with 20 workers.
 -> (artifact id: '07cec548951bab5f8ec443fb221f98b1') in 0.020931 seconds
Number of updated asset objects reloaded before import = 0
Number of asset objects unloaded after import = 3
========================================================================
Received Import Request.
  Time since last request: 0.000016 seconds.
  path: Assets/Resources/将领头像/禧将/禧·黄舞蝶.png
  artifactKey: Guid(0ceb56f0bf384433b60702557b62f968) Importer(815301076,1909f56bfc062723c751e8b465ee728b)
Start importing Assets/Resources/将领头像/禧将/禧·黄舞蝶.png using Guid(0ceb56f0bf384433b60702557b62f968) Importer(815301076,1909f56bfc062723c751e8b465ee728b) [PhysX] Initialized MultithreadedTaskDispatcher with 20 workers.
[PhysX] Initialized MultithreadedTaskDispatcher with 20 workers.
 -> (artifact id: 'e0ed3190fc7b6eb255f5f9e3f10da56b') in 0.013193 seconds
Number of updated asset objects reloaded before import = 0
Number of asset objects unloaded after import = 3
========================================================================
Received Import Request.
  Time since last request: 18.260498 seconds.
  path: Assets/Resources/将领头像/君王/公孙瓒.png
  artifactKey: Guid(44f0ffd334244021a606b3634ec9acad) Importer(815301076,1909f56bfc062723c751e8b465ee728b)
Start importing Assets/Resources/将领头像/君王/公孙瓒.png using Guid(44f0ffd334244021a606b3634ec9acad) Importer(815301076,1909f56bfc062723c751e8b465ee728b) [PhysX] Initialized MultithreadedTaskDispatcher with 20 workers.
[PhysX] Initialized MultithreadedTaskDispatcher with 20 workers.
 -> (artifact id: '6f6c546df233f712dbff1fc25482c607') in 0.010372 seconds
Number of updated asset objects reloaded before import = 0
Number of asset objects unloaded after import = 3
========================================================================
Received Import Request.
  Time since last request: 0.000018 seconds.
  path: Assets/Resources/将领头像/君王/献帝.png
  artifactKey: Guid(4f5209f4679848948b5e85c13d97c977) Importer(815301076,1909f56bfc062723c751e8b465ee728b)
Start importing Assets/Resources/将领头像/君王/献帝.png using Guid(4f5209f4679848948b5e85c13d97c977) Importer(815301076,1909f56bfc062723c751e8b465ee728b) [PhysX] Initialized MultithreadedTaskDispatcher with 20 workers.
[PhysX] Initialized MultithreadedTaskDispatcher with 20 workers.
 -> (artifact id: '0d196978d86c74c37557367af7cf1f01') in 0.019805 seconds
Number of updated asset objects reloaded before import = 0
Number of asset objects unloaded after import = 3
========================================================================
Received Import Request.
  Time since last request: 0.000013 seconds.
  path: Assets/Resources/将领头像/君王/吕玲绮.png
  artifactKey: Guid(aefcf0bd4e69415ab2b1022cc0b7a98d) Importer(815301076,1909f56bfc062723c751e8b465ee728b)
Start importing Assets/Resources/将领头像/君王/吕玲绮.png using Guid(aefcf0bd4e69415ab2b1022cc0b7a98d) Importer(815301076,1909f56bfc062723c751e8b465ee728b) [PhysX] Initialized MultithreadedTaskDispatcher with 20 workers.
[PhysX] Initialized MultithreadedTaskDispatcher with 20 workers.
 -> (artifact id: '9b8b1b7b0d9a1156bdede293944f1da3') in 0.009718 seconds
Number of updated asset objects reloaded before import = 0
Number of asset objects unloaded after import = 3
========================================================================
Received Import Request.
  Time since last request: 0.000015 seconds.
  path: Assets/Resources/将领头像/君王/孟获.png
  artifactKey: Guid(6c1a0c3737c649e9afab9102c6008dfb) Importer(815301076,1909f56bfc062723c751e8b465ee728b)
Start importing Assets/Resources/将领头像/君王/孟获.png using Guid(6c1a0c3737c649e9afab9102c6008dfb) Importer(815301076,1909f56bfc062723c751e8b465ee728b) [PhysX] Initialized MultithreadedTaskDispatcher with 20 workers.
[PhysX] Initialized MultithreadedTaskDispatcher with 20 workers.
 -> (artifact id: 'b8f02d0e7652d5a8ceb40b1fd66b0329') in 0.011897 seconds
Number of updated asset objects reloaded before import = 0
Number of asset objects unloaded after import = 3
========================================================================
Received Import Request.
  Time since last request: 0.000013 seconds.
  path: Assets/Resources/将领头像/君王/鲍三娘.png
  artifactKey: Guid(81f8516c0c1c46358037119fb47acde9) Importer(815301076,1909f56bfc062723c751e8b465ee728b)
Start importing Assets/Resources/将领头像/君王/鲍三娘.png using Guid(81f8516c0c1c46358037119fb47acde9) Importer(815301076,1909f56bfc062723c751e8b465ee728b) [PhysX] Initialized MultithreadedTaskDispatcher with 20 workers.
[PhysX] Initialized MultithreadedTaskDispatcher with 20 workers.
 -> (artifact id: '60b6c246154e3cf6c96f0da2ab9c03ea') in 0.018734 seconds
Number of updated asset objects reloaded before import = 0
Number of asset objects unloaded after import = 3
========================================================================
Received Import Request.
  Time since last request: 0.000013 seconds.
  path: Assets/Resources/将领头像/君王/卞夫人.png
  artifactKey: Guid(0a1c3c9d421e4a9f912b5aff2ef04cd3) Importer(815301076,1909f56bfc062723c751e8b465ee728b)
Start importing Assets/Resources/将领头像/君王/卞夫人.png using Guid(0a1c3c9d421e4a9f912b5aff2ef04cd3) Importer(815301076,1909f56bfc062723c751e8b465ee728b) [PhysX] Initialized MultithreadedTaskDispatcher with 20 workers.
[PhysX] Initialized MultithreadedTaskDispatcher with 20 workers.
 -> (artifact id: 'fda6720372d052cefe826a9791cd8ebf') in 0.009364 seconds
Number of updated asset objects reloaded before import = 0
Number of asset objects unloaded after import = 3
========================================================================
Received Import Request.
  Time since last request: 0.000022 seconds.
  path: Assets/Resources/将领头像/君王/刘表.png
  artifactKey: Guid(569260c6d7c64f658047094a03a07778) Importer(815301076,1909f56bfc062723c751e8b465ee728b)
Start importing Assets/Resources/将领头像/君王/刘表.png using Guid(569260c6d7c64f658047094a03a07778) Importer(815301076,1909f56bfc062723c751e8b465ee728b) [PhysX] Initialized MultithreadedTaskDispatcher with 20 workers.
[PhysX] Initialized MultithreadedTaskDispatcher with 20 workers.
 -> (artifact id: 'cd7e83de0937552dab94d4f174c32a18') in 0.007230 seconds
Number of updated asset objects reloaded before import = 0
Number of asset objects unloaded after import = 3
========================================================================
Received Import Request.
  Time since last request: 0.000014 seconds.
  path: Assets/Resources/将领头像/君王/孙权.png
  artifactKey: Guid(7c3c70e45bc4483888df56172dc26c1c) Importer(815301076,1909f56bfc062723c751e8b465ee728b)
Start importing Assets/Resources/将领头像/君王/孙权.png using Guid(7c3c70e45bc4483888df56172dc26c1c) Importer(815301076,1909f56bfc062723c751e8b465ee728b) [PhysX] Initialized MultithreadedTaskDispatcher with 20 workers.
[PhysX] Initialized MultithreadedTaskDispatcher with 20 workers.
 -> (artifact id: 'c320b81dc11417eecd4bf45dcb9fe1c2') in 0.006664 seconds
Number of updated asset objects reloaded before import = 0
Number of asset objects unloaded after import = 3
========================================================================
Received Import Request.
  Time since last request: 0.000012 seconds.
  path: Assets/Resources/将领头像/君王/袁绍.png
  artifactKey: Guid(1ca32d0e9e984de7ac35929ebff6d131) Importer(815301076,1909f56bfc062723c751e8b465ee728b)
Start importing Assets/Resources/将领头像/君王/袁绍.png using Guid(1ca32d0e9e984de7ac35929ebff6d131) Importer(815301076,1909f56bfc062723c751e8b465ee728b) [PhysX] Initialized MultithreadedTaskDispatcher with 20 workers.
[PhysX] Initialized MultithreadedTaskDispatcher with 20 workers.
 -> (artifact id: '537d3c89bd73097c7f150015e5e96577') in 0.007548 seconds
Number of updated asset objects reloaded before import = 0
Number of asset objects unloaded after import = 3
========================================================================
Received Import Request.
  Time since last request: 0.000013 seconds.
  path: Assets/Resources/将领头像/君王/步练师.png
  artifactKey: Guid(dcbd5d6a91ef48e2a24ee912d38171d4) Importer(815301076,1909f56bfc062723c751e8b465ee728b)
Start importing Assets/Resources/将领头像/君王/步练师.png using Guid(dcbd5d6a91ef48e2a24ee912d38171d4) Importer(815301076,1909f56bfc062723c751e8b465ee728b) [PhysX] Initialized MultithreadedTaskDispatcher with 20 workers.
[PhysX] Initialized MultithreadedTaskDispatcher with 20 workers.
 -> (artifact id: '336679600ab82ed1db2700001c2956d0') in 0.015196 seconds
Number of updated asset objects reloaded before import = 0
Number of asset objects unloaded after import = 3
========================================================================
Received Import Request.
  Time since last request: 0.000015 seconds.
  path: Assets/Resources/将领头像/君王/董白.png
  artifactKey: Guid(e6417bb077264fb290276074eaed8bc4) Importer(815301076,1909f56bfc062723c751e8b465ee728b)
Start importing Assets/Resources/将领头像/君王/董白.png using Guid(e6417bb077264fb290276074eaed8bc4) Importer(815301076,1909f56bfc062723c751e8b465ee728b) [PhysX] Initialized MultithreadedTaskDispatcher with 20 workers.
[PhysX] Initialized MultithreadedTaskDispatcher with 20 workers.
 -> (artifact id: '6a5fed4b13f197913e3b9661e6d2de82') in 0.005847 seconds
Number of updated asset objects reloaded before import = 0
Number of asset objects unloaded after import = 3
========================================================================
Received Import Request.
  Time since last request: 0.000012 seconds.
  path: Assets/Resources/将领头像/君王/刘备.png
  artifactKey: Guid(19306e4ecd944b16a50fc470d7599497) Importer(815301076,1909f56bfc062723c751e8b465ee728b)
Start importing Assets/Resources/将领头像/君王/刘备.png using Guid(19306e4ecd944b16a50fc470d7599497) Importer(815301076,1909f56bfc062723c751e8b465ee728b) [PhysX] Initialized MultithreadedTaskDispatcher with 20 workers.
[PhysX] Initialized MultithreadedTaskDispatcher with 20 workers.
 -> (artifact id: '0b97660235774951535ce640edaf727f') in 0.007470 seconds
Number of updated asset objects reloaded before import = 0
Number of asset objects unloaded after import = 3
========================================================================
Received Import Request.
  Time since last request: 0.000012 seconds.
  path: Assets/Resources/将领头像/君王/邹夫人.png
  artifactKey: Guid(48a3cf9989b44a3c8b084eec0b85bd05) Importer(815301076,1909f56bfc062723c751e8b465ee728b)
Start importing Assets/Resources/将领头像/君王/邹夫人.png using Guid(48a3cf9989b44a3c8b084eec0b85bd05) Importer(815301076,1909f56bfc062723c751e8b465ee728b) [PhysX] Initialized MultithreadedTaskDispatcher with 20 workers.
[PhysX] Initialized MultithreadedTaskDispatcher with 20 workers.
 -> (artifact id: '0d9067493c9cb873aea0242ced5bf708') in 0.007702 seconds
Number of updated asset objects reloaded before import = 0
Number of asset objects unloaded after import = 3
========================================================================
Received Import Request.
  Time since last request: 0.000013 seconds.
  path: Assets/Resources/将领头像/君王/袁术.png
  artifactKey: Guid(72ec45001c564dfbbf5b8b3fb7a8cd21) Importer(815301076,1909f56bfc062723c751e8b465ee728b)
Start importing Assets/Resources/将领头像/君王/袁术.png using Guid(72ec45001c564dfbbf5b8b3fb7a8cd21) Importer(815301076,1909f56bfc062723c751e8b465ee728b) [PhysX] Initialized MultithreadedTaskDispatcher with 20 workers.
[PhysX] Initialized MultithreadedTaskDispatcher with 20 workers.
 -> (artifact id: '742a6825daa2bb64f4e266cc5545fd4a') in 0.016288 seconds
Number of updated asset objects reloaded before import = 0
Number of asset objects unloaded after import = 3
========================================================================
Received Import Request.
  Time since last request: 0.000014 seconds.
  path: Assets/Resources/将领头像/君王/黄舞蝶.png
  artifactKey: Guid(e2984cd2b1504de7bab83e257cb96b9f) Importer(815301076,1909f56bfc062723c751e8b465ee728b)
Start importing Assets/Resources/将领头像/君王/黄舞蝶.png using Guid(e2984cd2b1504de7bab83e257cb96b9f) Importer(815301076,1909f56bfc062723c751e8b465ee728b) [PhysX] Initialized MultithreadedTaskDispatcher with 20 workers.
[PhysX] Initialized MultithreadedTaskDispatcher with 20 workers.
 -> (artifact id: 'c61712b4a2a4018924bb8c5e6ab075a9') in 0.008231 seconds
Number of updated asset objects reloaded before import = 0
Number of asset objects unloaded after import = 3
========================================================================
Received Import Request.
  Time since last request: 0.000009 seconds.
  path: Assets/Resources/将领头像/君王/诸葛果.png
  artifactKey: Guid(f527425a354e4fa58839446d4a7f5508) Importer(815301076,1909f56bfc062723c751e8b465ee728b)
Start importing Assets/Resources/将领头像/君王/诸葛果.png using Guid(f527425a354e4fa58839446d4a7f5508) Importer(815301076,1909f56bfc062723c751e8b465ee728b) [PhysX] Initialized MultithreadedTaskDispatcher with 20 workers.
[PhysX] Initialized MultithreadedTaskDispatcher with 20 workers.
 -> (artifact id: '500e60a46f7ac5f442b5eebc60ca0efd') in 0.006397 seconds
Number of updated asset objects reloaded before import = 0
Number of asset objects unloaded after import = 3
========================================================================
Received Import Request.
  Time since last request: 27.156264 seconds.
  path: Assets/Resources/装备图片/帝王冕.png
  artifactKey: Guid(fcffcf4af8e042e1925a103435572285) Importer(815301076,1909f56bfc062723c751e8b465ee728b)
Start importing Assets/Resources/装备图片/帝王冕.png using Guid(fcffcf4af8e042e1925a103435572285) Importer(815301076,1909f56bfc062723c751e8b465ee728b) [PhysX] Initialized MultithreadedTaskDispatcher with 20 workers.
[PhysX] Initialized MultithreadedTaskDispatcher with 20 workers.
 -> (artifact id: '6a2c3b82752e263745cd077b9876d09c') in 0.030689 seconds
Number of updated asset objects reloaded before import = 0
Number of asset objects unloaded after import = 3
========================================================================
Received Import Request.
  Time since last request: 0.000015 seconds.
  path: Assets/Resources/装备图片/帝王剑.png
  artifactKey: Guid(53432e02934344e0a702186150c8d7dd) Importer(815301076,1909f56bfc062723c751e8b465ee728b)
Start importing Assets/Resources/装备图片/帝王剑.png using Guid(53432e02934344e0a702186150c8d7dd) Importer(815301076,1909f56bfc062723c751e8b465ee728b) [PhysX] Initialized MultithreadedTaskDispatcher with 20 workers.
[PhysX] Initialized MultithreadedTaskDispatcher with 20 workers.
 -> (artifact id: 'f819358c26cba71dcb99121bc6652694') in 0.008064 seconds
Number of updated asset objects reloaded before import = 0
Number of asset objects unloaded after import = 3
========================================================================
Received Import Request.
  Time since last request: 38.406469 seconds.
  path: Assets/Materials/Font Material.mat
  artifactKey: Guid(a7bc6d1dffce4d30bcbd2717ff6cf3d6) Importer(815301076,1909f56bfc062723c751e8b465ee728b)
Start importing Assets/Materials/Font Material.mat using Guid(a7bc6d1dffce4d30bcbd2717ff6cf3d6) Importer(815301076,1909f56bfc062723c751e8b465ee728b) [PhysX] Initialized MultithreadedTaskDispatcher with 20 workers.
[PhysX] Initialized MultithreadedTaskDispatcher with 20 workers.
 -> (artifact id: 'd566841bb78b35d505ae97abd348c104') in 0.024400 seconds
Number of updated asset objects reloaded before import = 0
Number of asset objects unloaded after import = 1
========================================================================
Received Import Request.
  Time since last request: 0.000024 seconds.
  path: Assets/Materials/战斗界面兵力数字.mat
  artifactKey: Guid(707742c4aa9a4c03bbecd4153eb52416) Importer(815301076,1909f56bfc062723c751e8b465ee728b)
Start importing Assets/Materials/战斗界面兵力数字.mat using Guid(707742c4aa9a4c03bbecd4153eb52416) Importer(815301076,1909f56bfc062723c751e8b465ee728b) [PhysX] Initialized MultithreadedTaskDispatcher with 20 workers.
[PhysX] Initialized MultithreadedTaskDispatcher with 20 workers.
 -> (artifact id: '6a30b60e9206b9a96b403b7804669338') in 0.012222 seconds
Number of updated asset objects reloaded before import = 0
Number of asset objects unloaded after import = 2
========================================================================
Received Import Request.
  Time since last request: 0.000015 seconds.
  path: Assets/Materials/强化等级.mat
  artifactKey: Guid(21969e980ade4793921c7261ccb68507) Importer(815301076,1909f56bfc062723c751e8b465ee728b)
Start importing Assets/Materials/强化等级.mat using Guid(21969e980ade4793921c7261ccb68507) Importer(815301076,1909f56bfc062723c751e8b465ee728b) [PhysX] Initialized MultithreadedTaskDispatcher with 20 workers.
[PhysX] Initialized MultithreadedTaskDispatcher with 20 workers.
 -> (artifact id: 'f1acb9d2508e27ec3026093898af8e51') in 0.006878 seconds
Number of updated asset objects reloaded before import = 0
Number of asset objects unloaded after import = 2
========================================================================
Received Import Request.
  Time since last request: 0.000016 seconds.
  path: Assets/Materials/将领等级数字.mat
  artifactKey: Guid(185a4e20391f4634a6c4dfb12a0f67c3) Importer(815301076,1909f56bfc062723c751e8b465ee728b)
Start importing Assets/Materials/将领等级数字.mat using Guid(185a4e20391f4634a6c4dfb12a0f67c3) Importer(815301076,1909f56bfc062723c751e8b465ee728b) [PhysX] Initialized MultithreadedTaskDispatcher with 20 workers.
[PhysX] Initialized MultithreadedTaskDispatcher with 20 workers.
 -> (artifact id: '21a7965883e49645013a9cd22662fcd0') in 0.005363 seconds
Number of updated asset objects reloaded before import = 0
Number of asset objects unloaded after import = 2
========================================================================
Received Import Request.
  Time since last request: 0.000015 seconds.
  path: Assets/Materials/铜钱数字.mat
  artifactKey: Guid(3ac10cee2d4d47e7a3debdb1e5f36d83) Importer(815301076,1909f56bfc062723c751e8b465ee728b)
Start importing Assets/Materials/铜钱数字.mat using Guid(3ac10cee2d4d47e7a3debdb1e5f36d83) Importer(815301076,1909f56bfc062723c751e8b465ee728b) [PhysX] Initialized MultithreadedTaskDispatcher with 20 workers.
[PhysX] Initialized MultithreadedTaskDispatcher with 20 workers.
 -> (artifact id: 'b6684c9b7e44b630e5f4bbf3752799df') in 0.009584 seconds
Number of updated asset objects reloaded before import = 0
Number of asset objects unloaded after import = 2
========================================================================
Received Import Request.
  Time since last request: 0.000018 seconds.
  path: Assets/Materials/Sprites-Default.mat
  artifactKey: Guid(04c8d2935be146b7aa6203ef9be9fe0b) Importer(815301076,1909f56bfc062723c751e8b465ee728b)
Start importing Assets/Materials/Sprites-Default.mat using Guid(04c8d2935be146b7aa6203ef9be9fe0b) Importer(815301076,1909f56bfc062723c751e8b465ee728b) [PhysX] Initialized MultithreadedTaskDispatcher with 20 workers.
[PhysX] Initialized MultithreadedTaskDispatcher with 20 workers.
 -> (artifact id: 'be8379ebae185a7cdf95ebeb1df53f73') in 0.007840 seconds
Number of updated asset objects reloaded before import = 0
Number of asset objects unloaded after import = 1
========================================================================
Received Prepare
Begin MonoManager ReloadAssembly
Symbol file LoadedFromMemory is not a mono symbol file
- Loaded All Assemblies, in  0.423 seconds
Refreshing native plugins compatible for Editor in 5.11 ms, found 3 plugins.
Native extension for WindowsStandalone target not found
Native extension for Android target not found
[Package Manager] Server::EnsureServerProcessIsRunning -- launch failed, reason: Unity was launched with the -noUpm command-line argument
[Package Manager] UpmClient::Send -- Unable to send message (not connected to UPM process).
[Package Manager] Cannot connect to Unity Package Manager local server
Mono: successfully reloaded assembly
- Finished resetting the current domain, in  0.689 seconds
Domain Reload Profiling: 1103ms
	BeginReloadAssembly (146ms)
		ExecutionOrderSort (0ms)
		DisableScriptedObjects (3ms)
		BackupInstance (0ms)
		ReleaseScriptingObjects (0ms)
		CreateAndSetChildDomain (24ms)
	RebuildCommonClasses (23ms)
	RebuildNativeTypeToScriptingClass (7ms)
	initialDomainReloadingComplete (40ms)
	LoadAllAssembliesAndSetupDomain (198ms)
		LoadAssemblies (276ms)
		RebuildTransferFunctionScriptingTraits (0ms)
		AnalyzeDomain (10ms)
			TypeCache.Refresh (5ms)
				TypeCache.ScanAssembly (0ms)
			ScanForSourceGeneratedMonoScriptInfo (0ms)
			ResolveRequiredComponents (4ms)
	FinalizeReload (689ms)
		ReleaseScriptCaches (0ms)
		RebuildScriptCaches (0ms)
		SetupLoadedEditorAssemblies (308ms)
			LogAssemblyErrors (0ms)
			InitializePlatformSupportModulesInManaged (28ms)
			SetLoadedEditorAssemblies (3ms)
			RefreshPlugins (0ms)
			BeforeProcessingInitializeOnLoad (54ms)
			ProcessInitializeOnLoadAttributes (185ms)
			ProcessInitializeOnLoadMethodAttributes (16ms)
			AfterProcessingInitializeOnLoad (22ms)
			EditorAssembliesLoaded (0ms)
		ExecutionOrderSort2 (0ms)
		AwakeInstancesAfterBackupRestoration (11ms)
Refreshing native plugins compatible for Editor in 5.01 ms, found 3 plugins.
Preloading 0 native plugins for Editor in 0.00 ms.
Unloading 3123 Unused Serialized files (Serialized files now loaded: 0)
Unloading 34 unused Assets / (34.9 KB). Loaded Objects now: 3798.
Memory consumption went from 131.5 MB to 131.5 MB.
Total: 1.923500 ms (FindLiveObjects: 0.189000 ms CreateObjectMapping: 0.069900 ms MarkObjects: 1.618800 ms  DeleteObjects: 0.044700 ms)

Prepare: number of updated asset objects reloaded= 0
AssetImportParameters requested are different than current active one (requested -> active):
  custom:container-demuxer-ogg: 62fdf1f143b41e24485cea50d1cbac27 -> 
  custom:video-codec-MediaFoundation-h265: 746d11721c4dcdbdad8f713fa42b33f4 -> 
  custom:video-decoder-ogg-theora: a1e56fd34408186e4bbccfd4996cb3dc -> 
  custom:framework-win-MediaFoundation: 216162199b28c13a410421893ffa2e32 -> 
  custom:CustomObjectIndexerAttribute: 9a22284fe3817be447336de3de66b15e -> 
  custom:container-demuxer-webm: 4f35f7cbe854078d1ac9338744f61a02 -> 
  custom:container-muxer-webm: aa71ff27fc2769a1b78a27578f13a17b -> 
  custom:video-decoder-webm-vp8: 9c59270c3fd7afecdb556c50c9e8de78 -> 
  custom:SearchIndexIgnoredProperties: e643bd26f0fe6173181afceb89e7c659 -> 
  custom:AudioImporter_EditorPlatform: d09bf68614088b80899f8185d706f6e7 -> 
  custom:video-encoder-webm-vp8: eb34c28f22e8b96e1ab97ce403110664 -> 
  custom:audio-decoder-ogg-vorbis: bf7c407c2cedff20999df2af8eb42d56 -> 
  custom:audio-encoder-webm-vorbis: bf7c407c2cedff20999df2af8eb42d56 -> 
========================================================================
Received Import Request.
  Time since last request: 165.061252 seconds.
  path: Assets/Font/将领等级数字.ttf
  artifactKey: Guid(3da8f7b260ef4251b89da21329ad3432) Importer(815301076,1909f56bfc062723c751e8b465ee728b)
Start importing Assets/Font/将领等级数字.ttf using Guid(3da8f7b260ef4251b89da21329ad3432) Importer(815301076,1909f56bfc062723c751e8b465ee728b) [PhysX] Initialized MultithreadedTaskDispatcher with 20 workers.
 -> (artifact id: 'a59039e4a1373b82fe52198600f79ebd') in 0.009123 seconds
Number of updated asset objects reloaded before import = 0
Number of asset objects unloaded after import = 1
========================================================================
Received Import Request.
  Time since last request: 260.204395 seconds.
  path: Assets/Font/将领等级数字.ttf
  artifactKey: Guid(3da8f7b260ef4251b89da21329ad3432) Importer(815301076,1909f56bfc062723c751e8b465ee728b)
Start importing Assets/Font/将领等级数字.ttf using Guid(3da8f7b260ef4251b89da21329ad3432) Importer(815301076,1909f56bfc062723c751e8b465ee728b) [PhysX] Initialized MultithreadedTaskDispatcher with 20 workers.
[PhysX] Initialized MultithreadedTaskDispatcher with 20 workers.
[PhysX] Initialized MultithreadedTaskDispatcher with 20 workers.
 -> (artifact id: 'ce745d4c45a4b76fb5da64c4932a8f8b') in 0.063299 seconds
Number of updated asset objects reloaded before import = 0
Number of asset objects unloaded after import = 4
========================================================================
Received Import Request.
  Time since last request: 0.000021 seconds.
  path: Assets/Font/铜钱数字.ttf
  artifactKey: Guid(301602b75b79471db7e74fc037e873d7) Importer(815301076,1909f56bfc062723c751e8b465ee728b)
Start importing Assets/Font/铜钱数字.ttf using Guid(301602b75b79471db7e74fc037e873d7) Importer(815301076,1909f56bfc062723c751e8b465ee728b) [PhysX] Initialized MultithreadedTaskDispatcher with 20 workers.
[PhysX] Initialized MultithreadedTaskDispatcher with 20 workers.
[PhysX] Initialized MultithreadedTaskDispatcher with 20 workers.
 -> (artifact id: '38907b23b5f0ab7d795f504b7615ab9c') in 0.013415 seconds
Number of updated asset objects reloaded before import = 0
Number of asset objects unloaded after import = 4
========================================================================
Received Import Request.
  Time since last request: 0.000031 seconds.
  path: Assets/Font/战斗界面时间数字.ttf
  artifactKey: Guid(786c63451df3475885d9053a46d884a3) Importer(815301076,1909f56bfc062723c751e8b465ee728b)
Start importing Assets/Font/战斗界面时间数字.ttf using Guid(786c63451df3475885d9053a46d884a3) Importer(815301076,1909f56bfc062723c751e8b465ee728b) [PhysX] Initialized MultithreadedTaskDispatcher with 20 workers.
[PhysX] Initialized MultithreadedTaskDispatcher with 20 workers.
[PhysX] Initialized MultithreadedTaskDispatcher with 20 workers.
 -> (artifact id: '91cec49c7a2ed06453772462bbea8d76') in 0.028668 seconds
Number of updated asset objects reloaded before import = 0
Number of asset objects unloaded after import = 4
========================================================================
Received Import Request.
  Time since last request: 66.529186 seconds.
  path: Assets/Resources/将领信息预制件/伤害显示预制件.prefab
  artifactKey: Guid(d9c6f51634ab4d1aaf43f21304f38496) Importer(815301076,1909f56bfc062723c751e8b465ee728b)
Start importing Assets/Resources/将领信息预制件/伤害显示预制件.prefab using Guid(d9c6f51634ab4d1aaf43f21304f38496) Importer(815301076,1909f56bfc062723c751e8b465ee728b) [PhysX] Initialized MultithreadedTaskDispatcher with 20 workers.
 -> (artifact id: 'a4b59fcf73aed5cef5ac1ed89ad6139c') in 0.010630 seconds
Number of updated asset objects reloaded before import = 0
Number of asset objects unloaded after import = 13
========================================================================
Received Import Request.
  Time since last request: 0.000015 seconds.
  path: Assets/Resources/将领信息预制件/将领黄星.prefab
  artifactKey: Guid(9b5d18b083be46f198ed052282ce4891) Importer(815301076,1909f56bfc062723c751e8b465ee728b)
Start importing Assets/Resources/将领信息预制件/将领黄星.prefab using Guid(9b5d18b083be46f198ed052282ce4891) Importer(815301076,1909f56bfc062723c751e8b465ee728b) [PhysX] Initialized MultithreadedTaskDispatcher with 20 workers.
[PhysX] Initialized MultithreadedTaskDispatcher with 20 workers.
 -> (artifact id: 'c9a5f06623f7076636a9ee3f000dbdc2') in 0.019289 seconds
Number of updated asset objects reloaded before import = 0
Number of asset objects unloaded after import = 8
========================================================================
Received Import Request.
  Time since last request: 0.000015 seconds.
  path: Assets/Resources/将领信息预制件/新科技_闪.png
  artifactKey: Guid(234ffc2c94e14289a64abb7ab5748d3a) Importer(815301076,1909f56bfc062723c751e8b465ee728b)
Start importing Assets/Resources/将领信息预制件/新科技_闪.png using Guid(234ffc2c94e14289a64abb7ab5748d3a) Importer(815301076,1909f56bfc062723c751e8b465ee728b) [PhysX] Initialized MultithreadedTaskDispatcher with 20 workers.
[PhysX] Initialized MultithreadedTaskDispatcher with 20 workers.
 -> (artifact id: '81864ff69c43d44c47c9af2049f0b885') in 0.082622 seconds
Number of updated asset objects reloaded before import = 0
Number of asset objects unloaded after import = 11
========================================================================
Received Import Request.
  Time since last request: 0.000032 seconds.
  path: Assets/Resources/将领信息预制件/打击动画.png
  artifactKey: Guid(0e11e6ea17194810ac31fa069da16421) Importer(815301076,1909f56bfc062723c751e8b465ee728b)
Start importing Assets/Resources/将领信息预制件/打击动画.png using Guid(0e11e6ea17194810ac31fa069da16421) Importer(815301076,1909f56bfc062723c751e8b465ee728b) [PhysX] Initialized MultithreadedTaskDispatcher with 20 workers.
[PhysX] Initialized MultithreadedTaskDispatcher with 20 workers.
 -> (artifact id: '6414cf76e29491fcafa667acc2356d1e') in 0.045352 seconds
Number of updated asset objects reloaded before import = 0
Number of asset objects unloaded after import = 6
========================================================================
Received Import Request.
  Time since last request: 0.000023 seconds.
  path: Assets/Resources/将领信息预制件/挡预制件.prefab
  artifactKey: Guid(17a0e057b8e84f0aa6fdf92369da9257) Importer(815301076,1909f56bfc062723c751e8b465ee728b)
Start importing Assets/Resources/将领信息预制件/挡预制件.prefab using Guid(17a0e057b8e84f0aa6fdf92369da9257) Importer(815301076,1909f56bfc062723c751e8b465ee728b) [PhysX] Initialized MultithreadedTaskDispatcher with 20 workers.
 -> (artifact id: '6b4b60779dc8875f3bcb94d814299412') in 0.001684 seconds
Number of updated asset objects reloaded before import = 0
Number of asset objects unloaded after import = 7
========================================================================
Received Import Request.
  Time since last request: 0.000013 seconds.
  path: Assets/Resources/将领信息预制件/闪预制件.prefab
  artifactKey: Guid(12fd4e433ccd4df6bc2e72e004a27e45) Importer(815301076,1909f56bfc062723c751e8b465ee728b)
Start importing Assets/Resources/将领信息预制件/闪预制件.prefab using Guid(12fd4e433ccd4df6bc2e72e004a27e45) Importer(815301076,1909f56bfc062723c751e8b465ee728b) [PhysX] Initialized MultithreadedTaskDispatcher with 20 workers.
 -> (artifact id: '4575ef32c7c3b5db8710e6bcad6a258b') in 0.002025 seconds
Number of updated asset objects reloaded before import = 0
Number of asset objects unloaded after import = 7
========================================================================
Received Import Request.
  Time since last request: 0.000013 seconds.
  path: Assets/Resources/将领信息预制件/打击特效预制件.prefab
  artifactKey: Guid(7239b1c29b094534aed331b61d5ef011) Importer(815301076,1909f56bfc062723c751e8b465ee728b)
Start importing Assets/Resources/将领信息预制件/打击特效预制件.prefab using Guid(7239b1c29b094534aed331b61d5ef011) Importer(815301076,1909f56bfc062723c751e8b465ee728b) [PhysX] Initialized MultithreadedTaskDispatcher with 20 workers.
 -> (artifact id: 'aa364ba61f55d4c3eedca3cd85c9f1f1') in 0.001422 seconds
Number of updated asset objects reloaded before import = 0
Number of asset objects unloaded after import = 6
========================================================================
Received Import Request.
  Time since last request: 0.000010 seconds.
  path: Assets/Resources/将领信息预制件/将领阴影.prefab
  artifactKey: Guid(b08b1e5536ce4d9ba80acec66d2eaaa6) Importer(815301076,1909f56bfc062723c751e8b465ee728b)
Start importing Assets/Resources/将领信息预制件/将领阴影.prefab using Guid(b08b1e5536ce4d9ba80acec66d2eaaa6) Importer(815301076,1909f56bfc062723c751e8b465ee728b) [PhysX] Initialized MultithreadedTaskDispatcher with 20 workers.
[PhysX] Initialized MultithreadedTaskDispatcher with 20 workers.
 -> (artifact id: '864065f8953cf7b85c11385a57fd4205') in 0.005041 seconds
Number of updated asset objects reloaded before import = 0
Number of asset objects unloaded after import = 8
========================================================================
Received Import Request.
  Time since last request: 40.496831 seconds.
  path: Assets/Resources/等级数字.ttf
  artifactKey: Guid(0669c19ef30a48b396b72adf2b7e30eb) Importer(815301076,1909f56bfc062723c751e8b465ee728b)
Start importing Assets/Resources/等级数字.ttf using Guid(0669c19ef30a48b396b72adf2b7e30eb) Importer(815301076,1909f56bfc062723c751e8b465ee728b) [PhysX] Initialized MultithreadedTaskDispatcher with 20 workers.
 -> (artifact id: '64ffa74cf15b82878a28e765bccecadb') in 0.001107 seconds
Number of updated asset objects reloaded before import = 0
Number of asset objects unloaded after import = 1
========================================================================
Received Import Request.
  Time since last request: 0.000035 seconds.
  path: Assets/Resources/血条背景.png
  artifactKey: Guid(2f9d7869fd2c4b1686a2d3dfd4116288) Importer(815301076,1909f56bfc062723c751e8b465ee728b)
Start importing Assets/Resources/血条背景.png using Guid(2f9d7869fd2c4b1686a2d3dfd4116288) Importer(815301076,1909f56bfc062723c751e8b465ee728b) [PhysX] Initialized MultithreadedTaskDispatcher with 20 workers.
[PhysX] Initialized MultithreadedTaskDispatcher with 20 workers.
 -> (artifact id: '152a667a1c371bc1644f8fc40e670190') in 0.015708 seconds
Number of updated asset objects reloaded before import = 0
Number of asset objects unloaded after import = 3
========================================================================
Received Import Request.
  Time since last request: 44.427418 seconds.
  path: Assets/Font/将领等级数字.ttf
  artifactKey: Guid(3da8f7b260ef4251b89da21329ad3432) Importer(815301076,1909f56bfc062723c751e8b465ee728b)
Start importing Assets/Font/将领等级数字.ttf using Guid(3da8f7b260ef4251b89da21329ad3432) Importer(815301076,1909f56bfc062723c751e8b465ee728b) [PhysX] Initialized MultithreadedTaskDispatcher with 20 workers.
[PhysX] Initialized MultithreadedTaskDispatcher with 20 workers.
[PhysX] Initialized MultithreadedTaskDispatcher with 20 workers.
 -> (artifact id: '8b45822fd613b775238682db21dc8848') in 0.020036 seconds
Number of updated asset objects reloaded before import = 0
Number of asset objects unloaded after import = 4
========================================================================
Received Import Request.
  Time since last request: 0.000017 seconds.
  path: Assets/Font/铜钱数字.ttf
  artifactKey: Guid(301602b75b79471db7e74fc037e873d7) Importer(815301076,1909f56bfc062723c751e8b465ee728b)
Start importing Assets/Font/铜钱数字.ttf using Guid(301602b75b79471db7e74fc037e873d7) Importer(815301076,1909f56bfc062723c751e8b465ee728b) [PhysX] Initialized MultithreadedTaskDispatcher with 20 workers.
[PhysX] Initialized MultithreadedTaskDispatcher with 20 workers.
[PhysX] Initialized MultithreadedTaskDispatcher with 20 workers.
 -> (artifact id: 'bcc360ababc8003f8d07646ac06e1486') in 0.021743 seconds
Number of updated asset objects reloaded before import = 0
Number of asset objects unloaded after import = 4
========================================================================
Received Import Request.
  Time since last request: 7.857576 seconds.
  path: Assets/Font/伤害数字.ttf
  artifactKey: Guid(95d44a1438b84e51a287538071bc892c) Importer(815301076,1909f56bfc062723c751e8b465ee728b)
Start importing Assets/Font/伤害数字.ttf using Guid(95d44a1438b84e51a287538071bc892c) Importer(815301076,1909f56bfc062723c751e8b465ee728b) [PhysX] Initialized MultithreadedTaskDispatcher with 20 workers.
[PhysX] Initialized MultithreadedTaskDispatcher with 20 workers.
[PhysX] Initialized MultithreadedTaskDispatcher with 20 workers.
 -> (artifact id: '8c6dee42607e33351057a87b657a944a') in 0.015578 seconds
Number of updated asset objects reloaded before import = 0
Number of asset objects unloaded after import = 4
========================================================================
Received Import Request.
  Time since last request: 0.000016 seconds.
  path: Assets/Font/铜钱数字.ttf
  artifactKey: Guid(301602b75b79471db7e74fc037e873d7) Importer(815301076,1909f56bfc062723c751e8b465ee728b)
Start importing Assets/Font/铜钱数字.ttf using Guid(301602b75b79471db7e74fc037e873d7) Importer(815301076,1909f56bfc062723c751e8b465ee728b) [PhysX] Initialized MultithreadedTaskDispatcher with 20 workers.
[PhysX] Initialized MultithreadedTaskDispatcher with 20 workers.
[PhysX] Initialized MultithreadedTaskDispatcher with 20 workers.
 -> (artifact id: 'afb8d00d20b165b3ccf02741bd5888c2') in 0.029087 seconds
Number of updated asset objects reloaded before import = 0
Number of asset objects unloaded after import = 4
========================================================================
Received Import Request.
  Time since last request: 0.000021 seconds.
  path: Assets/Font/战斗界面时间数字.ttf
  artifactKey: Guid(786c63451df3475885d9053a46d884a3) Importer(815301076,1909f56bfc062723c751e8b465ee728b)
Start importing Assets/Font/战斗界面时间数字.ttf using Guid(786c63451df3475885d9053a46d884a3) Importer(815301076,1909f56bfc062723c751e8b465ee728b) [PhysX] Initialized MultithreadedTaskDispatcher with 20 workers.
[PhysX] Initialized MultithreadedTaskDispatcher with 20 workers.
[PhysX] Initialized MultithreadedTaskDispatcher with 20 workers.
 -> (artifact id: '4b30185635e5646338ebe0092068ca22') in 0.039566 seconds
Number of updated asset objects reloaded before import = 0
Number of asset objects unloaded after import = 4
