Using pre-set license
Built from '2022.3/china_unity/release' branch; Version is '2022.3.34f1c1 (1e17368ca73f) revision 1972022'; Using compiler version '192829333'; Build Type 'Release'
OS: 'Windows 11  (10.0.22621) 64bit Professional' Language: 'zh' Physical Memory: 65349 MB
BatchMode: 1, IsHumanControllingUs: 0, StartBugReporterOnCrash: 0, Is64bit: 1, IsPro: 1

COMMAND LINE ARGUMENTS:
C:\Program Files\Unity\Hub\Editor\2022.3.34f1c1\Editor\Unity.exe
-adb2
-batchMode
-noUpm
-name
AssetImportWorker0
-projectPath
D:/模型下载/dg1
-logFile
Logs/AssetImportWorker0.log
-srvPort
59977
Successfully changed project path to: D:/模型下载/dg1
D:/模型下载/dg1
[UnityMemory] Configuration Parameters - Can be set up in boot.config
    "memorysetup-bucket-allocator-granularity=16"
    "memorysetup-bucket-allocator-bucket-count=8"
    "memorysetup-bucket-allocator-block-size=33554432"
    "memorysetup-bucket-allocator-block-count=8"
    "memorysetup-main-allocator-block-size=16777216"
    "memorysetup-thread-allocator-block-size=16777216"
    "memorysetup-gfx-main-allocator-block-size=16777216"
    "memorysetup-gfx-thread-allocator-block-size=16777216"
    "memorysetup-cache-allocator-block-size=4194304"
    "memorysetup-typetree-allocator-block-size=2097152"
    "memorysetup-profiler-bucket-allocator-granularity=16"
    "memorysetup-profiler-bucket-allocator-bucket-count=8"
    "memorysetup-profiler-bucket-allocator-block-size=33554432"
    "memorysetup-profiler-bucket-allocator-block-count=8"
    "memorysetup-profiler-allocator-block-size=16777216"
    "memorysetup-profiler-editor-allocator-block-size=1048576"
    "memorysetup-temp-allocator-size-main=16777216"
    "memorysetup-job-temp-allocator-block-size=2097152"
    "memorysetup-job-temp-allocator-block-size-background=1048576"
    "memorysetup-job-temp-allocator-reduction-small-platforms=262144"
    "memorysetup-allocator-temp-initial-block-size-main=262144"
    "memorysetup-allocator-temp-initial-block-size-worker=262144"
    "memorysetup-temp-allocator-size-background-worker=32768"
    "memorysetup-temp-allocator-size-job-worker=262144"
    "memorysetup-temp-allocator-size-preload-manager=33554432"
    "memorysetup-temp-allocator-size-nav-mesh-worker=65536"
    "memorysetup-temp-allocator-size-audio-worker=65536"
    "memorysetup-temp-allocator-size-cloud-worker=32768"
    "memorysetup-temp-allocator-size-gi-baking-worker=262144"
    "memorysetup-temp-allocator-size-gfx=262144"
Player connection [25716] Host "[IP] 192.168.0.53 [Port] 0 [Flags] 2 [Guid] 707239023 [EditorId] 707239023 [Version] 1048832 [Id] WindowsEditor(7,HZHD) [Debug] 1 [PackageName] WindowsEditor [ProjectName] Editor" joined multi-casting on [225.0.0.222:54997]...

Player connection [25716] Host "[IP] 192.168.0.53 [Port] 0 [Flags] 2 [Guid] 707239023 [EditorId] 707239023 [Version] 1048832 [Id] WindowsEditor(7,HZHD) [Debug] 1 [PackageName] WindowsEditor [ProjectName] Editor" joined alternative multi-casting on [225.0.0.222:34997]...

[PhysX] Initialized MultithreadedTaskDispatcher with 20 workers.
Refreshing native plugins compatible for Editor in 15.74 ms, found 3 plugins.
Preloading 0 native plugins for Editor in 0.00 ms.
Initialize engine version: 2022.3.34f1c1 (1e17368ca73f)
[Subsystems] Discovering subsystems at path C:/Program Files/Unity/Hub/Editor/2022.3.34f1c1/Editor/Data/Resources/UnitySubsystems
[Subsystems] Discovering subsystems at path D:/模型下载/dg1/Assets
GfxDevice: creating device client; threaded=0; jobified=0
Direct3D:
    Version:  Direct3D 11.0 [level 11.1]
    Renderer: NVIDIA GeForce RTX 4060 Ti (ID=0x2803)
    Vendor:   NVIDIA
    VRAM:     16109 MB
    Driver:   32.0.15.5585
Initialize mono
Mono path[0] = 'C:/Program Files/Unity/Hub/Editor/2022.3.34f1c1/Editor/Data/Managed'
Mono path[1] = 'C:/Program Files/Unity/Hub/Editor/2022.3.34f1c1/Editor/Data/MonoBleedingEdge/lib/mono/unityjit-win32'
Mono config path = 'C:/Program Files/Unity/Hub/Editor/2022.3.34f1c1/Editor/Data/MonoBleedingEdge/etc'
Using monoOptions --debugger-agent=transport=dt_socket,embedding=1,server=y,suspend=n,address=127.0.0.1:56844
Begin MonoManager ReloadAssembly
Registering precompiled unity dll's ...
Register platform support module: C:/Program Files/Unity/Hub/Editor/2022.3.34f1c1/Editor/Data/PlaybackEngines/AndroidPlayer/UnityEditor.Android.Extensions.dll
Register platform support module: C:/Program Files/Unity/Hub/Editor/2022.3.34f1c1/Editor/Data/PlaybackEngines/WindowsStandaloneSupport/UnityEditor.WindowsStandalone.Extensions.dll
Registered in 0.019148 seconds.
- Loaded All Assemblies, in  0.400 seconds
Native extension for WindowsStandalone target not found
Native extension for Android target not found
Android Extension - Scanning For ADB Devices 256 ms
Mono: successfully reloaded assembly
- Finished resetting the current domain, in  0.520 seconds
Domain Reload Profiling: 914ms
	BeginReloadAssembly (140ms)
		ExecutionOrderSort (0ms)
		DisableScriptedObjects (0ms)
		BackupInstance (0ms)
		ReleaseScriptingObjects (0ms)
		CreateAndSetChildDomain (1ms)
	RebuildCommonClasses (33ms)
	RebuildNativeTypeToScriptingClass (7ms)
	initialDomainReloadingComplete (75ms)
	LoadAllAssembliesAndSetupDomain (138ms)
		LoadAssemblies (135ms)
		RebuildTransferFunctionScriptingTraits (0ms)
		AnalyzeDomain (134ms)
			TypeCache.Refresh (133ms)
				TypeCache.ScanAssembly (120ms)
			ScanForSourceGeneratedMonoScriptInfo (0ms)
			ResolveRequiredComponents (1ms)
	FinalizeReload (521ms)
		ReleaseScriptCaches (0ms)
		RebuildScriptCaches (0ms)
		SetupLoadedEditorAssemblies (478ms)
			LogAssemblyErrors (0ms)
			InitializePlatformSupportModulesInManaged (347ms)
			SetLoadedEditorAssemblies (3ms)
			RefreshPlugins (0ms)
			BeforeProcessingInitializeOnLoad (2ms)
			ProcessInitializeOnLoadAttributes (86ms)
			ProcessInitializeOnLoadMethodAttributes (40ms)
			AfterProcessingInitializeOnLoad (0ms)
			EditorAssembliesLoaded (0ms)
		ExecutionOrderSort2 (0ms)
		AwakeInstancesAfterBackupRestoration (0ms)
========================================================================
Worker process is ready to serve import requests
Begin MonoManager ReloadAssembly
- Loaded All Assemblies, in  0.594 seconds
Refreshing native plugins compatible for Editor in 4.82 ms, found 3 plugins.
Native extension for WindowsStandalone target not found
Native extension for Android target not found
Package Manager log level set to [2]
[Package Manager] Server::EnsureServerProcessIsRunning -- launch failed, reason: Unity was launched with the -noUpm command-line argument
[Package Manager] UpmClient::Send -- Unable to send message (not connected to UPM process).
[Package Manager] Cannot connect to Unity Package Manager local server
Mono: successfully reloaded assembly
- Finished resetting the current domain, in  0.470 seconds
Domain Reload Profiling: 1055ms
	BeginReloadAssembly (161ms)
		ExecutionOrderSort (0ms)
		DisableScriptedObjects (4ms)
		BackupInstance (0ms)
		ReleaseScriptingObjects (0ms)
		CreateAndSetChildDomain (18ms)
	RebuildCommonClasses (26ms)
	RebuildNativeTypeToScriptingClass (7ms)
	initialDomainReloadingComplete (48ms)
	LoadAllAssembliesAndSetupDomain (342ms)
		LoadAssemblies (322ms)
		RebuildTransferFunctionScriptingTraits (0ms)
		AnalyzeDomain (120ms)
			TypeCache.Refresh (104ms)
				TypeCache.ScanAssembly (87ms)
			ScanForSourceGeneratedMonoScriptInfo (12ms)
			ResolveRequiredComponents (3ms)
	FinalizeReload (471ms)
		ReleaseScriptCaches (0ms)
		RebuildScriptCaches (0ms)
		SetupLoadedEditorAssemblies (354ms)
			LogAssemblyErrors (0ms)
			InitializePlatformSupportModulesInManaged (28ms)
			SetLoadedEditorAssemblies (3ms)
			RefreshPlugins (0ms)
			BeforeProcessingInitializeOnLoad (57ms)
			ProcessInitializeOnLoadAttributes (223ms)
			ProcessInitializeOnLoadMethodAttributes (16ms)
			AfterProcessingInitializeOnLoad (27ms)
			EditorAssembliesLoaded (0ms)
		ExecutionOrderSort2 (0ms)
		AwakeInstancesAfterBackupRestoration (12ms)
Launched and connected shader compiler UnityShaderCompiler.exe after 0.05 seconds
Refreshing native plugins compatible for Editor in 8.98 ms, found 3 plugins.
Preloading 0 native plugins for Editor in 0.00 ms.
Unloading 3130 Unused Serialized files (Serialized files now loaded: 0)
Unloading 41 unused Assets / (32.9 KB). Loaded Objects now: 3602.
Memory consumption went from 131.3 MB to 131.3 MB.
Total: 2.323400 ms (FindLiveObjects: 0.201500 ms CreateObjectMapping: 0.077800 ms MarkObjects: 1.990600 ms  DeleteObjects: 0.052600 ms)

AssetImportParameters requested are different than current active one (requested -> active):
  custom:container-demuxer-ogg: 62fdf1f143b41e24485cea50d1cbac27 -> 
  custom:video-codec-MediaFoundation-h265: 746d11721c4dcdbdad8f713fa42b33f4 -> 
  custom:video-decoder-ogg-theora: a1e56fd34408186e4bbccfd4996cb3dc -> 
  custom:framework-win-MediaFoundation: 216162199b28c13a410421893ffa2e32 -> 
  custom:CustomObjectIndexerAttribute: 9a22284fe3817be447336de3de66b15e -> 
  custom:container-demuxer-webm: 4f35f7cbe854078d1ac9338744f61a02 -> 
  custom:container-muxer-webm: aa71ff27fc2769a1b78a27578f13a17b -> 
  custom:video-decoder-webm-vp8: 9c59270c3fd7afecdb556c50c9e8de78 -> 
  custom:SearchIndexIgnoredProperties: e643bd26f0fe6173181afceb89e7c659 -> 
  custom:AudioImporter_EditorPlatform: d09bf68614088b80899f8185d706f6e7 -> 
  custom:video-encoder-webm-vp8: eb34c28f22e8b96e1ab97ce403110664 -> 
  custom:audio-decoder-ogg-vorbis: bf7c407c2cedff20999df2af8eb42d56 -> 
  custom:audio-encoder-webm-vorbis: bf7c407c2cedff20999df2af8eb42d56 -> 
========================================================================
Received Import Request.
  Time since last request: 4232.357233 seconds.
  path: Assets/AnimatorController/头像特效控制.controller
  artifactKey: Guid(9e1ed598141b436d8813c02f97fed69c) Importer(815301076,1909f56bfc062723c751e8b465ee728b)
Start importing Assets/AnimatorController/头像特效控制.controller using Guid(9e1ed598141b436d8813c02f97fed69c) Importer(815301076,1909f56bfc062723c751e8b465ee728b) [PhysX] Initialized MultithreadedTaskDispatcher with 20 workers.
 -> (artifact id: '6ddea2c08613a38ec728b5c7cdc84f1e') in 0.012748 seconds
Number of updated asset objects reloaded before import = 0
Number of asset objects unloaded after import = 24
========================================================================
Received Prepare
Begin MonoManager ReloadAssembly
Symbol file LoadedFromMemory is not a mono symbol file
- Loaded All Assemblies, in  0.550 seconds
Refreshing native plugins compatible for Editor in 5.00 ms, found 3 plugins.
Native extension for WindowsStandalone target not found
Native extension for Android target not found
[Package Manager] Server::EnsureServerProcessIsRunning -- launch failed, reason: Unity was launched with the -noUpm command-line argument
[Package Manager] UpmClient::Send -- Unable to send message (not connected to UPM process).
[Package Manager] Cannot connect to Unity Package Manager local server
Mono: successfully reloaded assembly
- Finished resetting the current domain, in  0.711 seconds
Domain Reload Profiling: 1252ms
	BeginReloadAssembly (162ms)
		ExecutionOrderSort (0ms)
		DisableScriptedObjects (3ms)
		BackupInstance (0ms)
		ReleaseScriptingObjects (0ms)
		CreateAndSetChildDomain (20ms)
	RebuildCommonClasses (29ms)
	RebuildNativeTypeToScriptingClass (7ms)
	initialDomainReloadingComplete (63ms)
	LoadAllAssembliesAndSetupDomain (279ms)
		LoadAssemblies (329ms)
		RebuildTransferFunctionScriptingTraits (0ms)
		AnalyzeDomain (58ms)
			TypeCache.Refresh (46ms)
				TypeCache.ScanAssembly (37ms)
			ScanForSourceGeneratedMonoScriptInfo (8ms)
			ResolveRequiredComponents (4ms)
	FinalizeReload (711ms)
		ReleaseScriptCaches (0ms)
		RebuildScriptCaches (0ms)
		SetupLoadedEditorAssemblies (316ms)
			LogAssemblyErrors (0ms)
			InitializePlatformSupportModulesInManaged (28ms)
			SetLoadedEditorAssemblies (3ms)
			RefreshPlugins (0ms)
			BeforeProcessingInitializeOnLoad (57ms)
			ProcessInitializeOnLoadAttributes (190ms)
			ProcessInitializeOnLoadMethodAttributes (16ms)
			AfterProcessingInitializeOnLoad (22ms)
			EditorAssembliesLoaded (0ms)
		ExecutionOrderSort2 (0ms)
		AwakeInstancesAfterBackupRestoration (11ms)
Refreshing native plugins compatible for Editor in 7.64 ms, found 3 plugins.
Preloading 0 native plugins for Editor in 0.00 ms.
Unloading 3123 Unused Serialized files (Serialized files now loaded: 0)
Unloading 34 unused Assets / (34.8 KB). Loaded Objects now: 3606.
Memory consumption went from 129.9 MB to 129.9 MB.
Total: 2.149100 ms (FindLiveObjects: 0.172100 ms CreateObjectMapping: 0.061000 ms MarkObjects: 1.862700 ms  DeleteObjects: 0.052300 ms)

Prepare: number of updated asset objects reloaded= 0
AssetImportParameters requested are different than current active one (requested -> active):
  custom:container-demuxer-ogg: 62fdf1f143b41e24485cea50d1cbac27 -> 
  custom:video-codec-MediaFoundation-h265: 746d11721c4dcdbdad8f713fa42b33f4 -> 
  custom:video-decoder-ogg-theora: a1e56fd34408186e4bbccfd4996cb3dc -> 
  custom:framework-win-MediaFoundation: 216162199b28c13a410421893ffa2e32 -> 
  custom:CustomObjectIndexerAttribute: 9a22284fe3817be447336de3de66b15e -> 
  custom:container-demuxer-webm: 4f35f7cbe854078d1ac9338744f61a02 -> 
  custom:container-muxer-webm: aa71ff27fc2769a1b78a27578f13a17b -> 
  custom:video-decoder-webm-vp8: 9c59270c3fd7afecdb556c50c9e8de78 -> 
  custom:SearchIndexIgnoredProperties: e643bd26f0fe6173181afceb89e7c659 -> 
  custom:AudioImporter_EditorPlatform: d09bf68614088b80899f8185d706f6e7 -> 
  custom:video-encoder-webm-vp8: eb34c28f22e8b96e1ab97ce403110664 -> 
  custom:audio-decoder-ogg-vorbis: bf7c407c2cedff20999df2af8eb42d56 -> 
  custom:audio-encoder-webm-vorbis: bf7c407c2cedff20999df2af8eb42d56 -> 
========================================================================
Received Import Request.
  Time since last request: 102.088807 seconds.
  path: Assets/Resources/897.dat.png
  artifactKey: Guid(53d7e333ad4f4e089eb47b02b69fba94) Importer(815301076,1909f56bfc062723c751e8b465ee728b)
Start importing Assets/Resources/897.dat.png using Guid(53d7e333ad4f4e089eb47b02b69fba94) Importer(815301076,1909f56bfc062723c751e8b465ee728b) [PhysX] Initialized MultithreadedTaskDispatcher with 20 workers.
[PhysX] Initialized MultithreadedTaskDispatcher with 20 workers.
 -> (artifact id: '0ecdf3bb41f8839c0bfb4c1ea315a922') in 0.135025 seconds
Number of updated asset objects reloaded before import = 0
Number of asset objects unloaded after import = 9
========================================================================
Received Import Request.
  Time since last request: 0.000017 seconds.
  path: Assets/Resources/1638.dat.png
  artifactKey: Guid(f18702859be142b1b82eaa9682954c25) Importer(815301076,1909f56bfc062723c751e8b465ee728b)
Start importing Assets/Resources/1638.dat.png using Guid(f18702859be142b1b82eaa9682954c25) Importer(815301076,1909f56bfc062723c751e8b465ee728b) [PhysX] Initialized MultithreadedTaskDispatcher with 20 workers.
[PhysX] Initialized MultithreadedTaskDispatcher with 20 workers.
 -> (artifact id: '80f145e5d8ad7d9986388d33d2fc61bd') in 0.016504 seconds
Number of updated asset objects reloaded before import = 0
Number of asset objects unloaded after import = 3
========================================================================
Received Import Request.
  Time since last request: 0.000021 seconds.
  path: Assets/Resources/1639.dat.png
  artifactKey: Guid(03d2bd1c2573400698dd902e43b224dd) Importer(815301076,1909f56bfc062723c751e8b465ee728b)
Start importing Assets/Resources/1639.dat.png using Guid(03d2bd1c2573400698dd902e43b224dd) Importer(815301076,1909f56bfc062723c751e8b465ee728b) [PhysX] Initialized MultithreadedTaskDispatcher with 20 workers.
[PhysX] Initialized MultithreadedTaskDispatcher with 20 workers.
 -> (artifact id: '7c0f78264c0854b908c926011a267e7a') in 0.018738 seconds
Number of updated asset objects reloaded before import = 0
Number of asset objects unloaded after import = 3
========================================================================
Received Import Request.
  Time since last request: 1.822045 seconds.
  path: Assets/MonoBehaviour/3721.dat.asset
  artifactKey: Guid(fd20bd418f8440f39def0ac2d50cbbef) Importer(815301076,1909f56bfc062723c751e8b465ee728b)
Start importing Assets/MonoBehaviour/3721.dat.asset using Guid(fd20bd418f8440f39def0ac2d50cbbef) Importer(815301076,1909f56bfc062723c751e8b465ee728b) [PhysX] Initialized MultithreadedTaskDispatcher with 20 workers.
 -> (artifact id: '5aa49b90261035287c06d7580b2979a5') in 0.031271 seconds
Number of updated asset objects reloaded before import = 0
Number of asset objects unloaded after import = 3
========================================================================
Received Import Request.
  Time since last request: 0.000014 seconds.
  path: Assets/MonoBehaviour/3733.dat.asset
  artifactKey: Guid(09086f8f9e6d47cf911c06a5046733d2) Importer(815301076,1909f56bfc062723c751e8b465ee728b)
Start importing Assets/MonoBehaviour/3733.dat.asset using Guid(09086f8f9e6d47cf911c06a5046733d2) Importer(815301076,1909f56bfc062723c751e8b465ee728b) [PhysX] Initialized MultithreadedTaskDispatcher with 20 workers.
 -> (artifact id: 'd55f4a8e4f503e61dd8e731728064b70') in 0.007180 seconds
Number of updated asset objects reloaded before import = 0
Number of asset objects unloaded after import = 3
========================================================================
Received Import Request.
  Time since last request: 0.000013 seconds.
  path: Assets/MonoBehaviour/3732.dat.asset
  artifactKey: Guid(a93d0487b4984f4cbfe601b9868f6f35) Importer(815301076,1909f56bfc062723c751e8b465ee728b)
Start importing Assets/MonoBehaviour/3732.dat.asset using Guid(a93d0487b4984f4cbfe601b9868f6f35) Importer(815301076,1909f56bfc062723c751e8b465ee728b) [PhysX] Initialized MultithreadedTaskDispatcher with 20 workers.
 -> (artifact id: '9bbde97945de0666fbb87debe555c2a7') in 0.005585 seconds
Number of updated asset objects reloaded before import = 0
Number of asset objects unloaded after import = 3
========================================================================
Received Import Request.
  Time since last request: 0.000015 seconds.
  path: Assets/MonoBehaviour/GameSkin.guiskin
  artifactKey: Guid(e472b779e3964eed8d77f2dbde24646e) Importer(815301076,1909f56bfc062723c751e8b465ee728b)
Start importing Assets/MonoBehaviour/GameSkin.guiskin using Guid(e472b779e3964eed8d77f2dbde24646e) Importer(815301076,1909f56bfc062723c751e8b465ee728b) [PhysX] Initialized MultithreadedTaskDispatcher with 20 workers.
 -> (artifact id: '60cc92d50a3770a405e2f9703eaeb66f') in 0.002900 seconds
Number of updated asset objects reloaded before import = 0
Number of asset objects unloaded after import = 1
========================================================================
Received Import Request.
  Time since last request: 0.000012 seconds.
  path: Assets/MonoBehaviour/3856.dat.asset
  artifactKey: Guid(1219a1bfbfe543c7a94f2a683e771e6b) Importer(815301076,1909f56bfc062723c751e8b465ee728b)
Start importing Assets/MonoBehaviour/3856.dat.asset using Guid(1219a1bfbfe543c7a94f2a683e771e6b) Importer(815301076,1909f56bfc062723c751e8b465ee728b) [PhysX] Initialized MultithreadedTaskDispatcher with 20 workers.
 -> (artifact id: 'eb40e88e678c779fca2d4b55a8c2ab42') in 0.004960 seconds
Number of updated asset objects reloaded before import = 0
Number of asset objects unloaded after import = 3
========================================================================
Received Import Request.
  Time since last request: 0.000016 seconds.
  path: Assets/MonoBehaviour/3834.dat.asset
  artifactKey: Guid(bd1029bb9d544baeb3daea3defcbcc45) Importer(815301076,1909f56bfc062723c751e8b465ee728b)
Start importing Assets/MonoBehaviour/3834.dat.asset using Guid(bd1029bb9d544baeb3daea3defcbcc45) Importer(815301076,1909f56bfc062723c751e8b465ee728b) [PhysX] Initialized MultithreadedTaskDispatcher with 20 workers.
 -> (artifact id: 'b4631725e88bbd0cc4a0a011f9ee3d92') in 0.007379 seconds
Number of updated asset objects reloaded before import = 0
Number of asset objects unloaded after import = 3
========================================================================
Received Import Request.
  Time since last request: 5.572790 seconds.
  path: Assets/Scenes/主场景.unity
  artifactKey: Guid(6c2041b85e5efd248bd6e8d2cadbecf3) Importer(815301076,1909f56bfc062723c751e8b465ee728b)
Start importing Assets/Scenes/主场景.unity using Guid(6c2041b85e5efd248bd6e8d2cadbecf3) Importer(815301076,1909f56bfc062723c751e8b465ee728b) [PhysX] Initialized MultithreadedTaskDispatcher with 20 workers.
 -> (artifact id: '9ab8c00382760a27844b1c1677dd4a23') in 0.000562 seconds
Number of updated asset objects reloaded before import = 0
Number of asset objects unloaded after import = 0
========================================================================
Received Import Request.
  Time since last request: 12.895190 seconds.
  path: Assets/Scenes/开始游戏场景.unity
  artifactKey: Guid(b41a5045352baf54b99f68f52790646b) Importer(815301076,1909f56bfc062723c751e8b465ee728b)
Start importing Assets/Scenes/开始游戏场景.unity using Guid(b41a5045352baf54b99f68f52790646b) Importer(815301076,1909f56bfc062723c751e8b465ee728b) [PhysX] Initialized MultithreadedTaskDispatcher with 20 workers.
 -> (artifact id: '2f5ae9d41dd6b4f84b9f1eaa24be209b') in 0.000644 seconds
Number of updated asset objects reloaded before import = 0
Number of asset objects unloaded after import = 0
========================================================================
Received Import Request.
  Time since last request: 20.559186 seconds.
  path: Assets/Resources/战斗场景预制件
  artifactKey: Guid(97818b3203e6db443b9ea8af54bef652) Importer(815301076,1909f56bfc062723c751e8b465ee728b)
Start importing Assets/Resources/战斗场景预制件 using Guid(97818b3203e6db443b9ea8af54bef652) Importer(815301076,1909f56bfc062723c751e8b465ee728b) [PhysX] Initialized MultithreadedTaskDispatcher with 20 workers.
 -> (artifact id: 'c7241f230c8cd252db9212c895e6f770') in 0.001086 seconds
Number of updated asset objects reloaded before import = 0
Number of asset objects unloaded after import = 0
========================================================================
Received Import Request.
  Time since last request: 0.047280 seconds.
  path: Assets/Resources/战斗场景预制件/城池战斗场景.prefab
  artifactKey: Guid(1b8a7f3f1cb744899ac045346a035f0d) Importer(815301076,1909f56bfc062723c751e8b465ee728b)
Start importing Assets/Resources/战斗场景预制件/城池战斗场景.prefab using Guid(1b8a7f3f1cb744899ac045346a035f0d) Importer(815301076,1909f56bfc062723c751e8b465ee728b) [PhysX] Initialized MultithreadedTaskDispatcher with 20 workers.
[PhysX] Initialized MultithreadedTaskDispatcher with 20 workers.
 -> (artifact id: '626f9f4e21e83355c417475bf7cc50ff') in 0.129988 seconds
Number of updated asset objects reloaded before import = 0
Number of asset objects unloaded after import = 868
========================================================================
Received Import Request.
  Time since last request: 27.601931 seconds.
  path: Assets/AnimationClip/1.anim
  artifactKey: Guid(51664915a9644ef3b5ae1ba516da2942) Importer(2089858483,0ecaa5967403d082aa24f35e1b516d23)
Start importing Assets/AnimationClip/1.anim using Guid(51664915a9644ef3b5ae1ba516da2942) Importer(2089858483,0ecaa5967403d082aa24f35e1b516d23) [PhysX] Initialized MultithreadedTaskDispatcher with 20 workers.
 -> (artifact id: '999d7a115bdd624eb6928424134def05') in 0.062798 seconds
Number of updated asset objects reloaded before import = 0
Number of asset objects unloaded after import = 1
========================================================================
Received Import Request.
  Time since last request: 0.000016 seconds.
  path: Assets/Images/10257.dat_d1.png
  artifactKey: Guid(b0591b4ae9f4477cba3fbb41272eeb94) Importer(2089858483,0ecaa5967403d082aa24f35e1b516d23)
Start importing Assets/Images/10257.dat_d1.png using Guid(b0591b4ae9f4477cba3fbb41272eeb94) Importer(2089858483,0ecaa5967403d082aa24f35e1b516d23) [PhysX] Initialized MultithreadedTaskDispatcher with 20 workers.
 -> (artifact id: '217fa94446249cfe9aecbe492914239a') in 0.034805 seconds
Number of updated asset objects reloaded before import = 0
Number of asset objects unloaded after import = 3
========================================================================
Received Import Request.
  Time since last request: 0.000032 seconds.
  path: Assets/Images/10223.dat.png
  artifactKey: Guid(f415cf70832c40339936543ba6fd176b) Importer(2089858483,0ecaa5967403d082aa24f35e1b516d23)
Start importing Assets/Images/10223.dat.png using Guid(f415cf70832c40339936543ba6fd176b) Importer(2089858483,0ecaa5967403d082aa24f35e1b516d23) [PhysX] Initialized MultithreadedTaskDispatcher with 20 workers.
 -> (artifact id: '115f245d945e658581e36d4d2c01a252') in 0.008816 seconds
Number of updated asset objects reloaded before import = 0
Number of asset objects unloaded after import = 3
========================================================================
Received Import Request.
  Time since last request: 0.000014 seconds.
  path: Assets/Images/10247.dat.png
  artifactKey: Guid(864a2de8bb7047e08f8ced340c6a1b81) Importer(2089858483,0ecaa5967403d082aa24f35e1b516d23)
Start importing Assets/Images/10247.dat.png using Guid(864a2de8bb7047e08f8ced340c6a1b81) Importer(2089858483,0ecaa5967403d082aa24f35e1b516d23) [PhysX] Initialized MultithreadedTaskDispatcher with 20 workers.
 -> (artifact id: '09071fa0db2ccd591eb25ff89c27ae2c') in 0.006781 seconds
Number of updated asset objects reloaded before import = 0
Number of asset objects unloaded after import = 3
========================================================================
Received Import Request.
  Time since last request: 0.000013 seconds.
  path: Assets/Images/10246.dat.png
  artifactKey: Guid(69b9f1b52c224f97b55cb38eff648be1) Importer(2089858483,0ecaa5967403d082aa24f35e1b516d23)
Start importing Assets/Images/10246.dat.png using Guid(69b9f1b52c224f97b55cb38eff648be1) Importer(2089858483,0ecaa5967403d082aa24f35e1b516d23) [PhysX] Initialized MultithreadedTaskDispatcher with 20 workers.
 -> (artifact id: '4c4091a75b9ccbd6df582e9f00861453') in 0.006934 seconds
Number of updated asset objects reloaded before import = 0
Number of asset objects unloaded after import = 3
========================================================================
Received Import Request.
  Time since last request: 0.000014 seconds.
  path: Assets/Images/10174.dat.png
  artifactKey: Guid(2c4cda6fb2d04b79b7f26275b4af34c1) Importer(2089858483,0ecaa5967403d082aa24f35e1b516d23)
Start importing Assets/Images/10174.dat.png using Guid(2c4cda6fb2d04b79b7f26275b4af34c1) Importer(2089858483,0ecaa5967403d082aa24f35e1b516d23) [PhysX] Initialized MultithreadedTaskDispatcher with 20 workers.
 -> (artifact id: '9354a57b34446435677028b1f5d44bbb') in 0.007218 seconds
Number of updated asset objects reloaded before import = 0
Number of asset objects unloaded after import = 3
========================================================================
Received Import Request.
  Time since last request: 0.000014 seconds.
  path: Assets/Images/10294.dat.png
  artifactKey: Guid(7db861cc9c894803b0065396d218c1b4) Importer(2089858483,0ecaa5967403d082aa24f35e1b516d23)
Start importing Assets/Images/10294.dat.png using Guid(7db861cc9c894803b0065396d218c1b4) Importer(2089858483,0ecaa5967403d082aa24f35e1b516d23) [PhysX] Initialized MultithreadedTaskDispatcher with 20 workers.
 -> (artifact id: '5c8f5a36ce671a01c2af74d7d6b31d87') in 0.007571 seconds
Number of updated asset objects reloaded before import = 0
Number of asset objects unloaded after import = 3
========================================================================
Received Import Request.
  Time since last request: 0.000017 seconds.
  path: Assets/Images/10216.dat.png
  artifactKey: Guid(42e43039cb1a4a07bc58ccce34985c55) Importer(2089858483,0ecaa5967403d082aa24f35e1b516d23)
Start importing Assets/Images/10216.dat.png using Guid(42e43039cb1a4a07bc58ccce34985c55) Importer(2089858483,0ecaa5967403d082aa24f35e1b516d23) [PhysX] Initialized MultithreadedTaskDispatcher with 20 workers.
 -> (artifact id: '98a9d49764d35e1056a012d431611b90') in 0.009123 seconds
Number of updated asset objects reloaded before import = 0
Number of asset objects unloaded after import = 3
========================================================================
Received Import Request.
  Time since last request: 0.000020 seconds.
  path: Assets/Images/10257.dat.png
  artifactKey: Guid(2dbd30d3b0e64014b2a9d88ba111f73e) Importer(2089858483,0ecaa5967403d082aa24f35e1b516d23)
Start importing Assets/Images/10257.dat.png using Guid(2dbd30d3b0e64014b2a9d88ba111f73e) Importer(2089858483,0ecaa5967403d082aa24f35e1b516d23) [PhysX] Initialized MultithreadedTaskDispatcher with 20 workers.
 -> (artifact id: 'd7cf6e28a372144fe70458d19e875720') in 0.009558 seconds
Number of updated asset objects reloaded before import = 0
Number of asset objects unloaded after import = 3
========================================================================
Received Import Request.
  Time since last request: 0.000017 seconds.
  path: Assets/Images/10099.dat.png
  artifactKey: Guid(fc08c26931b24351b710019da8fb5287) Importer(2089858483,0ecaa5967403d082aa24f35e1b516d23)
Start importing Assets/Images/10099.dat.png using Guid(fc08c26931b24351b710019da8fb5287) Importer(2089858483,0ecaa5967403d082aa24f35e1b516d23) [PhysX] Initialized MultithreadedTaskDispatcher with 20 workers.
 -> (artifact id: '7be2c69d11911b177c8c2cd3d3447466') in 0.008298 seconds
Number of updated asset objects reloaded before import = 0
Number of asset objects unloaded after import = 3
========================================================================
Received Import Request.
  Time since last request: 0.000034 seconds.
  path: Assets/Images/10158.dat.png
  artifactKey: Guid(44a2afe09691414f927ca00529e9acca) Importer(2089858483,0ecaa5967403d082aa24f35e1b516d23)
Start importing Assets/Images/10158.dat.png using Guid(44a2afe09691414f927ca00529e9acca) Importer(2089858483,0ecaa5967403d082aa24f35e1b516d23) [PhysX] Initialized MultithreadedTaskDispatcher with 20 workers.
 -> (artifact id: 'f6f92eabd781e41d233b36ece6bee743') in 0.009654 seconds
Number of updated asset objects reloaded before import = 0
Number of asset objects unloaded after import = 3
========================================================================
Received Import Request.
  Time since last request: 0.000017 seconds.
  path: Assets/AnimatorController/弩骑兵动画控制.controller
  artifactKey: Guid(553d46b618e540a7ba557c5fa764ef36) Importer(2089858483,0ecaa5967403d082aa24f35e1b516d23)
Start importing Assets/AnimatorController/弩骑兵动画控制.controller using Guid(553d46b618e540a7ba557c5fa764ef36) Importer(2089858483,0ecaa5967403d082aa24f35e1b516d23) [PhysX] Initialized MultithreadedTaskDispatcher with 20 workers.
 -> (artifact id: 'cf07fef6d5961c230e0301c09b761078') in 0.006101 seconds
Number of updated asset objects reloaded before import = 0
Number of asset objects unloaded after import = 20
========================================================================
Received Import Request.
  Time since last request: 0.000015 seconds.
  path: Assets/Images/10227.dat.png
  artifactKey: Guid(bbdcc4f4cb244759b9d8664de1da479a) Importer(2089858483,0ecaa5967403d082aa24f35e1b516d23)
Start importing Assets/Images/10227.dat.png using Guid(bbdcc4f4cb244759b9d8664de1da479a) Importer(2089858483,0ecaa5967403d082aa24f35e1b516d23) [PhysX] Initialized MultithreadedTaskDispatcher with 20 workers.
 -> (artifact id: 'a96eb6f5c90646b63873f0dc81bf72db') in 0.007654 seconds
Number of updated asset objects reloaded before import = 0
Number of asset objects unloaded after import = 3
========================================================================
Received Import Request.
  Time since last request: 0.000017 seconds.
  path: Assets/Images/10288.dat.png
  artifactKey: Guid(691a38d926bd4381a47df5a3345237bb) Importer(2089858483,0ecaa5967403d082aa24f35e1b516d23)
Start importing Assets/Images/10288.dat.png using Guid(691a38d926bd4381a47df5a3345237bb) Importer(2089858483,0ecaa5967403d082aa24f35e1b516d23) [PhysX] Initialized MultithreadedTaskDispatcher with 20 workers.
 -> (artifact id: '5bf47595c6ece29a487a7b0c4b2ae8f2') in 0.008325 seconds
Number of updated asset objects reloaded before import = 0
Number of asset objects unloaded after import = 3
========================================================================
Received Import Request.
  Time since last request: 0.000027 seconds.
  path: Assets/AnimatorController/封地界面_水车动画.controller
  artifactKey: Guid(24267306422342d2b040b179756c3cb9) Importer(2089858483,0ecaa5967403d082aa24f35e1b516d23)
Start importing Assets/AnimatorController/封地界面_水车动画.controller using Guid(24267306422342d2b040b179756c3cb9) Importer(2089858483,0ecaa5967403d082aa24f35e1b516d23) [PhysX] Initialized MultithreadedTaskDispatcher with 20 workers.
 -> (artifact id: 'd997ef8a0a5bdeaa850212c446b1a467') in 0.003797 seconds
Number of updated asset objects reloaded before import = 0
Number of asset objects unloaded after import = 4
========================================================================
Received Import Request.
  Time since last request: 0.000021 seconds.
  path: Assets/Images/10141.dat.png
  artifactKey: Guid(8826d9b9b7e14758988643c9f07e30c2) Importer(2089858483,0ecaa5967403d082aa24f35e1b516d23)
Start importing Assets/Images/10141.dat.png using Guid(8826d9b9b7e14758988643c9f07e30c2) Importer(2089858483,0ecaa5967403d082aa24f35e1b516d23) [PhysX] Initialized MultithreadedTaskDispatcher with 20 workers.
 -> (artifact id: '1a570a0c6932aeb526c96c3670355d87') in 0.009451 seconds
Number of updated asset objects reloaded before import = 0
Number of asset objects unloaded after import = 3
========================================================================
Received Import Request.
  Time since last request: 0.000024 seconds.
  path: Assets/AnimationClip/底部特效7.anim
  artifactKey: Guid(2b2771198aa4456982463e331845f797) Importer(2089858483,0ecaa5967403d082aa24f35e1b516d23)
Start importing Assets/AnimationClip/底部特效7.anim using Guid(2b2771198aa4456982463e331845f797) Importer(2089858483,0ecaa5967403d082aa24f35e1b516d23) [PhysX] Initialized MultithreadedTaskDispatcher with 20 workers.
 -> (artifact id: 'f56cc0c9c41f16a324fbd3feae2460a6') in 0.004495 seconds
Number of updated asset objects reloaded before import = 0
Number of asset objects unloaded after import = 1
========================================================================
Received Import Request.
  Time since last request: 0.000026 seconds.
  path: Assets/Images/10358.dat.png
  artifactKey: Guid(bd8bd12f5e7c466c88853051963f10f8) Importer(2089858483,0ecaa5967403d082aa24f35e1b516d23)
Start importing Assets/Images/10358.dat.png using Guid(bd8bd12f5e7c466c88853051963f10f8) Importer(2089858483,0ecaa5967403d082aa24f35e1b516d23) [PhysX] Initialized MultithreadedTaskDispatcher with 20 workers.
 -> (artifact id: 'a940ec962a0a8d6928a6c869dd13e6ce') in 0.010132 seconds
Number of updated asset objects reloaded before import = 0
Number of asset objects unloaded after import = 3
========================================================================
Received Import Request.
  Time since last request: 0.000021 seconds.
  path: Assets/AnimationClip/底部特效1.anim
  artifactKey: Guid(930c3929a33646e9b732ceb86f2d20b0) Importer(2089858483,0ecaa5967403d082aa24f35e1b516d23)
Start importing Assets/AnimationClip/底部特效1.anim using Guid(930c3929a33646e9b732ceb86f2d20b0) Importer(2089858483,0ecaa5967403d082aa24f35e1b516d23) [PhysX] Initialized MultithreadedTaskDispatcher with 20 workers.
 -> (artifact id: 'd7f7809d4558b3b9535a6d066dfae584') in 0.004888 seconds
Number of updated asset objects reloaded before import = 0
Number of asset objects unloaded after import = 1
========================================================================
Received Import Request.
  Time since last request: 0.000015 seconds.
  path: Assets/AnimationClip/底部特效3.anim
  artifactKey: Guid(4e9ea9bc2e034aaeb83a8eafe388b547) Importer(2089858483,0ecaa5967403d082aa24f35e1b516d23)
Start importing Assets/AnimationClip/底部特效3.anim using Guid(4e9ea9bc2e034aaeb83a8eafe388b547) Importer(2089858483,0ecaa5967403d082aa24f35e1b516d23) [PhysX] Initialized MultithreadedTaskDispatcher with 20 workers.
 -> (artifact id: '0008cea2a086a8bdd5c5fb5be1d51754') in 0.003575 seconds
Number of updated asset objects reloaded before import = 0
Number of asset objects unloaded after import = 1
========================================================================
Received Import Request.
  Time since last request: 0.000016 seconds.
  path: Assets/Images/10245.dat.png
  artifactKey: Guid(b4f81058d29349bf9c02a01afc923eda) Importer(2089858483,0ecaa5967403d082aa24f35e1b516d23)
Start importing Assets/Images/10245.dat.png using Guid(b4f81058d29349bf9c02a01afc923eda) Importer(2089858483,0ecaa5967403d082aa24f35e1b516d23) [PhysX] Initialized MultithreadedTaskDispatcher with 20 workers.
 -> (artifact id: 'b5d2014b7240fd33c1797e42cd80b00b') in 0.007991 seconds
Number of updated asset objects reloaded before import = 0
Number of asset objects unloaded after import = 3
========================================================================
Received Import Request.
  Time since last request: 0.000016 seconds.
  path: Assets/Images/10255.dat.png
  artifactKey: Guid(9e73c315064a4623930a3d75f623ef6b) Importer(2089858483,0ecaa5967403d082aa24f35e1b516d23)
Start importing Assets/Images/10255.dat.png using Guid(9e73c315064a4623930a3d75f623ef6b) Importer(2089858483,0ecaa5967403d082aa24f35e1b516d23) [PhysX] Initialized MultithreadedTaskDispatcher with 20 workers.
 -> (artifact id: '6fd26a0723fb6222c97c637ad70b48dd') in 0.007894 seconds
Number of updated asset objects reloaded before import = 0
Number of asset objects unloaded after import = 3
========================================================================
Received Import Request.
  Time since last request: 0.000015 seconds.
  path: Assets/Images/10243.dat.png
  artifactKey: Guid(de2bb9a811214c9fa77cdad535d131c4) Importer(2089858483,0ecaa5967403d082aa24f35e1b516d23)
Start importing Assets/Images/10243.dat.png using Guid(de2bb9a811214c9fa77cdad535d131c4) Importer(2089858483,0ecaa5967403d082aa24f35e1b516d23) [PhysX] Initialized MultithreadedTaskDispatcher with 20 workers.
 -> (artifact id: 'dd861f0bc38e29484203cdffb427a666') in 0.007619 seconds
Number of updated asset objects reloaded before import = 0
Number of asset objects unloaded after import = 3
========================================================================
Received Import Request.
  Time since last request: 0.000018 seconds.
  path: Assets/AnimationClip/火星子.anim
  artifactKey: Guid(19b1522fa41e44fda2a0ae1e6d20134b) Importer(2089858483,0ecaa5967403d082aa24f35e1b516d23)
Start importing Assets/AnimationClip/火星子.anim using Guid(19b1522fa41e44fda2a0ae1e6d20134b) Importer(2089858483,0ecaa5967403d082aa24f35e1b516d23) [PhysX] Initialized MultithreadedTaskDispatcher with 20 workers.
 -> (artifact id: 'afa2a969dc92e5383675b216ef08f488') in 0.004295 seconds
Number of updated asset objects reloaded before import = 0
Number of asset objects unloaded after import = 1
========================================================================
Received Import Request.
  Time since last request: 0.000028 seconds.
  path: Assets/Images/10226.dat.png
  artifactKey: Guid(0bd157f7e6a943ef83fdc0c6b31d8cb5) Importer(2089858483,0ecaa5967403d082aa24f35e1b516d23)
Start importing Assets/Images/10226.dat.png using Guid(0bd157f7e6a943ef83fdc0c6b31d8cb5) Importer(2089858483,0ecaa5967403d082aa24f35e1b516d23) [PhysX] Initialized MultithreadedTaskDispatcher with 20 workers.
 -> (artifact id: '8acd591a56d81220bd7c8d56004efd73') in 0.007950 seconds
Number of updated asset objects reloaded before import = 0
Number of asset objects unloaded after import = 3
========================================================================
Received Import Request.
  Time since last request: 0.000020 seconds.
  path: Assets/AnimationClip/底部特效8.anim
  artifactKey: Guid(b3db333d248740c19ef69bd261c41280) Importer(2089858483,0ecaa5967403d082aa24f35e1b516d23)
Start importing Assets/AnimationClip/底部特效8.anim using Guid(b3db333d248740c19ef69bd261c41280) Importer(2089858483,0ecaa5967403d082aa24f35e1b516d23) [PhysX] Initialized MultithreadedTaskDispatcher with 20 workers.
 -> (artifact id: '44b6338f80307578b03c67029c8ed722') in 0.004531 seconds
Number of updated asset objects reloaded before import = 0
Number of asset objects unloaded after import = 1
========================================================================
Received Import Request.
  Time since last request: 0.000015 seconds.
  path: Assets/AnimatorController/水柱.controller
  artifactKey: Guid(4519dfee39434fdd9616f285227babde) Importer(2089858483,0ecaa5967403d082aa24f35e1b516d23)
Start importing Assets/AnimatorController/水柱.controller using Guid(4519dfee39434fdd9616f285227babde) Importer(2089858483,0ecaa5967403d082aa24f35e1b516d23) [PhysX] Initialized MultithreadedTaskDispatcher with 20 workers.
 -> (artifact id: '465b1428bebaaf54bd91e587c71390e8') in 0.002900 seconds
Number of updated asset objects reloaded before import = 0
Number of asset objects unloaded after import = 4
========================================================================
Received Import Request.
  Time since last request: 0.000014 seconds.
  path: Assets/AnimatorController/火焰.controller
  artifactKey: Guid(1acefcf192934450b7f0c7dd8bc472db) Importer(2089858483,0ecaa5967403d082aa24f35e1b516d23)
Start importing Assets/AnimatorController/火焰.controller using Guid(1acefcf192934450b7f0c7dd8bc472db) Importer(2089858483,0ecaa5967403d082aa24f35e1b516d23) [PhysX] Initialized MultithreadedTaskDispatcher with 20 workers.
 -> (artifact id: '7ea8a6336cde28a3e5e29baba6362422') in 0.003278 seconds
Number of updated asset objects reloaded before import = 0
Number of asset objects unloaded after import = 4
========================================================================
Received Import Request.
  Time since last request: 0.000014 seconds.
  path: Assets/Images/10249.dat.png
  artifactKey: Guid(2e8c8b5c51b244e7bbc5723b49e896fb) Importer(2089858483,0ecaa5967403d082aa24f35e1b516d23)
Start importing Assets/Images/10249.dat.png using Guid(2e8c8b5c51b244e7bbc5723b49e896fb) Importer(2089858483,0ecaa5967403d082aa24f35e1b516d23) [PhysX] Initialized MultithreadedTaskDispatcher with 20 workers.
 -> (artifact id: 'dd7496785b664530c1874763d6651b85') in 0.007442 seconds
Number of updated asset objects reloaded before import = 0
Number of asset objects unloaded after import = 3
========================================================================
Received Import Request.
  Time since last request: 0.000016 seconds.
  path: Assets/Images/10221.dat.png
  artifactKey: Guid(caa63587de794646a53d403211afff26) Importer(2089858483,0ecaa5967403d082aa24f35e1b516d23)
Start importing Assets/Images/10221.dat.png using Guid(caa63587de794646a53d403211afff26) Importer(2089858483,0ecaa5967403d082aa24f35e1b516d23) [PhysX] Initialized MultithreadedTaskDispatcher with 20 workers.
 -> (artifact id: 'fee1de8e6f53986806034bcdf2744669') in 0.008962 seconds
Number of updated asset objects reloaded before import = 0
Number of asset objects unloaded after import = 3
========================================================================
Received Import Request.
  Time since last request: 0.000016 seconds.
  path: Assets/Images/10202.dat.png
  artifactKey: Guid(b7b5344d13fa455eb07084f419f947a6) Importer(2089858483,0ecaa5967403d082aa24f35e1b516d23)
Start importing Assets/Images/10202.dat.png using Guid(b7b5344d13fa455eb07084f419f947a6) Importer(2089858483,0ecaa5967403d082aa24f35e1b516d23) [PhysX] Initialized MultithreadedTaskDispatcher with 20 workers.
 -> (artifact id: '6a35b91bde9179ed1e8a50cf651160b2') in 0.007857 seconds
Number of updated asset objects reloaded before import = 0
Number of asset objects unloaded after import = 3
========================================================================
Received Import Request.
  Time since last request: 0.000018 seconds.
  path: Assets/Images/10198.dat.png
  artifactKey: Guid(1b689b48724240fabc201709425efb25) Importer(2089858483,0ecaa5967403d082aa24f35e1b516d23)
Start importing Assets/Images/10198.dat.png using Guid(1b689b48724240fabc201709425efb25) Importer(2089858483,0ecaa5967403d082aa24f35e1b516d23) [PhysX] Initialized MultithreadedTaskDispatcher with 20 workers.
 -> (artifact id: '70dd4577d4402e821c32d4b6321edbd9') in 0.009720 seconds
Number of updated asset objects reloaded before import = 0
Number of asset objects unloaded after import = 3
========================================================================
Received Import Request.
  Time since last request: 0.000057 seconds.
  path: Assets/Images/10253.dat.png
  artifactKey: Guid(87827350638a4d1083f6f72ada4137e5) Importer(2089858483,0ecaa5967403d082aa24f35e1b516d23)
Start importing Assets/Images/10253.dat.png using Guid(87827350638a4d1083f6f72ada4137e5) Importer(2089858483,0ecaa5967403d082aa24f35e1b516d23) [PhysX] Initialized MultithreadedTaskDispatcher with 20 workers.
 -> (artifact id: '51fc18fc7ae4070b5f65f223faff2782') in 0.011240 seconds
Number of updated asset objects reloaded before import = 0
Number of asset objects unloaded after import = 3
========================================================================
Received Import Request.
  Time since last request: 0.000023 seconds.
  path: Assets/Images/10140.dat.png
  artifactKey: Guid(56043482ccd742e4988a536a6c6ed998) Importer(2089858483,0ecaa5967403d082aa24f35e1b516d23)
Start importing Assets/Images/10140.dat.png using Guid(56043482ccd742e4988a536a6c6ed998) Importer(2089858483,0ecaa5967403d082aa24f35e1b516d23) [PhysX] Initialized MultithreadedTaskDispatcher with 20 workers.
 -> (artifact id: '12c19a5ae964ccfb896df08ab5a7c86b') in 0.009402 seconds
Number of updated asset objects reloaded before import = 0
Number of asset objects unloaded after import = 3
========================================================================
Received Import Request.
  Time since last request: 0.000015 seconds.
  path: Assets/Images/10204.dat.png
  artifactKey: Guid(d368960f1c704cee9d0ca94328ef0a9d) Importer(2089858483,0ecaa5967403d082aa24f35e1b516d23)
Start importing Assets/Images/10204.dat.png using Guid(d368960f1c704cee9d0ca94328ef0a9d) Importer(2089858483,0ecaa5967403d082aa24f35e1b516d23) [PhysX] Initialized MultithreadedTaskDispatcher with 20 workers.
 -> (artifact id: '1a49816a15e7af2948f6554e48d80766') in 0.007172 seconds
Number of updated asset objects reloaded before import = 0
Number of asset objects unloaded after import = 3
========================================================================
Received Import Request.
  Time since last request: 0.000014 seconds.
  path: Assets/Images/10235.dat.png
  artifactKey: Guid(451bbfbb1c0045e79cca49c67b63a25d) Importer(2089858483,0ecaa5967403d082aa24f35e1b516d23)
Start importing Assets/Images/10235.dat.png using Guid(451bbfbb1c0045e79cca49c67b63a25d) Importer(2089858483,0ecaa5967403d082aa24f35e1b516d23) [PhysX] Initialized MultithreadedTaskDispatcher with 20 workers.
 -> (artifact id: '91ab14cd9a97546db99ac57264e8abf8') in 0.008131 seconds
Number of updated asset objects reloaded before import = 0
Number of asset objects unloaded after import = 3
========================================================================
Received Import Request.
  Time since last request: 0.000018 seconds.
  path: Assets/Images/10220.dat.png
  artifactKey: Guid(edbcd9f2970e41debb37973b670fe148) Importer(2089858483,0ecaa5967403d082aa24f35e1b516d23)
Start importing Assets/Images/10220.dat.png using Guid(edbcd9f2970e41debb37973b670fe148) Importer(2089858483,0ecaa5967403d082aa24f35e1b516d23) [PhysX] Initialized MultithreadedTaskDispatcher with 20 workers.
 -> (artifact id: 'a90e2ad113ff15f9a3bd5cefb80b2647') in 0.009040 seconds
Number of updated asset objects reloaded before import = 0
Number of asset objects unloaded after import = 3
========================================================================
Received Import Request.
  Time since last request: 0.000013 seconds.
  path: Assets/Images/10215.dat_d1.png
  artifactKey: Guid(d74fbaa48b95400ea6a2e51d5903f341) Importer(2089858483,0ecaa5967403d082aa24f35e1b516d23)
Start importing Assets/Images/10215.dat_d1.png using Guid(d74fbaa48b95400ea6a2e51d5903f341) Importer(2089858483,0ecaa5967403d082aa24f35e1b516d23) [PhysX] Initialized MultithreadedTaskDispatcher with 20 workers.
 -> (artifact id: 'c9dfa931bc9ba482266bdf1f51e3f942') in 0.006853 seconds
Number of updated asset objects reloaded before import = 0
Number of asset objects unloaded after import = 3
========================================================================
Received Import Request.
  Time since last request: 0.000016 seconds.
  path: Assets/AnimationClip/底部特效5.anim
  artifactKey: Guid(91a7bc029f5840cc98e00c98fa8303f9) Importer(2089858483,0ecaa5967403d082aa24f35e1b516d23)
Start importing Assets/AnimationClip/底部特效5.anim using Guid(91a7bc029f5840cc98e00c98fa8303f9) Importer(2089858483,0ecaa5967403d082aa24f35e1b516d23) [PhysX] Initialized MultithreadedTaskDispatcher with 20 workers.
 -> (artifact id: '397934a9acdb2862734723fe14953bf6') in 0.003732 seconds
Number of updated asset objects reloaded before import = 0
Number of asset objects unloaded after import = 1
========================================================================
Received Import Request.
  Time since last request: 0.000011 seconds.
  path: Assets/Images/10203.dat.png
  artifactKey: Guid(5838fbdf533544c4a90f160bb50d678a) Importer(2089858483,0ecaa5967403d082aa24f35e1b516d23)
Start importing Assets/Images/10203.dat.png using Guid(5838fbdf533544c4a90f160bb50d678a) Importer(2089858483,0ecaa5967403d082aa24f35e1b516d23) [PhysX] Initialized MultithreadedTaskDispatcher with 20 workers.
 -> (artifact id: 'a7b57e120670ca73078b6d023ad0b9ee') in 0.007144 seconds
Number of updated asset objects reloaded before import = 0
Number of asset objects unloaded after import = 3
========================================================================
Received Import Request.
  Time since last request: 0.000013 seconds.
  path: Assets/Images/10254.dat.png
  artifactKey: Guid(0a9be44c68de4bb0af25d472645632b3) Importer(2089858483,0ecaa5967403d082aa24f35e1b516d23)
Start importing Assets/Images/10254.dat.png using Guid(0a9be44c68de4bb0af25d472645632b3) Importer(2089858483,0ecaa5967403d082aa24f35e1b516d23) [PhysX] Initialized MultithreadedTaskDispatcher with 20 workers.
 -> (artifact id: 'ea27ce6229eaf6db9498b38326524189') in 0.007026 seconds
Number of updated asset objects reloaded before import = 0
Number of asset objects unloaded after import = 3
========================================================================
Received Import Request.
  Time since last request: 0.000015 seconds.
  path: Assets/Images/10361.dat.png
  artifactKey: Guid(b932f26a85ec48e0914ade5f2aa15e3e) Importer(2089858483,0ecaa5967403d082aa24f35e1b516d23)
Start importing Assets/Images/10361.dat.png using Guid(b932f26a85ec48e0914ade5f2aa15e3e) Importer(2089858483,0ecaa5967403d082aa24f35e1b516d23) [PhysX] Initialized MultithreadedTaskDispatcher with 20 workers.
 -> (artifact id: '36d0760d3f01902159bdcb752121cb97') in 0.007642 seconds
Number of updated asset objects reloaded before import = 0
Number of asset objects unloaded after import = 3
========================================================================
Received Import Request.
  Time since last request: 0.000016 seconds.
  path: Assets/Font/将领等级数字.ttf
  artifactKey: Guid(3da8f7b260ef4251b89da21329ad3432) Importer(2089858483,0ecaa5967403d082aa24f35e1b516d23)
Start importing Assets/Font/将领等级数字.ttf using Guid(3da8f7b260ef4251b89da21329ad3432) Importer(2089858483,0ecaa5967403d082aa24f35e1b516d23) [PhysX] Initialized MultithreadedTaskDispatcher with 20 workers.
 -> (artifact id: '729ee51bd039d9f44cbdd08fa6a72a21') in 0.007248 seconds
Number of updated asset objects reloaded before import = 0
Number of asset objects unloaded after import = 1
========================================================================
Received Import Request.
  Time since last request: 0.000018 seconds.
  path: Assets/Images/10289.dat.png
  artifactKey: Guid(f65ef5647f55410fb7b6e697c4fb025c) Importer(2089858483,0ecaa5967403d082aa24f35e1b516d23)
Start importing Assets/Images/10289.dat.png using Guid(f65ef5647f55410fb7b6e697c4fb025c) Importer(2089858483,0ecaa5967403d082aa24f35e1b516d23) [PhysX] Initialized MultithreadedTaskDispatcher with 20 workers.
 -> (artifact id: '4f91c8daab020d0390b45d1b5b017514') in 0.007600 seconds
Number of updated asset objects reloaded before import = 0
Number of asset objects unloaded after import = 3
========================================================================
Received Import Request.
  Time since last request: 0.000014 seconds.
  path: Assets/Images/10256.dat.png
  artifactKey: Guid(1d7203f6b98947b0870d73785c6bac67) Importer(2089858483,0ecaa5967403d082aa24f35e1b516d23)
Start importing Assets/Images/10256.dat.png using Guid(1d7203f6b98947b0870d73785c6bac67) Importer(2089858483,0ecaa5967403d082aa24f35e1b516d23) [PhysX] Initialized MultithreadedTaskDispatcher with 20 workers.
 -> (artifact id: '7872444e45df0fe0cd7cde95611b41b3') in 0.007683 seconds
Number of updated asset objects reloaded before import = 0
Number of asset objects unloaded after import = 3
========================================================================
Received Import Request.
  Time since last request: 0.000013 seconds.
  path: Assets/AnimationClip/弩骑兵_死亡.anim
  artifactKey: Guid(5bfa7ee29011492a8edc83faf21d41f6) Importer(2089858483,0ecaa5967403d082aa24f35e1b516d23)
Start importing Assets/AnimationClip/弩骑兵_死亡.anim using Guid(5bfa7ee29011492a8edc83faf21d41f6) Importer(2089858483,0ecaa5967403d082aa24f35e1b516d23) [PhysX] Initialized MultithreadedTaskDispatcher with 20 workers.
 -> (artifact id: '1bc0a1a6a63b9d4750c18686c313d19e') in 0.003298 seconds
Number of updated asset objects reloaded before import = 0
Number of asset objects unloaded after import = 1
========================================================================
Received Import Request.
  Time since last request: 1.492793 seconds.
  path: Assets/Images/10362.dat.png
  artifactKey: Guid(bdfc7e973f424caaad9055657c3c6eb4) Importer(2089858483,0ecaa5967403d082aa24f35e1b516d23)
Start importing Assets/Images/10362.dat.png using Guid(bdfc7e973f424caaad9055657c3c6eb4) Importer(2089858483,0ecaa5967403d082aa24f35e1b516d23) [PhysX] Initialized MultithreadedTaskDispatcher with 20 workers.
 -> (artifact id: 'fadf109e0a7370a93e3a32be5c736c05') in 0.010035 seconds
Number of updated asset objects reloaded before import = 0
Number of asset objects unloaded after import = 3
========================================================================
Received Import Request.
  Time since last request: 0.000121 seconds.
  path: Assets/Images/10373.dat.png
  artifactKey: Guid(ccff225fdabe4acd939738b77137d731) Importer(2089858483,0ecaa5967403d082aa24f35e1b516d23)
Start importing Assets/Images/10373.dat.png using Guid(ccff225fdabe4acd939738b77137d731) Importer(2089858483,0ecaa5967403d082aa24f35e1b516d23) [PhysX] Initialized MultithreadedTaskDispatcher with 20 workers.
 -> (artifact id: 'ce67a9259e2bf11eb1e03307b27057fc') in 0.007819 seconds
Number of updated asset objects reloaded before import = 0
Number of asset objects unloaded after import = 3
========================================================================
Received Import Request.
  Time since last request: 0.000086 seconds.
  path: Assets/Images/12038.dat.png
  artifactKey: Guid(a8b382746b514906be8c63e58bac5e8d) Importer(2089858483,0ecaa5967403d082aa24f35e1b516d23)
Start importing Assets/Images/12038.dat.png using Guid(a8b382746b514906be8c63e58bac5e8d) Importer(2089858483,0ecaa5967403d082aa24f35e1b516d23) [PhysX] Initialized MultithreadedTaskDispatcher with 20 workers.
 -> (artifact id: 'f98c435924549830be9be1184a4609af') in 0.008712 seconds
Number of updated asset objects reloaded before import = 0
Number of asset objects unloaded after import = 3
========================================================================
Received Import Request.
  Time since last request: 0.000022 seconds.
  path: Assets/Images/2121.dat.png
  artifactKey: Guid(2d8e703b059f45d68b9ee7c476aa3ca4) Importer(2089858483,0ecaa5967403d082aa24f35e1b516d23)
Start importing Assets/Images/2121.dat.png using Guid(2d8e703b059f45d68b9ee7c476aa3ca4) Importer(2089858483,0ecaa5967403d082aa24f35e1b516d23) [PhysX] Initialized MultithreadedTaskDispatcher with 20 workers.
 -> (artifact id: 'e2e0cf9416ca1f0d377d79195cea8f55') in 0.007520 seconds
Number of updated asset objects reloaded before import = 0
Number of asset objects unloaded after import = 3
========================================================================
Received Import Request.
  Time since last request: 0.000020 seconds.
  path: Assets/Images/2161.dat.png
  artifactKey: Guid(65a77efbb2534af0902fa0886d826275) Importer(2089858483,0ecaa5967403d082aa24f35e1b516d23)
Start importing Assets/Images/2161.dat.png using Guid(65a77efbb2534af0902fa0886d826275) Importer(2089858483,0ecaa5967403d082aa24f35e1b516d23) [PhysX] Initialized MultithreadedTaskDispatcher with 20 workers.
 -> (artifact id: '8e1d17506c18877dfb112ff16f360ce0') in 0.013125 seconds
Number of updated asset objects reloaded before import = 0
Number of asset objects unloaded after import = 3
========================================================================
Received Import Request.
  Time since last request: 0.000016 seconds.
  path: Assets/Images/1294.dat.png
  artifactKey: Guid(cb7d40bf2f0c4b4098f4826707acf025) Importer(2089858483,0ecaa5967403d082aa24f35e1b516d23)
Start importing Assets/Images/1294.dat.png using Guid(cb7d40bf2f0c4b4098f4826707acf025) Importer(2089858483,0ecaa5967403d082aa24f35e1b516d23) [PhysX] Initialized MultithreadedTaskDispatcher with 20 workers.
 -> (artifact id: '1f2ab3f2dd1fc9532a36985a251cea88') in 0.026345 seconds
Number of updated asset objects reloaded before import = 0
Number of asset objects unloaded after import = 16
========================================================================
Received Import Request.
  Time since last request: 0.000014 seconds.
  path: Assets/Images/10374.dat.png
  artifactKey: Guid(7262e54d40e144ef9ff669a6568c8e42) Importer(2089858483,0ecaa5967403d082aa24f35e1b516d23)
Start importing Assets/Images/10374.dat.png using Guid(7262e54d40e144ef9ff669a6568c8e42) Importer(2089858483,0ecaa5967403d082aa24f35e1b516d23) [PhysX] Initialized MultithreadedTaskDispatcher with 20 workers.
 -> (artifact id: '5beb35b7df645aa0c50a12c9e0d21927') in 0.006652 seconds
Number of updated asset objects reloaded before import = 0
Number of asset objects unloaded after import = 3
========================================================================
Received Import Request.
  Time since last request: 0.000010 seconds.
  path: Assets/Images/10370.dat.png
  artifactKey: Guid(a1c59e1130b04863ba9dfea6e93f3fca) Importer(2089858483,0ecaa5967403d082aa24f35e1b516d23)
Start importing Assets/Images/10370.dat.png using Guid(a1c59e1130b04863ba9dfea6e93f3fca) Importer(2089858483,0ecaa5967403d082aa24f35e1b516d23) [PhysX] Initialized MultithreadedTaskDispatcher with 20 workers.
 -> (artifact id: 'daf8f5ce94f7854316377fc4b036ace6') in 0.008656 seconds
Number of updated asset objects reloaded before import = 0
Number of asset objects unloaded after import = 3
========================================================================
Received Import Request.
  Time since last request: 0.000017 seconds.
  path: Assets/Images/11002.dat.png
  artifactKey: Guid(341d0ae051b84bd6bb8cb1835aff416c) Importer(2089858483,0ecaa5967403d082aa24f35e1b516d23)
Start importing Assets/Images/11002.dat.png using Guid(341d0ae051b84bd6bb8cb1835aff416c) Importer(2089858483,0ecaa5967403d082aa24f35e1b516d23) [PhysX] Initialized MultithreadedTaskDispatcher with 20 workers.
 -> (artifact id: 'fb0303633e21900c4bdc221753e80a3c') in 0.007613 seconds
Number of updated asset objects reloaded before import = 0
Number of asset objects unloaded after import = 3
========================================================================
Received Import Request.
  Time since last request: 0.000014 seconds.
  path: Assets/Images/2173.dat.png
  artifactKey: Guid(d1b33603ced948b3a630d81c0d6ed853) Importer(2089858483,0ecaa5967403d082aa24f35e1b516d23)
Start importing Assets/Images/2173.dat.png using Guid(d1b33603ced948b3a630d81c0d6ed853) Importer(2089858483,0ecaa5967403d082aa24f35e1b516d23) [PhysX] Initialized MultithreadedTaskDispatcher with 20 workers.
 -> (artifact id: 'b1bf8fd5e97f68904993f8d5cca64427') in 0.008786 seconds
Number of updated asset objects reloaded before import = 0
Number of asset objects unloaded after import = 3
========================================================================
Received Import Request.
  Time since last request: 0.000015 seconds.
  path: Assets/Images/10559.dat.png
  artifactKey: Guid(4165bd09b01244afa15495c3e3fab841) Importer(2089858483,0ecaa5967403d082aa24f35e1b516d23)
Start importing Assets/Images/10559.dat.png using Guid(4165bd09b01244afa15495c3e3fab841) Importer(2089858483,0ecaa5967403d082aa24f35e1b516d23) [PhysX] Initialized MultithreadedTaskDispatcher with 20 workers.
 -> (artifact id: 'e7893b11766a61d99d8af1b625f85d26') in 0.007069 seconds
Number of updated asset objects reloaded before import = 0
Number of asset objects unloaded after import = 3
========================================================================
Received Import Request.
  Time since last request: 0.000015 seconds.
  path: Assets/Images/2009.dat.png
  artifactKey: Guid(616d724fd2ea4edabc13eabd4849c076) Importer(2089858483,0ecaa5967403d082aa24f35e1b516d23)
Start importing Assets/Images/2009.dat.png using Guid(616d724fd2ea4edabc13eabd4849c076) Importer(2089858483,0ecaa5967403d082aa24f35e1b516d23) [PhysX] Initialized MultithreadedTaskDispatcher with 20 workers.
 -> (artifact id: '4f7d01fd76d927cb15ab6bbebc05afa1') in 0.007292 seconds
Number of updated asset objects reloaded before import = 0
Number of asset objects unloaded after import = 3
========================================================================
Received Import Request.
  Time since last request: 0.000013 seconds.
  path: Assets/Images/10404.dat.png
  artifactKey: Guid(e07886f7a9c4459d81bac0669b28220f) Importer(2089858483,0ecaa5967403d082aa24f35e1b516d23)
Start importing Assets/Images/10404.dat.png using Guid(e07886f7a9c4459d81bac0669b28220f) Importer(2089858483,0ecaa5967403d082aa24f35e1b516d23) [PhysX] Initialized MultithreadedTaskDispatcher with 20 workers.
 -> (artifact id: '968088d751a7c2b6da0329a3aee7c443') in 0.033420 seconds
Number of updated asset objects reloaded before import = 0
Number of asset objects unloaded after import = 3
========================================================================
Received Import Request.
  Time since last request: 0.000218 seconds.
  path: Assets/Images/10483.dat.png
  artifactKey: Guid(eedbd59f9e424819814301ff97f79540) Importer(2089858483,0ecaa5967403d082aa24f35e1b516d23)
Start importing Assets/Images/10483.dat.png using Guid(eedbd59f9e424819814301ff97f79540) Importer(2089858483,0ecaa5967403d082aa24f35e1b516d23) [PhysX] Initialized MultithreadedTaskDispatcher with 20 workers.
 -> (artifact id: 'd396ab7ed72deccd11d8ec1c77f3debb') in 0.008098 seconds
Number of updated asset objects reloaded before import = 0
Number of asset objects unloaded after import = 3
========================================================================
Received Import Request.
  Time since last request: 0.000014 seconds.
  path: Assets/Images/209.dat.png
  artifactKey: Guid(f462f2beef514e83ac5e0d8b1e124593) Importer(2089858483,0ecaa5967403d082aa24f35e1b516d23)
Start importing Assets/Images/209.dat.png using Guid(f462f2beef514e83ac5e0d8b1e124593) Importer(2089858483,0ecaa5967403d082aa24f35e1b516d23) [PhysX] Initialized MultithreadedTaskDispatcher with 20 workers.
 -> (artifact id: '1257ec01bb54d28b7ede5558ee0b802b') in 0.008083 seconds
Number of updated asset objects reloaded before import = 0
Number of asset objects unloaded after import = 3
========================================================================
Received Import Request.
  Time since last request: 0.000013 seconds.
  path: Assets/Images/2014.dat.png
  artifactKey: Guid(279a3e2b4f974829841c4c68e6890ab1) Importer(2089858483,0ecaa5967403d082aa24f35e1b516d23)
Start importing Assets/Images/2014.dat.png using Guid(279a3e2b4f974829841c4c68e6890ab1) Importer(2089858483,0ecaa5967403d082aa24f35e1b516d23) [PhysX] Initialized MultithreadedTaskDispatcher with 20 workers.
 -> (artifact id: '55962b27bcafcf5595d023ea4f1c588a') in 0.007940 seconds
Number of updated asset objects reloaded before import = 0
Number of asset objects unloaded after import = 3
========================================================================
Received Import Request.
  Time since last request: 0.000014 seconds.
  path: Assets/Images/11005.dat.png
  artifactKey: Guid(0b4b86bdd6d741e2a0910982b8756786) Importer(2089858483,0ecaa5967403d082aa24f35e1b516d23)
Start importing Assets/Images/11005.dat.png using Guid(0b4b86bdd6d741e2a0910982b8756786) Importer(2089858483,0ecaa5967403d082aa24f35e1b516d23) [PhysX] Initialized MultithreadedTaskDispatcher with 20 workers.
 -> (artifact id: 'faa0e9cda5bcebac8e6c63109ea286ad') in 0.056648 seconds
Number of updated asset objects reloaded before import = 0
Number of asset objects unloaded after import = 3
========================================================================
Received Import Request.
  Time since last request: 0.000017 seconds.
  path: Assets/Images/11001.dat.png
  artifactKey: Guid(6c5b00ac6d874f2b91404eb10fb88eff) Importer(2089858483,0ecaa5967403d082aa24f35e1b516d23)
Start importing Assets/Images/11001.dat.png using Guid(6c5b00ac6d874f2b91404eb10fb88eff) Importer(2089858483,0ecaa5967403d082aa24f35e1b516d23) [PhysX] Initialized MultithreadedTaskDispatcher with 20 workers.
 -> (artifact id: 'f99116a37118b0235f0fafab4343ccfe') in 0.010443 seconds
Number of updated asset objects reloaded before import = 0
Number of asset objects unloaded after import = 3
========================================================================
Received Import Request.
  Time since last request: 0.000016 seconds.
  path: Assets/Images/10405.dat.png
  artifactKey: Guid(e4f929367ffa4e069cee43b61d585aac) Importer(2089858483,0ecaa5967403d082aa24f35e1b516d23)
Start importing Assets/Images/10405.dat.png using Guid(e4f929367ffa4e069cee43b61d585aac) Importer(2089858483,0ecaa5967403d082aa24f35e1b516d23) [PhysX] Initialized MultithreadedTaskDispatcher with 20 workers.
 -> (artifact id: '237f96b11a3a219c12c8dd60c499fb19') in 0.007550 seconds
Number of updated asset objects reloaded before import = 0
Number of asset objects unloaded after import = 3
========================================================================
Received Import Request.
  Time since last request: 0.000020 seconds.
  path: Assets/Images/10365.dat.png
  artifactKey: Guid(f13292dca2034941a7a77a6ed93e802c) Importer(2089858483,0ecaa5967403d082aa24f35e1b516d23)
Start importing Assets/Images/10365.dat.png using Guid(f13292dca2034941a7a77a6ed93e802c) Importer(2089858483,0ecaa5967403d082aa24f35e1b516d23) [PhysX] Initialized MultithreadedTaskDispatcher with 20 workers.
 -> (artifact id: 'fc26e7d8735792003bb5b927cece6fae') in 0.006892 seconds
Number of updated asset objects reloaded before import = 0
Number of asset objects unloaded after import = 3
========================================================================
Received Import Request.
  Time since last request: 0.000015 seconds.
  path: Assets/Images/10385.dat.png
  artifactKey: Guid(2ebd3107e63b4bd68402648f8ad44f4b) Importer(2089858483,0ecaa5967403d082aa24f35e1b516d23)
Start importing Assets/Images/10385.dat.png using Guid(2ebd3107e63b4bd68402648f8ad44f4b) Importer(2089858483,0ecaa5967403d082aa24f35e1b516d23) [PhysX] Initialized MultithreadedTaskDispatcher with 20 workers.
 -> (artifact id: 'cc19dac2ba80e46f6a566af0e15ca527') in 0.008083 seconds
Number of updated asset objects reloaded before import = 0
Number of asset objects unloaded after import = 3
========================================================================
Received Import Request.
  Time since last request: 0.000017 seconds.
  path: Assets/Images/12302.dat.png
  artifactKey: Guid(ed8575e623ea412b8f3f4969373ebcd5) Importer(2089858483,0ecaa5967403d082aa24f35e1b516d23)
Start importing Assets/Images/12302.dat.png using Guid(ed8575e623ea412b8f3f4969373ebcd5) Importer(2089858483,0ecaa5967403d082aa24f35e1b516d23) [PhysX] Initialized MultithreadedTaskDispatcher with 20 workers.
 -> (artifact id: '57a806ed02c457077b1f999293595adf') in 0.007901 seconds
Number of updated asset objects reloaded before import = 0
Number of asset objects unloaded after import = 3
========================================================================
Received Import Request.
  Time since last request: 0.000015 seconds.
  path: Assets/Images/2011.dat.png
  artifactKey: Guid(d512f9f115c24c22becb821570773d64) Importer(2089858483,0ecaa5967403d082aa24f35e1b516d23)
Start importing Assets/Images/2011.dat.png using Guid(d512f9f115c24c22becb821570773d64) Importer(2089858483,0ecaa5967403d082aa24f35e1b516d23) [PhysX] Initialized MultithreadedTaskDispatcher with 20 workers.
 -> (artifact id: 'f72bbed6740f71d952bd2b69dc619fc6') in 0.007522 seconds
Number of updated asset objects reloaded before import = 0
Number of asset objects unloaded after import = 3
========================================================================
Received Import Request.
  Time since last request: 0.000016 seconds.
  path: Assets/Images/10381.dat.png
  artifactKey: Guid(9132212e51d44ca8aed9b6822fb91384) Importer(2089858483,0ecaa5967403d082aa24f35e1b516d23)
Start importing Assets/Images/10381.dat.png using Guid(9132212e51d44ca8aed9b6822fb91384) Importer(2089858483,0ecaa5967403d082aa24f35e1b516d23) [PhysX] Initialized MultithreadedTaskDispatcher with 20 workers.
 -> (artifact id: 'faa66eb57961631e871fc212bebb186c') in 0.007088 seconds
Number of updated asset objects reloaded before import = 0
Number of asset objects unloaded after import = 3
========================================================================
Received Import Request.
  Time since last request: 0.000013 seconds.
  path: Assets/Images/10388.dat.png
  artifactKey: Guid(2c6da7b1d40b454ab992e92fc9ca324e) Importer(2089858483,0ecaa5967403d082aa24f35e1b516d23)
Start importing Assets/Images/10388.dat.png using Guid(2c6da7b1d40b454ab992e92fc9ca324e) Importer(2089858483,0ecaa5967403d082aa24f35e1b516d23) [PhysX] Initialized MultithreadedTaskDispatcher with 20 workers.
 -> (artifact id: 'b68a1b27426d76825512a1e72ee47185') in 0.006842 seconds
Number of updated asset objects reloaded before import = 0
Number of asset objects unloaded after import = 3
========================================================================
Received Import Request.
  Time since last request: 0.000017 seconds.
  path: Assets/Images/2051.dat.png
  artifactKey: Guid(c734279c39cb4566980e97e138711947) Importer(2089858483,0ecaa5967403d082aa24f35e1b516d23)
Start importing Assets/Images/2051.dat.png using Guid(c734279c39cb4566980e97e138711947) Importer(2089858483,0ecaa5967403d082aa24f35e1b516d23) [PhysX] Initialized MultithreadedTaskDispatcher with 20 workers.
 -> (artifact id: '07bf2e293ca671c727c668155ba2ad3c') in 0.007888 seconds
Number of updated asset objects reloaded before import = 0
Number of asset objects unloaded after import = 3
========================================================================
Received Import Request.
  Time since last request: 0.000011 seconds.
  path: Assets/Images/2048.dat.png
  artifactKey: Guid(5491cbfacee64ebabe6b42f5748dbd05) Importer(2089858483,0ecaa5967403d082aa24f35e1b516d23)
Start importing Assets/Images/2048.dat.png using Guid(5491cbfacee64ebabe6b42f5748dbd05) Importer(2089858483,0ecaa5967403d082aa24f35e1b516d23) [PhysX] Initialized MultithreadedTaskDispatcher with 20 workers.
 -> (artifact id: 'bf7ef5290aed7ebe1ba9a8305d3d69dc') in 0.007125 seconds
Number of updated asset objects reloaded before import = 0
Number of asset objects unloaded after import = 3
========================================================================
Received Import Request.
  Time since last request: 0.000013 seconds.
  path: Assets/Images/10387.dat.png
  artifactKey: Guid(a4fe8e067c4c4615ab54d446d29a4512) Importer(2089858483,0ecaa5967403d082aa24f35e1b516d23)
Start importing Assets/Images/10387.dat.png using Guid(a4fe8e067c4c4615ab54d446d29a4512) Importer(2089858483,0ecaa5967403d082aa24f35e1b516d23) [PhysX] Initialized MultithreadedTaskDispatcher with 20 workers.
 -> (artifact id: 'a11b37bee4f5723101500c9868778f5e') in 0.008038 seconds
Number of updated asset objects reloaded before import = 0
Number of asset objects unloaded after import = 3
========================================================================
Received Import Request.
  Time since last request: 0.000015 seconds.
  path: Assets/Images/2016.dat.png
  artifactKey: Guid(effca7d74a7d48748f673e4fa8f8cb77) Importer(2089858483,0ecaa5967403d082aa24f35e1b516d23)
Start importing Assets/Images/2016.dat.png using Guid(effca7d74a7d48748f673e4fa8f8cb77) Importer(2089858483,0ecaa5967403d082aa24f35e1b516d23) [PhysX] Initialized MultithreadedTaskDispatcher with 20 workers.
 -> (artifact id: '9f4b3bf462435e196704574a7c9dac8c') in 0.006918 seconds
Number of updated asset objects reloaded before import = 0
Number of asset objects unloaded after import = 3
========================================================================
Received Import Request.
  Time since last request: 0.000012 seconds.
  path: Assets/Images/2003.dat.png
  artifactKey: Guid(6e1d973de3cc4302b40fc04c63a5faa3) Importer(2089858483,0ecaa5967403d082aa24f35e1b516d23)
Start importing Assets/Images/2003.dat.png using Guid(6e1d973de3cc4302b40fc04c63a5faa3) Importer(2089858483,0ecaa5967403d082aa24f35e1b516d23) [PhysX] Initialized MultithreadedTaskDispatcher with 20 workers.
 -> (artifact id: 'cedce6eb6f7f651f6f51403f0f6e16a0') in 0.008169 seconds
Number of updated asset objects reloaded before import = 0
Number of asset objects unloaded after import = 3
========================================================================
Received Import Request.
  Time since last request: 0.000015 seconds.
  path: Assets/Images/2007.dat.png
  artifactKey: Guid(d773cf0f2aa044fc9383357434e43fde) Importer(2089858483,0ecaa5967403d082aa24f35e1b516d23)
Start importing Assets/Images/2007.dat.png using Guid(d773cf0f2aa044fc9383357434e43fde) Importer(2089858483,0ecaa5967403d082aa24f35e1b516d23) [PhysX] Initialized MultithreadedTaskDispatcher with 20 workers.
 -> (artifact id: 'a4efdcf1c5cf6e5a587b397a946c8a11') in 0.006763 seconds
Number of updated asset objects reloaded before import = 0
Number of asset objects unloaded after import = 3
========================================================================
Received Import Request.
  Time since last request: 0.000015 seconds.
  path: Assets/Images/1777.dat.png
  artifactKey: Guid(ca183c79a60647759e2043a94bfcfb46) Importer(2089858483,0ecaa5967403d082aa24f35e1b516d23)
Start importing Assets/Images/1777.dat.png using Guid(ca183c79a60647759e2043a94bfcfb46) Importer(2089858483,0ecaa5967403d082aa24f35e1b516d23) [PhysX] Initialized MultithreadedTaskDispatcher with 20 workers.
 -> (artifact id: '57b375dd3faebe9cb609caba4c3dc525') in 0.031309 seconds
Number of updated asset objects reloaded before import = 0
Number of asset objects unloaded after import = 16
========================================================================
Received Import Request.
  Time since last request: 0.000015 seconds.
  path: Assets/Images/2190.dat.png
  artifactKey: Guid(0e1f7c232c4743388e5e81ed7a07d0de) Importer(2089858483,0ecaa5967403d082aa24f35e1b516d23)
Start importing Assets/Images/2190.dat.png using Guid(0e1f7c232c4743388e5e81ed7a07d0de) Importer(2089858483,0ecaa5967403d082aa24f35e1b516d23) [PhysX] Initialized MultithreadedTaskDispatcher with 20 workers.
 -> (artifact id: 'ae4fb9360b06b6fd247f45f29e656ecb') in 0.006914 seconds
Number of updated asset objects reloaded before import = 0
Number of asset objects unloaded after import = 3
========================================================================
Received Import Request.
  Time since last request: 0.000012 seconds.
  path: Assets/Images/1429.dat.png
  artifactKey: Guid(f8fc5da6095842fe976cc1af970f8134) Importer(2089858483,0ecaa5967403d082aa24f35e1b516d23)
Start importing Assets/Images/1429.dat.png using Guid(f8fc5da6095842fe976cc1af970f8134) Importer(2089858483,0ecaa5967403d082aa24f35e1b516d23) [PhysX] Initialized MultithreadedTaskDispatcher with 20 workers.
 -> (artifact id: 'bb3d9ba13a2ad830b7b313e1a681cf5a') in 0.007019 seconds
Number of updated asset objects reloaded before import = 0
Number of asset objects unloaded after import = 3
========================================================================
Received Import Request.
  Time since last request: 0.000015 seconds.
  path: Assets/Images/2050.dat.png
  artifactKey: Guid(cd99ff0b83c844dabd3279e5d538fb7d) Importer(2089858483,0ecaa5967403d082aa24f35e1b516d23)
Start importing Assets/Images/2050.dat.png using Guid(cd99ff0b83c844dabd3279e5d538fb7d) Importer(2089858483,0ecaa5967403d082aa24f35e1b516d23) [PhysX] Initialized MultithreadedTaskDispatcher with 20 workers.
 -> (artifact id: '408f223c5799b5c09f67cef34f8ca760') in 0.008258 seconds
Number of updated asset objects reloaded before import = 0
Number of asset objects unloaded after import = 3
========================================================================
Received Import Request.
  Time since last request: 0.000015 seconds.
  path: Assets/Images/10392.dat.png
  artifactKey: Guid(d83852cbac0a49d3abdd003d45767b20) Importer(2089858483,0ecaa5967403d082aa24f35e1b516d23)
Start importing Assets/Images/10392.dat.png using Guid(d83852cbac0a49d3abdd003d45767b20) Importer(2089858483,0ecaa5967403d082aa24f35e1b516d23) [PhysX] Initialized MultithreadedTaskDispatcher with 20 workers.
 -> (artifact id: '6c2e1527c1ad01f84b55ecacb6f45a8b') in 0.007777 seconds
Number of updated asset objects reloaded before import = 0
Number of asset objects unloaded after import = 3
========================================================================
Received Import Request.
  Time since last request: 0.000017 seconds.
  path: Assets/Images/1080.dat.png
  artifactKey: Guid(c9507b3f695e4c11ae52d1883e1c296f) Importer(2089858483,0ecaa5967403d082aa24f35e1b516d23)
Start importing Assets/Images/1080.dat.png using Guid(c9507b3f695e4c11ae52d1883e1c296f) Importer(2089858483,0ecaa5967403d082aa24f35e1b516d23) [PhysX] Initialized MultithreadedTaskDispatcher with 20 workers.
 -> (artifact id: 'a7fe6abce2fd9949311f03b7ef4bbccc') in 0.008050 seconds
Number of updated asset objects reloaded before import = 0
Number of asset objects unloaded after import = 3
========================================================================
Received Import Request.
  Time since last request: 0.000019 seconds.
  path: Assets/Images/11004.dat.png
  artifactKey: Guid(a2d0bce9c8ce43629c74b10bd4819326) Importer(2089858483,0ecaa5967403d082aa24f35e1b516d23)
Start importing Assets/Images/11004.dat.png using Guid(a2d0bce9c8ce43629c74b10bd4819326) Importer(2089858483,0ecaa5967403d082aa24f35e1b516d23) [PhysX] Initialized MultithreadedTaskDispatcher with 20 workers.
 -> (artifact id: '5a9756c0b48934dbb417bc75534e767d') in 0.008497 seconds
Number of updated asset objects reloaded before import = 0
Number of asset objects unloaded after import = 3
========================================================================
Received Import Request.
  Time since last request: 0.000017 seconds.
  path: Assets/Images/10389.dat.png
  artifactKey: Guid(ad3599e11f9a4b5eb4ea1241e17473fd) Importer(2089858483,0ecaa5967403d082aa24f35e1b516d23)
Start importing Assets/Images/10389.dat.png using Guid(ad3599e11f9a4b5eb4ea1241e17473fd) Importer(2089858483,0ecaa5967403d082aa24f35e1b516d23) [PhysX] Initialized MultithreadedTaskDispatcher with 20 workers.
 -> (artifact id: '4832ca2627c521bd172ad5c6479ca335') in 0.008643 seconds
Number of updated asset objects reloaded before import = 0
Number of asset objects unloaded after import = 3
========================================================================
Received Import Request.
  Time since last request: 0.000016 seconds.
  path: Assets/Images/2049.dat.png
  artifactKey: Guid(a1131436181843aaa28a648bb4de778c) Importer(2089858483,0ecaa5967403d082aa24f35e1b516d23)
Start importing Assets/Images/2049.dat.png using Guid(a1131436181843aaa28a648bb4de778c) Importer(2089858483,0ecaa5967403d082aa24f35e1b516d23) [PhysX] Initialized MultithreadedTaskDispatcher with 20 workers.
 -> (artifact id: '52a5eda0b85a23c60296c18ed875a78b') in 0.008572 seconds
Number of updated asset objects reloaded before import = 0
Number of asset objects unloaded after import = 3
========================================================================
Received Import Request.
  Time since last request: 0.000015 seconds.
  path: Assets/Images/2165.dat.png
  artifactKey: Guid(9118e0e88321459db54ed3904b09614b) Importer(2089858483,0ecaa5967403d082aa24f35e1b516d23)
Start importing Assets/Images/2165.dat.png using Guid(9118e0e88321459db54ed3904b09614b) Importer(2089858483,0ecaa5967403d082aa24f35e1b516d23) [PhysX] Initialized MultithreadedTaskDispatcher with 20 workers.
 -> (artifact id: 'e631bac6c6a786eb8486a9a265d80be8') in 0.143818 seconds
Number of updated asset objects reloaded before import = 0
Number of asset objects unloaded after import = 3
========================================================================
Received Import Request.
  Time since last request: 0.000020 seconds.
  path: Assets/Images/10395.dat.png
  artifactKey: Guid(99b21e66f35f4d039ff35d28edfc0ec8) Importer(2089858483,0ecaa5967403d082aa24f35e1b516d23)
Start importing Assets/Images/10395.dat.png using Guid(99b21e66f35f4d039ff35d28edfc0ec8) Importer(2089858483,0ecaa5967403d082aa24f35e1b516d23) [PhysX] Initialized MultithreadedTaskDispatcher with 20 workers.
 -> (artifact id: '14dde0abde5a54f939ea057bef897843') in 0.009867 seconds
Number of updated asset objects reloaded before import = 0
Number of asset objects unloaded after import = 3
========================================================================
Received Import Request.
  Time since last request: 0.000025 seconds.
  path: Assets/Images/208.dat.png
  artifactKey: Guid(16a00ae242484e62a46669dfe499ece3) Importer(2089858483,0ecaa5967403d082aa24f35e1b516d23)
Start importing Assets/Images/208.dat.png using Guid(16a00ae242484e62a46669dfe499ece3) Importer(2089858483,0ecaa5967403d082aa24f35e1b516d23) [PhysX] Initialized MultithreadedTaskDispatcher with 20 workers.
 -> (artifact id: '2f4352ddbb77bb4e07836ca4a3e8f499') in 0.007437 seconds
Number of updated asset objects reloaded before import = 0
Number of asset objects unloaded after import = 3
========================================================================
Received Import Request.
  Time since last request: 0.000015 seconds.
  path: Assets/Images/1150.dat.png
  artifactKey: Guid(8779fa2b6dbb41cda79f875a75395414) Importer(2089858483,0ecaa5967403d082aa24f35e1b516d23)
Start importing Assets/Images/1150.dat.png using Guid(8779fa2b6dbb41cda79f875a75395414) Importer(2089858483,0ecaa5967403d082aa24f35e1b516d23) [PhysX] Initialized MultithreadedTaskDispatcher with 20 workers.
 -> (artifact id: '6a095efcf69065046be2dd36cfcc8c09') in 0.023598 seconds
Number of updated asset objects reloaded before import = 0
Number of asset objects unloaded after import = 16
========================================================================
Received Import Request.
  Time since last request: 0.000041 seconds.
  path: Assets/Images/2008.dat.png
  artifactKey: Guid(3d5f9ce95f0e4d65879d4322e30e0ab2) Importer(2089858483,0ecaa5967403d082aa24f35e1b516d23)
Start importing Assets/Images/2008.dat.png using Guid(3d5f9ce95f0e4d65879d4322e30e0ab2) Importer(2089858483,0ecaa5967403d082aa24f35e1b516d23) [PhysX] Initialized MultithreadedTaskDispatcher with 20 workers.
 -> (artifact id: '65834f7bcb027ca646c0733491ad14da') in 0.008279 seconds
Number of updated asset objects reloaded before import = 0
Number of asset objects unloaded after import = 3
========================================================================
Received Import Request.
  Time since last request: 0.000013 seconds.
  path: Assets/Images/10366.dat.png
  artifactKey: Guid(638386654da84897a31c3a8703a34610) Importer(2089858483,0ecaa5967403d082aa24f35e1b516d23)
Start importing Assets/Images/10366.dat.png using Guid(638386654da84897a31c3a8703a34610) Importer(2089858483,0ecaa5967403d082aa24f35e1b516d23) [PhysX] Initialized MultithreadedTaskDispatcher with 20 workers.
 -> (artifact id: 'c537e9110ee03cebed07074811e81d7c') in 0.007330 seconds
Number of updated asset objects reloaded before import = 0
Number of asset objects unloaded after import = 3
========================================================================
Received Import Request.
  Time since last request: 0.000013 seconds.
  path: Assets/Images/10677.dat.png
  artifactKey: Guid(c3838be4b3624544bf62028988f08c4c) Importer(2089858483,0ecaa5967403d082aa24f35e1b516d23)
Start importing Assets/Images/10677.dat.png using Guid(c3838be4b3624544bf62028988f08c4c) Importer(2089858483,0ecaa5967403d082aa24f35e1b516d23) [PhysX] Initialized MultithreadedTaskDispatcher with 20 workers.
 -> (artifact id: '883e384dac7c93d00ea6a343e6114c02') in 0.007042 seconds
Number of updated asset objects reloaded before import = 0
Number of asset objects unloaded after import = 3
========================================================================
Received Import Request.
  Time since last request: 0.000013 seconds.
  path: Assets/Images/1885.dat.png
  artifactKey: Guid(1bfd457dcda14974a6ba5ed87625d3b4) Importer(2089858483,0ecaa5967403d082aa24f35e1b516d23)
Start importing Assets/Images/1885.dat.png using Guid(1bfd457dcda14974a6ba5ed87625d3b4) Importer(2089858483,0ecaa5967403d082aa24f35e1b516d23) [PhysX] Initialized MultithreadedTaskDispatcher with 20 workers.
 -> (artifact id: '75a4c32195de69c574a82615f8685d7d') in 0.007125 seconds
Number of updated asset objects reloaded before import = 0
Number of asset objects unloaded after import = 3
========================================================================
Received Import Request.
  Time since last request: 0.000013 seconds.
  path: Assets/Images/2124.dat.png
  artifactKey: Guid(9ee096ca680242219bfb15c6ee14ac4c) Importer(2089858483,0ecaa5967403d082aa24f35e1b516d23)
Start importing Assets/Images/2124.dat.png using Guid(9ee096ca680242219bfb15c6ee14ac4c) Importer(2089858483,0ecaa5967403d082aa24f35e1b516d23) [PhysX] Initialized MultithreadedTaskDispatcher with 20 workers.
 -> (artifact id: 'c439b678564f74d138d63ae0af14c801') in 0.007436 seconds
Number of updated asset objects reloaded before import = 0
Number of asset objects unloaded after import = 3
========================================================================
Received Import Request.
  Time since last request: 0.000014 seconds.
  path: Assets/Images/2054.dat.png
  artifactKey: Guid(8d0dc255d61b41c1a9a9f3d3db1bc448) Importer(2089858483,0ecaa5967403d082aa24f35e1b516d23)
Start importing Assets/Images/2054.dat.png using Guid(8d0dc255d61b41c1a9a9f3d3db1bc448) Importer(2089858483,0ecaa5967403d082aa24f35e1b516d23) [PhysX] Initialized MultithreadedTaskDispatcher with 20 workers.
 -> (artifact id: 'ecdb42671cc1c9a49a555126d026bc25') in 0.007806 seconds
Number of updated asset objects reloaded before import = 0
Number of asset objects unloaded after import = 3
========================================================================
Received Import Request.
  Time since last request: 1.137206 seconds.
  path: Assets/Images/2201.dat.png
  artifactKey: Guid(6a7551d1b156470586d3743b410d1e95) Importer(2089858483,0ecaa5967403d082aa24f35e1b516d23)
Start importing Assets/Images/2201.dat.png using Guid(6a7551d1b156470586d3743b410d1e95) Importer(2089858483,0ecaa5967403d082aa24f35e1b516d23) [PhysX] Initialized MultithreadedTaskDispatcher with 20 workers.
 -> (artifact id: 'f8dcf7d58d9beb874be2becf0c24720f') in 0.008375 seconds
Number of updated asset objects reloaded before import = 0
Number of asset objects unloaded after import = 3
========================================================================
Received Import Request.
  Time since last request: 0.000017 seconds.
  path: Assets/Images/4282.dat.png
  artifactKey: Guid(b8faddc1fb3d4aeeb3e588dbe8e9a538) Importer(2089858483,0ecaa5967403d082aa24f35e1b516d23)
Start importing Assets/Images/4282.dat.png using Guid(b8faddc1fb3d4aeeb3e588dbe8e9a538) Importer(2089858483,0ecaa5967403d082aa24f35e1b516d23) [PhysX] Initialized MultithreadedTaskDispatcher with 20 workers.
 -> (artifact id: 'b63f4e49973ffcbfa89c396f867a174f') in 0.008294 seconds
Number of updated asset objects reloaded before import = 0
Number of asset objects unloaded after import = 3
========================================================================
Received Import Request.
  Time since last request: 0.000014 seconds.
  path: Assets/Images/2257.dat.png
  artifactKey: Guid(83d7a57434524621a6e4c6e03df9a8ae) Importer(2089858483,0ecaa5967403d082aa24f35e1b516d23)
Start importing Assets/Images/2257.dat.png using Guid(83d7a57434524621a6e4c6e03df9a8ae) Importer(2089858483,0ecaa5967403d082aa24f35e1b516d23) [PhysX] Initialized MultithreadedTaskDispatcher with 20 workers.
 -> (artifact id: '631ef97ce04ef9af4641ea79e35eb65a') in 0.008699 seconds
Number of updated asset objects reloaded before import = 0
Number of asset objects unloaded after import = 3
========================================================================
Received Import Request.
  Time since last request: 0.000016 seconds.
  path: Assets/Images/2724.dat.png
  artifactKey: Guid(cff1b44e3eef4748a7e295a26e22ef23) Importer(2089858483,0ecaa5967403d082aa24f35e1b516d23)
Start importing Assets/Images/2724.dat.png using Guid(cff1b44e3eef4748a7e295a26e22ef23) Importer(2089858483,0ecaa5967403d082aa24f35e1b516d23) [PhysX] Initialized MultithreadedTaskDispatcher with 20 workers.
 -> (artifact id: '89ea8345f811de0a6706200975f12bbf') in 0.006783 seconds
Number of updated asset objects reloaded before import = 0
Number of asset objects unloaded after import = 3
========================================================================
Received Import Request.
  Time since last request: 0.000020 seconds.
  path: Assets/Images/3592.dat.png
  artifactKey: Guid(5f1c6d584c3349088f04ceb525561e61) Importer(2089858483,0ecaa5967403d082aa24f35e1b516d23)
Start importing Assets/Images/3592.dat.png using Guid(5f1c6d584c3349088f04ceb525561e61) Importer(2089858483,0ecaa5967403d082aa24f35e1b516d23) [PhysX] Initialized MultithreadedTaskDispatcher with 20 workers.
 -> (artifact id: '59bfa436ab87f4f424bfb1a661f32b71') in 0.007041 seconds
Number of updated asset objects reloaded before import = 0
Number of asset objects unloaded after import = 3
========================================================================
Received Import Request.
  Time since last request: 0.000013 seconds.
  path: Assets/Images/2832.dat.png
  artifactKey: Guid(68c398a0a1424661a1cc4ce72c0a6f61) Importer(2089858483,0ecaa5967403d082aa24f35e1b516d23)
Start importing Assets/Images/2832.dat.png using Guid(68c398a0a1424661a1cc4ce72c0a6f61) Importer(2089858483,0ecaa5967403d082aa24f35e1b516d23) [PhysX] Initialized MultithreadedTaskDispatcher with 20 workers.
 -> (artifact id: '9d907a278c3d8142bfdfbd89dd598d61') in 0.007542 seconds
Number of updated asset objects reloaded before import = 0
Number of asset objects unloaded after import = 3
========================================================================
Received Import Request.
  Time since last request: 0.000013 seconds.
  path: Assets/Images/2918.dat.png
  artifactKey: Guid(066c4e847ec24765bc89f460a7801df1) Importer(2089858483,0ecaa5967403d082aa24f35e1b516d23)
Start importing Assets/Images/2918.dat.png using Guid(066c4e847ec24765bc89f460a7801df1) Importer(2089858483,0ecaa5967403d082aa24f35e1b516d23) [PhysX] Initialized MultithreadedTaskDispatcher with 20 workers.
 -> (artifact id: '498c7712efebadb1f9e4bae72898b01d') in 0.008609 seconds
Number of updated asset objects reloaded before import = 0
Number of asset objects unloaded after import = 3
========================================================================
Received Import Request.
  Time since last request: 0.000015 seconds.
  path: Assets/Images/2252.dat.png
  artifactKey: Guid(e23aebba6e774fbeb24f078530a8ba5f) Importer(2089858483,0ecaa5967403d082aa24f35e1b516d23)
Start importing Assets/Images/2252.dat.png using Guid(e23aebba6e774fbeb24f078530a8ba5f) Importer(2089858483,0ecaa5967403d082aa24f35e1b516d23) [PhysX] Initialized MultithreadedTaskDispatcher with 20 workers.
 -> (artifact id: '3a6df86c7076a0e230cdd7aadcc13355') in 0.007481 seconds
Number of updated asset objects reloaded before import = 0
Number of asset objects unloaded after import = 3
========================================================================
Received Import Request.
  Time since last request: 0.000012 seconds.
  path: Assets/Images/3856.dat.png
  artifactKey: Guid(6ee57a410d1340a3a74bd0881db2a02f) Importer(2089858483,0ecaa5967403d082aa24f35e1b516d23)
Start importing Assets/Images/3856.dat.png using Guid(6ee57a410d1340a3a74bd0881db2a02f) Importer(2089858483,0ecaa5967403d082aa24f35e1b516d23) [PhysX] Initialized MultithreadedTaskDispatcher with 20 workers.
 -> (artifact id: 'bbdaa4cfbf3adc482a066634ee81b438') in 0.007272 seconds
Number of updated asset objects reloaded before import = 0
Number of asset objects unloaded after import = 3
========================================================================
Received Import Request.
  Time since last request: 0.000012 seconds.
  path: Assets/Images/2577.dat.png
  artifactKey: Guid(388c2284e13e4149bf913244ffbb20ff) Importer(2089858483,0ecaa5967403d082aa24f35e1b516d23)
Start importing Assets/Images/2577.dat.png using Guid(388c2284e13e4149bf913244ffbb20ff) Importer(2089858483,0ecaa5967403d082aa24f35e1b516d23) [PhysX] Initialized MultithreadedTaskDispatcher with 20 workers.
 -> (artifact id: '8befbbebf167f2da1da2b84796f637ea') in 0.007056 seconds
Number of updated asset objects reloaded before import = 0
Number of asset objects unloaded after import = 3
========================================================================
Received Import Request.
  Time since last request: 0.000014 seconds.
  path: Assets/Images/4450.dat.png
  artifactKey: Guid(7175ce1eaebc406db557ddb851d64112) Importer(2089858483,0ecaa5967403d082aa24f35e1b516d23)
Start importing Assets/Images/4450.dat.png using Guid(7175ce1eaebc406db557ddb851d64112) Importer(2089858483,0ecaa5967403d082aa24f35e1b516d23) [PhysX] Initialized MultithreadedTaskDispatcher with 20 workers.
 -> (artifact id: 'cf36bdefe28d950e31537c51a36378aa') in 0.007042 seconds
Number of updated asset objects reloaded before import = 0
Number of asset objects unloaded after import = 3
========================================================================
Received Import Request.
  Time since last request: 0.000014 seconds.
  path: Assets/Images/2267.dat.png
  artifactKey: Guid(4783f2d69ed04e3e917db8b5dc9ad5be) Importer(2089858483,0ecaa5967403d082aa24f35e1b516d23)
Start importing Assets/Images/2267.dat.png using Guid(4783f2d69ed04e3e917db8b5dc9ad5be) Importer(2089858483,0ecaa5967403d082aa24f35e1b516d23) [PhysX] Initialized MultithreadedTaskDispatcher with 20 workers.
 -> (artifact id: '417aa7f6e2f9ecb047d45cbdb3fee4ab') in 0.007225 seconds
Number of updated asset objects reloaded before import = 0
Number of asset objects unloaded after import = 3
========================================================================
Received Import Request.
  Time since last request: 0.000015 seconds.
  path: Assets/Images/2672.dat.png
  artifactKey: Guid(b5f48fcfe91c488a8738a87c5b6eab43) Importer(2089858483,0ecaa5967403d082aa24f35e1b516d23)
Start importing Assets/Images/2672.dat.png using Guid(b5f48fcfe91c488a8738a87c5b6eab43) Importer(2089858483,0ecaa5967403d082aa24f35e1b516d23) [PhysX] Initialized MultithreadedTaskDispatcher with 20 workers.
 -> (artifact id: 'ea3a689226e44ac9cd75b594dda73509') in 0.008535 seconds
Number of updated asset objects reloaded before import = 0
Number of asset objects unloaded after import = 3
========================================================================
Received Import Request.
  Time since last request: 0.000013 seconds.
  path: Assets/Images/3250.dat.png
  artifactKey: Guid(c31b77d7956f495ab5a239f5fb212fb1) Importer(2089858483,0ecaa5967403d082aa24f35e1b516d23)
Start importing Assets/Images/3250.dat.png using Guid(c31b77d7956f495ab5a239f5fb212fb1) Importer(2089858483,0ecaa5967403d082aa24f35e1b516d23) [PhysX] Initialized MultithreadedTaskDispatcher with 20 workers.
 -> (artifact id: 'b812d5625c0e9768709e0fb2104849f0') in 0.006798 seconds
Number of updated asset objects reloaded before import = 0
Number of asset objects unloaded after import = 3
========================================================================
Received Import Request.
  Time since last request: 0.000013 seconds.
  path: Assets/Images/2655.dat.png
  artifactKey: Guid(a27e021679fc416fa54bc677b96963ff) Importer(2089858483,0ecaa5967403d082aa24f35e1b516d23)
Start importing Assets/Images/2655.dat.png using Guid(a27e021679fc416fa54bc677b96963ff) Importer(2089858483,0ecaa5967403d082aa24f35e1b516d23) [PhysX] Initialized MultithreadedTaskDispatcher with 20 workers.
 -> (artifact id: 'd0de7188024e73b902ba4eb8bd29b025') in 0.007121 seconds
Number of updated asset objects reloaded before import = 0
Number of asset objects unloaded after import = 3
========================================================================
Received Import Request.
  Time since last request: 0.000013 seconds.
  path: Assets/Images/2582.dat.png
  artifactKey: Guid(c99ef3d41b754540ac6508f53b977fab) Importer(2089858483,0ecaa5967403d082aa24f35e1b516d23)
Start importing Assets/Images/2582.dat.png using Guid(c99ef3d41b754540ac6508f53b977fab) Importer(2089858483,0ecaa5967403d082aa24f35e1b516d23) [PhysX] Initialized MultithreadedTaskDispatcher with 20 workers.
 -> (artifact id: '3fa07b1b3a28e34f974be532e752b718') in 0.007538 seconds
Number of updated asset objects reloaded before import = 0
Number of asset objects unloaded after import = 3
========================================================================
Received Import Request.
  Time since last request: 0.000013 seconds.
  path: Assets/Images/2899.dat.png
  artifactKey: Guid(f2783dbb3c4248a5aa009d3bf5a08867) Importer(2089858483,0ecaa5967403d082aa24f35e1b516d23)
Start importing Assets/Images/2899.dat.png using Guid(f2783dbb3c4248a5aa009d3bf5a08867) Importer(2089858483,0ecaa5967403d082aa24f35e1b516d23) [PhysX] Initialized MultithreadedTaskDispatcher with 20 workers.
 -> (artifact id: '9924e5199b0b2688e052640d61ce7aae') in 0.007860 seconds
Number of updated asset objects reloaded before import = 0
Number of asset objects unloaded after import = 3
========================================================================
Received Import Request.
  Time since last request: 0.000015 seconds.
  path: Assets/Images/5000.dat.png
  artifactKey: Guid(859b55e6dd4b42c49f3f4ffbb5cbc385) Importer(2089858483,0ecaa5967403d082aa24f35e1b516d23)
Start importing Assets/Images/5000.dat.png using Guid(859b55e6dd4b42c49f3f4ffbb5cbc385) Importer(2089858483,0ecaa5967403d082aa24f35e1b516d23) [PhysX] Initialized MultithreadedTaskDispatcher with 20 workers.
 -> (artifact id: 'd26196350af7b0e87cd640d0ed67dc76') in 0.013533 seconds
Number of updated asset objects reloaded before import = 0
Number of asset objects unloaded after import = 8
========================================================================
Received Import Request.
  Time since last request: 0.000014 seconds.
  path: Assets/Images/2975.dat.png
  artifactKey: Guid(1445bacbc2584d5db8a74c11e605d631) Importer(2089858483,0ecaa5967403d082aa24f35e1b516d23)
Start importing Assets/Images/2975.dat.png using Guid(1445bacbc2584d5db8a74c11e605d631) Importer(2089858483,0ecaa5967403d082aa24f35e1b516d23) [PhysX] Initialized MultithreadedTaskDispatcher with 20 workers.
 -> (artifact id: '4e87838370393a5c910296784b482251') in 0.007562 seconds
Number of updated asset objects reloaded before import = 0
Number of asset objects unloaded after import = 3
========================================================================
Received Import Request.
  Time since last request: 0.000013 seconds.
  path: Assets/Images/2853.dat.png
  artifactKey: Guid(3b9c3ee0cee44e6eab2c80a212906ed2) Importer(2089858483,0ecaa5967403d082aa24f35e1b516d23)
Start importing Assets/Images/2853.dat.png using Guid(3b9c3ee0cee44e6eab2c80a212906ed2) Importer(2089858483,0ecaa5967403d082aa24f35e1b516d23) [PhysX] Initialized MultithreadedTaskDispatcher with 20 workers.
 -> (artifact id: 'f4b97a83b158e3403b279c95aaeac73f') in 0.007926 seconds
Number of updated asset objects reloaded before import = 0
Number of asset objects unloaded after import = 3
========================================================================
Received Import Request.
  Time since last request: 0.000013 seconds.
  path: Assets/Images/2938.dat.png
  artifactKey: Guid(ceb172550f1e48ccbcacdeb03837555f) Importer(2089858483,0ecaa5967403d082aa24f35e1b516d23)
Start importing Assets/Images/2938.dat.png using Guid(ceb172550f1e48ccbcacdeb03837555f) Importer(2089858483,0ecaa5967403d082aa24f35e1b516d23) [PhysX] Initialized MultithreadedTaskDispatcher with 20 workers.
 -> (artifact id: '287922966412046a19a4638708db7bf6') in 0.007321 seconds
Number of updated asset objects reloaded before import = 0
Number of asset objects unloaded after import = 3
========================================================================
Received Import Request.
  Time since last request: 0.000015 seconds.
  path: Assets/Images/2327.dat.png
  artifactKey: Guid(d346865756b94205b9282dded1c1074c) Importer(2089858483,0ecaa5967403d082aa24f35e1b516d23)
Start importing Assets/Images/2327.dat.png using Guid(d346865756b94205b9282dded1c1074c) Importer(2089858483,0ecaa5967403d082aa24f35e1b516d23) [PhysX] Initialized MultithreadedTaskDispatcher with 20 workers.
 -> (artifact id: 'd9f563abb90912a98c2c5fdd8cecbdfd') in 0.008732 seconds
Number of updated asset objects reloaded before import = 0
Number of asset objects unloaded after import = 3
========================================================================
Received Import Request.
  Time since last request: 0.000014 seconds.
  path: Assets/Images/4288.dat.png
  artifactKey: Guid(039053d66aab4e1c963ee54a13b142de) Importer(2089858483,0ecaa5967403d082aa24f35e1b516d23)
Start importing Assets/Images/4288.dat.png using Guid(039053d66aab4e1c963ee54a13b142de) Importer(2089858483,0ecaa5967403d082aa24f35e1b516d23) [PhysX] Initialized MultithreadedTaskDispatcher with 20 workers.
 -> (artifact id: '66b1831d19ab1cb69b7868558dec5b59') in 0.007282 seconds
Number of updated asset objects reloaded before import = 0
Number of asset objects unloaded after import = 3
========================================================================
Received Import Request.
  Time since last request: 0.000013 seconds.
  path: Assets/Images/2895.dat.png
  artifactKey: Guid(a8407ad76ea94905b4f96705f10d3df8) Importer(2089858483,0ecaa5967403d082aa24f35e1b516d23)
Start importing Assets/Images/2895.dat.png using Guid(a8407ad76ea94905b4f96705f10d3df8) Importer(2089858483,0ecaa5967403d082aa24f35e1b516d23) [PhysX] Initialized MultithreadedTaskDispatcher with 20 workers.
 -> (artifact id: 'eff6ec4449244621facd805419cdfc63') in 0.007331 seconds
Number of updated asset objects reloaded before import = 0
Number of asset objects unloaded after import = 3
========================================================================
Received Import Request.
  Time since last request: 0.000015 seconds.
  path: Assets/Images/2649.dat.png
  artifactKey: Guid(e75f5de6b6924053846e89bde0688d23) Importer(2089858483,0ecaa5967403d082aa24f35e1b516d23)
Start importing Assets/Images/2649.dat.png using Guid(e75f5de6b6924053846e89bde0688d23) Importer(2089858483,0ecaa5967403d082aa24f35e1b516d23) [PhysX] Initialized MultithreadedTaskDispatcher with 20 workers.
 -> (artifact id: '1c02011136a438fbf01e04b93b714ca0') in 0.006981 seconds
Number of updated asset objects reloaded before import = 0
Number of asset objects unloaded after import = 3
========================================================================
Received Import Request.
  Time since last request: 0.000013 seconds.
  path: Assets/Images/2551.dat.png
  artifactKey: Guid(97ba57ac8a894c9eae415a38c07e4a56) Importer(2089858483,0ecaa5967403d082aa24f35e1b516d23)
Start importing Assets/Images/2551.dat.png using Guid(97ba57ac8a894c9eae415a38c07e4a56) Importer(2089858483,0ecaa5967403d082aa24f35e1b516d23) [PhysX] Initialized MultithreadedTaskDispatcher with 20 workers.
 -> (artifact id: '22f568338d45a04a96e27dcb23e7b30d') in 0.008707 seconds
Number of updated asset objects reloaded before import = 0
Number of asset objects unloaded after import = 3
========================================================================
Received Import Request.
  Time since last request: 0.000020 seconds.
  path: Assets/Images/2289.dat.png
  artifactKey: Guid(0003476b2fd14250843de9ff76491f2e) Importer(2089858483,0ecaa5967403d082aa24f35e1b516d23)
Start importing Assets/Images/2289.dat.png using Guid(0003476b2fd14250843de9ff76491f2e) Importer(2089858483,0ecaa5967403d082aa24f35e1b516d23) [PhysX] Initialized MultithreadedTaskDispatcher with 20 workers.
 -> (artifact id: 'a8fea1887c2f698ff5799f11e20b446c') in 0.007642 seconds
Number of updated asset objects reloaded before import = 0
Number of asset objects unloaded after import = 3
========================================================================
Received Import Request.
  Time since last request: 0.000015 seconds.
  path: Assets/Images/2254.dat.png
  artifactKey: Guid(3dc378dc425640da8b9fdf38a23d368a) Importer(2089858483,0ecaa5967403d082aa24f35e1b516d23)
Start importing Assets/Images/2254.dat.png using Guid(3dc378dc425640da8b9fdf38a23d368a) Importer(2089858483,0ecaa5967403d082aa24f35e1b516d23) [PhysX] Initialized MultithreadedTaskDispatcher with 20 workers.
 -> (artifact id: '6aad409d1207a7f22d833ac96762712f') in 0.007461 seconds
Number of updated asset objects reloaded before import = 0
Number of asset objects unloaded after import = 3
========================================================================
Received Import Request.
  Time since last request: 0.000016 seconds.
  path: Assets/Images/3832.dat.png
  artifactKey: Guid(2fb96f36b726427083c1b0b931ff0990) Importer(2089858483,0ecaa5967403d082aa24f35e1b516d23)
Start importing Assets/Images/3832.dat.png using Guid(2fb96f36b726427083c1b0b931ff0990) Importer(2089858483,0ecaa5967403d082aa24f35e1b516d23) [PhysX] Initialized MultithreadedTaskDispatcher with 20 workers.
 -> (artifact id: '62b5bedce39f9be5a501c92c35e2bb13') in 0.008255 seconds
Number of updated asset objects reloaded before import = 0
Number of asset objects unloaded after import = 3
========================================================================
Received Import Request.
  Time since last request: 0.000013 seconds.
  path: Assets/Images/2844.dat.png
  artifactKey: Guid(b0890b4516224cde89af4cc6ce1f702f) Importer(2089858483,0ecaa5967403d082aa24f35e1b516d23)
Start importing Assets/Images/2844.dat.png using Guid(b0890b4516224cde89af4cc6ce1f702f) Importer(2089858483,0ecaa5967403d082aa24f35e1b516d23) [PhysX] Initialized MultithreadedTaskDispatcher with 20 workers.
 -> (artifact id: 'bc86b55ed8467048c0f38b2546499c10') in 0.007704 seconds
Number of updated asset objects reloaded before import = 0
Number of asset objects unloaded after import = 3
========================================================================
Received Import Request.
  Time since last request: 0.000016 seconds.
  path: Assets/Images/2604.dat.png
  artifactKey: Guid(cd91bfd4771d4f1d8c7f5874c5c7beed) Importer(2089858483,0ecaa5967403d082aa24f35e1b516d23)
Start importing Assets/Images/2604.dat.png using Guid(cd91bfd4771d4f1d8c7f5874c5c7beed) Importer(2089858483,0ecaa5967403d082aa24f35e1b516d23) [PhysX] Initialized MultithreadedTaskDispatcher with 20 workers.
 -> (artifact id: '57041c4679c9e03e2725b9b7b4d3c6ed') in 0.007118 seconds
Number of updated asset objects reloaded before import = 0
Number of asset objects unloaded after import = 3
========================================================================
Received Import Request.
  Time since last request: 0.000028 seconds.
  path: Assets/Images/2595.dat.png
  artifactKey: Guid(20b5530fdb6e44488b00291c79e7ca16) Importer(2089858483,0ecaa5967403d082aa24f35e1b516d23)
Start importing Assets/Images/2595.dat.png using Guid(20b5530fdb6e44488b00291c79e7ca16) Importer(2089858483,0ecaa5967403d082aa24f35e1b516d23) [PhysX] Initialized MultithreadedTaskDispatcher with 20 workers.
 -> (artifact id: '23eb14b2fc09d206d1ef495fb40c7644') in 0.007501 seconds
Number of updated asset objects reloaded before import = 0
Number of asset objects unloaded after import = 3
========================================================================
Received Import Request.
  Time since last request: 0.000013 seconds.
  path: Assets/Images/2392.dat.png
  artifactKey: Guid(c1710c6fa36a4e289090978fc7e52b3c) Importer(2089858483,0ecaa5967403d082aa24f35e1b516d23)
Start importing Assets/Images/2392.dat.png using Guid(c1710c6fa36a4e289090978fc7e52b3c) Importer(2089858483,0ecaa5967403d082aa24f35e1b516d23) [PhysX] Initialized MultithreadedTaskDispatcher with 20 workers.
 -> (artifact id: '33a8d9ba7ce8fd664ac96f3c59452f13') in 0.019327 seconds
Number of updated asset objects reloaded before import = 0
Number of asset objects unloaded after import = 14
========================================================================
Received Import Request.
  Time since last request: 0.000014 seconds.
  path: Assets/Images/5527.dat.png
  artifactKey: Guid(bd79d815ee3e4687844fa3eb2af66a42) Importer(2089858483,0ecaa5967403d082aa24f35e1b516d23)
Start importing Assets/Images/5527.dat.png using Guid(bd79d815ee3e4687844fa3eb2af66a42) Importer(2089858483,0ecaa5967403d082aa24f35e1b516d23) [PhysX] Initialized MultithreadedTaskDispatcher with 20 workers.
 -> (artifact id: '82774e5fea56e7877690838306e66890') in 0.007743 seconds
Number of updated asset objects reloaded before import = 0
Number of asset objects unloaded after import = 3
========================================================================
Received Import Request.
  Time since last request: 0.000017 seconds.
  path: Assets/Images/466.dat.png
  artifactKey: Guid(fdc5e809b31f4c50a03ec16991d9a4c7) Importer(2089858483,0ecaa5967403d082aa24f35e1b516d23)
Start importing Assets/Images/466.dat.png using Guid(fdc5e809b31f4c50a03ec16991d9a4c7) Importer(2089858483,0ecaa5967403d082aa24f35e1b516d23) [PhysX] Initialized MultithreadedTaskDispatcher with 20 workers.
 -> (artifact id: 'dcfcbd968886182cbdf20684e1a08bfc') in 0.008267 seconds
Number of updated asset objects reloaded before import = 0
Number of asset objects unloaded after import = 3
========================================================================
Received Import Request.
  Time since last request: 0.000014 seconds.
  path: Assets/Images/4280.dat.png
  artifactKey: Guid(489456ce2ee448a3a7a9f276c60f3d00) Importer(2089858483,0ecaa5967403d082aa24f35e1b516d23)
Start importing Assets/Images/4280.dat.png using Guid(489456ce2ee448a3a7a9f276c60f3d00) Importer(2089858483,0ecaa5967403d082aa24f35e1b516d23) [PhysX] Initialized MultithreadedTaskDispatcher with 20 workers.
 -> (artifact id: '53c329cfd42954538dd2fd64b211e54f') in 0.007837 seconds
Number of updated asset objects reloaded before import = 0
Number of asset objects unloaded after import = 3
========================================================================
Received Import Request.
  Time since last request: 0.000013 seconds.
  path: Assets/Images/280.dat.png
  artifactKey: Guid(1bc440c1b870410e94e35383076f79a0) Importer(2089858483,0ecaa5967403d082aa24f35e1b516d23)
Start importing Assets/Images/280.dat.png using Guid(1bc440c1b870410e94e35383076f79a0) Importer(2089858483,0ecaa5967403d082aa24f35e1b516d23) [PhysX] Initialized MultithreadedTaskDispatcher with 20 workers.
 -> (artifact id: '9a6a5347c7fad94d21adee901f3946d6') in 0.007876 seconds
Number of updated asset objects reloaded before import = 0
Number of asset objects unloaded after import = 3
========================================================================
Received Import Request.
  Time since last request: 0.000014 seconds.
  path: Assets/Images/2534.dat.png
  artifactKey: Guid(2a38f7d48ce34bc691596d0fd512cc28) Importer(2089858483,0ecaa5967403d082aa24f35e1b516d23)
Start importing Assets/Images/2534.dat.png using Guid(2a38f7d48ce34bc691596d0fd512cc28) Importer(2089858483,0ecaa5967403d082aa24f35e1b516d23) [PhysX] Initialized MultithreadedTaskDispatcher with 20 workers.
 -> (artifact id: '93d68d52b994eaf76b081a69eeaabaa3') in 0.007101 seconds
Number of updated asset objects reloaded before import = 0
Number of asset objects unloaded after import = 3
========================================================================
Received Import Request.
  Time since last request: 0.000013 seconds.
  path: Assets/Images/2320.dat.png
  artifactKey: Guid(4634ff2a8da7493593609990284a4a3b) Importer(2089858483,0ecaa5967403d082aa24f35e1b516d23)
Start importing Assets/Images/2320.dat.png using Guid(4634ff2a8da7493593609990284a4a3b) Importer(2089858483,0ecaa5967403d082aa24f35e1b516d23) [PhysX] Initialized MultithreadedTaskDispatcher with 20 workers.
 -> (artifact id: '487e796e8f6d69fd859671296393cdea') in 0.006965 seconds
Number of updated asset objects reloaded before import = 0
Number of asset objects unloaded after import = 3
========================================================================
Received Import Request.
  Time since last request: 0.000014 seconds.
  path: Assets/Images/2917.dat.png
  artifactKey: Guid(92ae3aed21ce4448804ee35267463e96) Importer(2089858483,0ecaa5967403d082aa24f35e1b516d23)
Start importing Assets/Images/2917.dat.png using Guid(92ae3aed21ce4448804ee35267463e96) Importer(2089858483,0ecaa5967403d082aa24f35e1b516d23) [PhysX] Initialized MultithreadedTaskDispatcher with 20 workers.
 -> (artifact id: 'a574071c3ca125b92b6074ef56873bb0') in 0.008154 seconds
Number of updated asset objects reloaded before import = 0
Number of asset objects unloaded after import = 3
========================================================================
Received Import Request.
  Time since last request: 0.000017 seconds.
  path: Assets/Images/2663.dat.png
  artifactKey: Guid(b7dada4866c946d4ad8b83e5f5a0141f) Importer(2089858483,0ecaa5967403d082aa24f35e1b516d23)
Start importing Assets/Images/2663.dat.png using Guid(b7dada4866c946d4ad8b83e5f5a0141f) Importer(2089858483,0ecaa5967403d082aa24f35e1b516d23) [PhysX] Initialized MultithreadedTaskDispatcher with 20 workers.
 -> (artifact id: 'bfd8814e368116e9660445cef6115195') in 0.007683 seconds
Number of updated asset objects reloaded before import = 0
Number of asset objects unloaded after import = 3
========================================================================
Received Import Request.
  Time since last request: 0.000014 seconds.
  path: Assets/Images/309.dat.png
  artifactKey: Guid(187eca659ebb4b54b8657e76c410cb33) Importer(2089858483,0ecaa5967403d082aa24f35e1b516d23)
Start importing Assets/Images/309.dat.png using Guid(187eca659ebb4b54b8657e76c410cb33) Importer(2089858483,0ecaa5967403d082aa24f35e1b516d23) [PhysX] Initialized MultithreadedTaskDispatcher with 20 workers.
 -> (artifact id: 'b3a8516f40fd7e135575df6c1770eae7') in 0.007405 seconds
Number of updated asset objects reloaded before import = 0
Number of asset objects unloaded after import = 3
========================================================================
Received Import Request.
  Time since last request: 0.000013 seconds.
  path: Assets/Images/2573.dat.png
  artifactKey: Guid(d5b1e41897994b72869bc72f07d9ddca) Importer(2089858483,0ecaa5967403d082aa24f35e1b516d23)
Start importing Assets/Images/2573.dat.png using Guid(d5b1e41897994b72869bc72f07d9ddca) Importer(2089858483,0ecaa5967403d082aa24f35e1b516d23) [PhysX] Initialized MultithreadedTaskDispatcher with 20 workers.
 -> (artifact id: '6ea1982631e95ed89309aa8c60c95a7c') in 0.007051 seconds
Number of updated asset objects reloaded before import = 0
Number of asset objects unloaded after import = 3
========================================================================
Received Import Request.
  Time since last request: 0.000012 seconds.
  path: Assets/Images/3123.dat.png
  artifactKey: Guid(07c81cb1a0a246329d1cda8269fbffa2) Importer(2089858483,0ecaa5967403d082aa24f35e1b516d23)
Start importing Assets/Images/3123.dat.png using Guid(07c81cb1a0a246329d1cda8269fbffa2) Importer(2089858483,0ecaa5967403d082aa24f35e1b516d23) [PhysX] Initialized MultithreadedTaskDispatcher with 20 workers.
 -> (artifact id: '0813a9a64e4f21c7d3fe1ab776de9b2a') in 0.007281 seconds
Number of updated asset objects reloaded before import = 0
Number of asset objects unloaded after import = 3
========================================================================
Received Import Request.
  Time since last request: 0.000018 seconds.
  path: Assets/Images/3729.dat.png
  artifactKey: Guid(fa196956be044659b9f33c3575e07811) Importer(2089858483,0ecaa5967403d082aa24f35e1b516d23)
Start importing Assets/Images/3729.dat.png using Guid(fa196956be044659b9f33c3575e07811) Importer(2089858483,0ecaa5967403d082aa24f35e1b516d23) [PhysX] Initialized MultithreadedTaskDispatcher with 20 workers.
 -> (artifact id: 'c53886bfa4a2b923e9ef6bf45a42dac3') in 0.007845 seconds
Number of updated asset objects reloaded before import = 0
Number of asset objects unloaded after import = 3
========================================================================
Received Import Request.
  Time since last request: 0.000015 seconds.
  path: Assets/Images/5530.dat.png
  artifactKey: Guid(5a3d9cbc3fa445cf84c0286d2d001860) Importer(2089858483,0ecaa5967403d082aa24f35e1b516d23)
Start importing Assets/Images/5530.dat.png using Guid(5a3d9cbc3fa445cf84c0286d2d001860) Importer(2089858483,0ecaa5967403d082aa24f35e1b516d23) [PhysX] Initialized MultithreadedTaskDispatcher with 20 workers.
 -> (artifact id: '5d38df29fd8d0f62146acb9d7ae23417') in 0.024311 seconds
Number of updated asset objects reloaded before import = 0
Number of asset objects unloaded after import = 10
========================================================================
Received Import Request.
  Time since last request: 0.000015 seconds.
  path: Assets/Images/2537.dat.png
  artifactKey: Guid(a5c90c8272e64302af61a65d195779fa) Importer(2089858483,0ecaa5967403d082aa24f35e1b516d23)
Start importing Assets/Images/2537.dat.png using Guid(a5c90c8272e64302af61a65d195779fa) Importer(2089858483,0ecaa5967403d082aa24f35e1b516d23) [PhysX] Initialized MultithreadedTaskDispatcher with 20 workers.
 -> (artifact id: '40b4a1582dbbcf8b3e2e0e623fe5e42c') in 0.007013 seconds
Number of updated asset objects reloaded before import = 0
Number of asset objects unloaded after import = 3
========================================================================
Received Import Request.
  Time since last request: 0.000013 seconds.
  path: Assets/Images/4448.dat.png
  artifactKey: Guid(035e4ec14d6045dba7d1540b3007185b) Importer(2089858483,0ecaa5967403d082aa24f35e1b516d23)
Start importing Assets/Images/4448.dat.png using Guid(035e4ec14d6045dba7d1540b3007185b) Importer(2089858483,0ecaa5967403d082aa24f35e1b516d23) [PhysX] Initialized MultithreadedTaskDispatcher with 20 workers.
 -> (artifact id: 'e911f47ed0a95cca86ddd3c9b73942ae') in 0.008976 seconds
Number of updated asset objects reloaded before import = 0
Number of asset objects unloaded after import = 3
========================================================================
Received Import Request.
  Time since last request: 0.000016 seconds.
  path: Assets/Images/2942.dat.png
  artifactKey: Guid(21d45cdb4fff4c98874c87ef7bbb700c) Importer(2089858483,0ecaa5967403d082aa24f35e1b516d23)
Start importing Assets/Images/2942.dat.png using Guid(21d45cdb4fff4c98874c87ef7bbb700c) Importer(2089858483,0ecaa5967403d082aa24f35e1b516d23) [PhysX] Initialized MultithreadedTaskDispatcher with 20 workers.
 -> (artifact id: 'a6a156d317cc023cd819c642645a4c50') in 0.007011 seconds
Number of updated asset objects reloaded before import = 0
Number of asset objects unloaded after import = 3
========================================================================
Received Import Request.
  Time since last request: 0.000014 seconds.
  path: Assets/Images/3590.dat.png
  artifactKey: Guid(2b2e5cff4fb746169a1d6ce7e87afa08) Importer(2089858483,0ecaa5967403d082aa24f35e1b516d23)
Start importing Assets/Images/3590.dat.png using Guid(2b2e5cff4fb746169a1d6ce7e87afa08) Importer(2089858483,0ecaa5967403d082aa24f35e1b516d23) [PhysX] Initialized MultithreadedTaskDispatcher with 20 workers.
 -> (artifact id: '6861a2fae98efb276260d0033cf3e627') in 0.007231 seconds
Number of updated asset objects reloaded before import = 0
Number of asset objects unloaded after import = 3
========================================================================
Received Import Request.
  Time since last request: 0.000014 seconds.
  path: Assets/Images/2564.dat.png
  artifactKey: Guid(d2fe9c5f0acc4200adf266fab1a848e5) Importer(2089858483,0ecaa5967403d082aa24f35e1b516d23)
Start importing Assets/Images/2564.dat.png using Guid(d2fe9c5f0acc4200adf266fab1a848e5) Importer(2089858483,0ecaa5967403d082aa24f35e1b516d23) [PhysX] Initialized MultithreadedTaskDispatcher with 20 workers.
 -> (artifact id: 'badda9608f0c37e931adbc9713e28ef6') in 0.007019 seconds
Number of updated asset objects reloaded before import = 0
Number of asset objects unloaded after import = 3
========================================================================
Received Import Request.
  Time since last request: 0.000013 seconds.
  path: Assets/Images/2325.dat.png
  artifactKey: Guid(af1cfe9614e04ea087574a03078e6d00) Importer(2089858483,0ecaa5967403d082aa24f35e1b516d23)
Start importing Assets/Images/2325.dat.png using Guid(af1cfe9614e04ea087574a03078e6d00) Importer(2089858483,0ecaa5967403d082aa24f35e1b516d23) [PhysX] Initialized MultithreadedTaskDispatcher with 20 workers.
 -> (artifact id: '660edc5e3e90d0518b8aaa66befc7d72') in 0.007217 seconds
Number of updated asset objects reloaded before import = 0
Number of asset objects unloaded after import = 3
========================================================================
Received Import Request.
  Time since last request: 0.000012 seconds.
  path: Assets/Images/3114.dat.png
  artifactKey: Guid(1d156e956f764cc6bfc45c07f1b71f93) Importer(2089858483,0ecaa5967403d082aa24f35e1b516d23)
Start importing Assets/Images/3114.dat.png using Guid(1d156e956f764cc6bfc45c07f1b71f93) Importer(2089858483,0ecaa5967403d082aa24f35e1b516d23) [PhysX] Initialized MultithreadedTaskDispatcher with 20 workers.
 -> (artifact id: '226fdaba5ffb303446e783c9ff0c6603') in 0.007609 seconds
Number of updated asset objects reloaded before import = 0
Number of asset objects unloaded after import = 3
========================================================================
Received Import Request.
  Time since last request: 0.000015 seconds.
  path: Assets/Images/5523.dat.png
  artifactKey: Guid(74c26890f9eb4ecdb9fb8bd5727a93d5) Importer(2089858483,0ecaa5967403d082aa24f35e1b516d23)
Start importing Assets/Images/5523.dat.png using Guid(74c26890f9eb4ecdb9fb8bd5727a93d5) Importer(2089858483,0ecaa5967403d082aa24f35e1b516d23) [PhysX] Initialized MultithreadedTaskDispatcher with 20 workers.
 -> (artifact id: '0f00c9b68d30c49b050c34c8f4bbde1e') in 0.008318 seconds
Number of updated asset objects reloaded before import = 0
Number of asset objects unloaded after import = 3
========================================================================
Received Import Request.
  Time since last request: 0.000015 seconds.
  path: Assets/Images/2321.dat.png
  artifactKey: Guid(05042f352c0e4b37852b188d2c2dc752) Importer(2089858483,0ecaa5967403d082aa24f35e1b516d23)
Start importing Assets/Images/2321.dat.png using Guid(05042f352c0e4b37852b188d2c2dc752) Importer(2089858483,0ecaa5967403d082aa24f35e1b516d23) [PhysX] Initialized MultithreadedTaskDispatcher with 20 workers.
 -> (artifact id: 'ec7ff6e3e579374841b4b0915938b1ab') in 0.008013 seconds
Number of updated asset objects reloaded before import = 0
Number of asset objects unloaded after import = 3
========================================================================
Received Import Request.
  Time since last request: 0.000022 seconds.
  path: Assets/Images/3002.dat.png
  artifactKey: Guid(363b1e6a5cb5422fa8e50a23ac965dff) Importer(2089858483,0ecaa5967403d082aa24f35e1b516d23)
Start importing Assets/Images/3002.dat.png using Guid(363b1e6a5cb5422fa8e50a23ac965dff) Importer(2089858483,0ecaa5967403d082aa24f35e1b516d23) [PhysX] Initialized MultithreadedTaskDispatcher with 20 workers.
 -> (artifact id: '4edbea8d965362ac83684bf40cc9331f') in 0.021864 seconds
Number of updated asset objects reloaded before import = 0
Number of asset objects unloaded after import = 16
========================================================================
Received Import Request.
  Time since last request: 0.000019 seconds.
  path: Assets/Images/2477.dat.png
  artifactKey: Guid(c4bdf0c4df644562adbcd886ca9ec0cc) Importer(2089858483,0ecaa5967403d082aa24f35e1b516d23)
Start importing Assets/Images/2477.dat.png using Guid(c4bdf0c4df644562adbcd886ca9ec0cc) Importer(2089858483,0ecaa5967403d082aa24f35e1b516d23) [PhysX] Initialized MultithreadedTaskDispatcher with 20 workers.
 -> (artifact id: '08ab8ecead506a9c3f9b7b78fe800a6d') in 0.007853 seconds
Number of updated asset objects reloaded before import = 0
Number of asset objects unloaded after import = 3
========================================================================
Received Import Request.
  Time since last request: 0.000022 seconds.
  path: Assets/Images/4278.dat.png
  artifactKey: Guid(cee99784925648a9880c2bff28c6e22f) Importer(2089858483,0ecaa5967403d082aa24f35e1b516d23)
Start importing Assets/Images/4278.dat.png using Guid(cee99784925648a9880c2bff28c6e22f) Importer(2089858483,0ecaa5967403d082aa24f35e1b516d23) [PhysX] Initialized MultithreadedTaskDispatcher with 20 workers.
 -> (artifact id: 'f1faf328fb543d2c97f27b02eb0b3997') in 0.007722 seconds
Number of updated asset objects reloaded before import = 0
Number of asset objects unloaded after import = 3
========================================================================
Received Import Request.
  Time since last request: 0.000013 seconds.
  path: Assets/Images/2548.dat.png
  artifactKey: Guid(cc7a6ad48c4a4acaaec3bbb1d8c1f18f) Importer(2089858483,0ecaa5967403d082aa24f35e1b516d23)
Start importing Assets/Images/2548.dat.png using Guid(cc7a6ad48c4a4acaaec3bbb1d8c1f18f) Importer(2089858483,0ecaa5967403d082aa24f35e1b516d23) [PhysX] Initialized MultithreadedTaskDispatcher with 20 workers.
 -> (artifact id: 'faf076013c757041da3686ba3c3a0585') in 0.006914 seconds
Number of updated asset objects reloaded before import = 0
Number of asset objects unloaded after import = 3
========================================================================
Received Import Request.
  Time since last request: 0.000013 seconds.
  path: Assets/Images/2566.dat_d1.png
  artifactKey: Guid(42feaf1462194d1eaf6a1c156dd7f253) Importer(2089858483,0ecaa5967403d082aa24f35e1b516d23)
Start importing Assets/Images/2566.dat_d1.png using Guid(42feaf1462194d1eaf6a1c156dd7f253) Importer(2089858483,0ecaa5967403d082aa24f35e1b516d23) [PhysX] Initialized MultithreadedTaskDispatcher with 20 workers.
 -> (artifact id: '0ac881f13a48df7bd6cec98f0cb2f110') in 0.008151 seconds
Number of updated asset objects reloaded before import = 0
Number of asset objects unloaded after import = 3
========================================================================
Received Import Request.
  Time since last request: 0.000015 seconds.
  path: Assets/Images/2933.dat.png
  artifactKey: Guid(3c3e9ebb378a47eba5f3605d322c0fbf) Importer(2089858483,0ecaa5967403d082aa24f35e1b516d23)
Start importing Assets/Images/2933.dat.png using Guid(3c3e9ebb378a47eba5f3605d322c0fbf) Importer(2089858483,0ecaa5967403d082aa24f35e1b516d23) [PhysX] Initialized MultithreadedTaskDispatcher with 20 workers.
 -> (artifact id: 'c4dfb9c4303b6075cfb934cb7dc47b96') in 0.007307 seconds
Number of updated asset objects reloaded before import = 0
Number of asset objects unloaded after import = 3
========================================================================
Received Import Request.
  Time since last request: 0.000015 seconds.
  path: Assets/Images/2599.dat.png
  artifactKey: Guid(6784000bbfd34617bf562ee3cab10a84) Importer(2089858483,0ecaa5967403d082aa24f35e1b516d23)
Start importing Assets/Images/2599.dat.png using Guid(6784000bbfd34617bf562ee3cab10a84) Importer(2089858483,0ecaa5967403d082aa24f35e1b516d23) [PhysX] Initialized MultithreadedTaskDispatcher with 20 workers.
 -> (artifact id: '07986e9a000a3bfb60c9dc85e7f89c7e') in 0.007856 seconds
Number of updated asset objects reloaded before import = 0
Number of asset objects unloaded after import = 3
========================================================================
Received Import Request.
  Time since last request: 0.000013 seconds.
  path: Assets/Images/2680.dat.png
  artifactKey: Guid(fb31b208b9dd45c8a8a5b9b7885fe1ee) Importer(2089858483,0ecaa5967403d082aa24f35e1b516d23)
Start importing Assets/Images/2680.dat.png using Guid(fb31b208b9dd45c8a8a5b9b7885fe1ee) Importer(2089858483,0ecaa5967403d082aa24f35e1b516d23) [PhysX] Initialized MultithreadedTaskDispatcher with 20 workers.
 -> (artifact id: '5a404ed1e37ab584aaa931c1938a5082') in 0.007128 seconds
Number of updated asset objects reloaded before import = 0
Number of asset objects unloaded after import = 3
========================================================================
Received Import Request.
  Time since last request: 0.000016 seconds.
  path: Assets/Images/3733.dat.png
  artifactKey: Guid(9d7e8d94e3bc4c158410aa833aa72192) Importer(2089858483,0ecaa5967403d082aa24f35e1b516d23)
Start importing Assets/Images/3733.dat.png using Guid(9d7e8d94e3bc4c158410aa833aa72192) Importer(2089858483,0ecaa5967403d082aa24f35e1b516d23) [PhysX] Initialized MultithreadedTaskDispatcher with 20 workers.
 -> (artifact id: '4ecaae95717fc22ea46cc0782e6ad114') in 0.006806 seconds
Number of updated asset objects reloaded before import = 0
Number of asset objects unloaded after import = 3
========================================================================
Received Import Request.
  Time since last request: 0.000013 seconds.
  path: Assets/Images/4294.dat.png
  artifactKey: Guid(117f3664837348df80c0cd5a05fcdcc8) Importer(2089858483,0ecaa5967403d082aa24f35e1b516d23)
Start importing Assets/Images/4294.dat.png using Guid(117f3664837348df80c0cd5a05fcdcc8) Importer(2089858483,0ecaa5967403d082aa24f35e1b516d23) [PhysX] Initialized MultithreadedTaskDispatcher with 20 workers.
 -> (artifact id: '06fa3a80af836fadeca3c22fd18e7667') in 0.007092 seconds
Number of updated asset objects reloaded before import = 0
Number of asset objects unloaded after import = 3
========================================================================
Received Import Request.
  Time since last request: 0.000011 seconds.
  path: Assets/Images/2667.dat.png
  artifactKey: Guid(882e768fb2b24896b8376c964cd3ca67) Importer(2089858483,0ecaa5967403d082aa24f35e1b516d23)
Start importing Assets/Images/2667.dat.png using Guid(882e768fb2b24896b8376c964cd3ca67) Importer(2089858483,0ecaa5967403d082aa24f35e1b516d23) [PhysX] Initialized MultithreadedTaskDispatcher with 20 workers.
 -> (artifact id: '887e36ec8730a2b90c81a37cc1eb24ec') in 0.007264 seconds
Number of updated asset objects reloaded before import = 0
Number of asset objects unloaded after import = 3
========================================================================
Received Import Request.
  Time since last request: 0.000020 seconds.
  path: Assets/Images/2569.dat.png
  artifactKey: Guid(9d07d088f58340088553ac2f361c8edb) Importer(2089858483,0ecaa5967403d082aa24f35e1b516d23)
Start importing Assets/Images/2569.dat.png using Guid(9d07d088f58340088553ac2f361c8edb) Importer(2089858483,0ecaa5967403d082aa24f35e1b516d23) [PhysX] Initialized MultithreadedTaskDispatcher with 20 workers.
 -> (artifact id: 'f0d050a5d33d086f6d5f3be165caa839') in 0.009243 seconds
Number of updated asset objects reloaded before import = 0
Number of asset objects unloaded after import = 3
========================================================================
Received Import Request.
  Time since last request: 0.000014 seconds.
  path: Assets/Images/607.dat.png
  artifactKey: Guid(5ef432105d8943f58cacfc73a4dbdba4) Importer(2089858483,0ecaa5967403d082aa24f35e1b516d23)
Start importing Assets/Images/607.dat.png using Guid(5ef432105d8943f58cacfc73a4dbdba4) Importer(2089858483,0ecaa5967403d082aa24f35e1b516d23) [PhysX] Initialized MultithreadedTaskDispatcher with 20 workers.
 -> (artifact id: '5b3401b588e646ba188c5c5bd8d42e4c') in 0.022173 seconds
Number of updated asset objects reloaded before import = 0
Number of asset objects unloaded after import = 16
========================================================================
Received Import Request.
  Time since last request: 0.000015 seconds.
  path: Assets/Images/2572.dat.png
  artifactKey: Guid(af48483285e14e389328f28926b29d4a) Importer(2089858483,0ecaa5967403d082aa24f35e1b516d23)
Start importing Assets/Images/2572.dat.png using Guid(af48483285e14e389328f28926b29d4a) Importer(2089858483,0ecaa5967403d082aa24f35e1b516d23) [PhysX] Initialized MultithreadedTaskDispatcher with 20 workers.
 -> (artifact id: '72d7d7ccef52f71ef71346a739e33db3') in 0.007418 seconds
Number of updated asset objects reloaded before import = 0
Number of asset objects unloaded after import = 3
========================================================================
Received Import Request.
  Time since last request: 0.000019 seconds.
  path: Assets/Images/6283.dat.png
  artifactKey: Guid(3244e120dfbb4ccaaac3fc9c36d7d255) Importer(2089858483,0ecaa5967403d082aa24f35e1b516d23)
Start importing Assets/Images/6283.dat.png using Guid(3244e120dfbb4ccaaac3fc9c36d7d255) Importer(2089858483,0ecaa5967403d082aa24f35e1b516d23) [PhysX] Initialized MultithreadedTaskDispatcher with 20 workers.
 -> (artifact id: '1aae9a1edc24665ee0bb6c442bfa5273') in 0.008015 seconds
Number of updated asset objects reloaded before import = 0
Number of asset objects unloaded after import = 3
========================================================================
Received Import Request.
  Time since last request: 0.000015 seconds.
  path: Assets/Images/2869.dat.png
  artifactKey: Guid(95807dbbc404449b83e91c16f2227a39) Importer(2089858483,0ecaa5967403d082aa24f35e1b516d23)
Start importing Assets/Images/2869.dat.png using Guid(95807dbbc404449b83e91c16f2227a39) Importer(2089858483,0ecaa5967403d082aa24f35e1b516d23) [PhysX] Initialized MultithreadedTaskDispatcher with 20 workers.
 -> (artifact id: 'b84e5537edbedf15a0c1f23fdf5b2735') in 0.007087 seconds
Number of updated asset objects reloaded before import = 0
Number of asset objects unloaded after import = 3
========================================================================
Received Import Request.
  Time since last request: 0.000012 seconds.
  path: Assets/Images/2566.dat.png
  artifactKey: Guid(aabe3e11777445e692afa10d0a9ef09f) Importer(2089858483,0ecaa5967403d082aa24f35e1b516d23)
Start importing Assets/Images/2566.dat.png using Guid(aabe3e11777445e692afa10d0a9ef09f) Importer(2089858483,0ecaa5967403d082aa24f35e1b516d23) [PhysX] Initialized MultithreadedTaskDispatcher with 20 workers.
 -> (artifact id: 'f6049c685f423b1e07277a8924e79077') in 0.007485 seconds
Number of updated asset objects reloaded before import = 0
Number of asset objects unloaded after import = 3
========================================================================
Received Import Request.
  Time since last request: 0.000016 seconds.
  path: Assets/Images/2887.dat.png
  artifactKey: Guid(ad591606f909406ca1dda66f7ef6e6a0) Importer(2089858483,0ecaa5967403d082aa24f35e1b516d23)
Start importing Assets/Images/2887.dat.png using Guid(ad591606f909406ca1dda66f7ef6e6a0) Importer(2089858483,0ecaa5967403d082aa24f35e1b516d23) [PhysX] Initialized MultithreadedTaskDispatcher with 20 workers.
 -> (artifact id: '87dfa2559d35614b6881ddfd6d9b86ca') in 0.007146 seconds
Number of updated asset objects reloaded before import = 0
Number of asset objects unloaded after import = 3
========================================================================
Received Import Request.
  Time since last request: 0.000012 seconds.
  path: Assets/Images/2596.dat.png
  artifactKey: Guid(ee831782c49c4573868e85052fd97ba7) Importer(2089858483,0ecaa5967403d082aa24f35e1b516d23)
Start importing Assets/Images/2596.dat.png using Guid(ee831782c49c4573868e85052fd97ba7) Importer(2089858483,0ecaa5967403d082aa24f35e1b516d23) [PhysX] Initialized MultithreadedTaskDispatcher with 20 workers.
 -> (artifact id: '4fb8ecd367062991dc2f6e3c6555d5ab') in 0.007775 seconds
Number of updated asset objects reloaded before import = 0
Number of asset objects unloaded after import = 3
========================================================================
Received Import Request.
  Time since last request: 0.000017 seconds.
  path: Assets/Images/3721.dat.png
  artifactKey: Guid(021fb8c6dcf24a68b0ff78e385d78fff) Importer(2089858483,0ecaa5967403d082aa24f35e1b516d23)
Start importing Assets/Images/3721.dat.png using Guid(021fb8c6dcf24a68b0ff78e385d78fff) Importer(2089858483,0ecaa5967403d082aa24f35e1b516d23) [PhysX] Initialized MultithreadedTaskDispatcher with 20 workers.
 -> (artifact id: '3c1685f450292d831ef30737056b7b32') in 0.008175 seconds
Number of updated asset objects reloaded before import = 0
Number of asset objects unloaded after import = 3
========================================================================
Received Import Request.
  Time since last request: 1.062311 seconds.
  path: Assets/Images/6284.dat.png
  artifactKey: Guid(7a08f7c741cc487d83935aa77bfc0a33) Importer(2089858483,0ecaa5967403d082aa24f35e1b516d23)
Start importing Assets/Images/6284.dat.png using Guid(7a08f7c741cc487d83935aa77bfc0a33) Importer(2089858483,0ecaa5967403d082aa24f35e1b516d23) [PhysX] Initialized MultithreadedTaskDispatcher with 20 workers.
 -> (artifact id: 'd6cbc8ab4eeaa22bf45e974a657576b3') in 0.009282 seconds
Number of updated asset objects reloaded before import = 0
Number of asset objects unloaded after import = 3
========================================================================
Received Import Request.
  Time since last request: 0.000025 seconds.
  path: Assets/Images/8494.dat.png
  artifactKey: Guid(8df623723d9641148d31ca7e01c29339) Importer(2089858483,0ecaa5967403d082aa24f35e1b516d23)
Start importing Assets/Images/8494.dat.png using Guid(8df623723d9641148d31ca7e01c29339) Importer(2089858483,0ecaa5967403d082aa24f35e1b516d23) [PhysX] Initialized MultithreadedTaskDispatcher with 20 workers.
 -> (artifact id: '4d5ca5ac64d65eed3c5cf4c37c2bff4a') in 0.009353 seconds
Number of updated asset objects reloaded before import = 0
Number of asset objects unloaded after import = 3
========================================================================
Received Import Request.
  Time since last request: 0.000015 seconds.
  path: Assets/Images/70.dat.png
  artifactKey: Guid(2852fb07c15b439cb0bf5c2fef21a25a) Importer(2089858483,0ecaa5967403d082aa24f35e1b516d23)
Start importing Assets/Images/70.dat.png using Guid(2852fb07c15b439cb0bf5c2fef21a25a) Importer(2089858483,0ecaa5967403d082aa24f35e1b516d23) [PhysX] Initialized MultithreadedTaskDispatcher with 20 workers.
 -> (artifact id: '2255d1c31ac4159fca88d1c9653a0026') in 0.007520 seconds
Number of updated asset objects reloaded before import = 0
Number of asset objects unloaded after import = 3
========================================================================
Received Import Request.
  Time since last request: 0.000016 seconds.
  path: Assets/Images/8094.dat.png
  artifactKey: Guid(a561644cb9ba4c7ab1196e458b6391bf) Importer(2089858483,0ecaa5967403d082aa24f35e1b516d23)
Start importing Assets/Images/8094.dat.png using Guid(a561644cb9ba4c7ab1196e458b6391bf) Importer(2089858483,0ecaa5967403d082aa24f35e1b516d23) [PhysX] Initialized MultithreadedTaskDispatcher with 20 workers.
 -> (artifact id: '67ec6fa97e938484152e4072565b64b8') in 0.007163 seconds
Number of updated asset objects reloaded before import = 0
Number of asset objects unloaded after import = 3
========================================================================
Received Import Request.
  Time since last request: 0.000016 seconds.
  path: Assets/Images/7989.dat.png
  artifactKey: Guid(a919767467ad4d709f77a659ee500def) Importer(2089858483,0ecaa5967403d082aa24f35e1b516d23)
Start importing Assets/Images/7989.dat.png using Guid(a919767467ad4d709f77a659ee500def) Importer(2089858483,0ecaa5967403d082aa24f35e1b516d23) [PhysX] Initialized MultithreadedTaskDispatcher with 20 workers.
 -> (artifact id: 'f787ada2eeb9566a3c25cf414d2c7838') in 0.019650 seconds
Number of updated asset objects reloaded before import = 0
Number of asset objects unloaded after import = 3
========================================================================
Received Import Request.
  Time since last request: 0.000029 seconds.
  path: Assets/Images/8089.dat.png
  artifactKey: Guid(628f1e8a12e24aa6aafe123f9bd21484) Importer(2089858483,0ecaa5967403d082aa24f35e1b516d23)
Start importing Assets/Images/8089.dat.png using Guid(628f1e8a12e24aa6aafe123f9bd21484) Importer(2089858483,0ecaa5967403d082aa24f35e1b516d23) [PhysX] Initialized MultithreadedTaskDispatcher with 20 workers.
 -> (artifact id: 'e43d0607616a7e3b02d2d0aa9389c043') in 0.008081 seconds
Number of updated asset objects reloaded before import = 0
Number of asset objects unloaded after import = 3
========================================================================
Received Import Request.
  Time since last request: 0.000015 seconds.
  path: Assets/Images/82.dat.png
  artifactKey: Guid(72ea19d5dad94dc3aadda1b166454fed) Importer(2089858483,0ecaa5967403d082aa24f35e1b516d23)
Start importing Assets/Images/82.dat.png using Guid(72ea19d5dad94dc3aadda1b166454fed) Importer(2089858483,0ecaa5967403d082aa24f35e1b516d23) [PhysX] Initialized MultithreadedTaskDispatcher with 20 workers.
 -> (artifact id: '8426946635c3f184ab39e4044e6cc5dc') in 0.007270 seconds
Number of updated asset objects reloaded before import = 0
Number of asset objects unloaded after import = 3
========================================================================
Received Import Request.
  Time since last request: 0.000014 seconds.
  path: Assets/Images/8303.dat.png
  artifactKey: Guid(8f82f5f796444f9d94ba59faf30e63ab) Importer(2089858483,0ecaa5967403d082aa24f35e1b516d23)
Start importing Assets/Images/8303.dat.png using Guid(8f82f5f796444f9d94ba59faf30e63ab) Importer(2089858483,0ecaa5967403d082aa24f35e1b516d23) [PhysX] Initialized MultithreadedTaskDispatcher with 20 workers.
 -> (artifact id: '6d107f550be9755f1046ea3b2c4c1b69') in 0.007262 seconds
Number of updated asset objects reloaded before import = 0
Number of asset objects unloaded after import = 3
========================================================================
Received Import Request.
  Time since last request: 0.000015 seconds.
  path: Assets/Images/8547.dat.png
  artifactKey: Guid(868bf508a287404e88a4485c67c5b5e0) Importer(2089858483,0ecaa5967403d082aa24f35e1b516d23)
Start importing Assets/Images/8547.dat.png using Guid(868bf508a287404e88a4485c67c5b5e0) Importer(2089858483,0ecaa5967403d082aa24f35e1b516d23) [PhysX] Initialized MultithreadedTaskDispatcher with 20 workers.
 -> (artifact id: '3aecf117e484a5e1104cb66ba8115dbd') in 0.007865 seconds
Number of updated asset objects reloaded before import = 0
Number of asset objects unloaded after import = 3
========================================================================
Received Import Request.
  Time since last request: 0.000022 seconds.
  path: Assets/Images/873.dat.png
  artifactKey: Guid(3502bc8984f449efa4d514bef37a8576) Importer(2089858483,0ecaa5967403d082aa24f35e1b516d23)
Start importing Assets/Images/873.dat.png using Guid(3502bc8984f449efa4d514bef37a8576) Importer(2089858483,0ecaa5967403d082aa24f35e1b516d23) [PhysX] Initialized MultithreadedTaskDispatcher with 20 workers.
 -> (artifact id: 'd57a23771c441e78036cc37d4bc23da3') in 0.007529 seconds
Number of updated asset objects reloaded before import = 0
Number of asset objects unloaded after import = 3
========================================================================
Received Import Request.
  Time since last request: 0.000014 seconds.
  path: Assets/Images/7965.dat.png
  artifactKey: Guid(665e347d68ae48669e54ef65c6c5293e) Importer(2089858483,0ecaa5967403d082aa24f35e1b516d23)
Start importing Assets/Images/7965.dat.png using Guid(665e347d68ae48669e54ef65c6c5293e) Importer(2089858483,0ecaa5967403d082aa24f35e1b516d23) [PhysX] Initialized MultithreadedTaskDispatcher with 20 workers.
 -> (artifact id: 'a0b743e6128e986375218b95ae5da8cc') in 0.009303 seconds
Number of updated asset objects reloaded before import = 0
Number of asset objects unloaded after import = 3
========================================================================
Received Import Request.
  Time since last request: 0.000018 seconds.
  path: Assets/Images/8467.dat.png
  artifactKey: Guid(5caaae12a7724bdbb342572eec7ef2b9) Importer(2089858483,0ecaa5967403d082aa24f35e1b516d23)
Start importing Assets/Images/8467.dat.png using Guid(5caaae12a7724bdbb342572eec7ef2b9) Importer(2089858483,0ecaa5967403d082aa24f35e1b516d23) [PhysX] Initialized MultithreadedTaskDispatcher with 20 workers.
 -> (artifact id: '3d2338cb69a4ebe8f84652379aaac008') in 0.007185 seconds
Number of updated asset objects reloaded before import = 0
Number of asset objects unloaded after import = 3
========================================================================
Received Import Request.
  Time since last request: 0.000018 seconds.
  path: Assets/Images/8533.dat.png
  artifactKey: Guid(e0a98961ec8d4b19bab3610b54746890) Importer(2089858483,0ecaa5967403d082aa24f35e1b516d23)
Start importing Assets/Images/8533.dat.png using Guid(e0a98961ec8d4b19bab3610b54746890) Importer(2089858483,0ecaa5967403d082aa24f35e1b516d23) [PhysX] Initialized MultithreadedTaskDispatcher with 20 workers.
 -> (artifact id: '94201a96cd6b348a9d6a789f954fb16e') in 0.007067 seconds
Number of updated asset objects reloaded before import = 0
Number of asset objects unloaded after import = 3
========================================================================
Received Import Request.
  Time since last request: 0.000013 seconds.
  path: Assets/Images/8043.dat.png
  artifactKey: Guid(ef40719812c34bd6830af4dda3e73693) Importer(2089858483,0ecaa5967403d082aa24f35e1b516d23)
Start importing Assets/Images/8043.dat.png using Guid(ef40719812c34bd6830af4dda3e73693) Importer(2089858483,0ecaa5967403d082aa24f35e1b516d23) [PhysX] Initialized MultithreadedTaskDispatcher with 20 workers.
 -> (artifact id: '360be049921ab197822a5f3b6e9aacc3') in 0.006372 seconds
Number of updated asset objects reloaded before import = 0
Number of asset objects unloaded after import = 3
========================================================================
Received Import Request.
  Time since last request: 0.000013 seconds.
  path: Assets/Images/7992.dat_d1.png
  artifactKey: Guid(bbed48cdc5f247ee9dd90c260f410152) Importer(2089858483,0ecaa5967403d082aa24f35e1b516d23)
Start importing Assets/Images/7992.dat_d1.png using Guid(bbed48cdc5f247ee9dd90c260f410152) Importer(2089858483,0ecaa5967403d082aa24f35e1b516d23) [PhysX] Initialized MultithreadedTaskDispatcher with 20 workers.
 -> (artifact id: '83bc928fc4464b5fe4810ec002e4340b') in 0.007061 seconds
Number of updated asset objects reloaded before import = 0
Number of asset objects unloaded after import = 3
========================================================================
Received Import Request.
  Time since last request: 0.000014 seconds.
  path: Assets/Images/8228.dat.png
  artifactKey: Guid(d377a26458bf4eadae73613257f2c1b8) Importer(2089858483,0ecaa5967403d082aa24f35e1b516d23)
Start importing Assets/Images/8228.dat.png using Guid(d377a26458bf4eadae73613257f2c1b8) Importer(2089858483,0ecaa5967403d082aa24f35e1b516d23) [PhysX] Initialized MultithreadedTaskDispatcher with 20 workers.
 -> (artifact id: '8744caffd836a97e4390b0fb41b41cd8') in 0.007410 seconds
Number of updated asset objects reloaded before import = 0
Number of asset objects unloaded after import = 3
========================================================================
Received Import Request.
  Time since last request: 0.000014 seconds.
  path: Assets/Images/7799.dat.png
  artifactKey: Guid(392b766ef3454328ac07f99a3ccc7dcc) Importer(2089858483,0ecaa5967403d082aa24f35e1b516d23)
Start importing Assets/Images/7799.dat.png using Guid(392b766ef3454328ac07f99a3ccc7dcc) Importer(2089858483,0ecaa5967403d082aa24f35e1b516d23) [PhysX] Initialized MultithreadedTaskDispatcher with 20 workers.
 -> (artifact id: '63a66bc80d13bdfa2719f958294bec0c') in 0.008973 seconds
Number of updated asset objects reloaded before import = 0
Number of asset objects unloaded after import = 3
========================================================================
Received Import Request.
  Time since last request: 0.000016 seconds.
  path: Assets/Images/7581.dat.png
  artifactKey: Guid(9e5c504dedda424daf82782ded9343e0) Importer(2089858483,0ecaa5967403d082aa24f35e1b516d23)
Start importing Assets/Images/7581.dat.png using Guid(9e5c504dedda424daf82782ded9343e0) Importer(2089858483,0ecaa5967403d082aa24f35e1b516d23) [PhysX] Initialized MultithreadedTaskDispatcher with 20 workers.
 -> (artifact id: 'ad9854bb7bbed4feac0ae5824d42f70f') in 0.007549 seconds
Number of updated asset objects reloaded before import = 0
Number of asset objects unloaded after import = 3
========================================================================
Received Import Request.
  Time since last request: 0.000014 seconds.
  path: Assets/Images/8189.dat.png
  artifactKey: Guid(b575385f05bf476bb4c92b8e7ddb3ef3) Importer(2089858483,0ecaa5967403d082aa24f35e1b516d23)
Start importing Assets/Images/8189.dat.png using Guid(b575385f05bf476bb4c92b8e7ddb3ef3) Importer(2089858483,0ecaa5967403d082aa24f35e1b516d23) [PhysX] Initialized MultithreadedTaskDispatcher with 20 workers.
 -> (artifact id: '5dddc909279fe99bfce968adb3f995a2') in 0.007251 seconds
Number of updated asset objects reloaded before import = 0
Number of asset objects unloaded after import = 3
========================================================================
Received Import Request.
  Time since last request: 0.000014 seconds.
  path: Assets/Images/8255.dat.png
  artifactKey: Guid(f10b60dbf554448ba9a541a7b8040653) Importer(2089858483,0ecaa5967403d082aa24f35e1b516d23)
Start importing Assets/Images/8255.dat.png using Guid(f10b60dbf554448ba9a541a7b8040653) Importer(2089858483,0ecaa5967403d082aa24f35e1b516d23) [PhysX] Initialized MultithreadedTaskDispatcher with 20 workers.
 -> (artifact id: '8b576abe852a7f49051c5f008bd3a013') in 0.007309 seconds
Number of updated asset objects reloaded before import = 0
Number of asset objects unloaded after import = 3
========================================================================
Received Import Request.
  Time since last request: 0.000013 seconds.
  path: Assets/Images/8293.dat.png
  artifactKey: Guid(058dbc0506d646038f4fdf3af958923c) Importer(2089858483,0ecaa5967403d082aa24f35e1b516d23)
Start importing Assets/Images/8293.dat.png using Guid(058dbc0506d646038f4fdf3af958923c) Importer(2089858483,0ecaa5967403d082aa24f35e1b516d23) [PhysX] Initialized MultithreadedTaskDispatcher with 20 workers.
 -> (artifact id: '05c48954e1a2f8a0fadef1c93f3d099d') in 0.007466 seconds
Number of updated asset objects reloaded before import = 0
Number of asset objects unloaded after import = 3
========================================================================
Received Import Request.
  Time since last request: 0.000015 seconds.
  path: Assets/Images/8592.dat.png
  artifactKey: Guid(fdcb5db699ee4b3c86224445a475def4) Importer(2089858483,0ecaa5967403d082aa24f35e1b516d23)
Start importing Assets/Images/8592.dat.png using Guid(fdcb5db699ee4b3c86224445a475def4) Importer(2089858483,0ecaa5967403d082aa24f35e1b516d23) [PhysX] Initialized MultithreadedTaskDispatcher with 20 workers.
 -> (artifact id: '95efecaaea2bf70af4822482b6c9f200') in 0.006928 seconds
Number of updated asset objects reloaded before import = 0
Number of asset objects unloaded after import = 3
========================================================================
Received Import Request.
  Time since last request: 0.000027 seconds.
  path: Assets/Images/8599.dat.png
  artifactKey: Guid(d5c4e90507574967a5f8f704782ce814) Importer(2089858483,0ecaa5967403d082aa24f35e1b516d23)
Start importing Assets/Images/8599.dat.png using Guid(d5c4e90507574967a5f8f704782ce814) Importer(2089858483,0ecaa5967403d082aa24f35e1b516d23) [PhysX] Initialized MultithreadedTaskDispatcher with 20 workers.
 -> (artifact id: '8ad250939c5205770d1eb3bedb8dbd49') in 0.009914 seconds
Number of updated asset objects reloaded before import = 0
Number of asset objects unloaded after import = 3
========================================================================
Received Import Request.
  Time since last request: 0.000015 seconds.
  path: Assets/Images/6392.dat.png
  artifactKey: Guid(57cc44df2e414739b8061c0ab459abbb) Importer(2089858483,0ecaa5967403d082aa24f35e1b516d23)
Start importing Assets/Images/6392.dat.png using Guid(57cc44df2e414739b8061c0ab459abbb) Importer(2089858483,0ecaa5967403d082aa24f35e1b516d23) [PhysX] Initialized MultithreadedTaskDispatcher with 20 workers.
 -> (artifact id: 'ac82d96d8fbe29e4b901878576882b73') in 0.013515 seconds
Number of updated asset objects reloaded before import = 0
Number of asset objects unloaded after import = 8
========================================================================
Received Import Request.
  Time since last request: 0.000014 seconds.
  path: Assets/Images/6286.dat.png
  artifactKey: Guid(03f9d9686be0499fb4bb8ce8365c645b) Importer(2089858483,0ecaa5967403d082aa24f35e1b516d23)
Start importing Assets/Images/6286.dat.png using Guid(03f9d9686be0499fb4bb8ce8365c645b) Importer(2089858483,0ecaa5967403d082aa24f35e1b516d23) [PhysX] Initialized MultithreadedTaskDispatcher with 20 workers.
 -> (artifact id: 'eda6260297ea0ec38c1e7983123cd55e') in 0.007169 seconds
Number of updated asset objects reloaded before import = 0
Number of asset objects unloaded after import = 3
========================================================================
Received Import Request.
  Time since last request: 0.000014 seconds.
  path: Assets/Images/7958.dat.png
  artifactKey: Guid(e12095cd8eb7469a83940a9e09bd12cc) Importer(2089858483,0ecaa5967403d082aa24f35e1b516d23)
Start importing Assets/Images/7958.dat.png using Guid(e12095cd8eb7469a83940a9e09bd12cc) Importer(2089858483,0ecaa5967403d082aa24f35e1b516d23) [PhysX] Initialized MultithreadedTaskDispatcher with 20 workers.
 -> (artifact id: '10a79dbfa0a147bba6ed092edac4a507') in 0.007388 seconds
Number of updated asset objects reloaded before import = 0
Number of asset objects unloaded after import = 3
========================================================================
Received Import Request.
  Time since last request: 0.000015 seconds.
  path: Assets/Images/6289.dat.png
  artifactKey: Guid(15a337a515cc4f72b7d41e0e91643b44) Importer(2089858483,0ecaa5967403d082aa24f35e1b516d23)
Start importing Assets/Images/6289.dat.png using Guid(15a337a515cc4f72b7d41e0e91643b44) Importer(2089858483,0ecaa5967403d082aa24f35e1b516d23) [PhysX] Initialized MultithreadedTaskDispatcher with 20 workers.
 -> (artifact id: 'e9285fb27a27d73b5709cae5d66dbf7f') in 0.007454 seconds
Number of updated asset objects reloaded before import = 0
Number of asset objects unloaded after import = 3
========================================================================
Received Import Request.
  Time since last request: 0.000014 seconds.
  path: Assets/Images/8549.dat.png
  artifactKey: Guid(5b3792b8ce63404e9eb8262cb3f0b2af) Importer(2089858483,0ecaa5967403d082aa24f35e1b516d23)
Start importing Assets/Images/8549.dat.png using Guid(5b3792b8ce63404e9eb8262cb3f0b2af) Importer(2089858483,0ecaa5967403d082aa24f35e1b516d23) [PhysX] Initialized MultithreadedTaskDispatcher with 20 workers.
 -> (artifact id: '13bccc15ca4597f05391dcad158991b6') in 0.007840 seconds
Number of updated asset objects reloaded before import = 0
Number of asset objects unloaded after import = 3
========================================================================
Received Import Request.
  Time since last request: 0.000016 seconds.
  path: Assets/Images/8319.dat.png
  artifactKey: Guid(5787d1eeb28345a6a633844fcab65174) Importer(2089858483,0ecaa5967403d082aa24f35e1b516d23)
Start importing Assets/Images/8319.dat.png using Guid(5787d1eeb28345a6a633844fcab65174) Importer(2089858483,0ecaa5967403d082aa24f35e1b516d23) [PhysX] Initialized MultithreadedTaskDispatcher with 20 workers.
 -> (artifact id: '867748c0898ecfa848256fe8356422e0') in 0.007873 seconds
Number of updated asset objects reloaded before import = 0
Number of asset objects unloaded after import = 3
========================================================================
Received Import Request.
  Time since last request: 0.000015 seconds.
  path: Assets/Images/8088.dat.png
  artifactKey: Guid(7c96d552575248058d22f53871b6c43f) Importer(2089858483,0ecaa5967403d082aa24f35e1b516d23)
Start importing Assets/Images/8088.dat.png using Guid(7c96d552575248058d22f53871b6c43f) Importer(2089858483,0ecaa5967403d082aa24f35e1b516d23) [PhysX] Initialized MultithreadedTaskDispatcher with 20 workers.
 -> (artifact id: '92680d48d3f260ac7e1b7c63b9a75a13') in 0.007558 seconds
Number of updated asset objects reloaded before import = 0
Number of asset objects unloaded after import = 3
========================================================================
Received Import Request.
  Time since last request: 0.000014 seconds.
  path: Assets/Images/7964.dat.png
  artifactKey: Guid(f0202222078e409f934b74bd6775dfc1) Importer(2089858483,0ecaa5967403d082aa24f35e1b516d23)
Start importing Assets/Images/7964.dat.png using Guid(f0202222078e409f934b74bd6775dfc1) Importer(2089858483,0ecaa5967403d082aa24f35e1b516d23) [PhysX] Initialized MultithreadedTaskDispatcher with 20 workers.
 -> (artifact id: '54c7fc71a6405c05c2bdb0c368ce9186') in 0.007283 seconds
Number of updated asset objects reloaded before import = 0
Number of asset objects unloaded after import = 3
========================================================================
Received Import Request.
  Time since last request: 0.000016 seconds.
  path: Assets/Images/6390.dat.png
  artifactKey: Guid(33216dfd2a45449eaeb1ae3600723c9e) Importer(2089858483,0ecaa5967403d082aa24f35e1b516d23)
Start importing Assets/Images/6390.dat.png using Guid(33216dfd2a45449eaeb1ae3600723c9e) Importer(2089858483,0ecaa5967403d082aa24f35e1b516d23) [PhysX] Initialized MultithreadedTaskDispatcher with 20 workers.
 -> (artifact id: '3dbc184c5f34dbfaef6172108ac1a368') in 0.016791 seconds
Number of updated asset objects reloaded before import = 0
Number of asset objects unloaded after import = 10
========================================================================
Received Import Request.
  Time since last request: 0.000024 seconds.
  path: Assets/Images/8237.dat.png
  artifactKey: Guid(ce4902c4dffe46d9a84c5504442e1550) Importer(2089858483,0ecaa5967403d082aa24f35e1b516d23)
Start importing Assets/Images/8237.dat.png using Guid(ce4902c4dffe46d9a84c5504442e1550) Importer(2089858483,0ecaa5967403d082aa24f35e1b516d23) [PhysX] Initialized MultithreadedTaskDispatcher with 20 workers.
 -> (artifact id: '8cb9f8a94688e8a3f2ca09bd87fd53bb') in 0.008246 seconds
Number of updated asset objects reloaded before import = 0
Number of asset objects unloaded after import = 3
========================================================================
Received Import Request.
  Time since last request: 0.000015 seconds.
  path: Assets/Images/8100.dat.png
  artifactKey: Guid(d7cc163e73424a6d951995b742c24213) Importer(2089858483,0ecaa5967403d082aa24f35e1b516d23)
Start importing Assets/Images/8100.dat.png using Guid(d7cc163e73424a6d951995b742c24213) Importer(2089858483,0ecaa5967403d082aa24f35e1b516d23) [PhysX] Initialized MultithreadedTaskDispatcher with 20 workers.
 -> (artifact id: '20a064dd6055e7643f63b1c058d8a7cd') in 0.007656 seconds
Number of updated asset objects reloaded before import = 0
Number of asset objects unloaded after import = 3
========================================================================
Received Import Request.
  Time since last request: 0.000013 seconds.
  path: Assets/Images/8008.dat.png
  artifactKey: Guid(cbde4270c17a4a62bd944a4c55b3d05a) Importer(2089858483,0ecaa5967403d082aa24f35e1b516d23)
Start importing Assets/Images/8008.dat.png using Guid(cbde4270c17a4a62bd944a4c55b3d05a) Importer(2089858483,0ecaa5967403d082aa24f35e1b516d23) [PhysX] Initialized MultithreadedTaskDispatcher with 20 workers.
 -> (artifact id: '9d52ea91a01d905747f33a876e980520') in 0.006471 seconds
Number of updated asset objects reloaded before import = 0
Number of asset objects unloaded after import = 3
========================================================================
Received Import Request.
  Time since last request: 0.000013 seconds.
  path: Assets/Images/8099.dat.png
  artifactKey: Guid(34e4021fac1446a4bc9d0e188d7380bc) Importer(2089858483,0ecaa5967403d082aa24f35e1b516d23)
Start importing Assets/Images/8099.dat.png using Guid(34e4021fac1446a4bc9d0e188d7380bc) Importer(2089858483,0ecaa5967403d082aa24f35e1b516d23) [PhysX] Initialized MultithreadedTaskDispatcher with 20 workers.
 -> (artifact id: '8297119dce9725114d3db64145b4cd97') in 0.012747 seconds
Number of updated asset objects reloaded before import = 0
Number of asset objects unloaded after import = 3
========================================================================
Received Import Request.
  Time since last request: 0.000012 seconds.
  path: Assets/Images/8855.dat.png
  artifactKey: Guid(eee17b5f09514445a4cda928b621f3be) Importer(2089858483,0ecaa5967403d082aa24f35e1b516d23)
Start importing Assets/Images/8855.dat.png using Guid(eee17b5f09514445a4cda928b621f3be) Importer(2089858483,0ecaa5967403d082aa24f35e1b516d23) [PhysX] Initialized MultithreadedTaskDispatcher with 20 workers.
 -> (artifact id: '5d46d9c890e6a3fddb44b6181cf06c0c') in 0.007359 seconds
Number of updated asset objects reloaded before import = 0
Number of asset objects unloaded after import = 3
========================================================================
Received Import Request.
  Time since last request: 0.000016 seconds.
  path: Assets/Images/8120.dat.png
  artifactKey: Guid(c864edc6b2ae4b5c98761c0787be34b2) Importer(2089858483,0ecaa5967403d082aa24f35e1b516d23)
Start importing Assets/Images/8120.dat.png using Guid(c864edc6b2ae4b5c98761c0787be34b2) Importer(2089858483,0ecaa5967403d082aa24f35e1b516d23) [PhysX] Initialized MultithreadedTaskDispatcher with 20 workers.
 -> (artifact id: '4d43b838f1fee56ec6e18646da65cbef') in 0.008439 seconds
Number of updated asset objects reloaded before import = 0
Number of asset objects unloaded after import = 3
========================================================================
Received Import Request.
  Time since last request: 0.000017 seconds.
  path: Assets/Images/8175.dat.png
  artifactKey: Guid(c305767a1cc64f15878f8b48989762ff) Importer(2089858483,0ecaa5967403d082aa24f35e1b516d23)
Start importing Assets/Images/8175.dat.png using Guid(c305767a1cc64f15878f8b48989762ff) Importer(2089858483,0ecaa5967403d082aa24f35e1b516d23) [PhysX] Initialized MultithreadedTaskDispatcher with 20 workers.
 -> (artifact id: 'a27e474a26f6cc6d38c1a1b2f5796af3') in 0.007289 seconds
Number of updated asset objects reloaded before import = 0
Number of asset objects unloaded after import = 3
========================================================================
Received Import Request.
  Time since last request: 0.000013 seconds.
  path: Assets/Images/80.dat.png
  artifactKey: Guid(f487bd073d4e4d7ca6c23b43299a367c) Importer(2089858483,0ecaa5967403d082aa24f35e1b516d23)
Start importing Assets/Images/80.dat.png using Guid(f487bd073d4e4d7ca6c23b43299a367c) Importer(2089858483,0ecaa5967403d082aa24f35e1b516d23) [PhysX] Initialized MultithreadedTaskDispatcher with 20 workers.
 -> (artifact id: 'e2735dd6b7b5379b1e1a76455b318fcd') in 0.007583 seconds
Number of updated asset objects reloaded before import = 0
Number of asset objects unloaded after import = 3
========================================================================
Received Import Request.
  Time since last request: 0.000013 seconds.
  path: Assets/Images/7967.dat.png
  artifactKey: Guid(c2dcee3bbdb7471693aacaebc996e2e5) Importer(2089858483,0ecaa5967403d082aa24f35e1b516d23)
Start importing Assets/Images/7967.dat.png using Guid(c2dcee3bbdb7471693aacaebc996e2e5) Importer(2089858483,0ecaa5967403d082aa24f35e1b516d23) [PhysX] Initialized MultithreadedTaskDispatcher with 20 workers.
 -> (artifact id: 'f6e07ca8131cdca302a791586a21cbaa') in 0.007168 seconds
Number of updated asset objects reloaded before import = 0
Number of asset objects unloaded after import = 3
========================================================================
Received Import Request.
  Time since last request: 0.000015 seconds.
  path: Assets/Images/7985.dat.png
  artifactKey: Guid(2964160bf7b34667a3ade9ae54488797) Importer(2089858483,0ecaa5967403d082aa24f35e1b516d23)
Start importing Assets/Images/7985.dat.png using Guid(2964160bf7b34667a3ade9ae54488797) Importer(2089858483,0ecaa5967403d082aa24f35e1b516d23) [PhysX] Initialized MultithreadedTaskDispatcher with 20 workers.
 -> (artifact id: '4bab6a16a4dd9183087db0ab0a154a35') in 0.007515 seconds
Number of updated asset objects reloaded before import = 0
Number of asset objects unloaded after import = 3
========================================================================
Received Import Request.
  Time since last request: 0.000018 seconds.
  path: Assets/Images/6287.dat.png
  artifactKey: Guid(e54fd0de9a8d4848b55b2d38548aed9b) Importer(2089858483,0ecaa5967403d082aa24f35e1b516d23)
Start importing Assets/Images/6287.dat.png using Guid(e54fd0de9a8d4848b55b2d38548aed9b) Importer(2089858483,0ecaa5967403d082aa24f35e1b516d23) [PhysX] Initialized MultithreadedTaskDispatcher with 20 workers.
 -> (artifact id: '6b50936c7cd4a1bc25d5a2b55f7578d6') in 0.007381 seconds
Number of updated asset objects reloaded before import = 0
Number of asset objects unloaded after import = 3
========================================================================
Received Import Request.
  Time since last request: 0.000013 seconds.
  path: Assets/Images/75.dat.png
  artifactKey: Guid(4adeb6e5247a4772aa9fe873f3fc30e3) Importer(2089858483,0ecaa5967403d082aa24f35e1b516d23)
Start importing Assets/Images/75.dat.png using Guid(4adeb6e5247a4772aa9fe873f3fc30e3) Importer(2089858483,0ecaa5967403d082aa24f35e1b516d23) [PhysX] Initialized MultithreadedTaskDispatcher with 20 workers.
 -> (artifact id: 'bc7ea7aa0adf56d8557f435b0e7a0cdd') in 0.007974 seconds
Number of updated asset objects reloaded before import = 0
Number of asset objects unloaded after import = 3
========================================================================
Received Import Request.
  Time since last request: 0.000014 seconds.
  path: Assets/Images/7994.dat.png
  artifactKey: Guid(a073c82f114f479694082b879a009ee0) Importer(2089858483,0ecaa5967403d082aa24f35e1b516d23)
Start importing Assets/Images/7994.dat.png using Guid(a073c82f114f479694082b879a009ee0) Importer(2089858483,0ecaa5967403d082aa24f35e1b516d23) [PhysX] Initialized MultithreadedTaskDispatcher with 20 workers.
 -> (artifact id: 'e8ce10caf6e61ccd4a00f7e6f0b19c26') in 0.007097 seconds
Number of updated asset objects reloaded before import = 0
Number of asset objects unloaded after import = 3
========================================================================
Received Import Request.
  Time since last request: 0.000014 seconds.
  path: Assets/Images/76.dat.png
  artifactKey: Guid(968f743319fc45d786011cb6c96365fb) Importer(2089858483,0ecaa5967403d082aa24f35e1b516d23)
Start importing Assets/Images/76.dat.png using Guid(968f743319fc45d786011cb6c96365fb) Importer(2089858483,0ecaa5967403d082aa24f35e1b516d23) [PhysX] Initialized MultithreadedTaskDispatcher with 20 workers.
 -> (artifact id: 'c0335b8e86d9cd6c55e290084a91c667') in 0.007885 seconds
Number of updated asset objects reloaded before import = 0
Number of asset objects unloaded after import = 3
========================================================================
Received Import Request.
  Time since last request: 0.000016 seconds.
  path: Assets/Images/8297.dat.png
  artifactKey: Guid(25af2dd3184a45a3ac973174fb088653) Importer(2089858483,0ecaa5967403d082aa24f35e1b516d23)
Start importing Assets/Images/8297.dat.png using Guid(25af2dd3184a45a3ac973174fb088653) Importer(2089858483,0ecaa5967403d082aa24f35e1b516d23) [PhysX] Initialized MultithreadedTaskDispatcher with 20 workers.
 -> (artifact id: '0aa722724bef9a8efbc64ad57b17fdcf') in 0.007758 seconds
Number of updated asset objects reloaded before import = 0
Number of asset objects unloaded after import = 3
========================================================================
Received Import Request.
  Time since last request: 0.000023 seconds.
  path: Assets/Images/8545.dat.png
  artifactKey: Guid(0006219a63f948fda013ed931cf424f9) Importer(2089858483,0ecaa5967403d082aa24f35e1b516d23)
Start importing Assets/Images/8545.dat.png using Guid(0006219a63f948fda013ed931cf424f9) Importer(2089858483,0ecaa5967403d082aa24f35e1b516d23) [PhysX] Initialized MultithreadedTaskDispatcher with 20 workers.
 -> (artifact id: 'be45c7d73aa2406ed63b0b74aeced65e') in 0.007938 seconds
Number of updated asset objects reloaded before import = 0
Number of asset objects unloaded after import = 3
========================================================================
Received Import Request.
  Time since last request: 0.000017 seconds.
  path: Assets/Images/8604.dat.png
  artifactKey: Guid(8c03901f2b214b278f2a60cc7b673a1f) Importer(2089858483,0ecaa5967403d082aa24f35e1b516d23)
Start importing Assets/Images/8604.dat.png using Guid(8c03901f2b214b278f2a60cc7b673a1f) Importer(2089858483,0ecaa5967403d082aa24f35e1b516d23) [PhysX] Initialized MultithreadedTaskDispatcher with 20 workers.
 -> (artifact id: 'c40a6bd38fbb97b65d70c618fc73ec3f') in 0.007078 seconds
Number of updated asset objects reloaded before import = 0
Number of asset objects unloaded after import = 3
========================================================================
Received Import Request.
  Time since last request: 0.000014 seconds.
  path: Assets/Images/8504.dat.png
  artifactKey: Guid(ed310695cbb94c408f0b31d794d55a4f) Importer(2089858483,0ecaa5967403d082aa24f35e1b516d23)
Start importing Assets/Images/8504.dat.png using Guid(ed310695cbb94c408f0b31d794d55a4f) Importer(2089858483,0ecaa5967403d082aa24f35e1b516d23) [PhysX] Initialized MultithreadedTaskDispatcher with 20 workers.
 -> (artifact id: '62646b6390de25d856a269a76566e67b') in 0.007683 seconds
Number of updated asset objects reloaded before import = 0
Number of asset objects unloaded after import = 3
========================================================================
Received Import Request.
  Time since last request: 0.000014 seconds.
  path: Assets/Images/8512.dat.png
  artifactKey: Guid(a5f33a83646748fb8f04e118c08c0a10) Importer(2089858483,0ecaa5967403d082aa24f35e1b516d23)
Start importing Assets/Images/8512.dat.png using Guid(a5f33a83646748fb8f04e118c08c0a10) Importer(2089858483,0ecaa5967403d082aa24f35e1b516d23) [PhysX] Initialized MultithreadedTaskDispatcher with 20 workers.
 -> (artifact id: 'edba9da66c2d4039fba3efecef4d2d1f') in 0.007242 seconds
Number of updated asset objects reloaded before import = 0
Number of asset objects unloaded after import = 3
========================================================================
Received Import Request.
  Time since last request: 0.000050 seconds.
  path: Assets/Images/8185.dat.png
  artifactKey: Guid(0c5b46f7f9b94d70bbdd94e9841cdbe9) Importer(2089858483,0ecaa5967403d082aa24f35e1b516d23)
Start importing Assets/Images/8185.dat.png using Guid(0c5b46f7f9b94d70bbdd94e9841cdbe9) Importer(2089858483,0ecaa5967403d082aa24f35e1b516d23) [PhysX] Initialized MultithreadedTaskDispatcher with 20 workers.
 -> (artifact id: '2e899c506f251dc44f190bec77f692e1') in 0.007728 seconds
Number of updated asset objects reloaded before import = 0
Number of asset objects unloaded after import = 3
========================================================================
Received Import Request.
  Time since last request: 0.000017 seconds.
  path: Assets/Images/8188.dat.png
  artifactKey: Guid(6cb5c79b670647f2867a5226ac4447cc) Importer(2089858483,0ecaa5967403d082aa24f35e1b516d23)
Start importing Assets/Images/8188.dat.png using Guid(6cb5c79b670647f2867a5226ac4447cc) Importer(2089858483,0ecaa5967403d082aa24f35e1b516d23) [PhysX] Initialized MultithreadedTaskDispatcher with 20 workers.
 -> (artifact id: 'daba77bcbdc153b5b5d6d1174ea5ffc6') in 0.007333 seconds
Number of updated asset objects reloaded before import = 0
Number of asset objects unloaded after import = 3
========================================================================
Received Import Request.
  Time since last request: 0.000013 seconds.
  path: Assets/Images/7966.dat.png
  artifactKey: Guid(8012a91ec03e4950a5f749d1fb8b1b4b) Importer(2089858483,0ecaa5967403d082aa24f35e1b516d23)
Start importing Assets/Images/7966.dat.png using Guid(8012a91ec03e4950a5f749d1fb8b1b4b) Importer(2089858483,0ecaa5967403d082aa24f35e1b516d23) [PhysX] Initialized MultithreadedTaskDispatcher with 20 workers.
 -> (artifact id: 'c678dcaae807cde13579070ffafdbc15') in 0.008444 seconds
Number of updated asset objects reloaded before import = 0
Number of asset objects unloaded after import = 3
========================================================================
Received Import Request.
  Time since last request: 0.000015 seconds.
  path: Assets/Images/8534.dat.png
  artifactKey: Guid(d8edb93dc958456eb7fdc6a8865a7892) Importer(2089858483,0ecaa5967403d082aa24f35e1b516d23)
Start importing Assets/Images/8534.dat.png using Guid(d8edb93dc958456eb7fdc6a8865a7892) Importer(2089858483,0ecaa5967403d082aa24f35e1b516d23) [PhysX] Initialized MultithreadedTaskDispatcher with 20 workers.
 -> (artifact id: 'ad6e7179929c64ed3f47ba77c9c25b72') in 0.008545 seconds
Number of updated asset objects reloaded before import = 0
Number of asset objects unloaded after import = 3
========================================================================
Received Import Request.
  Time since last request: 0.000014 seconds.
  path: Assets/Images/746.dat.png
  artifactKey: Guid(89845525575444db8e1c9f1e9d3787f7) Importer(2089858483,0ecaa5967403d082aa24f35e1b516d23)
Start importing Assets/Images/746.dat.png using Guid(89845525575444db8e1c9f1e9d3787f7) Importer(2089858483,0ecaa5967403d082aa24f35e1b516d23) [PhysX] Initialized MultithreadedTaskDispatcher with 20 workers.
 -> (artifact id: '2be26a857efd003dce971220c1259371') in 0.006962 seconds
Number of updated asset objects reloaded before import = 0
Number of asset objects unloaded after import = 3
========================================================================
Received Import Request.
  Time since last request: 0.000015 seconds.
  path: Assets/Images/8118.dat.png
  artifactKey: Guid(7df349a869884362bceff21c509900d3) Importer(2089858483,0ecaa5967403d082aa24f35e1b516d23)
Start importing Assets/Images/8118.dat.png using Guid(7df349a869884362bceff21c509900d3) Importer(2089858483,0ecaa5967403d082aa24f35e1b516d23) [PhysX] Initialized MultithreadedTaskDispatcher with 20 workers.
 -> (artifact id: 'a78a7befbe70e8b48d465208634c2e53') in 0.007171 seconds
Number of updated asset objects reloaded before import = 0
Number of asset objects unloaded after import = 3
========================================================================
Received Import Request.
  Time since last request: 0.000016 seconds.
  path: Assets/Images/7842.dat.png
  artifactKey: Guid(2147d50550b5457ba390ee1948cb3e99) Importer(2089858483,0ecaa5967403d082aa24f35e1b516d23)
Start importing Assets/Images/7842.dat.png using Guid(2147d50550b5457ba390ee1948cb3e99) Importer(2089858483,0ecaa5967403d082aa24f35e1b516d23) [PhysX] Initialized MultithreadedTaskDispatcher with 20 workers.
 -> (artifact id: '425b870be05649202f26a184c2de3f54') in 0.008190 seconds
Number of updated asset objects reloaded before import = 0
Number of asset objects unloaded after import = 3
========================================================================
Received Import Request.
  Time since last request: 0.000014 seconds.
  path: Assets/Images/8187.dat.png
  artifactKey: Guid(65e96650c5a1487ead8d5828e6044eab) Importer(2089858483,0ecaa5967403d082aa24f35e1b516d23)
Start importing Assets/Images/8187.dat.png using Guid(65e96650c5a1487ead8d5828e6044eab) Importer(2089858483,0ecaa5967403d082aa24f35e1b516d23) [PhysX] Initialized MultithreadedTaskDispatcher with 20 workers.
 -> (artifact id: '9447ac4f556bd98429e45c43505464bb') in 0.007244 seconds
Number of updated asset objects reloaded before import = 0
Number of asset objects unloaded after import = 3
========================================================================
Received Import Request.
  Time since last request: 0.000012 seconds.
  path: Assets/Images/8009.dat.png
  artifactKey: Guid(cab21cc518734c3586508fab649ec503) Importer(2089858483,0ecaa5967403d082aa24f35e1b516d23)
Start importing Assets/Images/8009.dat.png using Guid(cab21cc518734c3586508fab649ec503) Importer(2089858483,0ecaa5967403d082aa24f35e1b516d23) [PhysX] Initialized MultithreadedTaskDispatcher with 20 workers.
 -> (artifact id: '0754cbdb819ae3b100a8aeaf9510d55c') in 0.013079 seconds
Number of updated asset objects reloaded before import = 0
Number of asset objects unloaded after import = 3
========================================================================
Received Import Request.
  Time since last request: 0.000018 seconds.
  path: Assets/Images/7997.dat.png
  artifactKey: Guid(4c1529d4fdfc4aff8f7279b0f6508c18) Importer(2089858483,0ecaa5967403d082aa24f35e1b516d23)
Start importing Assets/Images/7997.dat.png using Guid(4c1529d4fdfc4aff8f7279b0f6508c18) Importer(2089858483,0ecaa5967403d082aa24f35e1b516d23) [PhysX] Initialized MultithreadedTaskDispatcher with 20 workers.
 -> (artifact id: '925c0f570cf5f6b4adb0ca6867637625') in 0.008114 seconds
Number of updated asset objects reloaded before import = 0
Number of asset objects unloaded after import = 3
========================================================================
Received Import Request.
  Time since last request: 0.000022 seconds.
  path: Assets/Images/6783.dat.png
  artifactKey: Guid(11db9a15d86f4418af1371b2eb653ff8) Importer(2089858483,0ecaa5967403d082aa24f35e1b516d23)
Start importing Assets/Images/6783.dat.png using Guid(11db9a15d86f4418af1371b2eb653ff8) Importer(2089858483,0ecaa5967403d082aa24f35e1b516d23) [PhysX] Initialized MultithreadedTaskDispatcher with 20 workers.
 -> (artifact id: '53271c3819b8d00ad5bea3218644e98b') in 0.008135 seconds
Number of updated asset objects reloaded before import = 0
Number of asset objects unloaded after import = 3
========================================================================
Received Import Request.
  Time since last request: 0.000014 seconds.
  path: Assets/Images/8097.dat.png
  artifactKey: Guid(0f9de9c7c6df46fd81c473146c147eee) Importer(2089858483,0ecaa5967403d082aa24f35e1b516d23)
Start importing Assets/Images/8097.dat.png using Guid(0f9de9c7c6df46fd81c473146c147eee) Importer(2089858483,0ecaa5967403d082aa24f35e1b516d23) [PhysX] Initialized MultithreadedTaskDispatcher with 20 workers.
 -> (artifact id: '18ceb44bc4c9b0fc96d2c6a6df2c9521') in 0.007376 seconds
Number of updated asset objects reloaded before import = 0
Number of asset objects unloaded after import = 3
========================================================================
Received Import Request.
  Time since last request: 0.000013 seconds.
  path: Assets/Images/8611.dat.png
  artifactKey: Guid(93e3b4e2e52a4515a2cbcdc6447de22a) Importer(2089858483,0ecaa5967403d082aa24f35e1b516d23)
Start importing Assets/Images/8611.dat.png using Guid(93e3b4e2e52a4515a2cbcdc6447de22a) Importer(2089858483,0ecaa5967403d082aa24f35e1b516d23) [PhysX] Initialized MultithreadedTaskDispatcher with 20 workers.
 -> (artifact id: '8ab846f7fe5bb633bdc1cdd70d78778e') in 0.006914 seconds
Number of updated asset objects reloaded before import = 0
Number of asset objects unloaded after import = 3
========================================================================
Received Import Request.
  Time since last request: 0.000014 seconds.
  path: Assets/Images/8770.dat.png
  artifactKey: Guid(a3ee8a310bf74457a0475ab64a2a52b1) Importer(2089858483,0ecaa5967403d082aa24f35e1b516d23)
Start importing Assets/Images/8770.dat.png using Guid(a3ee8a310bf74457a0475ab64a2a52b1) Importer(2089858483,0ecaa5967403d082aa24f35e1b516d23) [PhysX] Initialized MultithreadedTaskDispatcher with 20 workers.
 -> (artifact id: '7821c9b93ac56a0558ad90319c3fca0b') in 0.007156 seconds
Number of updated asset objects reloaded before import = 0
Number of asset objects unloaded after import = 3
========================================================================
Received Import Request.
  Time since last request: 0.000011 seconds.
  path: Assets/Images/8528.dat.png
  artifactKey: Guid(89308c2f414e4e25b18e0420150038a1) Importer(2089858483,0ecaa5967403d082aa24f35e1b516d23)
Start importing Assets/Images/8528.dat.png using Guid(89308c2f414e4e25b18e0420150038a1) Importer(2089858483,0ecaa5967403d082aa24f35e1b516d23) [PhysX] Initialized MultithreadedTaskDispatcher with 20 workers.
 -> (artifact id: 'b91c90ede54073203c4ae413c357f8e8') in 0.007817 seconds
Number of updated asset objects reloaded before import = 0
Number of asset objects unloaded after import = 3
========================================================================
Received Import Request.
  Time since last request: 0.000013 seconds.
  path: Assets/Images/8238.dat.png
  artifactKey: Guid(ef4e4ec4aa0c44b68e64a97462947a2c) Importer(2089858483,0ecaa5967403d082aa24f35e1b516d23)
Start importing Assets/Images/8238.dat.png using Guid(ef4e4ec4aa0c44b68e64a97462947a2c) Importer(2089858483,0ecaa5967403d082aa24f35e1b516d23) [PhysX] Initialized MultithreadedTaskDispatcher with 20 workers.
 -> (artifact id: '3b1bada508c6a062cf37e96f051d4429') in 0.008285 seconds
Number of updated asset objects reloaded before import = 0
Number of asset objects unloaded after import = 3
========================================================================
Received Import Request.
  Time since last request: 0.000015 seconds.
  path: Assets/Images/7972.dat.png
  artifactKey: Guid(86c054e5c555459f89ecd8739d62ab07) Importer(2089858483,0ecaa5967403d082aa24f35e1b516d23)
Start importing Assets/Images/7972.dat.png using Guid(86c054e5c555459f89ecd8739d62ab07) Importer(2089858483,0ecaa5967403d082aa24f35e1b516d23) [PhysX] Initialized MultithreadedTaskDispatcher with 20 workers.
 -> (artifact id: '39ae371ebf77f16ff1b6e33d7f8184bf') in 0.007620 seconds
Number of updated asset objects reloaded before import = 0
Number of asset objects unloaded after import = 3
========================================================================
Received Import Request.
  Time since last request: 0.000014 seconds.
  path: Assets/Images/78.dat.png
  artifactKey: Guid(3d30e99dfe0047d88ca6d337cf00c0f3) Importer(2089858483,0ecaa5967403d082aa24f35e1b516d23)
Start importing Assets/Images/78.dat.png using Guid(3d30e99dfe0047d88ca6d337cf00c0f3) Importer(2089858483,0ecaa5967403d082aa24f35e1b516d23) [PhysX] Initialized MultithreadedTaskDispatcher with 20 workers.
 -> (artifact id: '07a65351dec2f7637ce12c48aa117ef0') in 0.007143 seconds
Number of updated asset objects reloaded before import = 0
Number of asset objects unloaded after import = 3
========================================================================
Received Import Request.
  Time since last request: 0.000013 seconds.
  path: Assets/Images/8497.dat.png
  artifactKey: Guid(541ef3ed93c84557a9e03b729488ca9a) Importer(2089858483,0ecaa5967403d082aa24f35e1b516d23)
Start importing Assets/Images/8497.dat.png using Guid(541ef3ed93c84557a9e03b729488ca9a) Importer(2089858483,0ecaa5967403d082aa24f35e1b516d23) [PhysX] Initialized MultithreadedTaskDispatcher with 20 workers.
 -> (artifact id: 'b37c4ad45b14b9f90ead36802c061869') in 0.007660 seconds
Number of updated asset objects reloaded before import = 0
Number of asset objects unloaded after import = 3
========================================================================
Received Import Request.
  Time since last request: 0.000013 seconds.
  path: Assets/Images/8183.dat.png
  artifactKey: Guid(8d9f9f5adf414c7f9eca8553f85f2652) Importer(2089858483,0ecaa5967403d082aa24f35e1b516d23)
Start importing Assets/Images/8183.dat.png using Guid(8d9f9f5adf414c7f9eca8553f85f2652) Importer(2089858483,0ecaa5967403d082aa24f35e1b516d23) [PhysX] Initialized MultithreadedTaskDispatcher with 20 workers.
 -> (artifact id: 'f112b8f47d859d496fc4077842b0a374') in 0.007322 seconds
Number of updated asset objects reloaded before import = 0
Number of asset objects unloaded after import = 3
========================================================================
Received Import Request.
  Time since last request: 0.000014 seconds.
  path: Assets/Images/8085.dat.png
  artifactKey: Guid(f1a14616a6a94edaa4171724262f4c2e) Importer(2089858483,0ecaa5967403d082aa24f35e1b516d23)
Start importing Assets/Images/8085.dat.png using Guid(f1a14616a6a94edaa4171724262f4c2e) Importer(2089858483,0ecaa5967403d082aa24f35e1b516d23) [PhysX] Initialized MultithreadedTaskDispatcher with 20 workers.
 -> (artifact id: '74323e1e09e9aa755286ea808cb61bc8') in 0.011717 seconds
Number of updated asset objects reloaded before import = 0
Number of asset objects unloaded after import = 3
========================================================================
Received Import Request.
  Time since last request: 0.000019 seconds.
  path: Assets/Images/7998.dat.png
  artifactKey: Guid(18d177f01b304341bef3149aaeb98d31) Importer(2089858483,0ecaa5967403d082aa24f35e1b516d23)
Start importing Assets/Images/7998.dat.png using Guid(18d177f01b304341bef3149aaeb98d31) Importer(2089858483,0ecaa5967403d082aa24f35e1b516d23) [PhysX] Initialized MultithreadedTaskDispatcher with 20 workers.
 -> (artifact id: '0740e9a0132180e50447776af5a5c14e') in 0.007273 seconds
Number of updated asset objects reloaded before import = 0
Number of asset objects unloaded after import = 3
========================================================================
Received Import Request.
  Time since last request: 0.000021 seconds.
  path: Assets/Images/7992.dat.png
  artifactKey: Guid(56e95e11482d423b8849b9b4c0a38ca8) Importer(2089858483,0ecaa5967403d082aa24f35e1b516d23)
Start importing Assets/Images/7992.dat.png using Guid(56e95e11482d423b8849b9b4c0a38ca8) Importer(2089858483,0ecaa5967403d082aa24f35e1b516d23) [PhysX] Initialized MultithreadedTaskDispatcher with 20 workers.
 -> (artifact id: 'b7b374c6cbb1c38620aa2749b5c6085c') in 0.023978 seconds
Number of updated asset objects reloaded before import = 0
Number of asset objects unloaded after import = 3
========================================================================
Received Import Request.
  Time since last request: 0.922551 seconds.
  path: Assets/Images/8857.dat.png
  artifactKey: Guid(17ce33b7dd1a4526b253e5a539976aea) Importer(2089858483,0ecaa5967403d082aa24f35e1b516d23)
Start importing Assets/Images/8857.dat.png using Guid(17ce33b7dd1a4526b253e5a539976aea) Importer(2089858483,0ecaa5967403d082aa24f35e1b516d23) [PhysX] Initialized MultithreadedTaskDispatcher with 20 workers.
 -> (artifact id: 'ecfc164fbcab8f40168b66fb1e8cf72f') in 0.008251 seconds
Number of updated asset objects reloaded before import = 0
Number of asset objects unloaded after import = 3
========================================================================
Received Import Request.
  Time since last request: 0.000017 seconds.
  path: Assets/Resources/1639.dat.png
  artifactKey: Guid(03d2bd1c2573400698dd902e43b224dd) Importer(2089858483,0ecaa5967403d082aa24f35e1b516d23)
Start importing Assets/Resources/1639.dat.png using Guid(03d2bd1c2573400698dd902e43b224dd) Importer(2089858483,0ecaa5967403d082aa24f35e1b516d23) [PhysX] Initialized MultithreadedTaskDispatcher with 20 workers.
 -> (artifact id: '3f3b5f4ed274bbad79ef4197d5083983') in 0.007876 seconds
Number of updated asset objects reloaded before import = 0
Number of asset objects unloaded after import = 3
========================================================================
Received Import Request.
  Time since last request: 0.000015 seconds.
  path: Assets/Plugins/Unity.InternalAPIEngineBridge.001.dll
  artifactKey: Guid(fc4d030f3c7c87226d0e493e6b12de12) Importer(2089858483,0ecaa5967403d082aa24f35e1b516d23)
Start importing Assets/Plugins/Unity.InternalAPIEngineBridge.001.dll using Guid(fc4d030f3c7c87226d0e493e6b12de12) Importer(2089858483,0ecaa5967403d082aa24f35e1b516d23) [PhysX] Initialized MultithreadedTaskDispatcher with 20 workers.
 -> (artifact id: '19e49d01a401984e8c3356fccab0b1fb') in 0.004358 seconds
Number of updated asset objects reloaded before import = 0
Number of asset objects unloaded after import = 1
========================================================================
Received Import Request.
  Time since last request: 0.000016 seconds.
  path: Assets/Resources/5259.dat.png
  artifactKey: Guid(698f8517d4d64011b7b1964971e1fa8d) Importer(2089858483,0ecaa5967403d082aa24f35e1b516d23)
Start importing Assets/Resources/5259.dat.png using Guid(698f8517d4d64011b7b1964971e1fa8d) Importer(2089858483,0ecaa5967403d082aa24f35e1b516d23) [PhysX] Initialized MultithreadedTaskDispatcher with 20 workers.
 -> (artifact id: '169ecb27068653a7da253b0dd3ef08f6') in 0.012518 seconds
Number of updated asset objects reloaded before import = 0
Number of asset objects unloaded after import = 5
========================================================================
Received Import Request.
  Time since last request: 0.000015 seconds.
  path: Assets/Images/封地背景.png
  artifactKey: Guid(b57ce26bee3f45d893dc2d7280fea7d8) Importer(2089858483,0ecaa5967403d082aa24f35e1b516d23)
Start importing Assets/Images/封地背景.png using Guid(b57ce26bee3f45d893dc2d7280fea7d8) Importer(2089858483,0ecaa5967403d082aa24f35e1b516d23) [PhysX] Initialized MultithreadedTaskDispatcher with 20 workers.
 -> (artifact id: '228d8fe1bfdd8516942796014cd6ebc4') in 0.011052 seconds
Number of updated asset objects reloaded before import = 0
Number of asset objects unloaded after import = 3
========================================================================
Received Import Request.
  Time since last request: 0.000013 seconds.
  path: Assets/Resources/4169.dat.png
  artifactKey: Guid(dd5e3452e1724cba9c450628d9d18bf0) Importer(2089858483,0ecaa5967403d082aa24f35e1b516d23)
Start importing Assets/Resources/4169.dat.png using Guid(dd5e3452e1724cba9c450628d9d18bf0) Importer(2089858483,0ecaa5967403d082aa24f35e1b516d23) [PhysX] Initialized MultithreadedTaskDispatcher with 20 workers.
 -> (artifact id: '543fef544589f80d2be2db3ee95dcaec') in 0.008778 seconds
Number of updated asset objects reloaded before import = 0
Number of asset objects unloaded after import = 3
========================================================================
Received Import Request.
  Time since last request: 0.000021 seconds.
  path: Assets/Materials/Font Material.mat
  artifactKey: Guid(a7bc6d1dffce4d30bcbd2717ff6cf3d6) Importer(2089858483,0ecaa5967403d082aa24f35e1b516d23)
Start importing Assets/Materials/Font Material.mat using Guid(a7bc6d1dffce4d30bcbd2717ff6cf3d6) Importer(2089858483,0ecaa5967403d082aa24f35e1b516d23) [PhysX] Initialized MultithreadedTaskDispatcher with 20 workers.
 -> (artifact id: 'c3d7d9ea908db430d8cfae8fc100cfe5') in 0.005926 seconds
Number of updated asset objects reloaded before import = 0
Number of asset objects unloaded after import = 1
========================================================================
Received Import Request.
  Time since last request: 0.000017 seconds.
  path: Assets/Resources/1640.dat.png
  artifactKey: Guid(7f79dda22ade4fd3a3408951b80dafc2) Importer(2089858483,0ecaa5967403d082aa24f35e1b516d23)
Start importing Assets/Resources/1640.dat.png using Guid(7f79dda22ade4fd3a3408951b80dafc2) Importer(2089858483,0ecaa5967403d082aa24f35e1b516d23) [PhysX] Initialized MultithreadedTaskDispatcher with 20 workers.
 -> (artifact id: '290d2ed3507263003548e69bdf8c5556') in 0.007607 seconds
Number of updated asset objects reloaded before import = 0
Number of asset objects unloaded after import = 3
========================================================================
Received Import Request.
  Time since last request: 0.000016 seconds.
  path: Assets/Resources/4171.dat.png
  artifactKey: Guid(df55bf2ff7464197a49722d328e4ba5e) Importer(2089858483,0ecaa5967403d082aa24f35e1b516d23)
Start importing Assets/Resources/4171.dat.png using Guid(df55bf2ff7464197a49722d328e4ba5e) Importer(2089858483,0ecaa5967403d082aa24f35e1b516d23) [PhysX] Initialized MultithreadedTaskDispatcher with 20 workers.
 -> (artifact id: 'afbc952eb92508ca7ddf60183f429c4a') in 0.007173 seconds
Number of updated asset objects reloaded before import = 0
Number of asset objects unloaded after import = 3
========================================================================
Received Import Request.
  Time since last request: 0.000023 seconds.
  path: Assets/Images/8989.dat.png
  artifactKey: Guid(d9e8543d73a54e28986faf2a29999021) Importer(2089858483,0ecaa5967403d082aa24f35e1b516d23)
Start importing Assets/Images/8989.dat.png using Guid(d9e8543d73a54e28986faf2a29999021) Importer(2089858483,0ecaa5967403d082aa24f35e1b516d23) [PhysX] Initialized MultithreadedTaskDispatcher with 20 workers.
 -> (artifact id: '8992c0e913b5fec9018bec819b330ad8') in 0.007342 seconds
Number of updated asset objects reloaded before import = 0
Number of asset objects unloaded after import = 3
========================================================================
Received Import Request.
  Time since last request: 0.000014 seconds.
  path: Assets/Images/8985.dat.png
  artifactKey: Guid(6e601c137de940de8ca633ea0cf47ee7) Importer(2089858483,0ecaa5967403d082aa24f35e1b516d23)
Start importing Assets/Images/8985.dat.png using Guid(6e601c137de940de8ca633ea0cf47ee7) Importer(2089858483,0ecaa5967403d082aa24f35e1b516d23) [PhysX] Initialized MultithreadedTaskDispatcher with 20 workers.
 -> (artifact id: '178ddb1a5385eb11a09bd16ec5694d7b') in 0.007486 seconds
Number of updated asset objects reloaded before import = 0
Number of asset objects unloaded after import = 3
========================================================================
Received Import Request.
  Time since last request: 0.000020 seconds.
  path: Assets/Resources/5250.dat.png
  artifactKey: Guid(2ec396ded363453dabec341dc147db18) Importer(2089858483,0ecaa5967403d082aa24f35e1b516d23)
Start importing Assets/Resources/5250.dat.png using Guid(2ec396ded363453dabec341dc147db18) Importer(2089858483,0ecaa5967403d082aa24f35e1b516d23) [PhysX] Initialized MultithreadedTaskDispatcher with 20 workers.
 -> (artifact id: 'bd1a0d0a574f2088fb1cb6cb03ca202e') in 0.010092 seconds
Number of updated asset objects reloaded before import = 0
Number of asset objects unloaded after import = 5
========================================================================
Received Import Request.
  Time since last request: 0.000014 seconds.
  path: Assets/Images/8876.dat.png
  artifactKey: Guid(7114a968c419425da2afa8aa4f22b61d) Importer(2089858483,0ecaa5967403d082aa24f35e1b516d23)
Start importing Assets/Images/8876.dat.png using Guid(7114a968c419425da2afa8aa4f22b61d) Importer(2089858483,0ecaa5967403d082aa24f35e1b516d23) [PhysX] Initialized MultithreadedTaskDispatcher with 20 workers.
 -> (artifact id: 'bb6952a17b46a5b6f29146d57f82664a') in 0.008222 seconds
Number of updated asset objects reloaded before import = 0
Number of asset objects unloaded after import = 3
========================================================================
Received Import Request.
  Time since last request: 0.000014 seconds.
  path: Assets/Resources/4969.dat.png
  artifactKey: Guid(a5638cccdcd54959abf655c5cee04695) Importer(2089858483,0ecaa5967403d082aa24f35e1b516d23)
Start importing Assets/Resources/4969.dat.png using Guid(a5638cccdcd54959abf655c5cee04695) Importer(2089858483,0ecaa5967403d082aa24f35e1b516d23) [PhysX] Initialized MultithreadedTaskDispatcher with 20 workers.
 -> (artifact id: '191ac47caf925fe39c1a3bddb6abf2f7') in 0.011442 seconds
Number of updated asset objects reloaded before import = 0
Number of asset objects unloaded after import = 8
========================================================================
Received Import Request.
  Time since last request: 0.000012 seconds.
  path: Assets/Images/封地界面_水车动画.png
  artifactKey: Guid(8de27f49f9674f34958f7fc2f483318f) Importer(2089858483,0ecaa5967403d082aa24f35e1b516d23)
Start importing Assets/Images/封地界面_水车动画.png using Guid(8de27f49f9674f34958f7fc2f483318f) Importer(2089858483,0ecaa5967403d082aa24f35e1b516d23) [PhysX] Initialized MultithreadedTaskDispatcher with 20 workers.
 -> (artifact id: '708e1ce6cc3ef80bc2208b86d39446e1') in 0.013733 seconds
Number of updated asset objects reloaded before import = 0
Number of asset objects unloaded after import = 10
========================================================================
Received Import Request.
  Time since last request: 0.000014 seconds.
  path: Assets/Images/8868.dat.png
  artifactKey: Guid(a3fa823bffa9418a8fcf905c1c9fe5db) Importer(2089858483,0ecaa5967403d082aa24f35e1b516d23)
Start importing Assets/Images/8868.dat.png using Guid(a3fa823bffa9418a8fcf905c1c9fe5db) Importer(2089858483,0ecaa5967403d082aa24f35e1b516d23) [PhysX] Initialized MultithreadedTaskDispatcher with 20 workers.
 -> (artifact id: 'fa7c3bdc82572646c8f283b32eec7930') in 0.007410 seconds
Number of updated asset objects reloaded before import = 0
Number of asset objects unloaded after import = 3
========================================================================
Received Import Request.
  Time since last request: 0.000013 seconds.
  path: Assets/Images/主界面_切换封地_正常.png
  artifactKey: Guid(c11c8f9bbc824938aac0f2200c7f6b5a) Importer(2089858483,0ecaa5967403d082aa24f35e1b516d23)
Start importing Assets/Images/主界面_切换封地_正常.png using Guid(c11c8f9bbc824938aac0f2200c7f6b5a) Importer(2089858483,0ecaa5967403d082aa24f35e1b516d23) [PhysX] Initialized MultithreadedTaskDispatcher with 20 workers.
 -> (artifact id: 'dc7568d6e8dcd5d48710c6f18e1235c3') in 0.008168 seconds
Number of updated asset objects reloaded before import = 0
Number of asset objects unloaded after import = 3
========================================================================
Received Import Request.
  Time since last request: 0.000014 seconds.
  path: Assets/Materials/4170.dat.mat
  artifactKey: Guid(0e3e3ca4eed14975bec5471c45a492f9) Importer(2089858483,0ecaa5967403d082aa24f35e1b516d23)
Start importing Assets/Materials/4170.dat.mat using Guid(0e3e3ca4eed14975bec5471c45a492f9) Importer(2089858483,0ecaa5967403d082aa24f35e1b516d23) [PhysX] Initialized MultithreadedTaskDispatcher with 20 workers.
 -> (artifact id: 'e5dcce237945f22a565014046977bd88') in 0.006256 seconds
Number of updated asset objects reloaded before import = 0
Number of asset objects unloaded after import = 2
========================================================================
Received Import Request.
  Time since last request: 0.000013 seconds.
  path: Assets/Images/8872.dat.png
  artifactKey: Guid(d9d85b1efdcd4af2833ca5a950b97793) Importer(2089858483,0ecaa5967403d082aa24f35e1b516d23)
Start importing Assets/Images/8872.dat.png using Guid(d9d85b1efdcd4af2833ca5a950b97793) Importer(2089858483,0ecaa5967403d082aa24f35e1b516d23) [PhysX] Initialized MultithreadedTaskDispatcher with 20 workers.
 -> (artifact id: 'c0958e80c2ad4796cb7ca5171c6e86e3') in 0.007685 seconds
Number of updated asset objects reloaded before import = 0
Number of asset objects unloaded after import = 3
========================================================================
Received Import Request.
  Time since last request: 0.000013 seconds.
  path: Assets/Images/9209.dat.png
  artifactKey: Guid(58344fae05074331b120ba56564673fb) Importer(2089858483,0ecaa5967403d082aa24f35e1b516d23)
Start importing Assets/Images/9209.dat.png using Guid(58344fae05074331b120ba56564673fb) Importer(2089858483,0ecaa5967403d082aa24f35e1b516d23) [PhysX] Initialized MultithreadedTaskDispatcher with 20 workers.
 -> (artifact id: '79d8a261ac514accd5df873c63719d7a') in 0.008527 seconds
Number of updated asset objects reloaded before import = 0
Number of asset objects unloaded after import = 3
========================================================================
Received Import Request.
  Time since last request: 0.000015 seconds.
  path: Assets/Images/将领阴影.png
  artifactKey: Guid(21c9423a73f34cd88ab7d0e42daf6e79) Importer(2089858483,0ecaa5967403d082aa24f35e1b516d23)
Start importing Assets/Images/将领阴影.png using Guid(21c9423a73f34cd88ab7d0e42daf6e79) Importer(2089858483,0ecaa5967403d082aa24f35e1b516d23) [PhysX] Initialized MultithreadedTaskDispatcher with 20 workers.
 -> (artifact id: '52543fa9c38b9577111928b135a370cc') in 0.007167 seconds
Number of updated asset objects reloaded before import = 0
Number of asset objects unloaded after import = 3
========================================================================
Received Import Request.
  Time since last request: 0.000013 seconds.
  path: Assets/Resources/5371.dat.png
  artifactKey: Guid(a8354a7200f74553a29f889e2f1b30f3) Importer(2089858483,0ecaa5967403d082aa24f35e1b516d23)
Start importing Assets/Resources/5371.dat.png using Guid(a8354a7200f74553a29f889e2f1b30f3) Importer(2089858483,0ecaa5967403d082aa24f35e1b516d23) [PhysX] Initialized MultithreadedTaskDispatcher with 20 workers.
 -> (artifact id: '259f9c7b81902381f1e9348d082e2859') in 0.014635 seconds
Number of updated asset objects reloaded before import = 0
Number of asset objects unloaded after import = 9
========================================================================
Received Import Request.
  Time since last request: 0.000017 seconds.
  path: Assets/Images/封地界面_水柱.png
  artifactKey: Guid(a27f07d68e1a49d3b473c53c37bd8df8) Importer(2089858483,0ecaa5967403d082aa24f35e1b516d23)
Start importing Assets/Images/封地界面_水柱.png using Guid(a27f07d68e1a49d3b473c53c37bd8df8) Importer(2089858483,0ecaa5967403d082aa24f35e1b516d23) [PhysX] Initialized MultithreadedTaskDispatcher with 20 workers.
 -> (artifact id: '660f3daac819301c6beeefb33ff006b0') in 0.014022 seconds
Number of updated asset objects reloaded before import = 0
Number of asset objects unloaded after import = 10
========================================================================
Received Import Request.
  Time since last request: 0.000016 seconds.
  path: Assets/Resources/4859.dat.png
  artifactKey: Guid(15f6de043c3d42289810438474f43230) Importer(2089858483,0ecaa5967403d082aa24f35e1b516d23)
Start importing Assets/Resources/4859.dat.png using Guid(15f6de043c3d42289810438474f43230) Importer(2089858483,0ecaa5967403d082aa24f35e1b516d23) [PhysX] Initialized MultithreadedTaskDispatcher with 20 workers.
 -> (artifact id: '3cde32e6632534911e01f29c64b0037b') in 0.012695 seconds
Number of updated asset objects reloaded before import = 0
Number of asset objects unloaded after import = 10
========================================================================
Received Import Request.
  Time since last request: 0.000013 seconds.
  path: Assets/Images/8984.dat.png
  artifactKey: Guid(91c80961976b46799bc25ae01065f978) Importer(2089858483,0ecaa5967403d082aa24f35e1b516d23)
Start importing Assets/Images/8984.dat.png using Guid(91c80961976b46799bc25ae01065f978) Importer(2089858483,0ecaa5967403d082aa24f35e1b516d23) [PhysX] Initialized MultithreadedTaskDispatcher with 20 workers.
 -> (artifact id: 'aee764fc106cb89ebbe92ec2eacf5721') in 0.007200 seconds
Number of updated asset objects reloaded before import = 0
Number of asset objects unloaded after import = 3
========================================================================
Received Import Request.
  Time since last request: 0.000015 seconds.
  path: Assets/Plugins/Unity.Mathematics.dll
  artifactKey: Guid(f2a6bc5b9a8c1c17929706e7187e1dd2) Importer(2089858483,0ecaa5967403d082aa24f35e1b516d23)
Start importing Assets/Plugins/Unity.Mathematics.dll using Guid(f2a6bc5b9a8c1c17929706e7187e1dd2) Importer(2089858483,0ecaa5967403d082aa24f35e1b516d23) [PhysX] Initialized MultithreadedTaskDispatcher with 20 workers.
 -> (artifact id: '22515dd4701d34e40cd1d47dda45d012') in 0.002548 seconds
Number of updated asset objects reloaded before import = 0
Number of asset objects unloaded after import = 1
========================================================================
Received Import Request.
  Time since last request: 0.000011 seconds.
  path: Assets/Resources/5329.dat.png
  artifactKey: Guid(53ed0e53c5d6411ea666cc081a41e5c4) Importer(2089858483,0ecaa5967403d082aa24f35e1b516d23)
Start importing Assets/Resources/5329.dat.png using Guid(53ed0e53c5d6411ea666cc081a41e5c4) Importer(2089858483,0ecaa5967403d082aa24f35e1b516d23) [PhysX] Initialized MultithreadedTaskDispatcher with 20 workers.
 -> (artifact id: '20631f883fbda595e9a6929c7a7a2823') in 0.013863 seconds
Number of updated asset objects reloaded before import = 0
Number of asset objects unloaded after import = 8
========================================================================
Received Import Request.
  Time since last request: 0.000017 seconds.
  path: Assets/Resources/4899.dat.png
  artifactKey: Guid(c652df1ffd8446bd999e94e6e2d2d0d8) Importer(2089858483,0ecaa5967403d082aa24f35e1b516d23)
Start importing Assets/Resources/4899.dat.png using Guid(c652df1ffd8446bd999e94e6e2d2d0d8) Importer(2089858483,0ecaa5967403d082aa24f35e1b516d23) [PhysX] Initialized MultithreadedTaskDispatcher with 20 workers.
 -> (artifact id: 'f90fed644b881787ff6b2fcf72611798') in 0.011908 seconds
Number of updated asset objects reloaded before import = 0
Number of asset objects unloaded after import = 8
========================================================================
Received Import Request.
  Time since last request: 0.000013 seconds.
  path: Assets/Images/战斗界面_设置.png
  artifactKey: Guid(db8ee07a79644185af26efbc106e3951) Importer(2089858483,0ecaa5967403d082aa24f35e1b516d23)
Start importing Assets/Images/战斗界面_设置.png using Guid(db8ee07a79644185af26efbc106e3951) Importer(2089858483,0ecaa5967403d082aa24f35e1b516d23) [PhysX] Initialized MultithreadedTaskDispatcher with 20 workers.
 -> (artifact id: '1cfbc9cebdddf9021a7059c863e03da2') in 0.007295 seconds
Number of updated asset objects reloaded before import = 0
Number of asset objects unloaded after import = 3
========================================================================
Received Import Request.
  Time since last request: 0.000016 seconds.
  path: Assets/Images/主界面_聊天.png
  artifactKey: Guid(4bab6c043ea04c31b5094b2a4b046add) Importer(2089858483,0ecaa5967403d082aa24f35e1b516d23)
Start importing Assets/Images/主界面_聊天.png using Guid(4bab6c043ea04c31b5094b2a4b046add) Importer(2089858483,0ecaa5967403d082aa24f35e1b516d23) [PhysX] Initialized MultithreadedTaskDispatcher with 20 workers.
 -> (artifact id: '92ffed9a3076c08dd6df2d162884ba90') in 0.007803 seconds
Number of updated asset objects reloaded before import = 0
Number of asset objects unloaded after import = 3
========================================================================
Received Import Request.
  Time since last request: 0.000012 seconds.
  path: Assets/Resources/5475.dat.png
  artifactKey: Guid(f3a988176a154db4b825a1652dc5ab6a) Importer(2089858483,0ecaa5967403d082aa24f35e1b516d23)
Start importing Assets/Resources/5475.dat.png using Guid(f3a988176a154db4b825a1652dc5ab6a) Importer(2089858483,0ecaa5967403d082aa24f35e1b516d23) [PhysX] Initialized MultithreadedTaskDispatcher with 20 workers.
 -> (artifact id: '80be2daaacd9db69d5b136007b70669a') in 0.015538 seconds
Number of updated asset objects reloaded before import = 0
Number of asset objects unloaded after import = 8
========================================================================
Received Import Request.
  Time since last request: 0.000018 seconds.
  path: Assets/Resources/6305.dat.png
  artifactKey: Guid(6fc1028f803a44c68d8672f05fabb5f8) Importer(2089858483,0ecaa5967403d082aa24f35e1b516d23)
Start importing Assets/Resources/6305.dat.png using Guid(6fc1028f803a44c68d8672f05fabb5f8) Importer(2089858483,0ecaa5967403d082aa24f35e1b516d23) [PhysX] Initialized MultithreadedTaskDispatcher with 20 workers.
 -> (artifact id: '2ccb3784822b9fce974454842bf9af18') in 0.012197 seconds
Number of updated asset objects reloaded before import = 0
Number of asset objects unloaded after import = 7
========================================================================
Received Import Request.
  Time since last request: 0.000028 seconds.
  path: Assets/Images/9009.dat.png
  artifactKey: Guid(be3de6b6edb7411aa2d2a0483d784199) Importer(2089858483,0ecaa5967403d082aa24f35e1b516d23)
Start importing Assets/Images/9009.dat.png using Guid(be3de6b6edb7411aa2d2a0483d784199) Importer(2089858483,0ecaa5967403d082aa24f35e1b516d23) [PhysX] Initialized MultithreadedTaskDispatcher with 20 workers.
 -> (artifact id: '157755bcea1e51d852c6d4614ef37c58') in 0.007683 seconds
Number of updated asset objects reloaded before import = 0
Number of asset objects unloaded after import = 3
========================================================================
Received Import Request.
  Time since last request: 0.000013 seconds.
  path: Assets/Resources/2097.dat.png
  artifactKey: Guid(06d2cdf7e71d44859cbe578ea8ffcf3e) Importer(2089858483,0ecaa5967403d082aa24f35e1b516d23)
Start importing Assets/Resources/2097.dat.png using Guid(06d2cdf7e71d44859cbe578ea8ffcf3e) Importer(2089858483,0ecaa5967403d082aa24f35e1b516d23) [PhysX] Initialized MultithreadedTaskDispatcher with 20 workers.
 -> (artifact id: '6f7bc010b06221c0ad4adf56879f257d') in 0.007171 seconds
Number of updated asset objects reloaded before import = 0
Number of asset objects unloaded after import = 3
========================================================================
Received Import Request.
  Time since last request: 0.000013 seconds.
  path: Assets/Resources/6393.dat.png
  artifactKey: Guid(ab88a88964384f17bc8629c201360525) Importer(2089858483,0ecaa5967403d082aa24f35e1b516d23)
Start importing Assets/Resources/6393.dat.png using Guid(ab88a88964384f17bc8629c201360525) Importer(2089858483,0ecaa5967403d082aa24f35e1b516d23) [PhysX] Initialized MultithreadedTaskDispatcher with 20 workers.
 -> (artifact id: 'c8e50326223f9c243f3eb162232b923f') in 0.013848 seconds
Number of updated asset objects reloaded before import = 0
Number of asset objects unloaded after import = 9
========================================================================
Received Import Request.
  Time since last request: 0.000018 seconds.
  path: Assets/Resources/4841.dat.png
  artifactKey: Guid(b81167269b874db48fae8f0f8d9b319f) Importer(2089858483,0ecaa5967403d082aa24f35e1b516d23)
Start importing Assets/Resources/4841.dat.png using Guid(b81167269b874db48fae8f0f8d9b319f) Importer(2089858483,0ecaa5967403d082aa24f35e1b516d23) [PhysX] Initialized MultithreadedTaskDispatcher with 20 workers.
 -> (artifact id: 'd7f4efd0b121adea73ee8307a932f359') in 0.014742 seconds
Number of updated asset objects reloaded before import = 0
Number of asset objects unloaded after import = 10
========================================================================
Received Import Request.
  Time since last request: 0.000016 seconds.
  path: Assets/Images/8864.dat.png
  artifactKey: Guid(8da6013d3ccf4b15bf5761b17e2579ef) Importer(2089858483,0ecaa5967403d082aa24f35e1b516d23)
Start importing Assets/Images/8864.dat.png using Guid(8da6013d3ccf4b15bf5761b17e2579ef) Importer(2089858483,0ecaa5967403d082aa24f35e1b516d23) [PhysX] Initialized MultithreadedTaskDispatcher with 20 workers.
 -> (artifact id: '5243c50ebd3f4c17e79d18c3f392d45d') in 0.006950 seconds
Number of updated asset objects reloaded before import = 0
Number of asset objects unloaded after import = 3
========================================================================
Received Import Request.
  Time since last request: 0.000013 seconds.
  path: Assets/Resources/1638.dat.png
  artifactKey: Guid(f18702859be142b1b82eaa9682954c25) Importer(2089858483,0ecaa5967403d082aa24f35e1b516d23)
Start importing Assets/Resources/1638.dat.png using Guid(f18702859be142b1b82eaa9682954c25) Importer(2089858483,0ecaa5967403d082aa24f35e1b516d23) [PhysX] Initialized MultithreadedTaskDispatcher with 20 workers.
 -> (artifact id: '981feaed71097eeb1f724aefb68acdd2') in 0.007352 seconds
Number of updated asset objects reloaded before import = 0
Number of asset objects unloaded after import = 3
========================================================================
Received Import Request.
  Time since last request: 0.000015 seconds.
  path: Assets/Resources/4172.dat.png
  artifactKey: Guid(afb3fe9faf4648558b96cdf0850488b5) Importer(2089858483,0ecaa5967403d082aa24f35e1b516d23)
Start importing Assets/Resources/4172.dat.png using Guid(afb3fe9faf4648558b96cdf0850488b5) Importer(2089858483,0ecaa5967403d082aa24f35e1b516d23) [PhysX] Initialized MultithreadedTaskDispatcher with 20 workers.
 -> (artifact id: '4f69d9600b9b762068dacfffad48a3fe') in 0.006809 seconds
Number of updated asset objects reloaded before import = 0
Number of asset objects unloaded after import = 3
========================================================================
Received Import Request.
  Time since last request: 0.000016 seconds.
  path: Assets/Resources/5043.dat.png
  artifactKey: Guid(fa2cb50abae54556bbc1d0470dc4d9a2) Importer(2089858483,0ecaa5967403d082aa24f35e1b516d23)
Start importing Assets/Resources/5043.dat.png using Guid(fa2cb50abae54556bbc1d0470dc4d9a2) Importer(2089858483,0ecaa5967403d082aa24f35e1b516d23) [PhysX] Initialized MultithreadedTaskDispatcher with 20 workers.
 -> (artifact id: '7de7aa66e5a07fa35e6a20d245501522') in 0.013631 seconds
Number of updated asset objects reloaded before import = 0
Number of asset objects unloaded after import = 9
========================================================================
Received Import Request.
  Time since last request: 0.000014 seconds.
  path: Assets/Images/主界面_粮食.png
  artifactKey: Guid(f23ca3e21e06496baed9930675c346ae) Importer(2089858483,0ecaa5967403d082aa24f35e1b516d23)
Start importing Assets/Images/主界面_粮食.png using Guid(f23ca3e21e06496baed9930675c346ae) Importer(2089858483,0ecaa5967403d082aa24f35e1b516d23) [PhysX] Initialized MultithreadedTaskDispatcher with 20 workers.
 -> (artifact id: 'd2f363d4c857cfb8766077bd5f1dfb7e') in 0.007301 seconds
Number of updated asset objects reloaded before import = 0
Number of asset objects unloaded after import = 3
========================================================================
Received Import Request.
  Time since last request: 0.000013 seconds.
  path: Assets/Images/8977.dat.png
  artifactKey: Guid(37e82b08915d431dbfed5fc6e7b9f52b) Importer(2089858483,0ecaa5967403d082aa24f35e1b516d23)
Start importing Assets/Images/8977.dat.png using Guid(37e82b08915d431dbfed5fc6e7b9f52b) Importer(2089858483,0ecaa5967403d082aa24f35e1b516d23) [PhysX] Initialized MultithreadedTaskDispatcher with 20 workers.
 -> (artifact id: '43e07222509b8dd026957ab0e542e2ba') in 0.006858 seconds
Number of updated asset objects reloaded before import = 0
Number of asset objects unloaded after import = 3
========================================================================
Received Import Request.
  Time since last request: 0.000018 seconds.
  path: Assets/Images/主界面_任务图标.png
  artifactKey: Guid(085d662ad4334424af4ffc0bf4635500) Importer(2089858483,0ecaa5967403d082aa24f35e1b516d23)
Start importing Assets/Images/主界面_任务图标.png using Guid(085d662ad4334424af4ffc0bf4635500) Importer(2089858483,0ecaa5967403d082aa24f35e1b516d23) [PhysX] Initialized MultithreadedTaskDispatcher with 20 workers.
 -> (artifact id: '324deed5b8abd59bd0974693c5cf83f1') in 0.007674 seconds
Number of updated asset objects reloaded before import = 0
Number of asset objects unloaded after import = 3
========================================================================
Received Import Request.
  Time since last request: 0.000017 seconds.
  path: Assets/Images/8970.dat.png
  artifactKey: Guid(c15595f479064976ba6a0b844f21597c) Importer(2089858483,0ecaa5967403d082aa24f35e1b516d23)
Start importing Assets/Images/8970.dat.png using Guid(c15595f479064976ba6a0b844f21597c) Importer(2089858483,0ecaa5967403d082aa24f35e1b516d23) [PhysX] Initialized MultithreadedTaskDispatcher with 20 workers.
 -> (artifact id: 'fcb504a0a84402f7e26b6216b767567b') in 0.007858 seconds
Number of updated asset objects reloaded before import = 0
Number of asset objects unloaded after import = 3
========================================================================
Received Import Request.
  Time since last request: 0.000014 seconds.
  path: Assets/Images/主界面_头像2.png
  artifactKey: Guid(6c27c460e9204d0daaf673849877a33b) Importer(2089858483,0ecaa5967403d082aa24f35e1b516d23)
Start importing Assets/Images/主界面_头像2.png using Guid(6c27c460e9204d0daaf673849877a33b) Importer(2089858483,0ecaa5967403d082aa24f35e1b516d23) [PhysX] Initialized MultithreadedTaskDispatcher with 20 workers.
 -> (artifact id: 'e37230ae41659f1470a0d29fcf0bd101') in 0.007364 seconds
Number of updated asset objects reloaded before import = 0
Number of asset objects unloaded after import = 3
========================================================================
Received Import Request.
  Time since last request: 0.000016 seconds.
  path: Assets/Materials/强化等级.mat
  artifactKey: Guid(21969e980ade4793921c7261ccb68507) Importer(2089858483,0ecaa5967403d082aa24f35e1b516d23)
Start importing Assets/Materials/强化等级.mat using Guid(21969e980ade4793921c7261ccb68507) Importer(2089858483,0ecaa5967403d082aa24f35e1b516d23) [PhysX] Initialized MultithreadedTaskDispatcher with 20 workers.
 -> (artifact id: 'dc46d64a89823d9222c19b14033583e5') in 0.003276 seconds
Number of updated asset objects reloaded before import = 0
Number of asset objects unloaded after import = 2
========================================================================
Received Import Request.
  Time since last request: 0.000010 seconds.
  path: Assets/Resources/5178.dat.png
  artifactKey: Guid(db439e78af36442a859410a811e45b01) Importer(2089858483,0ecaa5967403d082aa24f35e1b516d23)
Start importing Assets/Resources/5178.dat.png using Guid(db439e78af36442a859410a811e45b01) Importer(2089858483,0ecaa5967403d082aa24f35e1b516d23) [PhysX] Initialized MultithreadedTaskDispatcher with 20 workers.
 -> (artifact id: '8462ef9622d6fe01a51eb7a270e87680') in 0.012691 seconds
Number of updated asset objects reloaded before import = 0
Number of asset objects unloaded after import = 8
========================================================================
Received Import Request.
  Time since last request: 0.000015 seconds.
  path: Assets/Plugins/Unity.2D.Animation.Runtime.dll
  artifactKey: Guid(42e962f43c246919d18a79a9b6a9279d) Importer(2089858483,0ecaa5967403d082aa24f35e1b516d23)
Start importing Assets/Plugins/Unity.2D.Animation.Runtime.dll using Guid(42e962f43c246919d18a79a9b6a9279d) Importer(2089858483,0ecaa5967403d082aa24f35e1b516d23) [PhysX] Initialized MultithreadedTaskDispatcher with 20 workers.
 -> (artifact id: 'f3aba0e04789a2cb0c0912ad414e3f7d') in 0.007298 seconds
Number of updated asset objects reloaded before import = 0
Number of asset objects unloaded after import = 1
========================================================================
Received Import Request.
  Time since last request: 0.000019 seconds.
  path: Assets/Images/9232.dat.png
  artifactKey: Guid(24bb03f4bfc94da996bf4c0639c8f97b) Importer(2089858483,0ecaa5967403d082aa24f35e1b516d23)
Start importing Assets/Images/9232.dat.png using Guid(24bb03f4bfc94da996bf4c0639c8f97b) Importer(2089858483,0ecaa5967403d082aa24f35e1b516d23) [PhysX] Initialized MultithreadedTaskDispatcher with 20 workers.
 -> (artifact id: 'a248c14eb47a5285390562940b7e86af') in 0.008018 seconds
Number of updated asset objects reloaded before import = 0
Number of asset objects unloaded after import = 3
========================================================================
Received Import Request.
  Time since last request: 0.000012 seconds.
  path: Assets/Resources/6304.dat.png
  artifactKey: Guid(56f0cbee80304560a82682f80b767d96) Importer(2089858483,0ecaa5967403d082aa24f35e1b516d23)
Start importing Assets/Resources/6304.dat.png using Guid(56f0cbee80304560a82682f80b767d96) Importer(2089858483,0ecaa5967403d082aa24f35e1b516d23) [PhysX] Initialized MultithreadedTaskDispatcher with 20 workers.
 -> (artifact id: '6a0714e217d35a402125ad45c8dc341b') in 0.007767 seconds
Number of updated asset objects reloaded before import = 0
Number of asset objects unloaded after import = 4
========================================================================
Received Import Request.
  Time since last request: 0.000012 seconds.
  path: Assets/Resources/2079.dat.png
  artifactKey: Guid(5f88b21fa90b4279a3b840e2a6c5a5fb) Importer(2089858483,0ecaa5967403d082aa24f35e1b516d23)
Start importing Assets/Resources/2079.dat.png using Guid(5f88b21fa90b4279a3b840e2a6c5a5fb) Importer(2089858483,0ecaa5967403d082aa24f35e1b516d23) [PhysX] Initialized MultithreadedTaskDispatcher with 20 workers.
 -> (artifact id: 'c99491a2ab27352d3879010bebc93234') in 0.008384 seconds
Number of updated asset objects reloaded before import = 0
Number of asset objects unloaded after import = 3
========================================================================
Received Import Request.
  Time since last request: 0.000014 seconds.
  path: Assets/Images/8979.dat.png
  artifactKey: Guid(1bd80fa2e71b489da4f0c8ac8029718e) Importer(2089858483,0ecaa5967403d082aa24f35e1b516d23)
Start importing Assets/Images/8979.dat.png using Guid(1bd80fa2e71b489da4f0c8ac8029718e) Importer(2089858483,0ecaa5967403d082aa24f35e1b516d23) [PhysX] Initialized MultithreadedTaskDispatcher with 20 workers.
 -> (artifact id: 'b60d4a3a99c764a2d761493280b67881') in 0.007056 seconds
Number of updated asset objects reloaded before import = 0
Number of asset objects unloaded after import = 3
========================================================================
Received Import Request.
  Time since last request: 0.000013 seconds.
  path: Assets/Resources/6394.dat.png
  artifactKey: Guid(da06bebf4d454536a31fae589e0b09f6) Importer(2089858483,0ecaa5967403d082aa24f35e1b516d23)
Start importing Assets/Resources/6394.dat.png using Guid(da06bebf4d454536a31fae589e0b09f6) Importer(2089858483,0ecaa5967403d082aa24f35e1b516d23) [PhysX] Initialized MultithreadedTaskDispatcher with 20 workers.
 -> (artifact id: 'f9d4adda35bf6e0d0cb08ee11b58040f') in 0.012372 seconds
Number of updated asset objects reloaded before import = 0
Number of asset objects unloaded after import = 9
========================================================================
Received Import Request.
  Time since last request: 0.000014 seconds.
  path: Assets/Images/9012.dat.png
  artifactKey: Guid(894b435a3c084947af1b867b7b7bf831) Importer(2089858483,0ecaa5967403d082aa24f35e1b516d23)
Start importing Assets/Images/9012.dat.png using Guid(894b435a3c084947af1b867b7b7bf831) Importer(2089858483,0ecaa5967403d082aa24f35e1b516d23) [PhysX] Initialized MultithreadedTaskDispatcher with 20 workers.
 -> (artifact id: 'd1a90dcd64143aacdd787fb62f5b04a9') in 0.007410 seconds
Number of updated asset objects reloaded before import = 0
Number of asset objects unloaded after import = 3
========================================================================
Received Import Request.
  Time since last request: 0.000013 seconds.
  path: Assets/Resources/5228.dat.png
  artifactKey: Guid(97a5aa4bfb4147d48814b32880f19fc6) Importer(2089858483,0ecaa5967403d082aa24f35e1b516d23)
Start importing Assets/Resources/5228.dat.png using Guid(97a5aa4bfb4147d48814b32880f19fc6) Importer(2089858483,0ecaa5967403d082aa24f35e1b516d23) [PhysX] Initialized MultithreadedTaskDispatcher with 20 workers.
 -> (artifact id: 'ee33de8d6ccd14f7b64909b1d30cf08a') in 0.013527 seconds
Number of updated asset objects reloaded before import = 0
Number of asset objects unloaded after import = 8
========================================================================
Received Import Request.
  Time since last request: 0.000021 seconds.
  path: Assets/Images/主界面_封地显示图标.png
  artifactKey: Guid(cfe81c3f9f8e4e399b32c686dec136fa) Importer(2089858483,0ecaa5967403d082aa24f35e1b516d23)
Start importing Assets/Images/主界面_封地显示图标.png using Guid(cfe81c3f9f8e4e399b32c686dec136fa) Importer(2089858483,0ecaa5967403d082aa24f35e1b516d23) [PhysX] Initialized MultithreadedTaskDispatcher with 20 workers.
 -> (artifact id: 'eb864ab3d6eb2127ed5ac0eb4ce7cb18') in 0.007922 seconds
Number of updated asset objects reloaded before import = 0
Number of asset objects unloaded after import = 3
========================================================================
Received Import Request.
  Time since last request: 0.000024 seconds.
  path: Assets/Resources/5321.dat.png
  artifactKey: Guid(b205ed6316484de886367308a0f0c217) Importer(2089858483,0ecaa5967403d082aa24f35e1b516d23)
Start importing Assets/Resources/5321.dat.png using Guid(b205ed6316484de886367308a0f0c217) Importer(2089858483,0ecaa5967403d082aa24f35e1b516d23) [PhysX] Initialized MultithreadedTaskDispatcher with 20 workers.
 -> (artifact id: '8e10cd8c52a3d688cdd660ad70edc02c') in 0.014670 seconds
Number of updated asset objects reloaded before import = 0
Number of asset objects unloaded after import = 9
========================================================================
Received Import Request.
  Time since last request: 0.000017 seconds.
  path: Assets/Images/9231.dat.png
  artifactKey: Guid(d3670ea05b3946898f2bae74f8cf29fc) Importer(2089858483,0ecaa5967403d082aa24f35e1b516d23)
Start importing Assets/Images/9231.dat.png using Guid(d3670ea05b3946898f2bae74f8cf29fc) Importer(2089858483,0ecaa5967403d082aa24f35e1b516d23) [PhysX] Initialized MultithreadedTaskDispatcher with 20 workers.
 -> (artifact id: 'bf959d21b77b9b56e2f3f067b486d9ff') in 0.007518 seconds
Number of updated asset objects reloaded before import = 0
Number of asset objects unloaded after import = 3
========================================================================
Received Import Request.
  Time since last request: 0.000013 seconds.
  path: Assets/Resources/4689.dat.png
  artifactKey: Guid(5fdbf36352ea443c9ac6ac033f7de854) Importer(2089858483,0ecaa5967403d082aa24f35e1b516d23)
Start importing Assets/Resources/4689.dat.png using Guid(5fdbf36352ea443c9ac6ac033f7de854) Importer(2089858483,0ecaa5967403d082aa24f35e1b516d23) [PhysX] Initialized MultithreadedTaskDispatcher with 20 workers.
 -> (artifact id: '25752715a16d1c9c7cf5f73c3ffeba6f') in 0.012699 seconds
Number of updated asset objects reloaded before import = 0
Number of asset objects unloaded after import = 10
========================================================================
Received Import Request.
  Time since last request: 0.000014 seconds.
  path: Assets/Resources/2080.dat.png
  artifactKey: Guid(7df667998a6e4433bd910cbd6aacdd62) Importer(2089858483,0ecaa5967403d082aa24f35e1b516d23)
Start importing Assets/Resources/2080.dat.png using Guid(7df667998a6e4433bd910cbd6aacdd62) Importer(2089858483,0ecaa5967403d082aa24f35e1b516d23) [PhysX] Initialized MultithreadedTaskDispatcher with 20 workers.
 -> (artifact id: '2e2122bd8aeb14c11be2e65cbf84a207') in 0.008553 seconds
Number of updated asset objects reloaded before import = 0
Number of asset objects unloaded after import = 3
========================================================================
Received Import Request.
  Time since last request: 0.000017 seconds.
  path: Assets/Resources/4801.dat.png
  artifactKey: Guid(66fe24e7a8df43278961b42e317f90f4) Importer(2089858483,0ecaa5967403d082aa24f35e1b516d23)
Start importing Assets/Resources/4801.dat.png using Guid(66fe24e7a8df43278961b42e317f90f4) Importer(2089858483,0ecaa5967403d082aa24f35e1b516d23) [PhysX] Initialized MultithreadedTaskDispatcher with 20 workers.
 -> (artifact id: 'd125e77b855fcbe2debeaa0191bc3b8b') in 0.011943 seconds
Number of updated asset objects reloaded before import = 0
Number of asset objects unloaded after import = 8
========================================================================
Received Import Request.
  Time since last request: 0.000013 seconds.
  path: Assets/Images/9010.dat.png
  artifactKey: Guid(9119102f595c4ecda80a6edfd553ad2a) Importer(2089858483,0ecaa5967403d082aa24f35e1b516d23)
Start importing Assets/Images/9010.dat.png using Guid(9119102f595c4ecda80a6edfd553ad2a) Importer(2089858483,0ecaa5967403d082aa24f35e1b516d23) [PhysX] Initialized MultithreadedTaskDispatcher with 20 workers.
 -> (artifact id: '4be3961fad680f448130bc5a648af879') in 0.007119 seconds
Number of updated asset objects reloaded before import = 0
Number of asset objects unloaded after import = 3
========================================================================
Received Import Request.
  Time since last request: 0.000019 seconds.
  path: Assets/Resources/5423.dat.png
  artifactKey: Guid(4da02a7a117d4bcc90d6e09a63f7aa4d) Importer(2089858483,0ecaa5967403d082aa24f35e1b516d23)
Start importing Assets/Resources/5423.dat.png using Guid(4da02a7a117d4bcc90d6e09a63f7aa4d) Importer(2089858483,0ecaa5967403d082aa24f35e1b516d23) [PhysX] Initialized MultithreadedTaskDispatcher with 20 workers.
 -> (artifact id: 'd8ebbc75b1fd2c9d6f664c0a898c6b4b') in 0.016831 seconds
Number of updated asset objects reloaded before import = 0
Number of asset objects unloaded after import = 8
========================================================================
Received Import Request.
  Time since last request: 0.000018 seconds.
  path: Assets/MonoBehaviour/3732.dat.asset
  artifactKey: Guid(a93d0487b4984f4cbfe601b9868f6f35) Importer(2089858483,0ecaa5967403d082aa24f35e1b516d23)
Start importing Assets/MonoBehaviour/3732.dat.asset using Guid(a93d0487b4984f4cbfe601b9868f6f35) Importer(2089858483,0ecaa5967403d082aa24f35e1b516d23) [PhysX] Initialized MultithreadedTaskDispatcher with 20 workers.
 -> (artifact id: '3732fd5cdb48024bad9f9d4d45d4ba27') in 0.013348 seconds
Number of updated asset objects reloaded before import = 0
Number of asset objects unloaded after import = 3
========================================================================
Received Import Request.
  Time since last request: 0.000014 seconds.
  path: Assets/Images/8973.dat.png
  artifactKey: Guid(2c5103b852b74f718b4c6b6fc6743760) Importer(2089858483,0ecaa5967403d082aa24f35e1b516d23)
Start importing Assets/Images/8973.dat.png using Guid(2c5103b852b74f718b4c6b6fc6743760) Importer(2089858483,0ecaa5967403d082aa24f35e1b516d23) [PhysX] Initialized MultithreadedTaskDispatcher with 20 workers.
 -> (artifact id: '90c4ce49a70ca15aba10bc84d4779da1') in 0.008044 seconds
Number of updated asset objects reloaded before import = 0
Number of asset objects unloaded after import = 3
========================================================================
Received Import Request.
  Time since last request: 0.000013 seconds.
  path: Assets/Images/主界面_活跃.png
  artifactKey: Guid(3c9e5e57148f46f0bac90a1a8612be2a) Importer(2089858483,0ecaa5967403d082aa24f35e1b516d23)
Start importing Assets/Images/主界面_活跃.png using Guid(3c9e5e57148f46f0bac90a1a8612be2a) Importer(2089858483,0ecaa5967403d082aa24f35e1b516d23) [PhysX] Initialized MultithreadedTaskDispatcher with 20 workers.
 -> (artifact id: '135441faf784b94f204be21dde5221bf') in 0.006255 seconds
Number of updated asset objects reloaded before import = 0
Number of asset objects unloaded after import = 3
========================================================================
Received Import Request.
  Time since last request: 0.000012 seconds.
  path: Assets/Images/8975.dat.png
  artifactKey: Guid(998617d1c5784bd6bd36e20990b3177f) Importer(2089858483,0ecaa5967403d082aa24f35e1b516d23)
Start importing Assets/Images/8975.dat.png using Guid(998617d1c5784bd6bd36e20990b3177f) Importer(2089858483,0ecaa5967403d082aa24f35e1b516d23) [PhysX] Initialized MultithreadedTaskDispatcher with 20 workers.
 -> (artifact id: '70c11f97164e6846945c0cab0181058e') in 0.008203 seconds
Number of updated asset objects reloaded before import = 0
Number of asset objects unloaded after import = 3
========================================================================
Received Import Request.
  Time since last request: 0.000016 seconds.
  path: Assets/Images/8980.dat.png
  artifactKey: Guid(9b70b18b8add48c9ae18ce631b9d45cd) Importer(2089858483,0ecaa5967403d082aa24f35e1b516d23)
Start importing Assets/Images/8980.dat.png using Guid(9b70b18b8add48c9ae18ce631b9d45cd) Importer(2089858483,0ecaa5967403d082aa24f35e1b516d23) [PhysX] Initialized MultithreadedTaskDispatcher with 20 workers.
 -> (artifact id: '622c0340ca0e44e4f595e94477c0dfa7') in 0.007885 seconds
Number of updated asset objects reloaded before import = 0
Number of asset objects unloaded after import = 3
========================================================================
Received Import Request.
  Time since last request: 0.000014 seconds.
  path: Assets/Resources/4168.dat.png
  artifactKey: Guid(e4f4d615bf3b47969fba049e17e8e8fb) Importer(2089858483,0ecaa5967403d082aa24f35e1b516d23)
Start importing Assets/Resources/4168.dat.png using Guid(e4f4d615bf3b47969fba049e17e8e8fb) Importer(2089858483,0ecaa5967403d082aa24f35e1b516d23) [PhysX] Initialized MultithreadedTaskDispatcher with 20 workers.
 -> (artifact id: '29699504abaeb1f2432c563f386b77d0') in 0.008273 seconds
Number of updated asset objects reloaded before import = 0
Number of asset objects unloaded after import = 3
========================================================================
Received Import Request.
  Time since last request: 0.000018 seconds.
  path: Assets/Images/8993.dat.png
  artifactKey: Guid(7153035212ff450e8df3a191ba16ab04) Importer(2089858483,0ecaa5967403d082aa24f35e1b516d23)
Start importing Assets/Images/8993.dat.png using Guid(7153035212ff450e8df3a191ba16ab04) Importer(2089858483,0ecaa5967403d082aa24f35e1b516d23) [PhysX] Initialized MultithreadedTaskDispatcher with 20 workers.
 -> (artifact id: '9e6afbcccfe534bcad983dff380c55cb') in 0.006915 seconds
Number of updated asset objects reloaded before import = 0
Number of asset objects unloaded after import = 3
========================================================================
Received Import Request.
  Time since last request: 0.000015 seconds.
  path: Assets/Images/主界面_经验条.png
  artifactKey: Guid(3e8b9114343f4e9fa55cedbb59a0fe0a) Importer(2089858483,0ecaa5967403d082aa24f35e1b516d23)
Start importing Assets/Images/主界面_经验条.png using Guid(3e8b9114343f4e9fa55cedbb59a0fe0a) Importer(2089858483,0ecaa5967403d082aa24f35e1b516d23) [PhysX] Initialized MultithreadedTaskDispatcher with 20 workers.
 -> (artifact id: '6248cece04fda30d27353035403c89a9') in 0.007437 seconds
Number of updated asset objects reloaded before import = 0
Number of asset objects unloaded after import = 3
========================================================================
Received Import Request.
  Time since last request: 0.000015 seconds.
  path: Assets/Resources/5838.dat.png
  artifactKey: Guid(c6d076855f7147fda0eddbb24869426d) Importer(2089858483,0ecaa5967403d082aa24f35e1b516d23)
Start importing Assets/Resources/5838.dat.png using Guid(c6d076855f7147fda0eddbb24869426d) Importer(2089858483,0ecaa5967403d082aa24f35e1b516d23) [PhysX] Initialized MultithreadedTaskDispatcher with 20 workers.
 -> (artifact id: '849b35248e29d398988cd4f52fc81688') in 0.007197 seconds
Number of updated asset objects reloaded before import = 0
Number of asset objects unloaded after import = 3
========================================================================
Received Import Request.
  Time since last request: 0.000014 seconds.
  path: Assets/Plugins/Unity.2D.Common.Runtime.dll
  artifactKey: Guid(38fa60ca49d120d06205eba9c5dbe4ee) Importer(2089858483,0ecaa5967403d082aa24f35e1b516d23)
Start importing Assets/Plugins/Unity.2D.Common.Runtime.dll using Guid(38fa60ca49d120d06205eba9c5dbe4ee) Importer(2089858483,0ecaa5967403d082aa24f35e1b516d23) [PhysX] Initialized MultithreadedTaskDispatcher with 20 workers.
 -> (artifact id: 'c73906034fc933aa27bfaae59ae4091b') in 0.004130 seconds
Number of updated asset objects reloaded before import = 0
Number of asset objects unloaded after import = 1
========================================================================
Received Import Request.
  Time since last request: 0.000017 seconds.
  path: Assets/Resources/4176.dat.png
  artifactKey: Guid(53b627d175eb45d4b13c1713d9483300) Importer(2089858483,0ecaa5967403d082aa24f35e1b516d23)
Start importing Assets/Resources/4176.dat.png using Guid(53b627d175eb45d4b13c1713d9483300) Importer(2089858483,0ecaa5967403d082aa24f35e1b516d23) [PhysX] Initialized MultithreadedTaskDispatcher with 20 workers.
 -> (artifact id: 'bb72377edd591965825bf64978ccebc1') in 0.007523 seconds
Number of updated asset objects reloaded before import = 0
Number of asset objects unloaded after import = 3
========================================================================
Received Import Request.
  Time since last request: 0.000014 seconds.
  path: Assets/MonoBehaviour/3721.dat.asset
  artifactKey: Guid(fd20bd418f8440f39def0ac2d50cbbef) Importer(2089858483,0ecaa5967403d082aa24f35e1b516d23)
Start importing Assets/MonoBehaviour/3721.dat.asset using Guid(fd20bd418f8440f39def0ac2d50cbbef) Importer(2089858483,0ecaa5967403d082aa24f35e1b516d23) [PhysX] Initialized MultithreadedTaskDispatcher with 20 workers.
 -> (artifact id: 'f57094ae45b09c81ea376b54971e5114') in 0.004155 seconds
Number of updated asset objects reloaded before import = 0
Number of asset objects unloaded after import = 3
========================================================================
Received Import Request.
  Time since last request: 0.000016 seconds.
  path: Assets/Resources/4698.dat.png
  artifactKey: Guid(4ee971dcb9d1496e8e57e6f67c89607b) Importer(2089858483,0ecaa5967403d082aa24f35e1b516d23)
Start importing Assets/Resources/4698.dat.png using Guid(4ee971dcb9d1496e8e57e6f67c89607b) Importer(2089858483,0ecaa5967403d082aa24f35e1b516d23) [PhysX] Initialized MultithreadedTaskDispatcher with 20 workers.
 -> (artifact id: '082a4d77c8a496ff460bad6e2d690272') in 0.011933 seconds
Number of updated asset objects reloaded before import = 0
Number of asset objects unloaded after import = 8
========================================================================
Received Import Request.
  Time since last request: 0.000013 seconds.
  path: Assets/Resources/5022.dat 1.png
  artifactKey: Guid(cafb41bd4b5b49c0bb68cc8752899f57) Importer(2089858483,0ecaa5967403d082aa24f35e1b516d23)
Start importing Assets/Resources/5022.dat 1.png using Guid(cafb41bd4b5b49c0bb68cc8752899f57) Importer(2089858483,0ecaa5967403d082aa24f35e1b516d23) [PhysX] Initialized MultithreadedTaskDispatcher with 20 workers.
 -> (artifact id: '296b9197db3a6d28917257ed14d217bd') in 0.012483 seconds
Number of updated asset objects reloaded before import = 0
Number of asset objects unloaded after import = 9
========================================================================
Received Import Request.
  Time since last request: 0.000015 seconds.
  path: Assets/MonoBehaviour/3834.dat.asset
  artifactKey: Guid(bd1029bb9d544baeb3daea3defcbcc45) Importer(2089858483,0ecaa5967403d082aa24f35e1b516d23)
Start importing Assets/MonoBehaviour/3834.dat.asset using Guid(bd1029bb9d544baeb3daea3defcbcc45) Importer(2089858483,0ecaa5967403d082aa24f35e1b516d23) [PhysX] Initialized MultithreadedTaskDispatcher with 20 workers.
 -> (artifact id: 'c540b8011985b309052d86cfbd793bf5') in 0.005175 seconds
Number of updated asset objects reloaded before import = 0
Number of asset objects unloaded after import = 3
========================================================================
Received Import Request.
  Time since last request: 0.000015 seconds.
  path: Assets/Images/9210.dat.png
  artifactKey: Guid(9ba3bd2df7ec41638632d033311b9e57) Importer(2089858483,0ecaa5967403d082aa24f35e1b516d23)
Start importing Assets/Images/9210.dat.png using Guid(9ba3bd2df7ec41638632d033311b9e57) Importer(2089858483,0ecaa5967403d082aa24f35e1b516d23) [PhysX] Initialized MultithreadedTaskDispatcher with 20 workers.
 -> (artifact id: '3fc2d3ead0897c67fe71f9da64461b28') in 0.006346 seconds
Number of updated asset objects reloaded before import = 0
Number of asset objects unloaded after import = 3
========================================================================
Received Import Request.
  Time since last request: 0.000019 seconds.
  path: Assets/Materials/伤害数字.mat
  artifactKey: Guid(2d95f68d1d5b430da4b36dd83e585eb1) Importer(2089858483,0ecaa5967403d082aa24f35e1b516d23)
Start importing Assets/Materials/伤害数字.mat using Guid(2d95f68d1d5b430da4b36dd83e585eb1) Importer(2089858483,0ecaa5967403d082aa24f35e1b516d23) [PhysX] Initialized MultithreadedTaskDispatcher with 20 workers.
 -> (artifact id: '64da30be6101674786331eb802d060c8') in 0.002933 seconds
Number of updated asset objects reloaded before import = 0
Number of asset objects unloaded after import = 2
========================================================================
Received Import Request.
  Time since last request: 0.000011 seconds.
  path: Assets/Images/9214.dat.png
  artifactKey: Guid(24b2cc9237e44b90b78544ba4baa7c1e) Importer(2089858483,0ecaa5967403d082aa24f35e1b516d23)
Start importing Assets/Images/9214.dat.png using Guid(24b2cc9237e44b90b78544ba4baa7c1e) Importer(2089858483,0ecaa5967403d082aa24f35e1b516d23) [PhysX] Initialized MultithreadedTaskDispatcher with 20 workers.
 -> (artifact id: '0e2552c9cc032b6c3733bf5364a779c5') in 0.007702 seconds
Number of updated asset objects reloaded before import = 0
Number of asset objects unloaded after import = 3
========================================================================
Received Import Request.
  Time since last request: 0.000013 seconds.
  path: Assets/Resources/4792.dat.png
  artifactKey: Guid(6ebe29b483c8489c81643f49ba229072) Importer(2089858483,0ecaa5967403d082aa24f35e1b516d23)
Start importing Assets/Resources/4792.dat.png using Guid(6ebe29b483c8489c81643f49ba229072) Importer(2089858483,0ecaa5967403d082aa24f35e1b516d23) [PhysX] Initialized MultithreadedTaskDispatcher with 20 workers.
 -> (artifact id: '8df0369d887885a2255a31799b01af67') in 0.012882 seconds
Number of updated asset objects reloaded before import = 0
Number of asset objects unloaded after import = 10
========================================================================
Received Import Request.
  Time since last request: 0.000020 seconds.
  path: Assets/Resources/4941.dat.png
  artifactKey: Guid(cc6252ebb886454690d07bd6694bc3be) Importer(2089858483,0ecaa5967403d082aa24f35e1b516d23)
Start importing Assets/Resources/4941.dat.png using Guid(cc6252ebb886454690d07bd6694bc3be) Importer(2089858483,0ecaa5967403d082aa24f35e1b516d23) [PhysX] Initialized MultithreadedTaskDispatcher with 20 workers.
 -> (artifact id: '0dca6213de75d20bd3d2630cd7486dec') in 0.013789 seconds
Number of updated asset objects reloaded before import = 0
Number of asset objects unloaded after import = 8
========================================================================
Received Import Request.
  Time since last request: 0.000012 seconds.
  path: Assets/Resources/4767.dat.png
  artifactKey: Guid(c75c36f5b9f04b5b874d12017a61dd98) Importer(2089858483,0ecaa5967403d082aa24f35e1b516d23)
Start importing Assets/Resources/4767.dat.png using Guid(c75c36f5b9f04b5b874d12017a61dd98) Importer(2089858483,0ecaa5967403d082aa24f35e1b516d23) [PhysX] Initialized MultithreadedTaskDispatcher with 20 workers.
 -> (artifact id: 'c62a2d47d11174570531792d4f06a39d') in 0.007744 seconds
Number of updated asset objects reloaded before import = 0
Number of asset objects unloaded after import = 4
========================================================================
Received Import Request.
  Time since last request: 0.000014 seconds.
  path: Assets/Resources/6333.dat.png
  artifactKey: Guid(07b7383a48ae493483089d4c9c54ffbd) Importer(2089858483,0ecaa5967403d082aa24f35e1b516d23)
Start importing Assets/Resources/6333.dat.png using Guid(07b7383a48ae493483089d4c9c54ffbd) Importer(2089858483,0ecaa5967403d082aa24f35e1b516d23) [PhysX] Initialized MultithreadedTaskDispatcher with 20 workers.
 -> (artifact id: '947ad60dd908eedc05ce1fdb2373161e') in 0.009366 seconds
Number of updated asset objects reloaded before import = 0
Number of asset objects unloaded after import = 6
========================================================================
Received Import Request.
  Time since last request: 0.000021 seconds.
  path: Assets/Images/主界面_战场.png
  artifactKey: Guid(0aada56f50054d48adfbfc2e290cf36e) Importer(2089858483,0ecaa5967403d082aa24f35e1b516d23)
Start importing Assets/Images/主界面_战场.png using Guid(0aada56f50054d48adfbfc2e290cf36e) Importer(2089858483,0ecaa5967403d082aa24f35e1b516d23) [PhysX] Initialized MultithreadedTaskDispatcher with 20 workers.
 -> (artifact id: '0a76bd7bac7f748d029a9abcdf0d0b98') in 0.007898 seconds
Number of updated asset objects reloaded before import = 0
Number of asset objects unloaded after import = 3
========================================================================
Received Import Request.
  Time since last request: 0.000014 seconds.
  path: Assets/Images/8972.dat.png
  artifactKey: Guid(bc261007a08f474698b5a52c95735624) Importer(2089858483,0ecaa5967403d082aa24f35e1b516d23)
Start importing Assets/Images/8972.dat.png using Guid(bc261007a08f474698b5a52c95735624) Importer(2089858483,0ecaa5967403d082aa24f35e1b516d23) [PhysX] Initialized MultithreadedTaskDispatcher with 20 workers.
 -> (artifact id: '210b56937992238a56fcd1d94c2a52e1') in 0.007278 seconds
Number of updated asset objects reloaded before import = 0
Number of asset objects unloaded after import = 3
========================================================================
Received Import Request.
  Time since last request: 0.000014 seconds.
  path: Assets/Images/UIMask.png
  artifactKey: Guid(8ca9f97357d048049b96bd8759d659df) Importer(2089858483,0ecaa5967403d082aa24f35e1b516d23)
Start importing Assets/Images/UIMask.png using Guid(8ca9f97357d048049b96bd8759d659df) Importer(2089858483,0ecaa5967403d082aa24f35e1b516d23) [PhysX] Initialized MultithreadedTaskDispatcher with 20 workers.
 -> (artifact id: '1bcfdd2cca335557c7c53b1d0f4bc7c1') in 0.007389 seconds
Number of updated asset objects reloaded before import = 0
Number of asset objects unloaded after import = 3
========================================================================
Received Import Request.
  Time since last request: 0.000014 seconds.
  path: Assets/Images/8863.dat.png
  artifactKey: Guid(7f942eafe0d04a0488e8391a57592d23) Importer(2089858483,0ecaa5967403d082aa24f35e1b516d23)
Start importing Assets/Images/8863.dat.png using Guid(7f942eafe0d04a0488e8391a57592d23) Importer(2089858483,0ecaa5967403d082aa24f35e1b516d23) [PhysX] Initialized MultithreadedTaskDispatcher with 20 workers.
 -> (artifact id: '9c0cb1c32e37aa523b4c90ee680a92a8') in 0.041390 seconds
Number of updated asset objects reloaded before import = 0
Number of asset objects unloaded after import = 3
========================================================================
Received Import Request.
  Time since last request: 0.000019 seconds.
  path: Assets/Resources/5486.dat.png
  artifactKey: Guid(91a7af166c2743b88b10597a00bdfbd3) Importer(2089858483,0ecaa5967403d082aa24f35e1b516d23)
Start importing Assets/Resources/5486.dat.png using Guid(91a7af166c2743b88b10597a00bdfbd3) Importer(2089858483,0ecaa5967403d082aa24f35e1b516d23) [PhysX] Initialized MultithreadedTaskDispatcher with 20 workers.
 -> (artifact id: 'ec440a528d8e5b8bcf332d1fb31af2f4') in 0.012908 seconds
Number of updated asset objects reloaded before import = 0
Number of asset objects unloaded after import = 7
========================================================================
Received Import Request.
  Time since last request: 0.000014 seconds.
  path: Assets/Resources/6332.dat.png
  artifactKey: Guid(8a5346ef8cdf4df0ac81f5e40117e01d) Importer(2089858483,0ecaa5967403d082aa24f35e1b516d23)
Start importing Assets/Resources/6332.dat.png using Guid(8a5346ef8cdf4df0ac81f5e40117e01d) Importer(2089858483,0ecaa5967403d082aa24f35e1b516d23) [PhysX] Initialized MultithreadedTaskDispatcher with 20 workers.
 -> (artifact id: '4347f3e27e8d7000801200acb351c367') in 0.012837 seconds
Number of updated asset objects reloaded before import = 0
Number of asset objects unloaded after import = 8
========================================================================
Received Import Request.
  Time since last request: 0.000014 seconds.
  path: Assets/Resources/4603.dat.png
  artifactKey: Guid(35898aa951924349b9452a62c1795d56) Importer(2089858483,0ecaa5967403d082aa24f35e1b516d23)
Start importing Assets/Resources/4603.dat.png using Guid(35898aa951924349b9452a62c1795d56) Importer(2089858483,0ecaa5967403d082aa24f35e1b516d23) [PhysX] Initialized MultithreadedTaskDispatcher with 20 workers.
 -> (artifact id: 'a9a3cf6a3d35b4f9cbbaaf0abbc7d3d0') in 0.014659 seconds
Number of updated asset objects reloaded before import = 0
Number of asset objects unloaded after import = 9
========================================================================
Received Import Request.
  Time since last request: 0.000018 seconds.
  path: Assets/Resources/4908.dat.png
  artifactKey: Guid(9abaf2a4636643b494802c1ed70e1fbc) Importer(2089858483,0ecaa5967403d082aa24f35e1b516d23)
Start importing Assets/Resources/4908.dat.png using Guid(9abaf2a4636643b494802c1ed70e1fbc) Importer(2089858483,0ecaa5967403d082aa24f35e1b516d23) [PhysX] Initialized MultithreadedTaskDispatcher with 20 workers.
 -> (artifact id: 'b5072bc13badcd6c51b592d636b3aada') in 0.014716 seconds
Number of updated asset objects reloaded before import = 0
Number of asset objects unloaded after import = 10
========================================================================
Received Import Request.
  Time since last request: 0.000013 seconds.
  path: Assets/Images/主界面_VIP.png
  artifactKey: Guid(4390e7b09bef48e7bcb53d94aed6db2a) Importer(2089858483,0ecaa5967403d082aa24f35e1b516d23)
Start importing Assets/Images/主界面_VIP.png using Guid(4390e7b09bef48e7bcb53d94aed6db2a) Importer(2089858483,0ecaa5967403d082aa24f35e1b516d23) [PhysX] Initialized MultithreadedTaskDispatcher with 20 workers.
 -> (artifact id: '392c8fc3105a7daa85dc05c0bdeb4cc5') in 0.008754 seconds
Number of updated asset objects reloaded before import = 0
Number of asset objects unloaded after import = 3
========================================================================
Received Import Request.
  Time since last request: 0.000014 seconds.
  path: Assets/Images/8986.dat.png
  artifactKey: Guid(878aed42c66e49bfbdff7072bf9eb682) Importer(2089858483,0ecaa5967403d082aa24f35e1b516d23)
Start importing Assets/Images/8986.dat.png using Guid(878aed42c66e49bfbdff7072bf9eb682) Importer(2089858483,0ecaa5967403d082aa24f35e1b516d23) [PhysX] Initialized MultithreadedTaskDispatcher with 20 workers.
 -> (artifact id: 'f5234c700c827df6fa7d5efd9bfdecbb') in 0.007429 seconds
Number of updated asset objects reloaded before import = 0
Number of asset objects unloaded after import = 3
========================================================================
Received Import Request.
  Time since last request: 0.000014 seconds.
  path: Assets/MonoBehaviour/3832.dat.asset
  artifactKey: Guid(3e026e09ad9648798f355ed98b957e32) Importer(2089858483,0ecaa5967403d082aa24f35e1b516d23)
Start importing Assets/MonoBehaviour/3832.dat.asset using Guid(3e026e09ad9648798f355ed98b957e32) Importer(2089858483,0ecaa5967403d082aa24f35e1b516d23) [PhysX] Initialized MultithreadedTaskDispatcher with 20 workers.
 -> (artifact id: '350a701d2724555e00bb17aaa54bec16') in 0.003770 seconds
Number of updated asset objects reloaded before import = 0
Number of asset objects unloaded after import = 3
========================================================================
Received Import Request.
  Time since last request: 0.000013 seconds.
  path: Assets/Images/主界面_商城.png
  artifactKey: Guid(9508103e18ed4950a93edd44b21612db) Importer(2089858483,0ecaa5967403d082aa24f35e1b516d23)
Start importing Assets/Images/主界面_商城.png using Guid(9508103e18ed4950a93edd44b21612db) Importer(2089858483,0ecaa5967403d082aa24f35e1b516d23) [PhysX] Initialized MultithreadedTaskDispatcher with 20 workers.
 -> (artifact id: '2e7a99464774fc99ced304c0055650a5') in 0.007302 seconds
Number of updated asset objects reloaded before import = 0
Number of asset objects unloaded after import = 3
========================================================================
Received Import Request.
  Time since last request: 0.000012 seconds.
  path: Assets/Images/8861.dat.png
  artifactKey: Guid(facb054af7394f6fa0af0600f6f00c0c) Importer(2089858483,0ecaa5967403d082aa24f35e1b516d23)
Start importing Assets/Images/8861.dat.png using Guid(facb054af7394f6fa0af0600f6f00c0c) Importer(2089858483,0ecaa5967403d082aa24f35e1b516d23) [PhysX] Initialized MultithreadedTaskDispatcher with 20 workers.
 -> (artifact id: '88465cd51128a0af2c945b5b3039b3c8') in 0.007356 seconds
Number of updated asset objects reloaded before import = 0
Number of asset objects unloaded after import = 3
========================================================================
Received Import Request.
  Time since last request: 0.000016 seconds.
  path: Assets/Resources/5200.dat.png
  artifactKey: Guid(3a2a878b7e234f2da770561855d22cdd) Importer(2089858483,0ecaa5967403d082aa24f35e1b516d23)
Start importing Assets/Resources/5200.dat.png using Guid(3a2a878b7e234f2da770561855d22cdd) Importer(2089858483,0ecaa5967403d082aa24f35e1b516d23) [PhysX] Initialized MultithreadedTaskDispatcher with 20 workers.
 -> (artifact id: '4a1f19f3bbf01e5677da4c132e1e2f97') in 0.009358 seconds
Number of updated asset objects reloaded before import = 0
Number of asset objects unloaded after import = 4
========================================================================
Received Import Request.
  Time since last request: 0.000029 seconds.
  path: Assets/Plugins/Unity.2D.Animation.Triangle.Runtime.dll
  artifactKey: Guid(b4269a9602d7602601c710a978fa7a70) Importer(2089858483,0ecaa5967403d082aa24f35e1b516d23)
Start importing Assets/Plugins/Unity.2D.Animation.Triangle.Runtime.dll using Guid(b4269a9602d7602601c710a978fa7a70) Importer(2089858483,0ecaa5967403d082aa24f35e1b516d23) [PhysX] Initialized MultithreadedTaskDispatcher with 20 workers.
 -> (artifact id: '83943015963b03423cdb66fc81b78dd3') in 0.004300 seconds
Number of updated asset objects reloaded before import = 0
Number of asset objects unloaded after import = 1
========================================================================
Received Import Request.
  Time since last request: 0.000026 seconds.
  path: Assets/Resources/4950.dat.png
  artifactKey: Guid(933465e52aab4b18bbbe77b9e2920aa8) Importer(2089858483,0ecaa5967403d082aa24f35e1b516d23)
Start importing Assets/Resources/4950.dat.png using Guid(933465e52aab4b18bbbe77b9e2920aa8) Importer(2089858483,0ecaa5967403d082aa24f35e1b516d23) [PhysX] Initialized MultithreadedTaskDispatcher with 20 workers.
 -> (artifact id: '07a91f2a5c17eef630cac0749cd973c5') in 0.013445 seconds
Number of updated asset objects reloaded before import = 0
Number of asset objects unloaded after import = 10
========================================================================
Received Import Request.
  Time since last request: 0.000015 seconds.
  path: Assets/Images/主界面_六部.png
  artifactKey: Guid(5afca89f8d364531b2c03eb0aee29c82) Importer(2089858483,0ecaa5967403d082aa24f35e1b516d23)
Start importing Assets/Images/主界面_六部.png using Guid(5afca89f8d364531b2c03eb0aee29c82) Importer(2089858483,0ecaa5967403d082aa24f35e1b516d23) [PhysX] Initialized MultithreadedTaskDispatcher with 20 workers.
 -> (artifact id: '669dfd331eb73689d3124d389fdaf34a') in 0.007836 seconds
Number of updated asset objects reloaded before import = 0
Number of asset objects unloaded after import = 3
========================================================================
Received Import Request.
  Time since last request: 0.000013 seconds.
  path: Assets/Images/战斗界面_返回.png
  artifactKey: Guid(b0192267259e4cf9b3e89d589295787d) Importer(2089858483,0ecaa5967403d082aa24f35e1b516d23)
Start importing Assets/Images/战斗界面_返回.png using Guid(b0192267259e4cf9b3e89d589295787d) Importer(2089858483,0ecaa5967403d082aa24f35e1b516d23) [PhysX] Initialized MultithreadedTaskDispatcher with 20 workers.
 -> (artifact id: '1d66230d6b67edbd58587d8f8b33d917') in 0.006365 seconds
Number of updated asset objects reloaded before import = 0
Number of asset objects unloaded after import = 3
========================================================================
Received Import Request.
  Time since last request: 0.000013 seconds.
  path: Assets/Resources/1676.dat.png
  artifactKey: Guid(1a65ee54e8fb4521890a2b4708f50710) Importer(2089858483,0ecaa5967403d082aa24f35e1b516d23)
Start importing Assets/Resources/1676.dat.png using Guid(1a65ee54e8fb4521890a2b4708f50710) Importer(2089858483,0ecaa5967403d082aa24f35e1b516d23) [PhysX] Initialized MultithreadedTaskDispatcher with 20 workers.
 -> (artifact id: 'f846c2d72e9a3c69cc3dc21dd7c6b147') in 0.007853 seconds
Number of updated asset objects reloaded before import = 0
Number of asset objects unloaded after import = 3
========================================================================
Received Import Request.
  Time since last request: 0.000043 seconds.
  path: Assets/Images/主界面_活动.png
  artifactKey: Guid(f8f2bc3c729f40f4b90f1ec89f40e8eb) Importer(2089858483,0ecaa5967403d082aa24f35e1b516d23)
Start importing Assets/Images/主界面_活动.png using Guid(f8f2bc3c729f40f4b90f1ec89f40e8eb) Importer(2089858483,0ecaa5967403d082aa24f35e1b516d23) [PhysX] Initialized MultithreadedTaskDispatcher with 20 workers.
 -> (artifact id: '736616af6ef9d5363278f3d988ea4814') in 0.008171 seconds
Number of updated asset objects reloaded before import = 0
Number of asset objects unloaded after import = 3
========================================================================
Received Import Request.
  Time since last request: 0.000015 seconds.
  path: Assets/Plugins/Unity.2D.SpriteShape.Runtime.dll
  artifactKey: Guid(42e962f40eed25eae89435f536d91fa5) Importer(2089858483,0ecaa5967403d082aa24f35e1b516d23)
Start importing Assets/Plugins/Unity.2D.SpriteShape.Runtime.dll using Guid(42e962f40eed25eae89435f536d91fa5) Importer(2089858483,0ecaa5967403d082aa24f35e1b516d23) [PhysX] Initialized MultithreadedTaskDispatcher with 20 workers.
 -> (artifact id: '4ad7781033c4c1be1645c0ab2c92ec2c') in 0.004205 seconds
Number of updated asset objects reloaded before import = 0
Number of asset objects unloaded after import = 1
========================================================================
Received Import Request.
  Time since last request: 0.000015 seconds.
  path: Assets/Images/9005.dat_d1.png
  artifactKey: Guid(199a852c593045ec8a3fec24f2f53ba8) Importer(2089858483,0ecaa5967403d082aa24f35e1b516d23)
Start importing Assets/Images/9005.dat_d1.png using Guid(199a852c593045ec8a3fec24f2f53ba8) Importer(2089858483,0ecaa5967403d082aa24f35e1b516d23) [PhysX] Initialized MultithreadedTaskDispatcher with 20 workers.
 -> (artifact id: '6b9b095b7465dfd564bc95d982e05286') in 0.020819 seconds
Number of updated asset objects reloaded before import = 0
Number of asset objects unloaded after import = 3
========================================================================
Received Import Request.
  Time since last request: 0.000019 seconds.
  path: Assets/Resources/6306.dat.png
  artifactKey: Guid(eb886999eb3447e6b89ffa4cff3361e7) Importer(2089858483,0ecaa5967403d082aa24f35e1b516d23)
Start importing Assets/Resources/6306.dat.png using Guid(eb886999eb3447e6b89ffa4cff3361e7) Importer(2089858483,0ecaa5967403d082aa24f35e1b516d23) [PhysX] Initialized MultithreadedTaskDispatcher with 20 workers.
 -> (artifact id: '0657868ece035d5923140408089728bf') in 0.014934 seconds
Number of updated asset objects reloaded before import = 0
Number of asset objects unloaded after import = 10
========================================================================
Received Import Request.
  Time since last request: 0.000016 seconds.
  path: Assets/Images/主界面_人口.png
  artifactKey: Guid(03d0b59ab9654fbc84e9a5676a7f7e60) Importer(2089858483,0ecaa5967403d082aa24f35e1b516d23)
Start importing Assets/Images/主界面_人口.png using Guid(03d0b59ab9654fbc84e9a5676a7f7e60) Importer(2089858483,0ecaa5967403d082aa24f35e1b516d23) [PhysX] Initialized MultithreadedTaskDispatcher with 20 workers.
 -> (artifact id: 'e77313d1a90878b2b0b751fa81d1a6e9') in 0.007928 seconds
Number of updated asset objects reloaded before import = 0
Number of asset objects unloaded after import = 3
========================================================================
Received Import Request.
  Time since last request: 0.000024 seconds.
  path: Assets/Images/9230.dat.png
  artifactKey: Guid(c0fba824086243b3a5013bf36d04bf88) Importer(2089858483,0ecaa5967403d082aa24f35e1b516d23)
Start importing Assets/Images/9230.dat.png using Guid(c0fba824086243b3a5013bf36d04bf88) Importer(2089858483,0ecaa5967403d082aa24f35e1b516d23) [PhysX] Initialized MultithreadedTaskDispatcher with 20 workers.
 -> (artifact id: '9003a804020877d4323916399d28e700') in 0.008569 seconds
Number of updated asset objects reloaded before import = 0
Number of asset objects unloaded after import = 3
========================================================================
Received Import Request.
  Time since last request: 0.000021 seconds.
  path: Assets/Resources/5162.dat.png
  artifactKey: Guid(1202dc304266478d99c2cf7e4f144f1b) Importer(2089858483,0ecaa5967403d082aa24f35e1b516d23)
Start importing Assets/Resources/5162.dat.png using Guid(1202dc304266478d99c2cf7e4f144f1b) Importer(2089858483,0ecaa5967403d082aa24f35e1b516d23) [PhysX] Initialized MultithreadedTaskDispatcher with 20 workers.
 -> (artifact id: '4f0adbf68987dc7b4176b417ed1b374b') in 0.011428 seconds
Number of updated asset objects reloaded before import = 0
Number of asset objects unloaded after import = 6
========================================================================
Received Import Request.
  Time since last request: 0.000020 seconds.
  path: Assets/Resources/4870.dat.png
  artifactKey: Guid(c467ee1d1fe5473b938c42717268dbe9) Importer(2089858483,0ecaa5967403d082aa24f35e1b516d23)
Start importing Assets/Resources/4870.dat.png using Guid(c467ee1d1fe5473b938c42717268dbe9) Importer(2089858483,0ecaa5967403d082aa24f35e1b516d23) [PhysX] Initialized MultithreadedTaskDispatcher with 20 workers.
 -> (artifact id: '616c6b755b81e16c8046fef223ff592d') in 0.009386 seconds
Number of updated asset objects reloaded before import = 0
Number of asset objects unloaded after import = 4
========================================================================
Received Import Request.
  Time since last request: 0.000015 seconds.
  path: Assets/Images/战斗界面_兵力信息.png
  artifactKey: Guid(5e405b0623fa453ea55dba4e44edf7c9) Importer(2089858483,0ecaa5967403d082aa24f35e1b516d23)
Start importing Assets/Images/战斗界面_兵力信息.png using Guid(5e405b0623fa453ea55dba4e44edf7c9) Importer(2089858483,0ecaa5967403d082aa24f35e1b516d23) [PhysX] Initialized MultithreadedTaskDispatcher with 20 workers.
 -> (artifact id: 'dac27d510bdd4ec62047ef271a3ec922') in 0.008454 seconds
Number of updated asset objects reloaded before import = 0
Number of asset objects unloaded after import = 4
========================================================================
Received Import Request.
  Time since last request: 0.319092 seconds.
  path: Assets/Resources/6512.dat.png
  artifactKey: Guid(0f26df63266041d2a572dcc6e010ec21) Importer(2089858483,0ecaa5967403d082aa24f35e1b516d23)
Start importing Assets/Resources/6512.dat.png using Guid(0f26df63266041d2a572dcc6e010ec21) Importer(2089858483,0ecaa5967403d082aa24f35e1b516d23) [PhysX] Initialized MultithreadedTaskDispatcher with 20 workers.
 -> (artifact id: 'c341900b57c87ad1a2c897a03c6a5703') in 0.014198 seconds
Number of updated asset objects reloaded before import = 0
Number of asset objects unloaded after import = 6
========================================================================
Received Import Request.
  Time since last request: 0.000027 seconds.
  path: Assets/Resources/7359.dat.asset
  artifactKey: Guid(6f976399a9b9499ebec00ecadfaceeed) Importer(2089858483,0ecaa5967403d082aa24f35e1b516d23)
Start importing Assets/Resources/7359.dat.asset using Guid(6f976399a9b9499ebec00ecadfaceeed) Importer(2089858483,0ecaa5967403d082aa24f35e1b516d23) [PhysX] Initialized MultithreadedTaskDispatcher with 20 workers.
 -> (artifact id: '03252002790ca14b9840f368963cb7f6') in 0.004840 seconds
Number of updated asset objects reloaded before import = 0
Number of asset objects unloaded after import = 3
========================================================================
Received Import Request.
  Time since last request: 0.000025 seconds.
  path: Assets/Resources/7373.dat.png
  artifactKey: Guid(a2f53da2ad964b4c9d5ea62d52129692) Importer(2089858483,0ecaa5967403d082aa24f35e1b516d23)
Start importing Assets/Resources/7373.dat.png using Guid(a2f53da2ad964b4c9d5ea62d52129692) Importer(2089858483,0ecaa5967403d082aa24f35e1b516d23) [PhysX] Initialized MultithreadedTaskDispatcher with 20 workers.
 -> (artifact id: '83941d570a457ded20ac8846e6d10386') in 0.008344 seconds
Number of updated asset objects reloaded before import = 0
Number of asset objects unloaded after import = 3
========================================================================
Received Import Request.
  Time since last request: 0.000016 seconds.
  path: Assets/Resources/7335.dat.png
  artifactKey: Guid(f55ad4f40cea4cfa87d02a00b62f0da8) Importer(2089858483,0ecaa5967403d082aa24f35e1b516d23)
Start importing Assets/Resources/7335.dat.png using Guid(f55ad4f40cea4cfa87d02a00b62f0da8) Importer(2089858483,0ecaa5967403d082aa24f35e1b516d23) [PhysX] Initialized MultithreadedTaskDispatcher with 20 workers.
 -> (artifact id: '325a2d38b4089f564c6d1640b2e032e9') in 0.007181 seconds
Number of updated asset objects reloaded before import = 0
Number of asset objects unloaded after import = 3
========================================================================
Received Import Request.
  Time since last request: 0.000014 seconds.
  path: Assets/Resources/7319.dat.png
  artifactKey: Guid(7e286e33c9174095a41ac50488ce13f9) Importer(2089858483,0ecaa5967403d082aa24f35e1b516d23)
Start importing Assets/Resources/7319.dat.png using Guid(7e286e33c9174095a41ac50488ce13f9) Importer(2089858483,0ecaa5967403d082aa24f35e1b516d23) [PhysX] Initialized MultithreadedTaskDispatcher with 20 workers.
 -> (artifact id: 'ec95c75e00f9d83df78a43f06e008ad3') in 0.007973 seconds
Number of updated asset objects reloaded before import = 0
Number of asset objects unloaded after import = 3
========================================================================
Received Import Request.
  Time since last request: 0.000017 seconds.
  path: Assets/Resources/7345.dat.asset
  artifactKey: Guid(fc6677365d17486b89a8f11ce5fe97e0) Importer(2089858483,0ecaa5967403d082aa24f35e1b516d23)
Start importing Assets/Resources/7345.dat.asset using Guid(fc6677365d17486b89a8f11ce5fe97e0) Importer(2089858483,0ecaa5967403d082aa24f35e1b516d23) [PhysX] Initialized MultithreadedTaskDispatcher with 20 workers.
 -> (artifact id: '66853927e2fdf91d499cf7d8f10c47ab') in 0.015887 seconds
Number of updated asset objects reloaded before import = 0
Number of asset objects unloaded after import = 3
========================================================================
Received Import Request.
  Time since last request: 0.000019 seconds.
  path: Assets/Resources/7335.dat.asset
  artifactKey: Guid(0633156b375541c69805a0037231f55f) Importer(2089858483,0ecaa5967403d082aa24f35e1b516d23)
Start importing Assets/Resources/7335.dat.asset using Guid(0633156b375541c69805a0037231f55f) Importer(2089858483,0ecaa5967403d082aa24f35e1b516d23) [PhysX] Initialized MultithreadedTaskDispatcher with 20 workers.
 -> (artifact id: 'dc64ba327187c051552e1b2e156e3074') in 0.004468 seconds
Number of updated asset objects reloaded before import = 0
Number of asset objects unloaded after import = 3
========================================================================
Received Import Request.
  Time since last request: 0.000014 seconds.
  path: Assets/Resources/7473.dat.asset
  artifactKey: Guid(6a171ffa24874bb8970fb2734a06562c) Importer(2089858483,0ecaa5967403d082aa24f35e1b516d23)
Start importing Assets/Resources/7473.dat.asset using Guid(6a171ffa24874bb8970fb2734a06562c) Importer(2089858483,0ecaa5967403d082aa24f35e1b516d23) [PhysX] Initialized MultithreadedTaskDispatcher with 20 workers.
 -> (artifact id: 'f7f48f1e37c45e79954fe8c21dc76b05') in 0.004938 seconds
Number of updated asset objects reloaded before import = 0
Number of asset objects unloaded after import = 3
========================================================================
Received Import Request.
  Time since last request: 0.000012 seconds.
  path: Assets/Resources/7371.dat.asset
  artifactKey: Guid(e6b1f255a292470fb5dd71e3df1fdcb2) Importer(2089858483,0ecaa5967403d082aa24f35e1b516d23)
Start importing Assets/Resources/7371.dat.asset using Guid(e6b1f255a292470fb5dd71e3df1fdcb2) Importer(2089858483,0ecaa5967403d082aa24f35e1b516d23) [PhysX] Initialized MultithreadedTaskDispatcher with 20 workers.
 -> (artifact id: 'eddf55283b1619450c4b9ac5cd8051e4') in 0.003692 seconds
Number of updated asset objects reloaded before import = 0
Number of asset objects unloaded after import = 3
========================================================================
Received Import Request.
  Time since last request: 0.000012 seconds.
  path: Assets/Resources/7348.dat.png
  artifactKey: Guid(8c7ea43524944923b371d6d8fbf9ee4c) Importer(2089858483,0ecaa5967403d082aa24f35e1b516d23)
Start importing Assets/Resources/7348.dat.png using Guid(8c7ea43524944923b371d6d8fbf9ee4c) Importer(2089858483,0ecaa5967403d082aa24f35e1b516d23) [PhysX] Initialized MultithreadedTaskDispatcher with 20 workers.
 -> (artifact id: 'ec951d4610a72eb0a8a80ce7a8f3a032') in 0.006950 seconds
Number of updated asset objects reloaded before import = 0
Number of asset objects unloaded after import = 3
========================================================================
Received Import Request.
  Time since last request: 0.000013 seconds.
  path: Assets/Resources/7317.dat.png
  artifactKey: Guid(7df7ab2d1b42492c8c9133563029a408) Importer(2089858483,0ecaa5967403d082aa24f35e1b516d23)
Start importing Assets/Resources/7317.dat.png using Guid(7df7ab2d1b42492c8c9133563029a408) Importer(2089858483,0ecaa5967403d082aa24f35e1b516d23) [PhysX] Initialized MultithreadedTaskDispatcher with 20 workers.
 -> (artifact id: 'ca3443236d4a56ddeb5721430080e493') in 0.007378 seconds
Number of updated asset objects reloaded before import = 0
Number of asset objects unloaded after import = 3
========================================================================
Received Import Request.
  Time since last request: 0.000014 seconds.
  path: Assets/Resources/6514.dat.png
  artifactKey: Guid(eb1f3d5718a94cf893bf5bfeeeb34055) Importer(2089858483,0ecaa5967403d082aa24f35e1b516d23)
Start importing Assets/Resources/6514.dat.png using Guid(eb1f3d5718a94cf893bf5bfeeeb34055) Importer(2089858483,0ecaa5967403d082aa24f35e1b516d23) [PhysX] Initialized MultithreadedTaskDispatcher with 20 workers.
 -> (artifact id: 'e14fad59ec8e41bb6896b20a62ced471') in 0.014028 seconds
Number of updated asset objects reloaded before import = 0
Number of asset objects unloaded after import = 7
========================================================================
Received Import Request.
  Time since last request: 0.000044 seconds.
  path: Assets/Resources/7320.dat.png
  artifactKey: Guid(95cb2d229dce40739471e62a2f7d9cfa) Importer(2089858483,0ecaa5967403d082aa24f35e1b516d23)
Start importing Assets/Resources/7320.dat.png using Guid(95cb2d229dce40739471e62a2f7d9cfa) Importer(2089858483,0ecaa5967403d082aa24f35e1b516d23) [PhysX] Initialized MultithreadedTaskDispatcher with 20 workers.
 -> (artifact id: 'e057743e2b57a83991ac40cb549a9956') in 0.008481 seconds
Number of updated asset objects reloaded before import = 0
Number of asset objects unloaded after import = 3
========================================================================
Received Import Request.
  Time since last request: 0.000016 seconds.
  path: Assets/Resources/7372.dat.png
  artifactKey: Guid(1e6e2e604d064e1797096ce78ce07e34) Importer(2089858483,0ecaa5967403d082aa24f35e1b516d23)
Start importing Assets/Resources/7372.dat.png using Guid(1e6e2e604d064e1797096ce78ce07e34) Importer(2089858483,0ecaa5967403d082aa24f35e1b516d23) [PhysX] Initialized MultithreadedTaskDispatcher with 20 workers.
 -> (artifact id: '4fc400cfc8ec532ee08a981d8b0d9f07') in 0.007643 seconds
Number of updated asset objects reloaded before import = 0
Number of asset objects unloaded after import = 3
========================================================================
Received Import Request.
  Time since last request: 0.000013 seconds.
  path: Assets/Resources/6647.dat.png
  artifactKey: Guid(2e5ffab0c1cb43afbd39f16b533eddcd) Importer(2089858483,0ecaa5967403d082aa24f35e1b516d23)
Start importing Assets/Resources/6647.dat.png using Guid(2e5ffab0c1cb43afbd39f16b533eddcd) Importer(2089858483,0ecaa5967403d082aa24f35e1b516d23) [PhysX] Initialized MultithreadedTaskDispatcher with 20 workers.
 -> (artifact id: '85994a0740fc53b13330a97572893d21') in 0.013805 seconds
Number of updated asset objects reloaded before import = 0
Number of asset objects unloaded after import = 10
========================================================================
Received Import Request.
  Time since last request: 0.000016 seconds.
  path: Assets/Resources/7349.dat.png
  artifactKey: Guid(121eefa559eb48658f680cd1bbdec4bb) Importer(2089858483,0ecaa5967403d082aa24f35e1b516d23)
Start importing Assets/Resources/7349.dat.png using Guid(121eefa559eb48658f680cd1bbdec4bb) Importer(2089858483,0ecaa5967403d082aa24f35e1b516d23) [PhysX] Initialized MultithreadedTaskDispatcher with 20 workers.
 -> (artifact id: '27681577a66732f76e08de78eac70714') in 0.007908 seconds
Number of updated asset objects reloaded before import = 0
Number of asset objects unloaded after import = 3
========================================================================
Received Import Request.
  Time since last request: 0.000016 seconds.
  path: Assets/Resources/6649.dat.png
  artifactKey: Guid(bd581acfaa4c4229ac18cb9e40dc7b9b) Importer(2089858483,0ecaa5967403d082aa24f35e1b516d23)
Start importing Assets/Resources/6649.dat.png using Guid(bd581acfaa4c4229ac18cb9e40dc7b9b) Importer(2089858483,0ecaa5967403d082aa24f35e1b516d23) [PhysX] Initialized MultithreadedTaskDispatcher with 20 workers.
 -> (artifact id: 'c674038a3240dc14815716432fd7f821') in 0.009549 seconds
Number of updated asset objects reloaded before import = 0
Number of asset objects unloaded after import = 5
========================================================================
Received Import Request.
  Time since last request: 0.000013 seconds.
  path: Assets/Resources/7481.dat.png
  artifactKey: Guid(70b9f29e143e402c824fb0e20558444b) Importer(2089858483,0ecaa5967403d082aa24f35e1b516d23)
Start importing Assets/Resources/7481.dat.png using Guid(70b9f29e143e402c824fb0e20558444b) Importer(2089858483,0ecaa5967403d082aa24f35e1b516d23) [PhysX] Initialized MultithreadedTaskDispatcher with 20 workers.
 -> (artifact id: 'a741b5a22ace2a69cbefa4cac59e443f') in 0.007686 seconds
Number of updated asset objects reloaded before import = 0
Number of asset objects unloaded after import = 3
========================================================================
Received Import Request.
  Time since last request: 0.000027 seconds.
  path: Assets/Resources/6645.dat.png
  artifactKey: Guid(08d1e919d43942e6b58b22732c9711a9) Importer(2089858483,0ecaa5967403d082aa24f35e1b516d23)
Start importing Assets/Resources/6645.dat.png using Guid(08d1e919d43942e6b58b22732c9711a9) Importer(2089858483,0ecaa5967403d082aa24f35e1b516d23) [PhysX] Initialized MultithreadedTaskDispatcher with 20 workers.
 -> (artifact id: '86c8b5148a54e503097ab1aaf0e44412') in 0.008878 seconds
Number of updated asset objects reloaded before import = 0
Number of asset objects unloaded after import = 5
========================================================================
Received Import Request.
  Time since last request: 0.000021 seconds.
  path: Assets/Resources/6641.dat.png
  artifactKey: Guid(485feb9510a548b1834502abcd889659) Importer(2089858483,0ecaa5967403d082aa24f35e1b516d23)
Start importing Assets/Resources/6641.dat.png using Guid(485feb9510a548b1834502abcd889659) Importer(2089858483,0ecaa5967403d082aa24f35e1b516d23) [PhysX] Initialized MultithreadedTaskDispatcher with 20 workers.
 -> (artifact id: '758189d9d8d01c173a2b85cebb006c04') in 0.010895 seconds
Number of updated asset objects reloaded before import = 0
Number of asset objects unloaded after import = 8
========================================================================
Received Import Request.
  Time since last request: 0.000020 seconds.
  path: Assets/Resources/7330.dat.asset
  artifactKey: Guid(01cb6b62214e447da54f76cb6d5d2902) Importer(2089858483,0ecaa5967403d082aa24f35e1b516d23)
Start importing Assets/Resources/7330.dat.asset using Guid(01cb6b62214e447da54f76cb6d5d2902) Importer(2089858483,0ecaa5967403d082aa24f35e1b516d23) [PhysX] Initialized MultithreadedTaskDispatcher with 20 workers.
 -> (artifact id: 'a0d96912d47ff1463cead0ab39b6a269') in 0.004038 seconds
Number of updated asset objects reloaded before import = 0
Number of asset objects unloaded after import = 3
========================================================================
Received Import Request.
  Time since last request: 0.000023 seconds.
  path: Assets/Resources/7082.dat.png
  artifactKey: Guid(7cc6cbed65cd44be9856a55bedc88521) Importer(2089858483,0ecaa5967403d082aa24f35e1b516d23)
Start importing Assets/Resources/7082.dat.png using Guid(7cc6cbed65cd44be9856a55bedc88521) Importer(2089858483,0ecaa5967403d082aa24f35e1b516d23) [PhysX] Initialized MultithreadedTaskDispatcher with 20 workers.
 -> (artifact id: '4ac1c36f8123db2991d7026afb658792') in 0.012734 seconds
Number of updated asset objects reloaded before import = 0
Number of asset objects unloaded after import = 9
========================================================================
Received Import Request.
  Time since last request: 0.000015 seconds.
  path: Assets/Resources/7457.dat.asset
  artifactKey: Guid(dae1ea1e761d4686921123845216b41a) Importer(2089858483,0ecaa5967403d082aa24f35e1b516d23)
Start importing Assets/Resources/7457.dat.asset using Guid(dae1ea1e761d4686921123845216b41a) Importer(2089858483,0ecaa5967403d082aa24f35e1b516d23) [PhysX] Initialized MultithreadedTaskDispatcher with 20 workers.
 -> (artifact id: 'd408205292e1fd3546d835bb97316b9b') in 0.004426 seconds
Number of updated asset objects reloaded before import = 0
Number of asset objects unloaded after import = 3
========================================================================
Received Import Request.
  Time since last request: 0.000013 seconds.
  path: Assets/Resources/7458.dat.png
  artifactKey: Guid(9d6e7e6664c44095ade5060b0f357666) Importer(2089858483,0ecaa5967403d082aa24f35e1b516d23)
Start importing Assets/Resources/7458.dat.png using Guid(9d6e7e6664c44095ade5060b0f357666) Importer(2089858483,0ecaa5967403d082aa24f35e1b516d23) [PhysX] Initialized MultithreadedTaskDispatcher with 20 workers.
 -> (artifact id: 'e2968e05b7df82473c45b903b872d5cc') in 0.007499 seconds
Number of updated asset objects reloaded before import = 0
Number of asset objects unloaded after import = 3
========================================================================
Received Import Request.
  Time since last request: 0.000014 seconds.
  path: Assets/Resources/7480.dat.asset
  artifactKey: Guid(8be1ad7ac3fc4c418197d31b7078ff3a) Importer(2089858483,0ecaa5967403d082aa24f35e1b516d23)
Start importing Assets/Resources/7480.dat.asset using Guid(8be1ad7ac3fc4c418197d31b7078ff3a) Importer(2089858483,0ecaa5967403d082aa24f35e1b516d23) [PhysX] Initialized MultithreadedTaskDispatcher with 20 workers.
 -> (artifact id: '02fa57517703fd777e3622a25698d742') in 0.003572 seconds
Number of updated asset objects reloaded before import = 0
Number of asset objects unloaded after import = 3
========================================================================
Received Import Request.
  Time since last request: 0.000011 seconds.
  path: Assets/Resources/7460.dat.png
  artifactKey: Guid(08532f2ff1af427cbed6848ac77b6960) Importer(2089858483,0ecaa5967403d082aa24f35e1b516d23)
Start importing Assets/Resources/7460.dat.png using Guid(08532f2ff1af427cbed6848ac77b6960) Importer(2089858483,0ecaa5967403d082aa24f35e1b516d23) [PhysX] Initialized MultithreadedTaskDispatcher with 20 workers.
 -> (artifact id: '3bd77a59db0b2d0548b6087db1fabc42') in 0.014470 seconds
Number of updated asset objects reloaded before import = 0
Number of asset objects unloaded after import = 3
========================================================================
Received Import Request.
  Time since last request: 0.000015 seconds.
  path: Assets/Resources/7323.dat.asset
  artifactKey: Guid(f001791fcdb14603b7b59face37cb511) Importer(2089858483,0ecaa5967403d082aa24f35e1b516d23)
Start importing Assets/Resources/7323.dat.asset using Guid(f001791fcdb14603b7b59face37cb511) Importer(2089858483,0ecaa5967403d082aa24f35e1b516d23) [PhysX] Initialized MultithreadedTaskDispatcher with 20 workers.
 -> (artifact id: '41a257887f2e7ac82cfa15c732dde4f8') in 0.003569 seconds
Number of updated asset objects reloaded before import = 0
Number of asset objects unloaded after import = 3
========================================================================
Received Import Request.
  Time since last request: 0.000011 seconds.
  path: Assets/Resources/7339.dat.png
  artifactKey: Guid(e2eff48577114d31ac25239057e71dcb) Importer(2089858483,0ecaa5967403d082aa24f35e1b516d23)
Start importing Assets/Resources/7339.dat.png using Guid(e2eff48577114d31ac25239057e71dcb) Importer(2089858483,0ecaa5967403d082aa24f35e1b516d23) [PhysX] Initialized MultithreadedTaskDispatcher with 20 workers.
 -> (artifact id: 'b05757f85fb440dc7b7e9bf92758e3ee') in 0.007860 seconds
Number of updated asset objects reloaded before import = 0
Number of asset objects unloaded after import = 3
========================================================================
Received Import Request.
  Time since last request: 0.000015 seconds.
  path: Assets/Resources/7369.dat.png
  artifactKey: Guid(0bc07877e58a495ebacb5185715d530d) Importer(2089858483,0ecaa5967403d082aa24f35e1b516d23)
Start importing Assets/Resources/7369.dat.png using Guid(0bc07877e58a495ebacb5185715d530d) Importer(2089858483,0ecaa5967403d082aa24f35e1b516d23) [PhysX] Initialized MultithreadedTaskDispatcher with 20 workers.
 -> (artifact id: '8bd5e4548455684e7d002516d6654803') in 0.006886 seconds
Number of updated asset objects reloaded before import = 0
Number of asset objects unloaded after import = 3
========================================================================
Received Import Request.
  Time since last request: 0.000014 seconds.
  path: Assets/Resources/7345.dat.png
  artifactKey: Guid(7165240e63dd4cd2ac3f864d097eb8f5) Importer(2089858483,0ecaa5967403d082aa24f35e1b516d23)
Start importing Assets/Resources/7345.dat.png using Guid(7165240e63dd4cd2ac3f864d097eb8f5) Importer(2089858483,0ecaa5967403d082aa24f35e1b516d23) [PhysX] Initialized MultithreadedTaskDispatcher with 20 workers.
 -> (artifact id: 'f660c8853e1df9b502911bf37a89a945') in 0.007867 seconds
Number of updated asset objects reloaded before import = 0
Number of asset objects unloaded after import = 3
========================================================================
Received Import Request.
  Time since last request: 0.000015 seconds.
  path: Assets/Resources/7310.dat.asset
  artifactKey: Guid(b53055097a9d477397606d780b5663eb) Importer(2089858483,0ecaa5967403d082aa24f35e1b516d23)
Start importing Assets/Resources/7310.dat.asset using Guid(b53055097a9d477397606d780b5663eb) Importer(2089858483,0ecaa5967403d082aa24f35e1b516d23) [PhysX] Initialized MultithreadedTaskDispatcher with 20 workers.
 -> (artifact id: 'dfb9d04f5981e9d5524769b1b8ec8f38') in 0.003910 seconds
Number of updated asset objects reloaded before import = 0
Number of asset objects unloaded after import = 3
========================================================================
Received Import Request.
  Time since last request: 0.000013 seconds.
  path: Assets/Resources/7370.dat.png
  artifactKey: Guid(b9fad19f9d47418c85915f8fcafee028) Importer(2089858483,0ecaa5967403d082aa24f35e1b516d23)
Start importing Assets/Resources/7370.dat.png using Guid(b9fad19f9d47418c85915f8fcafee028) Importer(2089858483,0ecaa5967403d082aa24f35e1b516d23) [PhysX] Initialized MultithreadedTaskDispatcher with 20 workers.
 -> (artifact id: 'b38896f243bab934974ef0a5e1cd7c49') in 0.009036 seconds
Number of updated asset objects reloaded before import = 0
Number of asset objects unloaded after import = 3
========================================================================
Received Import Request.
  Time since last request: 0.000018 seconds.
  path: Assets/Resources/7353.dat.png
  artifactKey: Guid(ffb178f672754f2284f9cff9e806a76b) Importer(2089858483,0ecaa5967403d082aa24f35e1b516d23)
Start importing Assets/Resources/7353.dat.png using Guid(ffb178f672754f2284f9cff9e806a76b) Importer(2089858483,0ecaa5967403d082aa24f35e1b516d23) [PhysX] Initialized MultithreadedTaskDispatcher with 20 workers.
 -> (artifact id: '83d97477f13e81f31288a060104678c6') in 0.006620 seconds
Number of updated asset objects reloaded before import = 0
Number of asset objects unloaded after import = 3
========================================================================
Received Import Request.
  Time since last request: 0.000011 seconds.
  path: Assets/Resources/7469.dat.asset
  artifactKey: Guid(f6b4af62bdfd4dc78003a383b945cdd3) Importer(2089858483,0ecaa5967403d082aa24f35e1b516d23)
Start importing Assets/Resources/7469.dat.asset using Guid(f6b4af62bdfd4dc78003a383b945cdd3) Importer(2089858483,0ecaa5967403d082aa24f35e1b516d23) [PhysX] Initialized MultithreadedTaskDispatcher with 20 workers.
 -> (artifact id: 'b8ec821a2cd49310a8b4743321fad489') in 0.004741 seconds
Number of updated asset objects reloaded before import = 0
Number of asset objects unloaded after import = 3
========================================================================
Received Import Request.
  Time since last request: 0.000016 seconds.
  path: Assets/Resources/7325.dat.asset
  artifactKey: Guid(4bacd48aface4e4aa96773ebf399ddd4) Importer(2089858483,0ecaa5967403d082aa24f35e1b516d23)
Start importing Assets/Resources/7325.dat.asset using Guid(4bacd48aface4e4aa96773ebf399ddd4) Importer(2089858483,0ecaa5967403d082aa24f35e1b516d23) [PhysX] Initialized MultithreadedTaskDispatcher with 20 workers.
 -> (artifact id: 'e52a9c865aa41d9eda08949a1de0fac0') in 0.003559 seconds
Number of updated asset objects reloaded before import = 0
Number of asset objects unloaded after import = 3
========================================================================
Received Import Request.
  Time since last request: 0.000013 seconds.
  path: Assets/Resources/7453.dat.png
  artifactKey: Guid(70025a859da54e9ba431cbe1a6aefced) Importer(2089858483,0ecaa5967403d082aa24f35e1b516d23)
Start importing Assets/Resources/7453.dat.png using Guid(70025a859da54e9ba431cbe1a6aefced) Importer(2089858483,0ecaa5967403d082aa24f35e1b516d23) [PhysX] Initialized MultithreadedTaskDispatcher with 20 workers.
 -> (artifact id: 'f9dfdefbfd0c5c6bd98c86941d3b6e98') in 0.006889 seconds
Number of updated asset objects reloaded before import = 0
Number of asset objects unloaded after import = 3
========================================================================
Received Import Request.
  Time since last request: 0.000013 seconds.
  path: Assets/Resources/7457.dat.png
  artifactKey: Guid(a8cb58d3319b409dbdfe7e71b7506491) Importer(2089858483,0ecaa5967403d082aa24f35e1b516d23)
Start importing Assets/Resources/7457.dat.png using Guid(a8cb58d3319b409dbdfe7e71b7506491) Importer(2089858483,0ecaa5967403d082aa24f35e1b516d23) [PhysX] Initialized MultithreadedTaskDispatcher with 20 workers.
 -> (artifact id: 'f5e47612671c2ffde0ab65ceb4e4769c') in 0.006919 seconds
Number of updated asset objects reloaded before import = 0
Number of asset objects unloaded after import = 3
========================================================================
Received Import Request.
  Time since last request: 0.000017 seconds.
  path: Assets/Resources/7361.dat.png
  artifactKey: Guid(20157ad1032c400490a682c76d529bf7) Importer(2089858483,0ecaa5967403d082aa24f35e1b516d23)
Start importing Assets/Resources/7361.dat.png using Guid(20157ad1032c400490a682c76d529bf7) Importer(2089858483,0ecaa5967403d082aa24f35e1b516d23) [PhysX] Initialized MultithreadedTaskDispatcher with 20 workers.
 -> (artifact id: 'bb5a8eadb97ad4067148aeea091680e5') in 0.008454 seconds
Number of updated asset objects reloaded before import = 0
Number of asset objects unloaded after import = 3
========================================================================
Received Import Request.
  Time since last request: 0.000016 seconds.
  path: Assets/Resources/7459.dat.png
  artifactKey: Guid(ddb51efc6d87439dadc1c4873b457e08) Importer(2089858483,0ecaa5967403d082aa24f35e1b516d23)
Start importing Assets/Resources/7459.dat.png using Guid(ddb51efc6d87439dadc1c4873b457e08) Importer(2089858483,0ecaa5967403d082aa24f35e1b516d23) [PhysX] Initialized MultithreadedTaskDispatcher with 20 workers.
 -> (artifact id: '388bc616c6b307fbffe0b394b337aeb1') in 0.008479 seconds
Number of updated asset objects reloaded before import = 0
Number of asset objects unloaded after import = 3
========================================================================
Received Import Request.
  Time since last request: 0.000017 seconds.
  path: Assets/Resources/7344.dat.png
  artifactKey: Guid(8b3a9d3366564292bac85c307fa8b488) Importer(2089858483,0ecaa5967403d082aa24f35e1b516d23)
Start importing Assets/Resources/7344.dat.png using Guid(8b3a9d3366564292bac85c307fa8b488) Importer(2089858483,0ecaa5967403d082aa24f35e1b516d23) [PhysX] Initialized MultithreadedTaskDispatcher with 20 workers.
 -> (artifact id: 'a7276f3622ca359abc182ce2fc056d91') in 0.006884 seconds
Number of updated asset objects reloaded before import = 0
Number of asset objects unloaded after import = 3
========================================================================
Received Import Request.
  Time since last request: 0.000016 seconds.
  path: Assets/Resources/7465.dat.asset
  artifactKey: Guid(8dfacb85d3be47ccb345d0eac8df9e79) Importer(2089858483,0ecaa5967403d082aa24f35e1b516d23)
Start importing Assets/Resources/7465.dat.asset using Guid(8dfacb85d3be47ccb345d0eac8df9e79) Importer(2089858483,0ecaa5967403d082aa24f35e1b516d23) [PhysX] Initialized MultithreadedTaskDispatcher with 20 workers.
 -> (artifact id: '4514d44cba53cf101a77a81f2101e0d8') in 0.004699 seconds
Number of updated asset objects reloaded before import = 0
Number of asset objects unloaded after import = 3
========================================================================
Received Import Request.
  Time since last request: 0.000014 seconds.
  path: Assets/Resources/7340.dat.png
  artifactKey: Guid(5cced721131d4c42b3d91a55a0495a1e) Importer(2089858483,0ecaa5967403d082aa24f35e1b516d23)
Start importing Assets/Resources/7340.dat.png using Guid(5cced721131d4c42b3d91a55a0495a1e) Importer(2089858483,0ecaa5967403d082aa24f35e1b516d23) [PhysX] Initialized MultithreadedTaskDispatcher with 20 workers.
 -> (artifact id: '834465bf8eb8c75bc4e7ef3d5aea700c') in 0.007326 seconds
Number of updated asset objects reloaded before import = 0
Number of asset objects unloaded after import = 3
========================================================================
Received Import Request.
  Time since last request: 0.000013 seconds.
  path: Assets/Resources/6646.dat.png
  artifactKey: Guid(8ce49b732af74705b6a4e0aa18fcfb73) Importer(2089858483,0ecaa5967403d082aa24f35e1b516d23)
Start importing Assets/Resources/6646.dat.png using Guid(8ce49b732af74705b6a4e0aa18fcfb73) Importer(2089858483,0ecaa5967403d082aa24f35e1b516d23) [PhysX] Initialized MultithreadedTaskDispatcher with 20 workers.
 -> (artifact id: '2a573ccf431b12e913e08f612a8981ad') in 0.008932 seconds
Number of updated asset objects reloaded before import = 0
Number of asset objects unloaded after import = 5
========================================================================
Received Import Request.
  Time since last request: 0.000017 seconds.
  path: Assets/Resources/7455.dat.asset
  artifactKey: Guid(7890ee58a6f2464981d66f85f488174e) Importer(2089858483,0ecaa5967403d082aa24f35e1b516d23)
Start importing Assets/Resources/7455.dat.asset using Guid(7890ee58a6f2464981d66f85f488174e) Importer(2089858483,0ecaa5967403d082aa24f35e1b516d23) [PhysX] Initialized MultithreadedTaskDispatcher with 20 workers.
 -> (artifact id: 'ccd9e595b8c51e1e4e7ee21da3e6c46c') in 0.017108 seconds
Number of updated asset objects reloaded before import = 0
Number of asset objects unloaded after import = 3
========================================================================
Received Import Request.
  Time since last request: 0.000015 seconds.
  path: Assets/Resources/7327.dat.png
  artifactKey: Guid(15bf5d81050a4f999e0bfdc3ffe28a01) Importer(2089858483,0ecaa5967403d082aa24f35e1b516d23)
Start importing Assets/Resources/7327.dat.png using Guid(15bf5d81050a4f999e0bfdc3ffe28a01) Importer(2089858483,0ecaa5967403d082aa24f35e1b516d23) [PhysX] Initialized MultithreadedTaskDispatcher with 20 workers.
 -> (artifact id: 'd3917186a1aae11983da3fb333344135') in 0.007883 seconds
Number of updated asset objects reloaded before import = 0
Number of asset objects unloaded after import = 3
========================================================================
Received Import Request.
  Time since last request: 0.000015 seconds.
  path: Assets/Resources/7463.dat.asset
  artifactKey: Guid(e3b9c053bc7e4f168e9ed3980e83e6f0) Importer(2089858483,0ecaa5967403d082aa24f35e1b516d23)
Start importing Assets/Resources/7463.dat.asset using Guid(e3b9c053bc7e4f168e9ed3980e83e6f0) Importer(2089858483,0ecaa5967403d082aa24f35e1b516d23) [PhysX] Initialized MultithreadedTaskDispatcher with 20 workers.
 -> (artifact id: 'e11dd5ee184f9f7c4d2cfff0a1ae37f3') in 0.003701 seconds
Number of updated asset objects reloaded before import = 0
Number of asset objects unloaded after import = 3
========================================================================
Received Import Request.
  Time since last request: 0.000013 seconds.
  path: Assets/Resources/7470.dat.png
  artifactKey: Guid(68dac8efd3d84574b924941bf897c12c) Importer(2089858483,0ecaa5967403d082aa24f35e1b516d23)
Start importing Assets/Resources/7470.dat.png using Guid(68dac8efd3d84574b924941bf897c12c) Importer(2089858483,0ecaa5967403d082aa24f35e1b516d23) [PhysX] Initialized MultithreadedTaskDispatcher with 20 workers.
 -> (artifact id: 'd8f98b6603d0d7465332185cb28e76c1') in 0.007280 seconds
Number of updated asset objects reloaded before import = 0
Number of asset objects unloaded after import = 3
========================================================================
Received Import Request.
  Time since last request: 0.000026 seconds.
  path: Assets/Resources/6589.dat.png
  artifactKey: Guid(c63884c397ef4d5f9be448f563d8d75f) Importer(2089858483,0ecaa5967403d082aa24f35e1b516d23)
Start importing Assets/Resources/6589.dat.png using Guid(c63884c397ef4d5f9be448f563d8d75f) Importer(2089858483,0ecaa5967403d082aa24f35e1b516d23) [PhysX] Initialized MultithreadedTaskDispatcher with 20 workers.
 -> (artifact id: '92997cc34661692e924b363cb67aafd5') in 0.011216 seconds
Number of updated asset objects reloaded before import = 0
Number of asset objects unloaded after import = 4
========================================================================
Received Import Request.
  Time since last request: 0.000017 seconds.
  path: Assets/Resources/6591.dat.png
  artifactKey: Guid(a77a8b18aa69465295ee2f3b81b0137b) Importer(2089858483,0ecaa5967403d082aa24f35e1b516d23)
Start importing Assets/Resources/6591.dat.png using Guid(a77a8b18aa69465295ee2f3b81b0137b) Importer(2089858483,0ecaa5967403d082aa24f35e1b516d23) [PhysX] Initialized MultithreadedTaskDispatcher with 20 workers.
 -> (artifact id: '3c1c17657aad76cfa1a75455d54b3c27') in 0.014905 seconds
Number of updated asset objects reloaded before import = 0
Number of asset objects unloaded after import = 9
========================================================================
Received Import Request.
  Time since last request: 0.000015 seconds.
  path: Assets/Resources/7314.dat.asset
  artifactKey: Guid(0d9491b7bf2d4b6fa95e3db23ccc57ff) Importer(2089858483,0ecaa5967403d082aa24f35e1b516d23)
Start importing Assets/Resources/7314.dat.asset using Guid(0d9491b7bf2d4b6fa95e3db23ccc57ff) Importer(2089858483,0ecaa5967403d082aa24f35e1b516d23) [PhysX] Initialized MultithreadedTaskDispatcher with 20 workers.
 -> (artifact id: 'b2832c27f03b36eacedaf2a1115018db') in 0.004762 seconds
Number of updated asset objects reloaded before import = 0
Number of asset objects unloaded after import = 3
========================================================================
Received Import Request.
  Time since last request: 0.000015 seconds.
  path: Assets/Resources/7326.dat.asset
  artifactKey: Guid(a06441fd903b41e9a221ddcad0eeeeb2) Importer(2089858483,0ecaa5967403d082aa24f35e1b516d23)
Start importing Assets/Resources/7326.dat.asset using Guid(a06441fd903b41e9a221ddcad0eeeeb2) Importer(2089858483,0ecaa5967403d082aa24f35e1b516d23) [PhysX] Initialized MultithreadedTaskDispatcher with 20 workers.
 -> (artifact id: 'd82734f7f821367e1625340207715692') in 0.003640 seconds
Number of updated asset objects reloaded before import = 0
Number of asset objects unloaded after import = 3
========================================================================
Received Import Request.
  Time since last request: 0.000011 seconds.
  path: Assets/Resources/7483.dat.asset
  artifactKey: Guid(5dce42e058a74db5a43eaeb59d3c18ca) Importer(2089858483,0ecaa5967403d082aa24f35e1b516d23)
Start importing Assets/Resources/7483.dat.asset using Guid(5dce42e058a74db5a43eaeb59d3c18ca) Importer(2089858483,0ecaa5967403d082aa24f35e1b516d23) [PhysX] Initialized MultithreadedTaskDispatcher with 20 workers.
 -> (artifact id: 'ee4f18d1f31480e25a3229a588b694bb') in 0.004322 seconds
Number of updated asset objects reloaded before import = 0
Number of asset objects unloaded after import = 3
========================================================================
Received Import Request.
  Time since last request: 0.000012 seconds.
  path: Assets/Resources/7454.dat.png
  artifactKey: Guid(e4d56e95d47c4db19aa6ab9c4344e53c) Importer(2089858483,0ecaa5967403d082aa24f35e1b516d23)
Start importing Assets/Resources/7454.dat.png using Guid(e4d56e95d47c4db19aa6ab9c4344e53c) Importer(2089858483,0ecaa5967403d082aa24f35e1b516d23) [PhysX] Initialized MultithreadedTaskDispatcher with 20 workers.
 -> (artifact id: '3f6b5bcc52fb0d7169894010616536fb') in 0.006852 seconds
Number of updated asset objects reloaded before import = 0
Number of asset objects unloaded after import = 3
========================================================================
Received Import Request.
  Time since last request: 0.000018 seconds.
  path: Assets/Resources/7312.dat.asset
  artifactKey: Guid(635de0c5f32547958b92ce2d20986e0c) Importer(2089858483,0ecaa5967403d082aa24f35e1b516d23)
Start importing Assets/Resources/7312.dat.asset using Guid(635de0c5f32547958b92ce2d20986e0c) Importer(2089858483,0ecaa5967403d082aa24f35e1b516d23) [PhysX] Initialized MultithreadedTaskDispatcher with 20 workers.
 -> (artifact id: '3780408f16b0a77fcb571ace2118ab13') in 0.005025 seconds
Number of updated asset objects reloaded before import = 0
Number of asset objects unloaded after import = 3
========================================================================
Received Import Request.
  Time since last request: 0.000015 seconds.
  path: Assets/Resources/7326.dat.png
  artifactKey: Guid(e4ccaa0fece6455fb6efa310a4f387da) Importer(2089858483,0ecaa5967403d082aa24f35e1b516d23)
Start importing Assets/Resources/7326.dat.png using Guid(e4ccaa0fece6455fb6efa310a4f387da) Importer(2089858483,0ecaa5967403d082aa24f35e1b516d23) [PhysX] Initialized MultithreadedTaskDispatcher with 20 workers.
 -> (artifact id: '732c64b88be4d2ec625f5527ce6964c7') in 0.007119 seconds
Number of updated asset objects reloaded before import = 0
Number of asset objects unloaded after import = 3
========================================================================
Received Import Request.
  Time since last request: 0.000014 seconds.
  path: Assets/Resources/7109.dat.png
  artifactKey: Guid(5e8c4b18a91a4ca3beb687f6b62fae0f) Importer(2089858483,0ecaa5967403d082aa24f35e1b516d23)
Start importing Assets/Resources/7109.dat.png using Guid(5e8c4b18a91a4ca3beb687f6b62fae0f) Importer(2089858483,0ecaa5967403d082aa24f35e1b516d23) [PhysX] Initialized MultithreadedTaskDispatcher with 20 workers.
 -> (artifact id: '76dbedc2aaa108209e86d13dae36ed66') in 0.012965 seconds
Number of updated asset objects reloaded before import = 0
Number of asset objects unloaded after import = 9
========================================================================
Received Import Request.
  Time since last request: 0.000016 seconds.
  path: Assets/Resources/7461.dat.asset
  artifactKey: Guid(5fe89c4de5374c658f32cbe1368e7729) Importer(2089858483,0ecaa5967403d082aa24f35e1b516d23)
Start importing Assets/Resources/7461.dat.asset using Guid(5fe89c4de5374c658f32cbe1368e7729) Importer(2089858483,0ecaa5967403d082aa24f35e1b516d23) [PhysX] Initialized MultithreadedTaskDispatcher with 20 workers.
 -> (artifact id: 'f8a925dc6c034e2a43585131a6fd1079') in 0.003651 seconds
Number of updated asset objects reloaded before import = 0
Number of asset objects unloaded after import = 3
========================================================================
Received Import Request.
  Time since last request: 0.000118 seconds.
  path: Assets/Resources/7341.dat.asset
  artifactKey: Guid(30f1a849a8fd46e898d8d7b9c57fcc43) Importer(2089858483,0ecaa5967403d082aa24f35e1b516d23)
Start importing Assets/Resources/7341.dat.asset using Guid(30f1a849a8fd46e898d8d7b9c57fcc43) Importer(2089858483,0ecaa5967403d082aa24f35e1b516d23) [PhysX] Initialized MultithreadedTaskDispatcher with 20 workers.
 -> (artifact id: 'cad0c36d792e55cfe5dc7dafd5eb37bb') in 0.003922 seconds
Number of updated asset objects reloaded before import = 0
Number of asset objects unloaded after import = 3
========================================================================
Received Import Request.
  Time since last request: 0.000012 seconds.
  path: Assets/Resources/7316.dat.asset
  artifactKey: Guid(c4de1257d2914d3bb4b8299ab2b684ce) Importer(2089858483,0ecaa5967403d082aa24f35e1b516d23)
Start importing Assets/Resources/7316.dat.asset using Guid(c4de1257d2914d3bb4b8299ab2b684ce) Importer(2089858483,0ecaa5967403d082aa24f35e1b516d23) [PhysX] Initialized MultithreadedTaskDispatcher with 20 workers.
 -> (artifact id: '5900e6f2507d087e21dfe28b34082dc5') in 0.004215 seconds
Number of updated asset objects reloaded before import = 0
Number of asset objects unloaded after import = 3
========================================================================
Received Import Request.
  Time since last request: 0.000014 seconds.
  path: Assets/Resources/7315.dat.png
  artifactKey: Guid(278848b393fd404380fc1fa71320196f) Importer(2089858483,0ecaa5967403d082aa24f35e1b516d23)
Start importing Assets/Resources/7315.dat.png using Guid(278848b393fd404380fc1fa71320196f) Importer(2089858483,0ecaa5967403d082aa24f35e1b516d23) [PhysX] Initialized MultithreadedTaskDispatcher with 20 workers.
 -> (artifact id: 'cd6e27311bc7343d4bef8ad9020d7bb3') in 0.008418 seconds
Number of updated asset objects reloaded before import = 0
Number of asset objects unloaded after import = 3
========================================================================
Received Import Request.
  Time since last request: 0.000016 seconds.
  path: Assets/Resources/7474.dat.png
  artifactKey: Guid(35e0ac0490254f97ae83cbe599ebc656) Importer(2089858483,0ecaa5967403d082aa24f35e1b516d23)
Start importing Assets/Resources/7474.dat.png using Guid(35e0ac0490254f97ae83cbe599ebc656) Importer(2089858483,0ecaa5967403d082aa24f35e1b516d23) [PhysX] Initialized MultithreadedTaskDispatcher with 20 workers.
 -> (artifact id: '233e3df8705fb5802451e769c1fc0f82') in 0.007924 seconds
Number of updated asset objects reloaded before import = 0
Number of asset objects unloaded after import = 3
========================================================================
Received Import Request.
  Time since last request: 0.000013 seconds.
  path: Assets/Resources/7478.dat.asset
  artifactKey: Guid(c0c728e96aaa468a90db627e22bbe903) Importer(2089858483,0ecaa5967403d082aa24f35e1b516d23)
Start importing Assets/Resources/7478.dat.asset using Guid(c0c728e96aaa468a90db627e22bbe903) Importer(2089858483,0ecaa5967403d082aa24f35e1b516d23) [PhysX] Initialized MultithreadedTaskDispatcher with 20 workers.
 -> (artifact id: '02905f3fe8db465ac9564bc70513ec0e') in 0.003608 seconds
Number of updated asset objects reloaded before import = 0
Number of asset objects unloaded after import = 3
========================================================================
Received Import Request.
  Time since last request: 0.000012 seconds.
  path: Assets/Resources/7331.dat.png
  artifactKey: Guid(ad0b2cc8c7ba4871bf3244ccaad0b0c6) Importer(2089858483,0ecaa5967403d082aa24f35e1b516d23)
Start importing Assets/Resources/7331.dat.png using Guid(ad0b2cc8c7ba4871bf3244ccaad0b0c6) Importer(2089858483,0ecaa5967403d082aa24f35e1b516d23) [PhysX] Initialized MultithreadedTaskDispatcher with 20 workers.
 -> (artifact id: '2d39d1a4b08d175c83557ee55e1dda0e') in 0.007326 seconds
Number of updated asset objects reloaded before import = 0
Number of asset objects unloaded after import = 3
========================================================================
Received Import Request.
  Time since last request: 0.000015 seconds.
  path: Assets/Resources/7343.dat.asset
  artifactKey: Guid(7eef882573e4490f9d00e3fdb395cd3c) Importer(2089858483,0ecaa5967403d082aa24f35e1b516d23)
Start importing Assets/Resources/7343.dat.asset using Guid(7eef882573e4490f9d00e3fdb395cd3c) Importer(2089858483,0ecaa5967403d082aa24f35e1b516d23) [PhysX] Initialized MultithreadedTaskDispatcher with 20 workers.
 -> (artifact id: '9037e48adee48eed4acaa4b98319dc76') in 0.003440 seconds
Number of updated asset objects reloaded before import = 0
Number of asset objects unloaded after import = 3
========================================================================
Received Import Request.
  Time since last request: 0.000011 seconds.
  path: Assets/Resources/7474.dat.asset
  artifactKey: Guid(b91aea7cd27b424abe96f54cb6f6b82a) Importer(2089858483,0ecaa5967403d082aa24f35e1b516d23)
Start importing Assets/Resources/7474.dat.asset using Guid(b91aea7cd27b424abe96f54cb6f6b82a) Importer(2089858483,0ecaa5967403d082aa24f35e1b516d23) [PhysX] Initialized MultithreadedTaskDispatcher with 20 workers.
 -> (artifact id: '87a59f313cf5f712e67ab97100649cf7') in 0.003752 seconds
Number of updated asset objects reloaded before import = 0
Number of asset objects unloaded after import = 3
========================================================================
Received Import Request.
  Time since last request: 0.000012 seconds.
  path: Assets/Resources/7449.dat.png
  artifactKey: Guid(9ed19badedbb435590cffc43a377a9b6) Importer(2089858483,0ecaa5967403d082aa24f35e1b516d23)
Start importing Assets/Resources/7449.dat.png using Guid(9ed19badedbb435590cffc43a377a9b6) Importer(2089858483,0ecaa5967403d082aa24f35e1b516d23) [PhysX] Initialized MultithreadedTaskDispatcher with 20 workers.
 -> (artifact id: '5ebd5ecac90092dccbb62bdcc5263a6a') in 0.007907 seconds
Number of updated asset objects reloaded before import = 0
Number of asset objects unloaded after import = 3
========================================================================
Received Import Request.
  Time since last request: 0.000020 seconds.
  path: Assets/Resources/7355.dat.png
  artifactKey: Guid(07c91825127f4f67bf46499eb13cf9d5) Importer(2089858483,0ecaa5967403d082aa24f35e1b516d23)
Start importing Assets/Resources/7355.dat.png using Guid(07c91825127f4f67bf46499eb13cf9d5) Importer(2089858483,0ecaa5967403d082aa24f35e1b516d23) [PhysX] Initialized MultithreadedTaskDispatcher with 20 workers.
 -> (artifact id: '309709245a0df2b9c7ef155c38d502ae') in 0.007123 seconds
Number of updated asset objects reloaded before import = 0
Number of asset objects unloaded after import = 3
========================================================================
Received Import Request.
  Time since last request: 0.000014 seconds.
  path: Assets/Resources/7366.dat.asset
  artifactKey: Guid(cf5aa927b7b34258826e12a30d33f2ca) Importer(2089858483,0ecaa5967403d082aa24f35e1b516d23)
Start importing Assets/Resources/7366.dat.asset using Guid(cf5aa927b7b34258826e12a30d33f2ca) Importer(2089858483,0ecaa5967403d082aa24f35e1b516d23) [PhysX] Initialized MultithreadedTaskDispatcher with 20 workers.
 -> (artifact id: 'b188cda3e44fa6a0b946b699de5066f3') in 0.003485 seconds
Number of updated asset objects reloaded before import = 0
Number of asset objects unloaded after import = 3
========================================================================
Received Import Request.
  Time since last request: 0.000012 seconds.
  path: Assets/Resources/7357.dat.asset
  artifactKey: Guid(b1080093127841b28dfbed940fcbf35d) Importer(2089858483,0ecaa5967403d082aa24f35e1b516d23)
Start importing Assets/Resources/7357.dat.asset using Guid(b1080093127841b28dfbed940fcbf35d) Importer(2089858483,0ecaa5967403d082aa24f35e1b516d23) [PhysX] Initialized MultithreadedTaskDispatcher with 20 workers.
 -> (artifact id: 'd5a34edca5d4eac36e85f7f1799e6470') in 0.004363 seconds
Number of updated asset objects reloaded before import = 0
Number of asset objects unloaded after import = 3
========================================================================
Received Import Request.
  Time since last request: 0.000013 seconds.
  path: Assets/Resources/6643.dat.png
  artifactKey: Guid(a4f151c01c3f4b5fa11b01cf271e6c3a) Importer(2089858483,0ecaa5967403d082aa24f35e1b516d23)
Start importing Assets/Resources/6643.dat.png using Guid(a4f151c01c3f4b5fa11b01cf271e6c3a) Importer(2089858483,0ecaa5967403d082aa24f35e1b516d23) [PhysX] Initialized MultithreadedTaskDispatcher with 20 workers.
 -> (artifact id: '07079f53b532b4c5fed091706944eb3e') in 0.008743 seconds
Number of updated asset objects reloaded before import = 0
Number of asset objects unloaded after import = 5
========================================================================
Received Import Request.
  Time since last request: 0.000014 seconds.
  path: Assets/Resources/7360.dat.asset
  artifactKey: Guid(092876020cb644bab25aea183932ac83) Importer(2089858483,0ecaa5967403d082aa24f35e1b516d23)
Start importing Assets/Resources/7360.dat.asset using Guid(092876020cb644bab25aea183932ac83) Importer(2089858483,0ecaa5967403d082aa24f35e1b516d23) [PhysX] Initialized MultithreadedTaskDispatcher with 20 workers.
 -> (artifact id: '43513a03d314ee2ee71cb87ca027076d') in 0.003639 seconds
Number of updated asset objects reloaded before import = 0
Number of asset objects unloaded after import = 3
========================================================================
Received Import Request.
  Time since last request: 0.000012 seconds.
  path: Assets/Resources/7329.dat.png
  artifactKey: Guid(09e5cb6c165b408981bc1066bcfa2f05) Importer(2089858483,0ecaa5967403d082aa24f35e1b516d23)
Start importing Assets/Resources/7329.dat.png using Guid(09e5cb6c165b408981bc1066bcfa2f05) Importer(2089858483,0ecaa5967403d082aa24f35e1b516d23) [PhysX] Initialized MultithreadedTaskDispatcher with 20 workers.
 -> (artifact id: '729c39f1cb0532f40191e07e3c2e9169') in 0.006902 seconds
Number of updated asset objects reloaded before import = 0
Number of asset objects unloaded after import = 3
========================================================================
Received Import Request.
  Time since last request: 0.000015 seconds.
  path: Assets/Resources/7354.dat.png
  artifactKey: Guid(7507925ff3064951ae958b8ef3c39c04) Importer(2089858483,0ecaa5967403d082aa24f35e1b516d23)
Start importing Assets/Resources/7354.dat.png using Guid(7507925ff3064951ae958b8ef3c39c04) Importer(2089858483,0ecaa5967403d082aa24f35e1b516d23) [PhysX] Initialized MultithreadedTaskDispatcher with 20 workers.
 -> (artifact id: '26609a632a610221037a45c2115aac14') in 0.008753 seconds
Number of updated asset objects reloaded before import = 0
Number of asset objects unloaded after import = 3
========================================================================
Received Import Request.
  Time since last request: 0.000013 seconds.
  path: Assets/Resources/7453.dat.asset
  artifactKey: Guid(931fd5101fde479fb7339f230f754383) Importer(2089858483,0ecaa5967403d082aa24f35e1b516d23)
Start importing Assets/Resources/7453.dat.asset using Guid(931fd5101fde479fb7339f230f754383) Importer(2089858483,0ecaa5967403d082aa24f35e1b516d23) [PhysX] Initialized MultithreadedTaskDispatcher with 20 workers.
 -> (artifact id: 'b38326f2fe600e7cabe5501c4b93e9c6') in 0.003922 seconds
Number of updated asset objects reloaded before import = 0
Number of asset objects unloaded after import = 3
========================================================================
Received Import Request.
  Time since last request: 0.000014 seconds.
  path: Assets/Resources/7314.dat.png
  artifactKey: Guid(8c0431bb87ec47dbae25cebf877a7fae) Importer(2089858483,0ecaa5967403d082aa24f35e1b516d23)
Start importing Assets/Resources/7314.dat.png using Guid(8c0431bb87ec47dbae25cebf877a7fae) Importer(2089858483,0ecaa5967403d082aa24f35e1b516d23) [PhysX] Initialized MultithreadedTaskDispatcher with 20 workers.
 -> (artifact id: '4daaf98009f1dae21905df13c78ab9cd') in 0.007068 seconds
Number of updated asset objects reloaded before import = 0
Number of asset objects unloaded after import = 3
========================================================================
Received Import Request.
  Time since last request: 0.000013 seconds.
  path: Assets/Resources/6644.dat.png
  artifactKey: Guid(62cbd5b573744047888a13f501450325) Importer(2089858483,0ecaa5967403d082aa24f35e1b516d23)
Start importing Assets/Resources/6644.dat.png using Guid(62cbd5b573744047888a13f501450325) Importer(2089858483,0ecaa5967403d082aa24f35e1b516d23) [PhysX] Initialized MultithreadedTaskDispatcher with 20 workers.
 -> (artifact id: 'f2bb242f7f3728c64043309204252161') in 0.008778 seconds
Number of updated asset objects reloaded before import = 0
Number of asset objects unloaded after import = 4
========================================================================
Received Import Request.
  Time since last request: 0.000014 seconds.
  path: Assets/Resources/7350.dat.png
  artifactKey: Guid(8047fde8534e4ae38ca87035534f33af) Importer(2089858483,0ecaa5967403d082aa24f35e1b516d23)
Start importing Assets/Resources/7350.dat.png using Guid(8047fde8534e4ae38ca87035534f33af) Importer(2089858483,0ecaa5967403d082aa24f35e1b516d23) [PhysX] Initialized MultithreadedTaskDispatcher with 20 workers.
 -> (artifact id: '37267e8d4503b659a1950da55ab28711') in 0.006891 seconds
Number of updated asset objects reloaded before import = 0
Number of asset objects unloaded after import = 3
========================================================================
Received Import Request.
  Time since last request: 0.000040 seconds.
  path: Assets/Resources/7340.dat.asset
  artifactKey: Guid(9ace894046c5497ebe13feef20a372b9) Importer(2089858483,0ecaa5967403d082aa24f35e1b516d23)
Start importing Assets/Resources/7340.dat.asset using Guid(9ace894046c5497ebe13feef20a372b9) Importer(2089858483,0ecaa5967403d082aa24f35e1b516d23) [PhysX] Initialized MultithreadedTaskDispatcher with 20 workers.
 -> (artifact id: '3319504fcdb19a139957a60a520bd3d2') in 0.003845 seconds
Number of updated asset objects reloaded before import = 0
Number of asset objects unloaded after import = 3
========================================================================
Received Import Request.
  Time since last request: 0.000018 seconds.
  path: Assets/Resources/7362.dat.png
  artifactKey: Guid(788b27a21cc8464189105f81ca6ac886) Importer(2089858483,0ecaa5967403d082aa24f35e1b516d23)
Start importing Assets/Resources/7362.dat.png using Guid(788b27a21cc8464189105f81ca6ac886) Importer(2089858483,0ecaa5967403d082aa24f35e1b516d23) [PhysX] Initialized MultithreadedTaskDispatcher with 20 workers.
 -> (artifact id: '353380087772a684f622e249b807e4e8') in 0.010756 seconds
Number of updated asset objects reloaded before import = 0
Number of asset objects unloaded after import = 3
========================================================================
Received Import Request.
  Time since last request: 0.000021 seconds.
  path: Assets/Resources/7313.dat.png
  artifactKey: Guid(b670c213b38a45be8a7fe89746f122c6) Importer(2089858483,0ecaa5967403d082aa24f35e1b516d23)
Start importing Assets/Resources/7313.dat.png using Guid(b670c213b38a45be8a7fe89746f122c6) Importer(2089858483,0ecaa5967403d082aa24f35e1b516d23) [PhysX] Initialized MultithreadedTaskDispatcher with 20 workers.
 -> (artifact id: '192e3dfca0771b9557e36882ea47c1cc') in 0.008035 seconds
Number of updated asset objects reloaded before import = 0
Number of asset objects unloaded after import = 3
========================================================================
Received Import Request.
  Time since last request: 0.000014 seconds.
  path: Assets/Resources/7470.dat.asset
  artifactKey: Guid(5ade0d54fab24a37ac3b26c432d881a3) Importer(2089858483,0ecaa5967403d082aa24f35e1b516d23)
Start importing Assets/Resources/7470.dat.asset using Guid(5ade0d54fab24a37ac3b26c432d881a3) Importer(2089858483,0ecaa5967403d082aa24f35e1b516d23) [PhysX] Initialized MultithreadedTaskDispatcher with 20 workers.
 -> (artifact id: 'c15ed1acf5043114797077ba7e0a7dd2') in 0.003876 seconds
Number of updated asset objects reloaded before import = 0
Number of asset objects unloaded after import = 3
========================================================================
Received Import Request.
  Time since last request: 0.000014 seconds.
  path: Assets/Resources/7482.dat.asset
  artifactKey: Guid(bcd811dab50840ec8269275a9cd37f11) Importer(2089858483,0ecaa5967403d082aa24f35e1b516d23)
Start importing Assets/Resources/7482.dat.asset using Guid(bcd811dab50840ec8269275a9cd37f11) Importer(2089858483,0ecaa5967403d082aa24f35e1b516d23) [PhysX] Initialized MultithreadedTaskDispatcher with 20 workers.
 -> (artifact id: '15c30bdf7ff7374777096ac55b576e00') in 0.003758 seconds
Number of updated asset objects reloaded before import = 0
Number of asset objects unloaded after import = 3
========================================================================
Received Import Request.
  Time since last request: 0.000015 seconds.
  path: Assets/Resources/7311.dat.asset
  artifactKey: Guid(db5341527e824a6eacb52022b8e47363) Importer(2089858483,0ecaa5967403d082aa24f35e1b516d23)
Start importing Assets/Resources/7311.dat.asset using Guid(db5341527e824a6eacb52022b8e47363) Importer(2089858483,0ecaa5967403d082aa24f35e1b516d23) [PhysX] Initialized MultithreadedTaskDispatcher with 20 workers.
 -> (artifact id: '4e82161f54a495797c014936599f717e') in 0.003381 seconds
Number of updated asset objects reloaded before import = 0
Number of asset objects unloaded after import = 3
========================================================================
Received Import Request.
  Time since last request: 0.000011 seconds.
  path: Assets/Resources/7347.dat.png
  artifactKey: Guid(31053f29f158479eb4298bde4938f4c0) Importer(2089858483,0ecaa5967403d082aa24f35e1b516d23)
Start importing Assets/Resources/7347.dat.png using Guid(31053f29f158479eb4298bde4938f4c0) Importer(2089858483,0ecaa5967403d082aa24f35e1b516d23) [PhysX] Initialized MultithreadedTaskDispatcher with 20 workers.
 -> (artifact id: 'ccf798147fc2b792efe3f51b110f7cd3') in 0.157956 seconds
Number of updated asset objects reloaded before import = 0
Number of asset objects unloaded after import = 3
========================================================================
Received Import Request.
  Time since last request: 0.000028 seconds.
  path: Assets/Resources/7456.dat.png
  artifactKey: Guid(9a3f57b96439411b99305c2a6906f25a) Importer(2089858483,0ecaa5967403d082aa24f35e1b516d23)
Start importing Assets/Resources/7456.dat.png using Guid(9a3f57b96439411b99305c2a6906f25a) Importer(2089858483,0ecaa5967403d082aa24f35e1b516d23) [PhysX] Initialized MultithreadedTaskDispatcher with 20 workers.
 -> (artifact id: 'd4879200eedd74ca131dfc229b45ae04') in 0.008986 seconds
Number of updated asset objects reloaded before import = 0
Number of asset objects unloaded after import = 3
========================================================================
Received Import Request.
  Time since last request: 0.000014 seconds.
  path: Assets/Resources/7333.dat.png
  artifactKey: Guid(5752af5128634c9bba64bac3d5285ccf) Importer(2089858483,0ecaa5967403d082aa24f35e1b516d23)
Start importing Assets/Resources/7333.dat.png using Guid(5752af5128634c9bba64bac3d5285ccf) Importer(2089858483,0ecaa5967403d082aa24f35e1b516d23) [PhysX] Initialized MultithreadedTaskDispatcher with 20 workers.
 -> (artifact id: '0ffb7bea1db63c3bd560fa9202c04aaa') in 0.008377 seconds
Number of updated asset objects reloaded before import = 0
Number of asset objects unloaded after import = 3
========================================================================
Received Import Request.
  Time since last request: 0.000014 seconds.
  path: Assets/Resources/7482.dat.png
  artifactKey: Guid(e882b7c54b8c487ea3d76d44e74a90aa) Importer(2089858483,0ecaa5967403d082aa24f35e1b516d23)
Start importing Assets/Resources/7482.dat.png using Guid(e882b7c54b8c487ea3d76d44e74a90aa) Importer(2089858483,0ecaa5967403d082aa24f35e1b516d23) [PhysX] Initialized MultithreadedTaskDispatcher with 20 workers.
 -> (artifact id: '881b7d7cdf97e15c5432b682615eca29') in 0.006531 seconds
Number of updated asset objects reloaded before import = 0
Number of asset objects unloaded after import = 3
========================================================================
Received Import Request.
  Time since last request: 0.000014 seconds.
  path: Assets/Resources/7365.dat.asset
  artifactKey: Guid(abc37fcc6c5740b6a247b710d086530c) Importer(2089858483,0ecaa5967403d082aa24f35e1b516d23)
Start importing Assets/Resources/7365.dat.asset using Guid(abc37fcc6c5740b6a247b710d086530c) Importer(2089858483,0ecaa5967403d082aa24f35e1b516d23) [PhysX] Initialized MultithreadedTaskDispatcher with 20 workers.
 -> (artifact id: '4a6e20ca9a8ee6aa667d066fb7e0044a') in 0.004472 seconds
Number of updated asset objects reloaded before import = 0
Number of asset objects unloaded after import = 3
========================================================================
Received Import Request.
  Time since last request: 0.000015 seconds.
  path: Assets/Resources/7473.dat.png
  artifactKey: Guid(d75c2ec0eee5487db5d2340f55dfcb80) Importer(2089858483,0ecaa5967403d082aa24f35e1b516d23)
Start importing Assets/Resources/7473.dat.png using Guid(d75c2ec0eee5487db5d2340f55dfcb80) Importer(2089858483,0ecaa5967403d082aa24f35e1b516d23) [PhysX] Initialized MultithreadedTaskDispatcher with 20 workers.
 -> (artifact id: '207cd88573890e8f3c818a06e23e667e') in 0.007494 seconds
Number of updated asset objects reloaded before import = 0
Number of asset objects unloaded after import = 3
========================================================================
Received Import Request.
  Time since last request: 0.000022 seconds.
  path: Assets/Resources/7313.dat.asset
  artifactKey: Guid(4b8b34a53e464ef7a7b0015d37a85fd8) Importer(2089858483,0ecaa5967403d082aa24f35e1b516d23)
Start importing Assets/Resources/7313.dat.asset using Guid(4b8b34a53e464ef7a7b0015d37a85fd8) Importer(2089858483,0ecaa5967403d082aa24f35e1b516d23) [PhysX] Initialized MultithreadedTaskDispatcher with 20 workers.
 -> (artifact id: 'ee459649d0149dbab24a88476c9c130e') in 0.022111 seconds
Number of updated asset objects reloaded before import = 0
Number of asset objects unloaded after import = 3
========================================================================
Received Import Request.
  Time since last request: 0.000017 seconds.
  path: Assets/Resources/7467.dat.png
  artifactKey: Guid(515116175f0d458584e224e174661678) Importer(2089858483,0ecaa5967403d082aa24f35e1b516d23)
Start importing Assets/Resources/7467.dat.png using Guid(515116175f0d458584e224e174661678) Importer(2089858483,0ecaa5967403d082aa24f35e1b516d23) [PhysX] Initialized MultithreadedTaskDispatcher with 20 workers.
 -> (artifact id: 'b21df00b205a41b86290f1e639c5789d') in 0.008311 seconds
Number of updated asset objects reloaded before import = 0
Number of asset objects unloaded after import = 3
========================================================================
Received Import Request.
  Time since last request: 0.000015 seconds.
  path: Assets/Resources/7337.dat.png
  artifactKey: Guid(049784db2ce04085bba62dfdb81851c1) Importer(2089858483,0ecaa5967403d082aa24f35e1b516d23)
Start importing Assets/Resources/7337.dat.png using Guid(049784db2ce04085bba62dfdb81851c1) Importer(2089858483,0ecaa5967403d082aa24f35e1b516d23) [PhysX] Initialized MultithreadedTaskDispatcher with 20 workers.
 -> (artifact id: '3ce846f7361d197876545e46303039f1') in 0.007757 seconds
Number of updated asset objects reloaded before import = 0
Number of asset objects unloaded after import = 3
========================================================================
Received Import Request.
  Time since last request: 0.000289 seconds.
  path: Assets/Resources/7449.dat.asset
  artifactKey: Guid(9d09538df7ae4102a8dc732b33fe8867) Importer(2089858483,0ecaa5967403d082aa24f35e1b516d23)
Start importing Assets/Resources/7449.dat.asset using Guid(9d09538df7ae4102a8dc732b33fe8867) Importer(2089858483,0ecaa5967403d082aa24f35e1b516d23) [PhysX] Initialized MultithreadedTaskDispatcher with 20 workers.
 -> (artifact id: '54f48f62d7eba0ea1665026d9bce38da') in 0.004685 seconds
Number of updated asset objects reloaded before import = 0
Number of asset objects unloaded after import = 3
========================================================================
Received Import Request.
  Time since last request: 0.000014 seconds.
  path: Assets/Resources/7468.dat.asset
  artifactKey: Guid(3047832f5f824d5dbb7a6ddb5b12aa8a) Importer(2089858483,0ecaa5967403d082aa24f35e1b516d23)
Start importing Assets/Resources/7468.dat.asset using Guid(3047832f5f824d5dbb7a6ddb5b12aa8a) Importer(2089858483,0ecaa5967403d082aa24f35e1b516d23) [PhysX] Initialized MultithreadedTaskDispatcher with 20 workers.
 -> (artifact id: 'e1bd33125f7ad19e2bd13cf0d9889835') in 0.004527 seconds
Number of updated asset objects reloaded before import = 0
Number of asset objects unloaded after import = 3
========================================================================
Received Import Request.
  Time since last request: 0.000015 seconds.
  path: Assets/Resources/7352.dat.asset
  artifactKey: Guid(fa178c2210b048b69e72a2e5d59aefa6) Importer(2089858483,0ecaa5967403d082aa24f35e1b516d23)
Start importing Assets/Resources/7352.dat.asset using Guid(fa178c2210b048b69e72a2e5d59aefa6) Importer(2089858483,0ecaa5967403d082aa24f35e1b516d23) [PhysX] Initialized MultithreadedTaskDispatcher with 20 workers.
 -> (artifact id: 'b5ff10ef7271d6befbcd4e878143c046') in 0.004547 seconds
Number of updated asset objects reloaded before import = 0
Number of asset objects unloaded after import = 3
========================================================================
Received Import Request.
  Time since last request: 0.000013 seconds.
  path: Assets/Resources/7337.dat.asset
  artifactKey: Guid(0990e19621f54bee97ae2114be6ff84e) Importer(2089858483,0ecaa5967403d082aa24f35e1b516d23)
Start importing Assets/Resources/7337.dat.asset using Guid(0990e19621f54bee97ae2114be6ff84e) Importer(2089858483,0ecaa5967403d082aa24f35e1b516d23) [PhysX] Initialized MultithreadedTaskDispatcher with 20 workers.
 -> (artifact id: 'b99b06d016168e08834e394d695b5dc8') in 0.003603 seconds
Number of updated asset objects reloaded before import = 0
Number of asset objects unloaded after import = 3
========================================================================
Received Import Request.
  Time since last request: 0.000017 seconds.
  path: Assets/Resources/6515.dat.png
  artifactKey: Guid(35d4eedc4131480d807c92524483af2c) Importer(2089858483,0ecaa5967403d082aa24f35e1b516d23)
Start importing Assets/Resources/6515.dat.png using Guid(35d4eedc4131480d807c92524483af2c) Importer(2089858483,0ecaa5967403d082aa24f35e1b516d23) [PhysX] Initialized MultithreadedTaskDispatcher with 20 workers.
 -> (artifact id: '738cdfc2edb8f755f1f31fb44c3b82c7') in 0.009805 seconds
Number of updated asset objects reloaded before import = 0
Number of asset objects unloaded after import = 4
========================================================================
Received Import Request.
  Time since last request: 0.000014 seconds.
  path: Assets/Resources/7311.dat.png
  artifactKey: Guid(e9ef3f017815426cb26d471089a659e9) Importer(2089858483,0ecaa5967403d082aa24f35e1b516d23)
Start importing Assets/Resources/7311.dat.png using Guid(e9ef3f017815426cb26d471089a659e9) Importer(2089858483,0ecaa5967403d082aa24f35e1b516d23) [PhysX] Initialized MultithreadedTaskDispatcher with 20 workers.
 -> (artifact id: '222467f2261a5c2bf697e6c5d0391f1f') in 0.007575 seconds
Number of updated asset objects reloaded before import = 0
Number of asset objects unloaded after import = 3
========================================================================
Received Import Request.
  Time since last request: 0.000015 seconds.
  path: Assets/Resources/6650.dat.png
  artifactKey: Guid(3f7c277abf6741848f7ad81108bd53bd) Importer(2089858483,0ecaa5967403d082aa24f35e1b516d23)
Start importing Assets/Resources/6650.dat.png using Guid(3f7c277abf6741848f7ad81108bd53bd) Importer(2089858483,0ecaa5967403d082aa24f35e1b516d23) [PhysX] Initialized MultithreadedTaskDispatcher with 20 workers.
 -> (artifact id: '2d9106bb2473c4a12e3a466f1c22ecc0') in 0.009591 seconds
Number of updated asset objects reloaded before import = 0
Number of asset objects unloaded after import = 4
========================================================================
Received Import Request.
  Time since last request: 0.000024 seconds.
  path: Assets/Resources/7452.dat.asset
  artifactKey: Guid(1ae0b8ff69a54e459a1c2fa9a4e8cfc2) Importer(2089858483,0ecaa5967403d082aa24f35e1b516d23)
Start importing Assets/Resources/7452.dat.asset using Guid(1ae0b8ff69a54e459a1c2fa9a4e8cfc2) Importer(2089858483,0ecaa5967403d082aa24f35e1b516d23) [PhysX] Initialized MultithreadedTaskDispatcher with 20 workers.
 -> (artifact id: '7b19640b6943c68e27ccb2d0b897d6f8') in 0.004358 seconds
Number of updated asset objects reloaded before import = 0
Number of asset objects unloaded after import = 3
========================================================================
Received Import Request.
  Time since last request: 0.000023 seconds.
  path: Assets/Resources/7467.dat.asset
  artifactKey: Guid(9f4f12c8ad8e4391b3c8f8e6416a66aa) Importer(2089858483,0ecaa5967403d082aa24f35e1b516d23)
Start importing Assets/Resources/7467.dat.asset using Guid(9f4f12c8ad8e4391b3c8f8e6416a66aa) Importer(2089858483,0ecaa5967403d082aa24f35e1b516d23) [PhysX] Initialized MultithreadedTaskDispatcher with 20 workers.
 -> (artifact id: '924d5cfa10e20c9f4aa44c2b98809898') in 0.003937 seconds
Number of updated asset objects reloaded before import = 0
Number of asset objects unloaded after import = 3
========================================================================
Received Import Request.
  Time since last request: 0.000015 seconds.
  path: Assets/Resources/7471.dat.asset
  artifactKey: Guid(f7b48811fb03482da81e01b0e6b1745f) Importer(2089858483,0ecaa5967403d082aa24f35e1b516d23)
Start importing Assets/Resources/7471.dat.asset using Guid(f7b48811fb03482da81e01b0e6b1745f) Importer(2089858483,0ecaa5967403d082aa24f35e1b516d23) [PhysX] Initialized MultithreadedTaskDispatcher with 20 workers.
 -> (artifact id: '078a0041511d3fde3c3d308042751d73') in 0.003908 seconds
Number of updated asset objects reloaded before import = 0
Number of asset objects unloaded after import = 3
========================================================================
Received Import Request.
  Time since last request: 0.000025 seconds.
  path: Assets/Resources/7358.dat.asset
  artifactKey: Guid(1042a239a3f645ff928a6f9fed2a8aae) Importer(2089858483,0ecaa5967403d082aa24f35e1b516d23)
Start importing Assets/Resources/7358.dat.asset using Guid(1042a239a3f645ff928a6f9fed2a8aae) Importer(2089858483,0ecaa5967403d082aa24f35e1b516d23) [PhysX] Initialized MultithreadedTaskDispatcher with 20 workers.
 -> (artifact id: 'b782009777b60873c8e1fc3e29a08384') in 0.003819 seconds
Number of updated asset objects reloaded before import = 0
Number of asset objects unloaded after import = 3
========================================================================
Received Import Request.
  Time since last request: 0.000014 seconds.
  path: Assets/Resources/7322.dat.png
  artifactKey: Guid(f86d69892e7d46cc92a91c9d13c8263e) Importer(2089858483,0ecaa5967403d082aa24f35e1b516d23)
Start importing Assets/Resources/7322.dat.png using Guid(f86d69892e7d46cc92a91c9d13c8263e) Importer(2089858483,0ecaa5967403d082aa24f35e1b516d23) [PhysX] Initialized MultithreadedTaskDispatcher with 20 workers.
 -> (artifact id: '9cd0bf04bafd02e9ae627ffbaf3a9373') in 0.008162 seconds
Number of updated asset objects reloaded before import = 0
Number of asset objects unloaded after import = 3
========================================================================
Received Import Request.
  Time since last request: 0.000015 seconds.
  path: Assets/Resources/7455.dat.png
  artifactKey: Guid(e90e703c4e7d44c482592103804f533a) Importer(2089858483,0ecaa5967403d082aa24f35e1b516d23)
Start importing Assets/Resources/7455.dat.png using Guid(e90e703c4e7d44c482592103804f533a) Importer(2089858483,0ecaa5967403d082aa24f35e1b516d23) [PhysX] Initialized MultithreadedTaskDispatcher with 20 workers.
 -> (artifact id: '9f44fabe250b011baaedd71aa4d112eb') in 0.007672 seconds
Number of updated asset objects reloaded before import = 0
Number of asset objects unloaded after import = 3
========================================================================
Received Import Request.
  Time since last request: 0.000012 seconds.
  path: Assets/Resources/6648.dat.png
  artifactKey: Guid(1f57d48a83184aacb05292598faf0d64) Importer(2089858483,0ecaa5967403d082aa24f35e1b516d23)
Start importing Assets/Resources/6648.dat.png using Guid(1f57d48a83184aacb05292598faf0d64) Importer(2089858483,0ecaa5967403d082aa24f35e1b516d23) [PhysX] Initialized MultithreadedTaskDispatcher with 20 workers.
 -> (artifact id: '8fd14d83b0f921cc388ef460045762f2') in 0.012417 seconds
Number of updated asset objects reloaded before import = 0
Number of asset objects unloaded after import = 10
========================================================================
Received Import Request.
  Time since last request: 0.244536 seconds.
  path: Assets/Resources/7484.dat.asset
  artifactKey: Guid(5f83ece0aa324754bb0ed3cde959bba0) Importer(2089858483,0ecaa5967403d082aa24f35e1b516d23)
Start importing Assets/Resources/7484.dat.asset using Guid(5f83ece0aa324754bb0ed3cde959bba0) Importer(2089858483,0ecaa5967403d082aa24f35e1b516d23) [PhysX] Initialized MultithreadedTaskDispatcher with 20 workers.
 -> (artifact id: '83977c2aaa09e2f013f3588fd701a95f') in 0.005243 seconds
Number of updated asset objects reloaded before import = 0
Number of asset objects unloaded after import = 3
========================================================================
Received Import Request.
  Time since last request: 0.000014 seconds.
  path: Assets/Scripts/主界面UI脚本.cs
  artifactKey: Guid(a5ebdecde24f0dd3b36c23c109f70c33) Importer(2089858483,0ecaa5967403d082aa24f35e1b516d23)
Start importing Assets/Scripts/主界面UI脚本.cs using Guid(a5ebdecde24f0dd3b36c23c109f70c33) Importer(2089858483,0ecaa5967403d082aa24f35e1b516d23) [PhysX] Initialized MultithreadedTaskDispatcher with 20 workers.
 -> (artifact id: 'd4fa2721ddab4220791fac66b87e3c41') in 0.003331 seconds
Number of updated asset objects reloaded before import = 0
Number of asset objects unloaded after import = 1
========================================================================
Received Import Request.
  Time since last request: 0.000016 seconds.
  path: Assets/Resources/骑兵_等待.png
  artifactKey: Guid(773d12be5abc4cdc833bf11f00c65f3d) Importer(2089858483,0ecaa5967403d082aa24f35e1b516d23)
Start importing Assets/Resources/骑兵_等待.png using Guid(773d12be5abc4cdc833bf11f00c65f3d) Importer(2089858483,0ecaa5967403d082aa24f35e1b516d23) [PhysX] Initialized MultithreadedTaskDispatcher with 20 workers.
 -> (artifact id: '963ee69aea908198c552767d84881919') in 0.013064 seconds
Number of updated asset objects reloaded before import = 0
Number of asset objects unloaded after import = 8
========================================================================
Received Import Request.
  Time since last request: 0.000014 seconds.
  path: Assets/Resources/7499.dat.png
  artifactKey: Guid(11f8d479200b42df899780aa3c688cf7) Importer(2089858483,0ecaa5967403d082aa24f35e1b516d23)
Start importing Assets/Resources/7499.dat.png using Guid(11f8d479200b42df899780aa3c688cf7) Importer(2089858483,0ecaa5967403d082aa24f35e1b516d23) [PhysX] Initialized MultithreadedTaskDispatcher with 20 workers.
 -> (artifact id: 'e82ad96ee2aebc0455ab97fe39094ba3') in 0.007167 seconds
Number of updated asset objects reloaded before import = 0
Number of asset objects unloaded after import = 3
========================================================================
Received Import Request.
  Time since last request: 0.000013 seconds.
  path: Assets/Resources/7486.dat.asset
  artifactKey: Guid(95d651ad1efe4926b0cbfd6dc65a5e9c) Importer(2089858483,0ecaa5967403d082aa24f35e1b516d23)
Start importing Assets/Resources/7486.dat.asset using Guid(95d651ad1efe4926b0cbfd6dc65a5e9c) Importer(2089858483,0ecaa5967403d082aa24f35e1b516d23) [PhysX] Initialized MultithreadedTaskDispatcher with 20 workers.
 -> (artifact id: '0a525ef4e9ce346696577403ac680a7c') in 0.003558 seconds
Number of updated asset objects reloaded before import = 0
Number of asset objects unloaded after import = 3
========================================================================
Received Import Request.
  Time since last request: 0.000012 seconds.
  path: Assets/Resources/伤害数字.png
  artifactKey: Guid(1aa8014d480d4d479cae9552816152c7) Importer(2089858483,0ecaa5967403d082aa24f35e1b516d23)
Start importing Assets/Resources/伤害数字.png using Guid(1aa8014d480d4d479cae9552816152c7) Importer(2089858483,0ecaa5967403d082aa24f35e1b516d23) [PhysX] Initialized MultithreadedTaskDispatcher with 20 workers.
 -> (artifact id: '64f75466c57c72aa6bb2f4bb8e5c71df') in 0.023104 seconds
Number of updated asset objects reloaded before import = 0
Number of asset objects unloaded after import = 21
========================================================================
Received Import Request.
  Time since last request: 0.000018 seconds.
  path: Assets/Resources/7529.dat.png
  artifactKey: Guid(5402574dafdc4a859eaad7ca96e52de3) Importer(2089858483,0ecaa5967403d082aa24f35e1b516d23)
Start importing Assets/Resources/7529.dat.png using Guid(5402574dafdc4a859eaad7ca96e52de3) Importer(2089858483,0ecaa5967403d082aa24f35e1b516d23) [PhysX] Initialized MultithreadedTaskDispatcher with 20 workers.
 -> (artifact id: '285f9c7405f02399576131be9a4c9431') in 0.007082 seconds
Number of updated asset objects reloaded before import = 0
Number of asset objects unloaded after import = 3
========================================================================
Received Import Request.
  Time since last request: 0.000023 seconds.
  path: Assets/Scripts/封地界面脚本.cs
  artifactKey: Guid(e6026e37ffdbc81a6444e1197bcd93f9) Importer(2089858483,0ecaa5967403d082aa24f35e1b516d23)
Start importing Assets/Scripts/封地界面脚本.cs using Guid(e6026e37ffdbc81a6444e1197bcd93f9) Importer(2089858483,0ecaa5967403d082aa24f35e1b516d23) [PhysX] Initialized MultithreadedTaskDispatcher with 20 workers.
 -> (artifact id: '5627d0165fcd7dd2e94d793442e47dc6') in 0.002824 seconds
Number of updated asset objects reloaded before import = 0
Number of asset objects unloaded after import = 1
========================================================================
Received Import Request.
  Time since last request: 0.000014 seconds.
  path: Assets/Resources/重步兵_走.anim
  artifactKey: Guid(882f27467bf94906a7274ade9f098001) Importer(2089858483,0ecaa5967403d082aa24f35e1b516d23)
Start importing Assets/Resources/重步兵_走.anim using Guid(882f27467bf94906a7274ade9f098001) Importer(2089858483,0ecaa5967403d082aa24f35e1b516d23) [PhysX] Initialized MultithreadedTaskDispatcher with 20 workers.
 -> (artifact id: 'd7bad23aa5a372fc0d39bcdac8103521') in 0.003317 seconds
Number of updated asset objects reloaded before import = 0
Number of asset objects unloaded after import = 1
========================================================================
Received Import Request.
  Time since last request: 0.000012 seconds.
  path: Assets/Scripts/创建角色脚本.cs
  artifactKey: Guid(0f6c695c17cc8183fda044b4ebb3a1d1) Importer(2089858483,0ecaa5967403d082aa24f35e1b516d23)
Start importing Assets/Scripts/创建角色脚本.cs using Guid(0f6c695c17cc8183fda044b4ebb3a1d1) Importer(2089858483,0ecaa5967403d082aa24f35e1b516d23) [PhysX] Initialized MultithreadedTaskDispatcher with 20 workers.
 -> (artifact id: '5c47b185eff27b56fcb6a262bddf795f') in 0.003536 seconds
Number of updated asset objects reloaded before import = 0
Number of asset objects unloaded after import = 1
========================================================================
Received Import Request.
  Time since last request: 0.000015 seconds.
  path: Assets/Resources/7540.dat.png
  artifactKey: Guid(ab283b55e1d040a6812bae29c7860a59) Importer(2089858483,0ecaa5967403d082aa24f35e1b516d23)
Start importing Assets/Resources/7540.dat.png using Guid(ab283b55e1d040a6812bae29c7860a59) Importer(2089858483,0ecaa5967403d082aa24f35e1b516d23) [PhysX] Initialized MultithreadedTaskDispatcher with 20 workers.
 -> (artifact id: '89d59baef8451cb66ec50f11545777a0') in 0.006810 seconds
Number of updated asset objects reloaded before import = 0
Number of asset objects unloaded after import = 3
========================================================================
Received Import Request.
  Time since last request: 0.000017 seconds.
  path: Assets/Scripts/显示建筑信息脚本.cs
  artifactKey: Guid(8fb5ae210d06accd5eb9bf6b4f4e9d48) Importer(2089858483,0ecaa5967403d082aa24f35e1b516d23)
Start importing Assets/Scripts/显示建筑信息脚本.cs using Guid(8fb5ae210d06accd5eb9bf6b4f4e9d48) Importer(2089858483,0ecaa5967403d082aa24f35e1b516d23) [PhysX] Initialized MultithreadedTaskDispatcher with 20 workers.
 -> (artifact id: '6194569b4faacaf6e4356e8c799aa001') in 0.002946 seconds
Number of updated asset objects reloaded before import = 0
Number of asset objects unloaded after import = 1
========================================================================
Received Import Request.
  Time since last request: 0.000014 seconds.
  path: Assets/Resources/7508.dat.asset
  artifactKey: Guid(2a998fb13fac4d6fb35bb79b1ec29a16) Importer(2089858483,0ecaa5967403d082aa24f35e1b516d23)
Start importing Assets/Resources/7508.dat.asset using Guid(2a998fb13fac4d6fb35bb79b1ec29a16) Importer(2089858483,0ecaa5967403d082aa24f35e1b516d23) [PhysX] Initialized MultithreadedTaskDispatcher with 20 workers.
 -> (artifact id: '8b65a8741015a22d21cfa2aff8a027f8') in 0.004428 seconds
Number of updated asset objects reloaded before import = 0
Number of asset objects unloaded after import = 3
========================================================================
Received Import Request.
  Time since last request: 0.000021 seconds.
  path: Assets/Resources/7523.dat.png
  artifactKey: Guid(fb2693dc5b024287ab9d3f49ed60f93d) Importer(2089858483,0ecaa5967403d082aa24f35e1b516d23)
Start importing Assets/Resources/7523.dat.png using Guid(fb2693dc5b024287ab9d3f49ed60f93d) Importer(2089858483,0ecaa5967403d082aa24f35e1b516d23) [PhysX] Initialized MultithreadedTaskDispatcher with 20 workers.
 -> (artifact id: 'b6c65b9de30df531d02b882da4f17698') in 0.007834 seconds
Number of updated asset objects reloaded before import = 0
Number of asset objects unloaded after import = 3
========================================================================
Received Import Request.
  Time since last request: 0.000016 seconds.
  path: Assets/Resources/近卫兵_跑.anim
  artifactKey: Guid(f5c8ec5a74534c1785283e56355db38d) Importer(2089858483,0ecaa5967403d082aa24f35e1b516d23)
Start importing Assets/Resources/近卫兵_跑.anim using Guid(f5c8ec5a74534c1785283e56355db38d) Importer(2089858483,0ecaa5967403d082aa24f35e1b516d23) [PhysX] Initialized MultithreadedTaskDispatcher with 20 workers.
 -> (artifact id: '064eed66f8cf1ed4fd0d589a009c19d7') in 0.003354 seconds
Number of updated asset objects reloaded before import = 0
Number of asset objects unloaded after import = 1
========================================================================
Received Import Request.
  Time since last request: 0.000038 seconds.
  path: Assets/Resources/将领_橙星.png
  artifactKey: Guid(13875b3ec495425aa37dd2cb708697de) Importer(2089858483,0ecaa5967403d082aa24f35e1b516d23)
Start importing Assets/Resources/将领_橙星.png using Guid(13875b3ec495425aa37dd2cb708697de) Importer(2089858483,0ecaa5967403d082aa24f35e1b516d23) [PhysX] Initialized MultithreadedTaskDispatcher with 20 workers.
 -> (artifact id: 'f16b40a31353926ac610efc0833a774e') in 0.007365 seconds
Number of updated asset objects reloaded before import = 0
Number of asset objects unloaded after import = 3
========================================================================
Received Import Request.
  Time since last request: 0.000020 seconds.
  path: Assets/Resources/强弩兵动画.controller
  artifactKey: Guid(855cda5e7c134dfaac746fd0e6ae26fa) Importer(2089858483,0ecaa5967403d082aa24f35e1b516d23)
Start importing Assets/Resources/强弩兵动画.controller using Guid(855cda5e7c134dfaac746fd0e6ae26fa) Importer(2089858483,0ecaa5967403d082aa24f35e1b516d23) [PhysX] Initialized MultithreadedTaskDispatcher with 20 workers.
 -> (artifact id: 'd852cd5fad45adeab9f5a0ac355c4e46') in 0.004409 seconds
Number of updated asset objects reloaded before import = 0
Number of asset objects unloaded after import = 20
========================================================================
Received Import Request.
  Time since last request: 0.000013 seconds.
  path: Assets/Resources/新伤害数字.mat
  artifactKey: Guid(2d233f524f6e4f35b4258040ff72449c) Importer(2089858483,0ecaa5967403d082aa24f35e1b516d23)
Start importing Assets/Resources/新伤害数字.mat using Guid(2d233f524f6e4f35b4258040ff72449c) Importer(2089858483,0ecaa5967403d082aa24f35e1b516d23) [PhysX] Initialized MultithreadedTaskDispatcher with 20 workers.
 -> (artifact id: '9ffd1a6a52f5ff501d345758104a318e') in 0.003161 seconds
Number of updated asset objects reloaded before import = 0
Number of asset objects unloaded after import = 2
========================================================================
Received Import Request.
  Time since last request: 0.000011 seconds.
  path: Assets/Resources/7495.dat.asset
  artifactKey: Guid(8fb1db8c4bfe4c53b0c7616898c20920) Importer(2089858483,0ecaa5967403d082aa24f35e1b516d23)
Start importing Assets/Resources/7495.dat.asset using Guid(8fb1db8c4bfe4c53b0c7616898c20920) Importer(2089858483,0ecaa5967403d082aa24f35e1b516d23) [PhysX] Initialized MultithreadedTaskDispatcher with 20 workers.
 -> (artifact id: '7812a5775305c12921b3262534cfec48') in 0.003490 seconds
Number of updated asset objects reloaded before import = 0
Number of asset objects unloaded after import = 3
========================================================================
Received Import Request.
  Time since last request: 0.000013 seconds.
  path: Assets/Resources/7495.dat.png
  artifactKey: Guid(722c0d9ceba542ddb65268ed6fc91de6) Importer(2089858483,0ecaa5967403d082aa24f35e1b516d23)
Start importing Assets/Resources/7495.dat.png using Guid(722c0d9ceba542ddb65268ed6fc91de6) Importer(2089858483,0ecaa5967403d082aa24f35e1b516d23) [PhysX] Initialized MultithreadedTaskDispatcher with 20 workers.
 -> (artifact id: '1c3e7418e81a1955c3715be24aa5a757') in 0.007754 seconds
Number of updated asset objects reloaded before import = 0
Number of asset objects unloaded after import = 3
========================================================================
Received Import Request.
  Time since last request: 0.000016 seconds.
  path: Assets/Resources/7543.dat.asset
  artifactKey: Guid(d234a160d1414d79bf229b46819dff7a) Importer(2089858483,0ecaa5967403d082aa24f35e1b516d23)
Start importing Assets/Resources/7543.dat.asset using Guid(d234a160d1414d79bf229b46819dff7a) Importer(2089858483,0ecaa5967403d082aa24f35e1b516d23) [PhysX] Initialized MultithreadedTaskDispatcher with 20 workers.
 -> (artifact id: '4e8df557e2c98bbf4e37384b8b1b922d') in 0.004965 seconds
Number of updated asset objects reloaded before import = 0
Number of asset objects unloaded after import = 3
========================================================================
Received Import Request.
  Time since last request: 0.000015 seconds.
  path: Assets/Scripts/建国脚本.cs
  artifactKey: Guid(446dfca2c48ab7cc16ff64fa68a5ca3f) Importer(2089858483,0ecaa5967403d082aa24f35e1b516d23)
Start importing Assets/Scripts/建国脚本.cs using Guid(446dfca2c48ab7cc16ff64fa68a5ca3f) Importer(2089858483,0ecaa5967403d082aa24f35e1b516d23) [PhysX] Initialized MultithreadedTaskDispatcher with 20 workers.
 -> (artifact id: '3bd99de5e89f51d87416dbe6457276cd') in 0.002616 seconds
Number of updated asset objects reloaded before import = 0
Number of asset objects unloaded after import = 1
========================================================================
Received Import Request.
  Time since last request: 0.000013 seconds.
  path: Assets/Resources/轻步兵_死亡.anim
  artifactKey: Guid(077fe860ee734880897132f3e7005695) Importer(2089858483,0ecaa5967403d082aa24f35e1b516d23)
Start importing Assets/Resources/轻步兵_死亡.anim using Guid(077fe860ee734880897132f3e7005695) Importer(2089858483,0ecaa5967403d082aa24f35e1b516d23) [PhysX] Initialized MultithreadedTaskDispatcher with 20 workers.
 -> (artifact id: '54d16f25ee9b448f359d8994341c6793') in 0.003441 seconds
Number of updated asset objects reloaded before import = 0
Number of asset objects unloaded after import = 1
========================================================================
Received Import Request.
  Time since last request: 0.000011 seconds.
  path: Assets/Resources/7518.dat.asset
  artifactKey: Guid(9ef2f19ee60544dea9a48a4124dc8f25) Importer(2089858483,0ecaa5967403d082aa24f35e1b516d23)
Start importing Assets/Resources/7518.dat.asset using Guid(9ef2f19ee60544dea9a48a4124dc8f25) Importer(2089858483,0ecaa5967403d082aa24f35e1b516d23) [PhysX] Initialized MultithreadedTaskDispatcher with 20 workers.
 -> (artifact id: 'c06e099770f7713f6967095e935eb6c7') in 0.005176 seconds
Number of updated asset objects reloaded before import = 0
Number of asset objects unloaded after import = 3
========================================================================
Received Import Request.
  Time since last request: 0.000013 seconds.
  path: Assets/Resources/7503.dat.asset
  artifactKey: Guid(10705c209d614bbf96b71f8c29c8ac27) Importer(2089858483,0ecaa5967403d082aa24f35e1b516d23)
Start importing Assets/Resources/7503.dat.asset using Guid(10705c209d614bbf96b71f8c29c8ac27) Importer(2089858483,0ecaa5967403d082aa24f35e1b516d23) [PhysX] Initialized MultithreadedTaskDispatcher with 20 workers.
 -> (artifact id: '64b0dfa428fb44b7b06ee5e5ec70b00e') in 0.003451 seconds
Number of updated asset objects reloaded before import = 0
Number of asset objects unloaded after import = 3
========================================================================
Received Import Request.
  Time since last request: 0.000014 seconds.
  path: Assets/Resources/冲城车动画.controller
  artifactKey: Guid(05a0730a80514403ae66f1305152bc74) Importer(2089858483,0ecaa5967403d082aa24f35e1b516d23)
Start importing Assets/Resources/冲城车动画.controller using Guid(05a0730a80514403ae66f1305152bc74) Importer(2089858483,0ecaa5967403d082aa24f35e1b516d23) [PhysX] Initialized MultithreadedTaskDispatcher with 20 workers.
 -> (artifact id: '7b778fab5a67ae87963d77f78adb44af') in 0.003789 seconds
Number of updated asset objects reloaded before import = 0
Number of asset objects unloaded after import = 16
========================================================================
Received Import Request.
  Time since last request: 0.000012 seconds.
  path: Assets/Scripts/显示动态脚本.cs
  artifactKey: Guid(d90797eba3bcbefdea6db168046edb2f) Importer(2089858483,0ecaa5967403d082aa24f35e1b516d23)
Start importing Assets/Scripts/显示动态脚本.cs using Guid(d90797eba3bcbefdea6db168046edb2f) Importer(2089858483,0ecaa5967403d082aa24f35e1b516d23) [PhysX] Initialized MultithreadedTaskDispatcher with 20 workers.
 -> (artifact id: 'e42e6943eebb242dbfb467bdb5d953ed') in 0.002435 seconds
Number of updated asset objects reloaded before import = 0
Number of asset objects unloaded after import = 1
========================================================================
Received Import Request.
  Time since last request: 0.000011 seconds.
  path: Assets/Resources/坑位_蓝色.png
  artifactKey: Guid(3daa84ba420642c8bc79e6aed9b8523a) Importer(2089858483,0ecaa5967403d082aa24f35e1b516d23)
Start importing Assets/Resources/坑位_蓝色.png using Guid(3daa84ba420642c8bc79e6aed9b8523a) Importer(2089858483,0ecaa5967403d082aa24f35e1b516d23) [PhysX] Initialized MultithreadedTaskDispatcher with 20 workers.
 -> (artifact id: '45aba4407f50d8c04d8b076e2bfbbb4f') in 0.027217 seconds
Number of updated asset objects reloaded before import = 0
Number of asset objects unloaded after import = 3
========================================================================
Received Import Request.
  Time since last request: 0.000014 seconds.
  path: Assets/Resources/7505.dat.asset
  artifactKey: Guid(769b9e94a8b74ea8a178d0e77005cf1b) Importer(2089858483,0ecaa5967403d082aa24f35e1b516d23)
Start importing Assets/Resources/7505.dat.asset using Guid(769b9e94a8b74ea8a178d0e77005cf1b) Importer(2089858483,0ecaa5967403d082aa24f35e1b516d23) [PhysX] Initialized MultithreadedTaskDispatcher with 20 workers.
 -> (artifact id: '272ef1eaf31abc46dd2c0afeb97c08e9') in 0.003969 seconds
Number of updated asset objects reloaded before import = 0
Number of asset objects unloaded after import = 3
========================================================================
Received Import Request.
  Time since last request: 0.000012 seconds.
  path: Assets/Scenes/开始游戏场景.unity
  artifactKey: Guid(b41a5045352baf54b99f68f52790646b) Importer(2089858483,0ecaa5967403d082aa24f35e1b516d23)
Start importing Assets/Scenes/开始游戏场景.unity using Guid(b41a5045352baf54b99f68f52790646b) Importer(2089858483,0ecaa5967403d082aa24f35e1b516d23) [PhysX] Initialized MultithreadedTaskDispatcher with 20 workers.
 -> (artifact id: 'b9dbdde91371e3890f1c60b70fc554f3') in 0.001893 seconds
Number of updated asset objects reloaded before import = 0
Number of asset objects unloaded after import = 1
========================================================================
Received Import Request.
  Time since last request: 0.000101 seconds.
  path: Assets/Resources/弓兵_跑.anim
  artifactKey: Guid(ebfbffad4b0946e0884d0318973526aa) Importer(2089858483,0ecaa5967403d082aa24f35e1b516d23)
Start importing Assets/Resources/弓兵_跑.anim using Guid(ebfbffad4b0946e0884d0318973526aa) Importer(2089858483,0ecaa5967403d082aa24f35e1b516d23) [PhysX] Initialized MultithreadedTaskDispatcher with 20 workers.
 -> (artifact id: 'e9df059d132e470a5fc43c4c60f95716') in 0.003294 seconds
Number of updated asset objects reloaded before import = 0
Number of asset objects unloaded after import = 1
========================================================================
Received Import Request.
  Time since last request: 0.000010 seconds.
  path: Assets/Scripts/全局装备库.cs
  artifactKey: Guid(172ddedd91da6b96fb11d9ee0c1f3ec4) Importer(2089858483,0ecaa5967403d082aa24f35e1b516d23)
Start importing Assets/Scripts/全局装备库.cs using Guid(172ddedd91da6b96fb11d9ee0c1f3ec4) Importer(2089858483,0ecaa5967403d082aa24f35e1b516d23) [PhysX] Initialized MultithreadedTaskDispatcher with 20 workers.
 -> (artifact id: '5b327c9baed627e2c02e5e2eb1b21998') in 0.002372 seconds
Number of updated asset objects reloaded before import = 0
Number of asset objects unloaded after import = 1
========================================================================
Received Import Request.
  Time since last request: 0.000031 seconds.
  path: Assets/Resources/7525.dat.asset
  artifactKey: Guid(3ca53dff05694a09ac8015829042f0f2) Importer(2089858483,0ecaa5967403d082aa24f35e1b516d23)
Start importing Assets/Resources/7525.dat.asset using Guid(3ca53dff05694a09ac8015829042f0f2) Importer(2089858483,0ecaa5967403d082aa24f35e1b516d23) [PhysX] Initialized MultithreadedTaskDispatcher with 20 workers.
 -> (artifact id: '543abb224b3d4309700296d4efdedc81') in 0.004664 seconds
Number of updated asset objects reloaded before import = 0
Number of asset objects unloaded after import = 3
========================================================================
Received Import Request.
  Time since last request: 0.000013 seconds.
  path: Assets/Scripts/全局任务脚本.cs
  artifactKey: Guid(fe927531c6afec9ba4cded5c3a91f73a) Importer(2089858483,0ecaa5967403d082aa24f35e1b516d23)
Start importing Assets/Scripts/全局任务脚本.cs using Guid(fe927531c6afec9ba4cded5c3a91f73a) Importer(2089858483,0ecaa5967403d082aa24f35e1b516d23) [PhysX] Initialized MultithreadedTaskDispatcher with 20 workers.
 -> (artifact id: '904ddf26942d843e6aaad1c78b7a7d72') in 0.011310 seconds
Number of updated asset objects reloaded before import = 0
Number of asset objects unloaded after import = 1
========================================================================
Received Import Request.
  Time since last request: 0.000020 seconds.
  path: Assets/Resources/7523.dat.asset
  artifactKey: Guid(17aa9808871a4884a299e2795bdf5728) Importer(2089858483,0ecaa5967403d082aa24f35e1b516d23)
Start importing Assets/Resources/7523.dat.asset using Guid(17aa9808871a4884a299e2795bdf5728) Importer(2089858483,0ecaa5967403d082aa24f35e1b516d23) [PhysX] Initialized MultithreadedTaskDispatcher with 20 workers.
 -> (artifact id: '8d14bb04fc68cf2717141a9ba412cd8f') in 0.004431 seconds
Number of updated asset objects reloaded before import = 0
Number of asset objects unloaded after import = 3
========================================================================
Received Import Request.
  Time since last request: 0.000014 seconds.
  path: Assets/Resources/7505.dat.png
  artifactKey: Guid(89ac0dec996a40bd81d94580ee2ff53a) Importer(2089858483,0ecaa5967403d082aa24f35e1b516d23)
Start importing Assets/Resources/7505.dat.png using Guid(89ac0dec996a40bd81d94580ee2ff53a) Importer(2089858483,0ecaa5967403d082aa24f35e1b516d23) [PhysX] Initialized MultithreadedTaskDispatcher with 20 workers.
 -> (artifact id: 'fd519e31ae4ee487604e10a52c3eb2af') in 0.007359 seconds
Number of updated asset objects reloaded before import = 0
Number of asset objects unloaded after import = 3
========================================================================
Received Import Request.
  Time since last request: 0.000014 seconds.
  path: Assets/Resources/强弩兵_攻击.anim
  artifactKey: Guid(556192ed5d3d4c31bb3994f5e010c77b) Importer(2089858483,0ecaa5967403d082aa24f35e1b516d23)
Start importing Assets/Resources/强弩兵_攻击.anim using Guid(556192ed5d3d4c31bb3994f5e010c77b) Importer(2089858483,0ecaa5967403d082aa24f35e1b516d23) [PhysX] Initialized MultithreadedTaskDispatcher with 20 workers.
 -> (artifact id: '0d07376170e7e6f0b2cd200d31fefead') in 0.003530 seconds
Number of updated asset objects reloaded before import = 0
Number of asset objects unloaded after import = 1
========================================================================
Received Import Request.
  Time since last request: 0.000011 seconds.
  path: Assets/Scripts/全局变量.cs
  artifactKey: Guid(c4d056357b980c1f3bf17b821f3dc3bb) Importer(2089858483,0ecaa5967403d082aa24f35e1b516d23)
Start importing Assets/Scripts/全局变量.cs using Guid(c4d056357b980c1f3bf17b821f3dc3bb) Importer(2089858483,0ecaa5967403d082aa24f35e1b516d23) [PhysX] Initialized MultithreadedTaskDispatcher with 20 workers.
 -> (artifact id: '257a55925deabd8950dbbe3f800f3eda') in 0.002433 seconds
Number of updated asset objects reloaded before import = 0
Number of asset objects unloaded after import = 1
========================================================================
Received Import Request.
  Time since last request: 0.000014 seconds.
  path: Assets/Resources/轻骑兵_死亡.anim
  artifactKey: Guid(1cf2ffe2f7dc480c88ad0d6f78317566) Importer(2089858483,0ecaa5967403d082aa24f35e1b516d23)
Start importing Assets/Resources/轻骑兵_死亡.anim using Guid(1cf2ffe2f7dc480c88ad0d6f78317566) Importer(2089858483,0ecaa5967403d082aa24f35e1b516d23) [PhysX] Initialized MultithreadedTaskDispatcher with 20 workers.
 -> (artifact id: 'afcdd31a054c6a5b2f3f69d01f7505da') in 0.003326 seconds
Number of updated asset objects reloaded before import = 0
Number of asset objects unloaded after import = 1
========================================================================
Received Import Request.
  Time since last request: 0.000012 seconds.
  path: Assets/Resources/骑兵_跑.png
  artifactKey: Guid(cf0fdb93e2df42b69f6e9b22a9802df9) Importer(2089858483,0ecaa5967403d082aa24f35e1b516d23)
Start importing Assets/Resources/骑兵_跑.png using Guid(cf0fdb93e2df42b69f6e9b22a9802df9) Importer(2089858483,0ecaa5967403d082aa24f35e1b516d23) [PhysX] Initialized MultithreadedTaskDispatcher with 20 workers.
 -> (artifact id: '803fdfea383f299d78454459d32c066a') in 0.018470 seconds
Number of updated asset objects reloaded before import = 0
Number of asset objects unloaded after import = 9
========================================================================
Received Import Request.
  Time since last request: 0.000016 seconds.
  path: Assets/Scripts/山贼信息.cs
  artifactKey: Guid(826df9df1ef9d2e663160fae4e383183) Importer(2089858483,0ecaa5967403d082aa24f35e1b516d23)
Start importing Assets/Scripts/山贼信息.cs using Guid(826df9df1ef9d2e663160fae4e383183) Importer(2089858483,0ecaa5967403d082aa24f35e1b516d23) [PhysX] Initialized MultithreadedTaskDispatcher with 20 workers.
 -> (artifact id: '015a703c289a5a6b975da2705fb3616e') in 0.004573 seconds
Number of updated asset objects reloaded before import = 0
Number of asset objects unloaded after import = 1
========================================================================
Received Import Request.
  Time since last request: 0.000025 seconds.
  path: Assets/Scripts/战斗系统.cs
  artifactKey: Guid(0a77329fb26c335fd3769db5b32a38e9) Importer(2089858483,0ecaa5967403d082aa24f35e1b516d23)
Start importing Assets/Scripts/战斗系统.cs using Guid(0a77329fb26c335fd3769db5b32a38e9) Importer(2089858483,0ecaa5967403d082aa24f35e1b516d23) [PhysX] Initialized MultithreadedTaskDispatcher with 20 workers.
 -> (artifact id: '0dddfc432faa34b39f092c2c28060d6a') in 0.003571 seconds
Number of updated asset objects reloaded before import = 0
Number of asset objects unloaded after import = 1
========================================================================
Received Import Request.
  Time since last request: 0.000016 seconds.
  path: Assets/Scripts/全局将领库.cs
  artifactKey: Guid(d9fa35850c9cb98e36352bd9e467ddf5) Importer(2089858483,0ecaa5967403d082aa24f35e1b516d23)
Start importing Assets/Scripts/全局将领库.cs using Guid(d9fa35850c9cb98e36352bd9e467ddf5) Importer(2089858483,0ecaa5967403d082aa24f35e1b516d23) [PhysX] Initialized MultithreadedTaskDispatcher with 20 workers.
 -> (artifact id: 'd7c15d6e1c790a34f7ba49782ae523bd') in 0.002785 seconds
Number of updated asset objects reloaded before import = 0
Number of asset objects unloaded after import = 1
========================================================================
Received Import Request.
  Time since last request: 0.000012 seconds.
  path: Assets/Resources/重弩车动画.controller
  artifactKey: Guid(7a6171a2f3e24398b6634111940f60b5) Importer(2089858483,0ecaa5967403d082aa24f35e1b516d23)
Start importing Assets/Resources/重弩车动画.controller using Guid(7a6171a2f3e24398b6634111940f60b5) Importer(2089858483,0ecaa5967403d082aa24f35e1b516d23) [PhysX] Initialized MultithreadedTaskDispatcher with 20 workers.
 -> (artifact id: 'afabee8c7a4c6f702dde98f217eb7a29') in 0.004783 seconds
Number of updated asset objects reloaded before import = 0
Number of asset objects unloaded after import = 16
========================================================================
Received Import Request.
  Time since last request: 0.000016 seconds.
  path: Assets/Resources/7544.dat.png
  artifactKey: Guid(ae5073bbe54d490bab97a96d94b8388b) Importer(2089858483,0ecaa5967403d082aa24f35e1b516d23)
Start importing Assets/Resources/7544.dat.png using Guid(ae5073bbe54d490bab97a96d94b8388b) Importer(2089858483,0ecaa5967403d082aa24f35e1b516d23) [PhysX] Initialized MultithreadedTaskDispatcher with 20 workers.
 -> (artifact id: '016140e3ab49d0b0869ea281c71ed3a0') in 0.013071 seconds
Number of updated asset objects reloaded before import = 0
Number of asset objects unloaded after import = 3
========================================================================
Received Import Request.
  Time since last request: 0.000032 seconds.
  path: Assets/Resources/7520.dat.asset
  artifactKey: Guid(4614adf680984abf979403577b423e1b) Importer(2089858483,0ecaa5967403d082aa24f35e1b516d23)
Start importing Assets/Resources/7520.dat.asset using Guid(4614adf680984abf979403577b423e1b) Importer(2089858483,0ecaa5967403d082aa24f35e1b516d23) [PhysX] Initialized MultithreadedTaskDispatcher with 20 workers.
 -> (artifact id: '842d81c7e23aeb5c1612252e4eb181ab') in 0.003472 seconds
Number of updated asset objects reloaded before import = 0
Number of asset objects unloaded after import = 3
========================================================================
Received Import Request.
  Time since last request: 0.000012 seconds.
  path: Assets/Resources/近卫兵控制器.controller
  artifactKey: Guid(37e257a8e22b4ed4b453786c6732a8c5) Importer(2089858483,0ecaa5967403d082aa24f35e1b516d23)
Start importing Assets/Resources/近卫兵控制器.controller using Guid(37e257a8e22b4ed4b453786c6732a8c5) Importer(2089858483,0ecaa5967403d082aa24f35e1b516d23) [PhysX] Initialized MultithreadedTaskDispatcher with 20 workers.
 -> (artifact id: '59321f7bf4d7ceeec157491ecc70a369') in 0.005183 seconds
Number of updated asset objects reloaded before import = 0
Number of asset objects unloaded after import = 20
========================================================================
Received Import Request.
  Time since last request: 0.000092 seconds.
  path: Assets/Resources/7485.dat.asset
  artifactKey: Guid(54d41d0babc64cf8a049a39b42478144) Importer(2089858483,0ecaa5967403d082aa24f35e1b516d23)
Start importing Assets/Resources/7485.dat.asset using Guid(54d41d0babc64cf8a049a39b42478144) Importer(2089858483,0ecaa5967403d082aa24f35e1b516d23) [PhysX] Initialized MultithreadedTaskDispatcher with 20 workers.
 -> (artifact id: 'ebc726c69f3bebb92629d38c579e15e8') in 0.016247 seconds
Number of updated asset objects reloaded before import = 0
Number of asset objects unloaded after import = 3
========================================================================
Received Import Request.
  Time since last request: 0.000015 seconds.
  path: Assets/Resources/7502.dat.png
  artifactKey: Guid(592c2f79bf1c44d5adb55b7de0dba11b) Importer(2089858483,0ecaa5967403d082aa24f35e1b516d23)
Start importing Assets/Resources/7502.dat.png using Guid(592c2f79bf1c44d5adb55b7de0dba11b) Importer(2089858483,0ecaa5967403d082aa24f35e1b516d23) [PhysX] Initialized MultithreadedTaskDispatcher with 20 workers.
 -> (artifact id: '807b599476877565f73b6a7ebc07a77b') in 0.007395 seconds
Number of updated asset objects reloaded before import = 0
Number of asset objects unloaded after import = 3
========================================================================
Received Import Request.
  Time since last request: 0.000015 seconds.
  path: Assets/Resources/7545.dat.asset
  artifactKey: Guid(f3a5d7b9c87742cd8d1cd6ad8710184e) Importer(2089858483,0ecaa5967403d082aa24f35e1b516d23)
Start importing Assets/Resources/7545.dat.asset using Guid(f3a5d7b9c87742cd8d1cd6ad8710184e) Importer(2089858483,0ecaa5967403d082aa24f35e1b516d23) [PhysX] Initialized MultithreadedTaskDispatcher with 20 workers.
 -> (artifact id: '2315c8d97f78006f36bf103bd130a0c5') in 0.004241 seconds
Number of updated asset objects reloaded before import = 0
Number of asset objects unloaded after import = 3
========================================================================
Received Import Request.
  Time since last request: 0.000014 seconds.
  path: Assets/Scripts/将领属性库类.cs
  artifactKey: Guid(b2a7ff3201d21ebeb3cd77e556e5e224) Importer(2089858483,0ecaa5967403d082aa24f35e1b516d23)
Start importing Assets/Scripts/将领属性库类.cs using Guid(b2a7ff3201d21ebeb3cd77e556e5e224) Importer(2089858483,0ecaa5967403d082aa24f35e1b516d23) [PhysX] Initialized MultithreadedTaskDispatcher with 20 workers.
 -> (artifact id: 'b8317e074d6dc697a48c2cf5700dee52') in 0.002426 seconds
Number of updated asset objects reloaded before import = 0
Number of asset objects unloaded after import = 1
========================================================================
Received Import Request.
  Time since last request: 0.000013 seconds.
  path: Assets/Resources/冲城车_攻击.anim
  artifactKey: Guid(b548944a68a84818b1c5e915019d10cd) Importer(2089858483,0ecaa5967403d082aa24f35e1b516d23)
Start importing Assets/Resources/冲城车_攻击.anim using Guid(b548944a68a84818b1c5e915019d10cd) Importer(2089858483,0ecaa5967403d082aa24f35e1b516d23) [PhysX] Initialized MultithreadedTaskDispatcher with 20 workers.
 -> (artifact id: '14ed3097f364f89d134c12d451ccc402') in 0.003071 seconds
Number of updated asset objects reloaded before import = 0
Number of asset objects unloaded after import = 1
========================================================================
Received Import Request.
  Time since last request: 0.000011 seconds.
  path: Assets/Resources/弓兵_攻击.anim
  artifactKey: Guid(d603072bdf0444ef83f2ec3e5edd885a) Importer(2089858483,0ecaa5967403d082aa24f35e1b516d23)
Start importing Assets/Resources/弓兵_攻击.anim using Guid(d603072bdf0444ef83f2ec3e5edd885a) Importer(2089858483,0ecaa5967403d082aa24f35e1b516d23) [PhysX] Initialized MultithreadedTaskDispatcher with 20 workers.
 -> (artifact id: 'da1f049281603039fc647a8f873354c7') in 0.003381 seconds
Number of updated asset objects reloaded before import = 0
Number of asset objects unloaded after import = 1
========================================================================
Received Import Request.
  Time since last request: 0.000014 seconds.
  path: Assets/Resources/骁骑兵动画控制.controller
  artifactKey: Guid(27776b7895364e9785248b5715bba090) Importer(2089858483,0ecaa5967403d082aa24f35e1b516d23)
Start importing Assets/Resources/骁骑兵动画控制.controller using Guid(27776b7895364e9785248b5715bba090) Importer(2089858483,0ecaa5967403d082aa24f35e1b516d23) [PhysX] Initialized MultithreadedTaskDispatcher with 20 workers.
 -> (artifact id: 'a354a5ba8404629d01088f810d18a5ba') in 0.035878 seconds
Number of updated asset objects reloaded before import = 0
Number of asset objects unloaded after import = 20
========================================================================
Received Import Request.
  Time since last request: 0.000032 seconds.
  path: Assets/Resources/铁骑兵_等待.anim
  artifactKey: Guid(62e681ad4f6b4a82b83c7a993dc3866e) Importer(2089858483,0ecaa5967403d082aa24f35e1b516d23)
Start importing Assets/Resources/铁骑兵_等待.anim using Guid(62e681ad4f6b4a82b83c7a993dc3866e) Importer(2089858483,0ecaa5967403d082aa24f35e1b516d23) [PhysX] Initialized MultithreadedTaskDispatcher with 20 workers.
 -> (artifact id: '095803f4d641ca409a3a9ac21b8fa6e8') in 0.005522 seconds
Number of updated asset objects reloaded before import = 0
Number of asset objects unloaded after import = 1
========================================================================
Received Import Request.
  Time since last request: 0.000014 seconds.
  path: Assets/Resources/7526.dat.png
  artifactKey: Guid(99e14224aa3c41fe95223ac4fef3894f) Importer(2089858483,0ecaa5967403d082aa24f35e1b516d23)
Start importing Assets/Resources/7526.dat.png using Guid(99e14224aa3c41fe95223ac4fef3894f) Importer(2089858483,0ecaa5967403d082aa24f35e1b516d23) [PhysX] Initialized MultithreadedTaskDispatcher with 20 workers.
 -> (artifact id: '7772aeb6f66eb9d2d08e8338e267d0a2') in 0.007064 seconds
Number of updated asset objects reloaded before import = 0
Number of asset objects unloaded after import = 3
========================================================================
Received Import Request.
  Time since last request: 0.000013 seconds.
  path: Assets/Resources/7549.dat.png
  artifactKey: Guid(85331e3b3ef644c1ba4a0f68f11db43d) Importer(2089858483,0ecaa5967403d082aa24f35e1b516d23)
Start importing Assets/Resources/7549.dat.png using Guid(85331e3b3ef644c1ba4a0f68f11db43d) Importer(2089858483,0ecaa5967403d082aa24f35e1b516d23) [PhysX] Initialized MultithreadedTaskDispatcher with 20 workers.
 -> (artifact id: '029581d75716d1cd1d0c50f865f82a3e') in 0.007297 seconds
Number of updated asset objects reloaded before import = 0
Number of asset objects unloaded after import = 3
========================================================================
Received Import Request.
  Time since last request: 0.000013 seconds.
  path: Assets/Resources/7501.dat.asset
  artifactKey: Guid(092e32f6d2474fefbd556c097d95e8aa) Importer(2089858483,0ecaa5967403d082aa24f35e1b516d23)
Start importing Assets/Resources/7501.dat.asset using Guid(092e32f6d2474fefbd556c097d95e8aa) Importer(2089858483,0ecaa5967403d082aa24f35e1b516d23) [PhysX] Initialized MultithreadedTaskDispatcher with 20 workers.
 -> (artifact id: '55bc423f2787803f0ec39d0282444c09') in 0.003564 seconds
Number of updated asset objects reloaded before import = 0
Number of asset objects unloaded after import = 3
========================================================================
Received Import Request.
  Time since last request: 0.000011 seconds.
  path: Assets/Resources/7557.dat.asset
  artifactKey: Guid(65b3b753aa7e4d0a829e10d0da9c3865) Importer(2089858483,0ecaa5967403d082aa24f35e1b516d23)
Start importing Assets/Resources/7557.dat.asset using Guid(65b3b753aa7e4d0a829e10d0da9c3865) Importer(2089858483,0ecaa5967403d082aa24f35e1b516d23) [PhysX] Initialized MultithreadedTaskDispatcher with 20 workers.
 -> (artifact id: 'f45e972a1d31630e0a8674e379758b88') in 0.003409 seconds
Number of updated asset objects reloaded before import = 0
Number of asset objects unloaded after import = 3
========================================================================
Received Import Request.
  Time since last request: 0.000012 seconds.
  path: Assets/Resources/坑位_红色.png
  artifactKey: Guid(1da93215877e4913906ea3ff2cd511ac) Importer(2089858483,0ecaa5967403d082aa24f35e1b516d23)
Start importing Assets/Resources/坑位_红色.png using Guid(1da93215877e4913906ea3ff2cd511ac) Importer(2089858483,0ecaa5967403d082aa24f35e1b516d23) [PhysX] Initialized MultithreadedTaskDispatcher with 20 workers.
 -> (artifact id: '9ff889d769956c2480c8048ac123c7bf') in 0.007342 seconds
Number of updated asset objects reloaded before import = 0
Number of asset objects unloaded after import = 3
========================================================================
Received Import Request.
  Time since last request: 0.000013 seconds.
  path: Assets/Resources/7553.dat.asset
  artifactKey: Guid(bde0818e7073423a8382503bf3b69020) Importer(2089858483,0ecaa5967403d082aa24f35e1b516d23)
Start importing Assets/Resources/7553.dat.asset using Guid(bde0818e7073423a8382503bf3b69020) Importer(2089858483,0ecaa5967403d082aa24f35e1b516d23) [PhysX] Initialized MultithreadedTaskDispatcher with 20 workers.
 -> (artifact id: 'fe0f491f97e285f99f2173d6476e8205') in 0.004237 seconds
Number of updated asset objects reloaded before import = 0
Number of asset objects unloaded after import = 3
========================================================================
Received Import Request.
  Time since last request: 0.000016 seconds.
  path: Assets/Resources/骑兵_走.png
  artifactKey: Guid(c945883bbdc140a49e85809531070a53) Importer(2089858483,0ecaa5967403d082aa24f35e1b516d23)
Start importing Assets/Resources/骑兵_走.png using Guid(c945883bbdc140a49e85809531070a53) Importer(2089858483,0ecaa5967403d082aa24f35e1b516d23) [PhysX] Initialized MultithreadedTaskDispatcher with 20 workers.
 -> (artifact id: '3447220ea222183524dc6c24eaa8dbe6') in 0.013845 seconds
Number of updated asset objects reloaded before import = 0
Number of asset objects unloaded after import = 8
========================================================================
Received Import Request.
  Time since last request: 0.000015 seconds.
  path: Assets/Resources/7531.dat.asset
  artifactKey: Guid(d46cc574e0ac4d4bab0176277f82e30f) Importer(2089858483,0ecaa5967403d082aa24f35e1b516d23)
Start importing Assets/Resources/7531.dat.asset using Guid(d46cc574e0ac4d4bab0176277f82e30f) Importer(2089858483,0ecaa5967403d082aa24f35e1b516d23) [PhysX] Initialized MultithreadedTaskDispatcher with 20 workers.
 -> (artifact id: '545f41d0969468615effb1662529c557') in 0.004718 seconds
Number of updated asset objects reloaded before import = 0
Number of asset objects unloaded after import = 3
========================================================================
Received Import Request.
  Time since last request: 0.000013 seconds.
  path: Assets/Scripts/新科技显示移动.cs
  artifactKey: Guid(7ade3bf02d3516c6cc8347388fedcc58) Importer(2089858483,0ecaa5967403d082aa24f35e1b516d23)
Start importing Assets/Scripts/新科技显示移动.cs using Guid(7ade3bf02d3516c6cc8347388fedcc58) Importer(2089858483,0ecaa5967403d082aa24f35e1b516d23) [PhysX] Initialized MultithreadedTaskDispatcher with 20 workers.
 -> (artifact id: 'bdc86d43b4ea766f134671609ee41460') in 0.002601 seconds
Number of updated asset objects reloaded before import = 0
Number of asset objects unloaded after import = 1
========================================================================
Received Import Request.
  Time since last request: 0.000012 seconds.
  path: Assets/Scripts/书院脚本.cs
  artifactKey: Guid(2e476e1abe156affcb09acf9d8e38b8f) Importer(2089858483,0ecaa5967403d082aa24f35e1b516d23)
Start importing Assets/Scripts/书院脚本.cs using Guid(2e476e1abe156affcb09acf9d8e38b8f) Importer(2089858483,0ecaa5967403d082aa24f35e1b516d23) [PhysX] Initialized MultithreadedTaskDispatcher with 20 workers.
 -> (artifact id: '9889a4559c20441eb74365240d8d6469') in 0.002743 seconds
Number of updated asset objects reloaded before import = 0
Number of asset objects unloaded after import = 1
========================================================================
Received Import Request.
  Time since last request: 0.000013 seconds.
  path: Assets/Scripts/城池信息显示脚本.cs
  artifactKey: Guid(c35b0c834bbc372b13724d842018084f) Importer(2089858483,0ecaa5967403d082aa24f35e1b516d23)
Start importing Assets/Scripts/城池信息显示脚本.cs using Guid(c35b0c834bbc372b13724d842018084f) Importer(2089858483,0ecaa5967403d082aa24f35e1b516d23) [PhysX] Initialized MultithreadedTaskDispatcher with 20 workers.
 -> (artifact id: '6a9460a6402de9407586f79bb02a0353') in 0.002314 seconds
Number of updated asset objects reloaded before import = 0
Number of asset objects unloaded after import = 1
========================================================================
Received Import Request.
  Time since last request: 0.000011 seconds.
  path: Assets/Resources/主界面_等级数字.png
  artifactKey: Guid(293bbb41205f45f18b5008c848b5fed6) Importer(2089858483,0ecaa5967403d082aa24f35e1b516d23)
Start importing Assets/Resources/主界面_等级数字.png using Guid(293bbb41205f45f18b5008c848b5fed6) Importer(2089858483,0ecaa5967403d082aa24f35e1b516d23) [PhysX] Initialized MultithreadedTaskDispatcher with 20 workers.
 -> (artifact id: 'fe95e74912947bb7d2fa4647ba3bb836') in 0.023640 seconds
Number of updated asset objects reloaded before import = 0
Number of asset objects unloaded after import = 22
========================================================================
Received Import Request.
  Time since last request: 0.000016 seconds.
  path: Assets/Resources/7514.dat.png
  artifactKey: Guid(ef9982ddf7374bc3bced256a43448062) Importer(2089858483,0ecaa5967403d082aa24f35e1b516d23)
Start importing Assets/Resources/7514.dat.png using Guid(ef9982ddf7374bc3bced256a43448062) Importer(2089858483,0ecaa5967403d082aa24f35e1b516d23) [PhysX] Initialized MultithreadedTaskDispatcher with 20 workers.
 -> (artifact id: '3b25db720b1ba8bb3f4d0fe09629bd6d') in 0.007517 seconds
Number of updated asset objects reloaded before import = 0
Number of asset objects unloaded after import = 3
========================================================================
Received Import Request.
  Time since last request: 0.000017 seconds.
  path: Assets/Resources/战斗界面_时间数字.png
  artifactKey: Guid(3f4934140af44e1da7aa995f8e00f30a) Importer(2089858483,0ecaa5967403d082aa24f35e1b516d23)
Start importing Assets/Resources/战斗界面_时间数字.png using Guid(3f4934140af44e1da7aa995f8e00f30a) Importer(2089858483,0ecaa5967403d082aa24f35e1b516d23) [PhysX] Initialized MultithreadedTaskDispatcher with 20 workers.
 -> (artifact id: '4dd3cfe3a9b3f9fea75e9343ed8cd51d') in 0.014423 seconds
Number of updated asset objects reloaded before import = 0
Number of asset objects unloaded after import = 13
========================================================================
Received Import Request.
  Time since last request: 0.000014 seconds.
  path: Assets/Resources/血条背景.png
  artifactKey: Guid(2f9d7869fd2c4b1686a2d3dfd4116288) Importer(2089858483,0ecaa5967403d082aa24f35e1b516d23)
Start importing Assets/Resources/血条背景.png using Guid(2f9d7869fd2c4b1686a2d3dfd4116288) Importer(2089858483,0ecaa5967403d082aa24f35e1b516d23) [PhysX] Initialized MultithreadedTaskDispatcher with 20 workers.
 -> (artifact id: '5d3e5ca9e94708f498778346a5229d6c') in 0.012463 seconds
Number of updated asset objects reloaded before import = 0
Number of asset objects unloaded after import = 3
========================================================================
Received Import Request.
  Time since last request: 0.000022 seconds.
  path: Assets/Resources/7513.dat.asset
  artifactKey: Guid(b7fa92155361477c8385b61185ced12e) Importer(2089858483,0ecaa5967403d082aa24f35e1b516d23)
Start importing Assets/Resources/7513.dat.asset using Guid(b7fa92155361477c8385b61185ced12e) Importer(2089858483,0ecaa5967403d082aa24f35e1b516d23) [PhysX] Initialized MultithreadedTaskDispatcher with 20 workers.
 -> (artifact id: 'd94cbcf5cc4911364e407990a6c07084') in 0.004134 seconds
Number of updated asset objects reloaded before import = 0
Number of asset objects unloaded after import = 3
========================================================================
Received Import Request.
  Time since last request: 0.000019 seconds.
  path: Assets/Resources/7520.dat.png
  artifactKey: Guid(50c988a5ecd54b34b0d171d386d78ac6) Importer(2089858483,0ecaa5967403d082aa24f35e1b516d23)
Start importing Assets/Resources/7520.dat.png using Guid(50c988a5ecd54b34b0d171d386d78ac6) Importer(2089858483,0ecaa5967403d082aa24f35e1b516d23) [PhysX] Initialized MultithreadedTaskDispatcher with 20 workers.
 -> (artifact id: '5cfc33a895141fe418bf9ec5e9ce63e0') in 0.007746 seconds
Number of updated asset objects reloaded before import = 0
Number of asset objects unloaded after import = 3
========================================================================
Received Import Request.
  Time since last request: 0.000014 seconds.
  path: Assets/Scripts/显示君主信息.cs
  artifactKey: Guid(fb0f59b4fa9788b5c8c4d481aee23e40) Importer(2089858483,0ecaa5967403d082aa24f35e1b516d23)
Start importing Assets/Scripts/显示君主信息.cs using Guid(fb0f59b4fa9788b5c8c4d481aee23e40) Importer(2089858483,0ecaa5967403d082aa24f35e1b516d23) [PhysX] Initialized MultithreadedTaskDispatcher with 20 workers.
 -> (artifact id: '87ea18841fe795c03083c3211f1192d0') in 0.002708 seconds
Number of updated asset objects reloaded before import = 0
Number of asset objects unloaded after import = 1
========================================================================
Received Import Request.
  Time since last request: 0.000018 seconds.
  path: Assets/Resources/重弩车_走.anim
  artifactKey: Guid(4f9a807effbc42ddb02e1261bdd46741) Importer(2089858483,0ecaa5967403d082aa24f35e1b516d23)
Start importing Assets/Resources/重弩车_走.anim using Guid(4f9a807effbc42ddb02e1261bdd46741) Importer(2089858483,0ecaa5967403d082aa24f35e1b516d23) [PhysX] Initialized MultithreadedTaskDispatcher with 20 workers.
 -> (artifact id: '89f02f2ccacd8d140269b8f58cab6060') in 0.003231 seconds
Number of updated asset objects reloaded before import = 0
Number of asset objects unloaded after import = 1
========================================================================
Received Import Request.
  Time since last request: 0.000014 seconds.
  path: Assets/Scripts/山贼属性信息.cs
  artifactKey: Guid(a8cba9f4e4a9322e86ec56850b37a8ea) Importer(2089858483,0ecaa5967403d082aa24f35e1b516d23)
Start importing Assets/Scripts/山贼属性信息.cs using Guid(a8cba9f4e4a9322e86ec56850b37a8ea) Importer(2089858483,0ecaa5967403d082aa24f35e1b516d23) [PhysX] Initialized MultithreadedTaskDispatcher with 20 workers.
 -> (artifact id: '3efa3dbaaa8b2d1abf0a6a677165f18a') in 0.007151 seconds
Number of updated asset objects reloaded before import = 0
Number of asset objects unloaded after import = 1
========================================================================
Received Import Request.
  Time since last request: 0.000021 seconds.
  path: Assets/Resources/7490.dat.asset
  artifactKey: Guid(4181da4c37e64d448ed84010b68bdfed) Importer(2089858483,0ecaa5967403d082aa24f35e1b516d23)
Start importing Assets/Resources/7490.dat.asset using Guid(4181da4c37e64d448ed84010b68bdfed) Importer(2089858483,0ecaa5967403d082aa24f35e1b516d23) [PhysX] Initialized MultithreadedTaskDispatcher with 20 workers.
 -> (artifact id: '762f49e742ef39c41a917ae2504b5ef8') in 0.004272 seconds
Number of updated asset objects reloaded before import = 0
Number of asset objects unloaded after import = 3
========================================================================
Received Import Request.
  Time since last request: 0.000013 seconds.
  path: Assets/Resources/9240.dat.png
  artifactKey: Guid(55899bf1a8ae4d68902bb54a9c4d4289) Importer(2089858483,0ecaa5967403d082aa24f35e1b516d23)
Start importing Assets/Resources/9240.dat.png using Guid(55899bf1a8ae4d68902bb54a9c4d4289) Importer(2089858483,0ecaa5967403d082aa24f35e1b516d23) [PhysX] Initialized MultithreadedTaskDispatcher with 20 workers.
 -> (artifact id: 'a41d2eaac6d8632cbcd00ab980a107a9') in 0.008148 seconds
Number of updated asset objects reloaded before import = 0
Number of asset objects unloaded after import = 3
========================================================================
Received Import Request.
  Time since last request: 0.000018 seconds.
  path: Assets/Resources/7529.dat.asset
  artifactKey: Guid(524ed6ef883e4431b1d7d0eaec082dc1) Importer(2089858483,0ecaa5967403d082aa24f35e1b516d23)
Start importing Assets/Resources/7529.dat.asset using Guid(524ed6ef883e4431b1d7d0eaec082dc1) Importer(2089858483,0ecaa5967403d082aa24f35e1b516d23) [PhysX] Initialized MultithreadedTaskDispatcher with 20 workers.
 -> (artifact id: '56f5e6c6c51bb65eece4586437f5daa8') in 0.011496 seconds
Number of updated asset objects reloaded before import = 0
Number of asset objects unloaded after import = 3
========================================================================
Received Import Request.
  Time since last request: 0.000015 seconds.
  path: Assets/Resources/7550.dat.asset
  artifactKey: Guid(044b0a8b78e44239b7c937e0fb9554c5) Importer(2089858483,0ecaa5967403d082aa24f35e1b516d23)
Start importing Assets/Resources/7550.dat.asset using Guid(044b0a8b78e44239b7c937e0fb9554c5) Importer(2089858483,0ecaa5967403d082aa24f35e1b516d23) [PhysX] Initialized MultithreadedTaskDispatcher with 20 workers.
 -> (artifact id: '2fd716d082a42167509919a3a56e16b0') in 0.004724 seconds
Number of updated asset objects reloaded before import = 0
Number of asset objects unloaded after import = 3
========================================================================
Received Import Request.
  Time since last request: 0.000013 seconds.
  path: Assets/Resources/897.dat.png
  artifactKey: Guid(53d7e333ad4f4e089eb47b02b69fba94) Importer(2089858483,0ecaa5967403d082aa24f35e1b516d23)
Start importing Assets/Resources/897.dat.png using Guid(53d7e333ad4f4e089eb47b02b69fba94) Importer(2089858483,0ecaa5967403d082aa24f35e1b516d23) [PhysX] Initialized MultithreadedTaskDispatcher with 20 workers.
 -> (artifact id: '3ef6c96ac208abb2b99bce8cdba1ece7') in 0.012334 seconds
Number of updated asset objects reloaded before import = 0
Number of asset objects unloaded after import = 9
========================================================================
Received Import Request.
  Time since last request: 0.000014 seconds.
  path: Assets/Resources/7491.dat.png
  artifactKey: Guid(f6bc25bab02e48398fc9c83bb370e80a) Importer(2089858483,0ecaa5967403d082aa24f35e1b516d23)
Start importing Assets/Resources/7491.dat.png using Guid(f6bc25bab02e48398fc9c83bb370e80a) Importer(2089858483,0ecaa5967403d082aa24f35e1b516d23) [PhysX] Initialized MultithreadedTaskDispatcher with 20 workers.
 -> (artifact id: '274243771e853454eae2c4c75fdb9468') in 0.007507 seconds
Number of updated asset objects reloaded before import = 0
Number of asset objects unloaded after import = 3
========================================================================
Received Import Request.
  Time since last request: 0.000015 seconds.
  path: Assets/Resources/7556.dat.png
  artifactKey: Guid(edd352a9faad4713bbbb9d05e76eb75f) Importer(2089858483,0ecaa5967403d082aa24f35e1b516d23)
Start importing Assets/Resources/7556.dat.png using Guid(edd352a9faad4713bbbb9d05e76eb75f) Importer(2089858483,0ecaa5967403d082aa24f35e1b516d23) [PhysX] Initialized MultithreadedTaskDispatcher with 20 workers.
 -> (artifact id: '9350ad82b7328a047d29e00312f169f5') in 0.013671 seconds
Number of updated asset objects reloaded before import = 0
Number of asset objects unloaded after import = 3
========================================================================
Received Import Request.
  Time since last request: 0.000015 seconds.
  path: Assets/Resources/投石车_死亡.anim
  artifactKey: Guid(b92854a59b84400dbf96dd202c4e9a9b) Importer(2089858483,0ecaa5967403d082aa24f35e1b516d23)
Start importing Assets/Resources/投石车_死亡.anim using Guid(b92854a59b84400dbf96dd202c4e9a9b) Importer(2089858483,0ecaa5967403d082aa24f35e1b516d23) [PhysX] Initialized MultithreadedTaskDispatcher with 20 workers.
 -> (artifact id: 'dfbc167603c0e46976f0b502709e41a4') in 0.004323 seconds
Number of updated asset objects reloaded before import = 0
Number of asset objects unloaded after import = 1
========================================================================
Received Import Request.
  Time since last request: 0.000013 seconds.
  path: Assets/Scripts/全局大地图库.cs
  artifactKey: Guid(f1f4fb4081738ca3c24689526c9f1272) Importer(2089858483,0ecaa5967403d082aa24f35e1b516d23)
Start importing Assets/Scripts/全局大地图库.cs using Guid(f1f4fb4081738ca3c24689526c9f1272) Importer(2089858483,0ecaa5967403d082aa24f35e1b516d23) [PhysX] Initialized MultithreadedTaskDispatcher with 20 workers.
 -> (artifact id: '22e0aceb7365b77e7adfd6d22393d503') in 0.002661 seconds
Number of updated asset objects reloaded before import = 0
Number of asset objects unloaded after import = 1
========================================================================
Received Import Request.
  Time since last request: 0.000016 seconds.
  path: Assets/Resources/7545.dat.png
  artifactKey: Guid(56a670fdc2ba46cbb8f95a2be3b9a935) Importer(2089858483,0ecaa5967403d082aa24f35e1b516d23)
Start importing Assets/Resources/7545.dat.png using Guid(56a670fdc2ba46cbb8f95a2be3b9a935) Importer(2089858483,0ecaa5967403d082aa24f35e1b516d23) [PhysX] Initialized MultithreadedTaskDispatcher with 20 workers.
 -> (artifact id: '1c782bf39be928132faea485cdb04a6d') in 0.007636 seconds
Number of updated asset objects reloaded before import = 0
Number of asset objects unloaded after import = 3
========================================================================
Received Import Request.
  Time since last request: 0.000015 seconds.
  path: Assets/Resources/铁骑兵.controller
  artifactKey: Guid(59b0fea1858749cf9b03f5346c77a14d) Importer(2089858483,0ecaa5967403d082aa24f35e1b516d23)
Start importing Assets/Resources/铁骑兵.controller using Guid(59b0fea1858749cf9b03f5346c77a14d) Importer(2089858483,0ecaa5967403d082aa24f35e1b516d23) [PhysX] Initialized MultithreadedTaskDispatcher with 20 workers.
 -> (artifact id: '118b993a4e0e3d95dfae2ec76558b00b') in 0.004300 seconds
Number of updated asset objects reloaded before import = 0
Number of asset objects unloaded after import = 20
========================================================================
Received Import Request.
  Time since last request: 0.000013 seconds.
  path: Assets/Scripts/使用道具脚本.cs
  artifactKey: Guid(31f4d5deea520ae2b530e681c9d97826) Importer(2089858483,0ecaa5967403d082aa24f35e1b516d23)
Start importing Assets/Scripts/使用道具脚本.cs using Guid(31f4d5deea520ae2b530e681c9d97826) Importer(2089858483,0ecaa5967403d082aa24f35e1b516d23) [PhysX] Initialized MultithreadedTaskDispatcher with 20 workers.
 -> (artifact id: 'e82d2a07e0b69cb3e91abf3a327e0236') in 0.002811 seconds
Number of updated asset objects reloaded before import = 0
Number of asset objects unloaded after import = 1
========================================================================
Received Import Request.
  Time since last request: 0.000016 seconds.
  path: Assets/Scripts/开始界面背景动画.cs
  artifactKey: Guid(412f9ee677ce1f408450ad8fe7df8c2c) Importer(2089858483,0ecaa5967403d082aa24f35e1b516d23)
Start importing Assets/Scripts/开始界面背景动画.cs using Guid(412f9ee677ce1f408450ad8fe7df8c2c) Importer(2089858483,0ecaa5967403d082aa24f35e1b516d23) [PhysX] Initialized MultithreadedTaskDispatcher with 20 workers.
 -> (artifact id: 'c10dab1f9bddedd37d8eaf295e148303') in 0.002752 seconds
Number of updated asset objects reloaded before import = 0
Number of asset objects unloaded after import = 1
========================================================================
Received Import Request.
  Time since last request: 0.000012 seconds.
  path: Assets/Resources/轻步兵_走.anim
  artifactKey: Guid(6fbc0cd8cfdf4b4a90736dbdbca3a614) Importer(2089858483,0ecaa5967403d082aa24f35e1b516d23)
Start importing Assets/Resources/轻步兵_走.anim using Guid(6fbc0cd8cfdf4b4a90736dbdbca3a614) Importer(2089858483,0ecaa5967403d082aa24f35e1b516d23) [PhysX] Initialized MultithreadedTaskDispatcher with 20 workers.
 -> (artifact id: '0f914d5e6def2b0a6180493c509beaa9') in 0.003976 seconds
Number of updated asset objects reloaded before import = 0
Number of asset objects unloaded after import = 1
========================================================================
Received Import Request.
  Time since last request: 0.000076 seconds.
  path: Assets/Scripts/文字滚动.cs
  artifactKey: Guid(722c4ceca722f28f1469912c187c058c) Importer(2089858483,0ecaa5967403d082aa24f35e1b516d23)
Start importing Assets/Scripts/文字滚动.cs using Guid(722c4ceca722f28f1469912c187c058c) Importer(2089858483,0ecaa5967403d082aa24f35e1b516d23) [PhysX] Initialized MultithreadedTaskDispatcher with 20 workers.
 -> (artifact id: '3551e75c5935df9af20ae5651a2b10eb') in 0.002382 seconds
Number of updated asset objects reloaded before import = 0
Number of asset objects unloaded after import = 1
========================================================================
Received Import Request.
  Time since last request: 0.000010 seconds.
  path: Assets/Resources/骑兵_走.anim
  artifactKey: Guid(5614188191e14e5bab2a3366f3c7b7a7) Importer(2089858483,0ecaa5967403d082aa24f35e1b516d23)
Start importing Assets/Resources/骑兵_走.anim using Guid(5614188191e14e5bab2a3366f3c7b7a7) Importer(2089858483,0ecaa5967403d082aa24f35e1b516d23) [PhysX] Initialized MultithreadedTaskDispatcher with 20 workers.
 -> (artifact id: 'f1e71a2795b5af534908da5711e07fc1') in 0.012699 seconds
Number of updated asset objects reloaded before import = 0
Number of asset objects unloaded after import = 1
========================================================================
Received Import Request.
  Time since last request: 0.000018 seconds.
  path: Assets/Resources/铁骑兵_走.anim
  artifactKey: Guid(80488f56ae5e4d229d98b263f15c7580) Importer(2089858483,0ecaa5967403d082aa24f35e1b516d23)
Start importing Assets/Resources/铁骑兵_走.anim using Guid(80488f56ae5e4d229d98b263f15c7580) Importer(2089858483,0ecaa5967403d082aa24f35e1b516d23) [PhysX] Initialized MultithreadedTaskDispatcher with 20 workers.
 -> (artifact id: '2a06ffd6debde04a9de9b8706ca4a4cc') in 0.012446 seconds
Number of updated asset objects reloaded before import = 0
Number of asset objects unloaded after import = 1
========================================================================
Received Import Request.
  Time since last request: 0.000019 seconds.
  path: Assets/Resources/投石车_等待.anim
  artifactKey: Guid(a888de25ef4e4a19a8d5e5f91dad0c42) Importer(2089858483,0ecaa5967403d082aa24f35e1b516d23)
Start importing Assets/Resources/投石车_等待.anim using Guid(a888de25ef4e4a19a8d5e5f91dad0c42) Importer(2089858483,0ecaa5967403d082aa24f35e1b516d23) [PhysX] Initialized MultithreadedTaskDispatcher with 20 workers.
 -> (artifact id: 'd7518cf1233bdb093b2b216bb5b1a404') in 0.003529 seconds
Number of updated asset objects reloaded before import = 0
Number of asset objects unloaded after import = 1
========================================================================
Received Import Request.
  Time since last request: 0.000015 seconds.
  path: Assets/Resources/7517.dat.asset
  artifactKey: Guid(353241b972164d1db4d64b07d74f65d7) Importer(2089858483,0ecaa5967403d082aa24f35e1b516d23)
Start importing Assets/Resources/7517.dat.asset using Guid(353241b972164d1db4d64b07d74f65d7) Importer(2089858483,0ecaa5967403d082aa24f35e1b516d23) [PhysX] Initialized MultithreadedTaskDispatcher with 20 workers.
 -> (artifact id: '288eb52b8f3206cf71c44d2f7b15b52d') in 0.003670 seconds
Number of updated asset objects reloaded before import = 0
Number of asset objects unloaded after import = 3
========================================================================
Received Import Request.
  Time since last request: 0.000053 seconds.
  path: Assets/Scripts/存档信息库类.cs
  artifactKey: Guid(a1bfa6e40d39fb41fbb319aa7b074f96) Importer(2089858483,0ecaa5967403d082aa24f35e1b516d23)
Start importing Assets/Scripts/存档信息库类.cs using Guid(a1bfa6e40d39fb41fbb319aa7b074f96) Importer(2089858483,0ecaa5967403d082aa24f35e1b516d23) [PhysX] Initialized MultithreadedTaskDispatcher with 20 workers.
 -> (artifact id: '2c0b944b037cc1143245deba80135f78') in 0.002523 seconds
Number of updated asset objects reloaded before import = 0
Number of asset objects unloaded after import = 1
========================================================================
Received Import Request.
  Time since last request: 0.000014 seconds.
  path: Assets/Scripts/全局道具库.cs
  artifactKey: Guid(54ae6e6b655771682f532529d039efc7) Importer(2089858483,0ecaa5967403d082aa24f35e1b516d23)
Start importing Assets/Scripts/全局道具库.cs using Guid(54ae6e6b655771682f532529d039efc7) Importer(2089858483,0ecaa5967403d082aa24f35e1b516d23) [PhysX] Initialized MultithreadedTaskDispatcher with 20 workers.
 -> (artifact id: '407b4a6c5d784902d628312d47b4bc80') in 0.004164 seconds
Number of updated asset objects reloaded before import = 0
Number of asset objects unloaded after import = 1
========================================================================
Received Import Request.
  Time since last request: 0.000015 seconds.
  path: Assets/Resources/骑兵_攻击2.png
  artifactKey: Guid(97e80bff38234e97acd0e714272845ed) Importer(2089858483,0ecaa5967403d082aa24f35e1b516d23)
Start importing Assets/Resources/骑兵_攻击2.png using Guid(97e80bff38234e97acd0e714272845ed) Importer(2089858483,0ecaa5967403d082aa24f35e1b516d23) [PhysX] Initialized MultithreadedTaskDispatcher with 20 workers.
 -> (artifact id: 'cfed6c3bc62ce49f0d1b04c8685204e4') in 0.008858 seconds
Number of updated asset objects reloaded before import = 0
Number of asset objects unloaded after import = 4
========================================================================
Received Import Request.
  Time since last request: 0.000015 seconds.
  path: Assets/Resources/7521.dat.png
  artifactKey: Guid(0e5b2fc3d6f94098928046624158dace) Importer(2089858483,0ecaa5967403d082aa24f35e1b516d23)
Start importing Assets/Resources/7521.dat.png using Guid(0e5b2fc3d6f94098928046624158dace) Importer(2089858483,0ecaa5967403d082aa24f35e1b516d23) [PhysX] Initialized MultithreadedTaskDispatcher with 20 workers.
 -> (artifact id: '6d8a12eee7cebc99bf10fdbce78af727') in 0.008814 seconds
Number of updated asset objects reloaded before import = 0
Number of asset objects unloaded after import = 3
========================================================================
Received Import Request.
  Time since last request: 0.000013 seconds.
  path: Assets/Resources/重步兵_等待.anim
  artifactKey: Guid(f51bf1a26b0243deb62d6b39aae1eeeb) Importer(2089858483,0ecaa5967403d082aa24f35e1b516d23)
Start importing Assets/Resources/重步兵_等待.anim using Guid(f51bf1a26b0243deb62d6b39aae1eeeb) Importer(2089858483,0ecaa5967403d082aa24f35e1b516d23) [PhysX] Initialized MultithreadedTaskDispatcher with 20 workers.
 -> (artifact id: 'd03cd2cddf3220b8f9c721daa4aa84de') in 0.003121 seconds
Number of updated asset objects reloaded before import = 0
Number of asset objects unloaded after import = 1
========================================================================
Received Import Request.
  Time since last request: 0.000011 seconds.
  path: Assets/Resources/7509.dat.asset
  artifactKey: Guid(9f09555fbff34e6bb9ae32f7b83c3118) Importer(2089858483,0ecaa5967403d082aa24f35e1b516d23)
Start importing Assets/Resources/7509.dat.asset using Guid(9f09555fbff34e6bb9ae32f7b83c3118) Importer(2089858483,0ecaa5967403d082aa24f35e1b516d23) [PhysX] Initialized MultithreadedTaskDispatcher with 20 workers.
 -> (artifact id: 'a7b4f622da59e404d39de6c05ebeda81') in 0.003227 seconds
Number of updated asset objects reloaded before import = 0
Number of asset objects unloaded after import = 3
========================================================================
Received Import Request.
  Time since last request: 0.000010 seconds.
  path: Assets/Resources/冲城车_等待.anim
  artifactKey: Guid(d4ebc572632942178b7c4e3da9073233) Importer(2089858483,0ecaa5967403d082aa24f35e1b516d23)
Start importing Assets/Resources/冲城车_等待.anim using Guid(d4ebc572632942178b7c4e3da9073233) Importer(2089858483,0ecaa5967403d082aa24f35e1b516d23) [PhysX] Initialized MultithreadedTaskDispatcher with 20 workers.
 -> (artifact id: 'bd67d8989cec9d7787575eb2b12d958d') in 0.003964 seconds
Number of updated asset objects reloaded before import = 0
Number of asset objects unloaded after import = 1
========================================================================
Received Import Request.
  Time since last request: 0.000012 seconds.
  path: Assets/Scripts/将领编队.cs
  artifactKey: Guid(898c89022857383796b5d7f192a35c57) Importer(2089858483,0ecaa5967403d082aa24f35e1b516d23)
Start importing Assets/Scripts/将领编队.cs using Guid(898c89022857383796b5d7f192a35c57) Importer(2089858483,0ecaa5967403d082aa24f35e1b516d23) [PhysX] Initialized MultithreadedTaskDispatcher with 20 workers.
 -> (artifact id: '592a9891144bbb74cd695159cf186935') in 0.003579 seconds
Number of updated asset objects reloaded before import = 0
Number of asset objects unloaded after import = 1
========================================================================
Received Import Request.
  Time since last request: 0.000015 seconds.
  path: Assets/Resources/轻骑兵_等待.anim
  artifactKey: Guid(f99ed2c5a30a446796a05051296c1419) Importer(2089858483,0ecaa5967403d082aa24f35e1b516d23)
Start importing Assets/Resources/轻骑兵_等待.anim using Guid(f99ed2c5a30a446796a05051296c1419) Importer(2089858483,0ecaa5967403d082aa24f35e1b516d23) [PhysX] Initialized MultithreadedTaskDispatcher with 20 workers.
 -> (artifact id: '5ba21b4e9c93a8d9de356a5e10b479a9') in 0.003549 seconds
Number of updated asset objects reloaded before import = 0
Number of asset objects unloaded after import = 1
========================================================================
Received Import Request.
  Time since last request: 0.000011 seconds.
  path: Assets/Scripts/存档脚本.cs
  artifactKey: Guid(be27ba0766ac517d6f2874bbb6eb7bf9) Importer(2089858483,0ecaa5967403d082aa24f35e1b516d23)
Start importing Assets/Scripts/存档脚本.cs using Guid(be27ba0766ac517d6f2874bbb6eb7bf9) Importer(2089858483,0ecaa5967403d082aa24f35e1b516d23) [PhysX] Initialized MultithreadedTaskDispatcher with 20 workers.
 -> (artifact id: 'b1a1a6b6d552ae9b9e5cf19c5e053fd0') in 0.002335 seconds
Number of updated asset objects reloaded before import = 0
Number of asset objects unloaded after import = 1
========================================================================
Received Import Request.
  Time since last request: 0.000010 seconds.
  path: Assets/Resources/7548.dat.png
  artifactKey: Guid(46cebf054226446d85514dc38716914a) Importer(2089858483,0ecaa5967403d082aa24f35e1b516d23)
Start importing Assets/Resources/7548.dat.png using Guid(46cebf054226446d85514dc38716914a) Importer(2089858483,0ecaa5967403d082aa24f35e1b516d23) [PhysX] Initialized MultithreadedTaskDispatcher with 20 workers.
 -> (artifact id: 'ab64c9e6d7e1f6ec29bb58a0c84297e5') in 0.008212 seconds
Number of updated asset objects reloaded before import = 0
Number of asset objects unloaded after import = 3
========================================================================
Received Import Request.
  Time since last request: 0.000025 seconds.
  path: Assets/Scripts/显示个人脚本.cs
  artifactKey: Guid(85f59bb0e8b2820d03965112d94d8444) Importer(2089858483,0ecaa5967403d082aa24f35e1b516d23)
Start importing Assets/Scripts/显示个人脚本.cs using Guid(85f59bb0e8b2820d03965112d94d8444) Importer(2089858483,0ecaa5967403d082aa24f35e1b516d23) [PhysX] Initialized MultithreadedTaskDispatcher with 20 workers.
 -> (artifact id: '0932ea6f4139b3fc5f830ee282edb6f9') in 0.003270 seconds
Number of updated asset objects reloaded before import = 0
Number of asset objects unloaded after import = 1
========================================================================
Received Import Request.
  Time since last request: 0.000023 seconds.
  path: Assets/Resources/弓兵_等待.anim
  artifactKey: Guid(0c4213692cc142979287ef149e4bef72) Importer(2089858483,0ecaa5967403d082aa24f35e1b516d23)
Start importing Assets/Resources/弓兵_等待.anim using Guid(0c4213692cc142979287ef149e4bef72) Importer(2089858483,0ecaa5967403d082aa24f35e1b516d23) [PhysX] Initialized MultithreadedTaskDispatcher with 20 workers.
 -> (artifact id: 'cca39455949f03e4d89b7db4a3c9e786') in 0.003537 seconds
Number of updated asset objects reloaded before import = 0
Number of asset objects unloaded after import = 1
========================================================================
Received Import Request.
  Time since last request: 0.000013 seconds.
  path: Assets/Resources/骑兵_跑.anim
  artifactKey: Guid(5bce889097fc4e3983af78a5ea299c96) Importer(2089858483,0ecaa5967403d082aa24f35e1b516d23)
Start importing Assets/Resources/骑兵_跑.anim using Guid(5bce889097fc4e3983af78a5ea299c96) Importer(2089858483,0ecaa5967403d082aa24f35e1b516d23) [PhysX] Initialized MultithreadedTaskDispatcher with 20 workers.
 -> (artifact id: '040c566299d3fc8cd7cb824a902f8cd5') in 0.003308 seconds
Number of updated asset objects reloaded before import = 0
Number of asset objects unloaded after import = 1
========================================================================
Received Import Request.
  Time since last request: 0.000044 seconds.
  path: Assets/Scripts/全局商城库.cs
  artifactKey: Guid(0bdfce49ae18aa6a3e1db4d39c801d67) Importer(2089858483,0ecaa5967403d082aa24f35e1b516d23)
Start importing Assets/Scripts/全局商城库.cs using Guid(0bdfce49ae18aa6a3e1db4d39c801d67) Importer(2089858483,0ecaa5967403d082aa24f35e1b516d23) [PhysX] Initialized MultithreadedTaskDispatcher with 20 workers.
 -> (artifact id: '84c50edaa9b335f25fce3ebf9f32348c') in 0.008676 seconds
Number of updated asset objects reloaded before import = 0
Number of asset objects unloaded after import = 1
========================================================================
Received Import Request.
  Time since last request: 0.000017 seconds.
  path: Assets/Scripts/战斗界面UI脚本.cs
  artifactKey: Guid(d1c595d63a00ca79d74f1ce427cb16c4) Importer(2089858483,0ecaa5967403d082aa24f35e1b516d23)
Start importing Assets/Scripts/战斗界面UI脚本.cs using Guid(d1c595d63a00ca79d74f1ce427cb16c4) Importer(2089858483,0ecaa5967403d082aa24f35e1b516d23) [PhysX] Initialized MultithreadedTaskDispatcher with 20 workers.
 -> (artifact id: '2ee320083d6f0463576fe475e3fdc8b0') in 0.002685 seconds
Number of updated asset objects reloaded before import = 0
Number of asset objects unloaded after import = 1
========================================================================
Received Import Request.
  Time since last request: 0.000013 seconds.
  path: Assets/Resources/7536.dat.png
  artifactKey: Guid(a73c0f26410048608905745f080a93dd) Importer(2089858483,0ecaa5967403d082aa24f35e1b516d23)
Start importing Assets/Resources/7536.dat.png using Guid(a73c0f26410048608905745f080a93dd) Importer(2089858483,0ecaa5967403d082aa24f35e1b516d23) [PhysX] Initialized MultithreadedTaskDispatcher with 20 workers.
 -> (artifact id: 'a2ccf316677ba3e9bb71934cfa91d435') in 0.008009 seconds
Number of updated asset objects reloaded before import = 0
Number of asset objects unloaded after import = 3
========================================================================
Received Import Request.
  Time since last request: 0.000013 seconds.
  path: Assets/Resources/7516.dat.asset
  artifactKey: Guid(31f31c1f75be4af38fc79507163ff06a) Importer(2089858483,0ecaa5967403d082aa24f35e1b516d23)
Start importing Assets/Resources/7516.dat.asset using Guid(31f31c1f75be4af38fc79507163ff06a) Importer(2089858483,0ecaa5967403d082aa24f35e1b516d23) [PhysX] Initialized MultithreadedTaskDispatcher with 20 workers.
 -> (artifact id: '5878538ac619711e28fd3547f91b62a8') in 0.003576 seconds
Number of updated asset objects reloaded before import = 0
Number of asset objects unloaded after import = 3
========================================================================
Received Import Request.
  Time since last request: 0.000013 seconds.
  path: Assets/Resources/7522.dat.png
  artifactKey: Guid(c114ad9db70c472db9aba16b8e54ff8a) Importer(2089858483,0ecaa5967403d082aa24f35e1b516d23)
Start importing Assets/Resources/7522.dat.png using Guid(c114ad9db70c472db9aba16b8e54ff8a) Importer(2089858483,0ecaa5967403d082aa24f35e1b516d23) [PhysX] Initialized MultithreadedTaskDispatcher with 20 workers.
 -> (artifact id: 'c7d519edee22c00133dea65e99c8db97') in 0.006775 seconds
Number of updated asset objects reloaded before import = 0
Number of asset objects unloaded after import = 3
========================================================================
Received Import Request.
  Time since last request: 0.000017 seconds.
  path: Assets/Resources/近卫兵_等待.anim
  artifactKey: Guid(17e5a69d592f49a1b2d91c3e1909e90f) Importer(2089858483,0ecaa5967403d082aa24f35e1b516d23)
Start importing Assets/Resources/近卫兵_等待.anim using Guid(17e5a69d592f49a1b2d91c3e1909e90f) Importer(2089858483,0ecaa5967403d082aa24f35e1b516d23) [PhysX] Initialized MultithreadedTaskDispatcher with 20 workers.
 -> (artifact id: 'df4d5a96fa339411cb5d6c5efacf1b24') in 0.004363 seconds
Number of updated asset objects reloaded before import = 0
Number of asset objects unloaded after import = 1
========================================================================
Received Import Request.
  Time since last request: 0.000015 seconds.
  path: Assets/Resources/7517.dat.png
  artifactKey: Guid(d3ee5366dd8f487283fb97f12ad24889) Importer(2089858483,0ecaa5967403d082aa24f35e1b516d23)
Start importing Assets/Resources/7517.dat.png using Guid(d3ee5366dd8f487283fb97f12ad24889) Importer(2089858483,0ecaa5967403d082aa24f35e1b516d23) [PhysX] Initialized MultithreadedTaskDispatcher with 20 workers.
 -> (artifact id: '83330ba8950aa471de8faf97e0eea5a4') in 0.006328 seconds
Number of updated asset objects reloaded before import = 0
Number of asset objects unloaded after import = 3
========================================================================
Received Import Request.
  Time since last request: 0.000014 seconds.
  path: Assets/Scripts/全局兵种库.cs
  artifactKey: Guid(8f51e01751b09e5548e4b76b85639d06) Importer(2089858483,0ecaa5967403d082aa24f35e1b516d23)
Start importing Assets/Scripts/全局兵种库.cs using Guid(8f51e01751b09e5548e4b76b85639d06) Importer(2089858483,0ecaa5967403d082aa24f35e1b516d23) [PhysX] Initialized MultithreadedTaskDispatcher with 20 workers.
 -> (artifact id: '844cc4889a40e6e1ade330fb2b737647') in 0.002532 seconds
Number of updated asset objects reloaded before import = 0
Number of asset objects unloaded after import = 1
========================================================================
Received Import Request.
  Time since last request: 0.000014 seconds.
  path: Assets/Scripts/兵营脚本.cs
  artifactKey: Guid(e413b1e233cd41a34f85db04587b97b4) Importer(2089858483,0ecaa5967403d082aa24f35e1b516d23)
Start importing Assets/Scripts/兵营脚本.cs using Guid(e413b1e233cd41a34f85db04587b97b4) Importer(2089858483,0ecaa5967403d082aa24f35e1b516d23) [PhysX] Initialized MultithreadedTaskDispatcher with 20 workers.
 -> (artifact id: 'e6b0cd676f6431df2c34ce9a26bde360') in 0.003631 seconds
Number of updated asset objects reloaded before import = 0
Number of asset objects unloaded after import = 1
========================================================================
Received Import Request.
  Time since last request: 0.000019 seconds.
  path: Assets/Resources/7543.dat.png
  artifactKey: Guid(6003446083d14d1580524c0edb1a9c8f) Importer(2089858483,0ecaa5967403d082aa24f35e1b516d23)
Start importing Assets/Resources/7543.dat.png using Guid(6003446083d14d1580524c0edb1a9c8f) Importer(2089858483,0ecaa5967403d082aa24f35e1b516d23) [PhysX] Initialized MultithreadedTaskDispatcher with 20 workers.
 -> (artifact id: 'f261347f61b9a9cdbb988c92b1dea18e') in 0.006741 seconds
Number of updated asset objects reloaded before import = 0
Number of asset objects unloaded after import = 3
========================================================================
Received Import Request.
  Time since last request: 0.000013 seconds.
  path: Assets/Resources/7494.dat.png
  artifactKey: Guid(417d6c6236854b4f8db4018f52b4e84c) Importer(2089858483,0ecaa5967403d082aa24f35e1b516d23)
Start importing Assets/Resources/7494.dat.png using Guid(417d6c6236854b4f8db4018f52b4e84c) Importer(2089858483,0ecaa5967403d082aa24f35e1b516d23) [PhysX] Initialized MultithreadedTaskDispatcher with 20 workers.
 -> (artifact id: '11b26cd4bc6aadac369beb14ea159707') in 0.007183 seconds
Number of updated asset objects reloaded before import = 0
Number of asset objects unloaded after import = 3
========================================================================
Received Import Request.
  Time since last request: 0.000013 seconds.
  path: Assets/Resources/重步兵_跑.anim
  artifactKey: Guid(ce67f4ac28184bbc9c7f4bcf0f1d95d1) Importer(2089858483,0ecaa5967403d082aa24f35e1b516d23)
Start importing Assets/Resources/重步兵_跑.anim using Guid(ce67f4ac28184bbc9c7f4bcf0f1d95d1) Importer(2089858483,0ecaa5967403d082aa24f35e1b516d23) [PhysX] Initialized MultithreadedTaskDispatcher with 20 workers.
 -> (artifact id: 'fa6af63f39249fbe56763c668e0b68b2') in 0.175441 seconds
Number of updated asset objects reloaded before import = 0
Number of asset objects unloaded after import = 1
========================================================================
Received Import Request.
  Time since last request: 0.000021 seconds.
  path: Assets/Resources/7500.dat.asset
  artifactKey: Guid(3102c727db95460eb6f9f3631ef2fb8c) Importer(2089858483,0ecaa5967403d082aa24f35e1b516d23)
Start importing Assets/Resources/7500.dat.asset using Guid(3102c727db95460eb6f9f3631ef2fb8c) Importer(2089858483,0ecaa5967403d082aa24f35e1b516d23) [PhysX] Initialized MultithreadedTaskDispatcher with 20 workers.
 -> (artifact id: '23c2bed054cc2f4ed96ae653cb169cb6') in 0.005590 seconds
Number of updated asset objects reloaded before import = 0
Number of asset objects unloaded after import = 3
========================================================================
Received Import Request.
  Time since last request: 0.000023 seconds.
  path: Assets/Resources/7496.dat.png
  artifactKey: Guid(6c7d9a6fa03f4c4a9ce01abce6b96879) Importer(2089858483,0ecaa5967403d082aa24f35e1b516d23)
Start importing Assets/Resources/7496.dat.png using Guid(6c7d9a6fa03f4c4a9ce01abce6b96879) Importer(2089858483,0ecaa5967403d082aa24f35e1b516d23) [PhysX] Initialized MultithreadedTaskDispatcher with 20 workers.
 -> (artifact id: '858d36275b3102bd4d50eb37f18cca93') in 0.009123 seconds
Number of updated asset objects reloaded before import = 0
Number of asset objects unloaded after import = 3
========================================================================
Received Import Request.
  Time since last request: 0.000019 seconds.
  path: Assets/Resources/重步兵_死亡.anim
  artifactKey: Guid(cca0475d422445d88f2cbd96c24354ed) Importer(2089858483,0ecaa5967403d082aa24f35e1b516d23)
Start importing Assets/Resources/重步兵_死亡.anim using Guid(cca0475d422445d88f2cbd96c24354ed) Importer(2089858483,0ecaa5967403d082aa24f35e1b516d23) [PhysX] Initialized MultithreadedTaskDispatcher with 20 workers.
 -> (artifact id: '980f74a19f6b8d9f82f0e9ff2a42e6bf') in 0.003411 seconds
Number of updated asset objects reloaded before import = 0
Number of asset objects unloaded after import = 1
========================================================================
Received Import Request.
  Time since last request: 0.000012 seconds.
  path: Assets/Resources/7552.dat.asset
  artifactKey: Guid(9f9b1e65b7f7443d8a161142903d5f59) Importer(2089858483,0ecaa5967403d082aa24f35e1b516d23)
Start importing Assets/Resources/7552.dat.asset using Guid(9f9b1e65b7f7443d8a161142903d5f59) Importer(2089858483,0ecaa5967403d082aa24f35e1b516d23) [PhysX] Initialized MultithreadedTaskDispatcher with 20 workers.
 -> (artifact id: '2419f6617e45da518cf8a08f99441430') in 0.003244 seconds
Number of updated asset objects reloaded before import = 0
Number of asset objects unloaded after import = 3
========================================================================
Received Import Request.
  Time since last request: 0.000013 seconds.
  path: Assets/Resources/民兵_死亡.anim
  artifactKey: Guid(1b81dfe3fe4d4b70a4549f4571b578d0) Importer(2089858483,0ecaa5967403d082aa24f35e1b516d23)
Start importing Assets/Resources/民兵_死亡.anim using Guid(1b81dfe3fe4d4b70a4549f4571b578d0) Importer(2089858483,0ecaa5967403d082aa24f35e1b516d23) [PhysX] Initialized MultithreadedTaskDispatcher with 20 workers.
 -> (artifact id: '45a7b42f53a0cedb6600049bc83d3b2e') in 0.004034 seconds
Number of updated asset objects reloaded before import = 0
Number of asset objects unloaded after import = 1
========================================================================
Received Import Request.
  Time since last request: 0.000014 seconds.
  path: Assets/Resources/7504.dat.png
  artifactKey: Guid(8c94f12b51fe42a48eb23cb4aae96113) Importer(2089858483,0ecaa5967403d082aa24f35e1b516d23)
Start importing Assets/Resources/7504.dat.png using Guid(8c94f12b51fe42a48eb23cb4aae96113) Importer(2089858483,0ecaa5967403d082aa24f35e1b516d23) [PhysX] Initialized MultithreadedTaskDispatcher with 20 workers.
 -> (artifact id: '46f97436633ab186d2b45289dfb152f2') in 0.006878 seconds
Number of updated asset objects reloaded before import = 0
Number of asset objects unloaded after import = 3
========================================================================
Received Import Request.
  Time since last request: 0.000015 seconds.
  path: Assets/Resources/强弩兵_死亡.anim
  artifactKey: Guid(2a08d9f83c384e6d8598bf63396bc9e6) Importer(2089858483,0ecaa5967403d082aa24f35e1b516d23)
Start importing Assets/Resources/强弩兵_死亡.anim using Guid(2a08d9f83c384e6d8598bf63396bc9e6) Importer(2089858483,0ecaa5967403d082aa24f35e1b516d23) [PhysX] Initialized MultithreadedTaskDispatcher with 20 workers.
 -> (artifact id: '0f9dac31132075f0bfde414430527e94') in 0.003350 seconds
Number of updated asset objects reloaded before import = 0
Number of asset objects unloaded after import = 1
========================================================================
Received Import Request.
  Time since last request: 0.000014 seconds.
  path: Assets/Scripts/将领列表显示.cs
  artifactKey: Guid(6940dbda6d713fe9a80284c482c90f69) Importer(2089858483,0ecaa5967403d082aa24f35e1b516d23)
Start importing Assets/Scripts/将领列表显示.cs using Guid(6940dbda6d713fe9a80284c482c90f69) Importer(2089858483,0ecaa5967403d082aa24f35e1b516d23) [PhysX] Initialized MultithreadedTaskDispatcher with 20 workers.
 -> (artifact id: 'b786d1a08ce8dcb2d2a14df2836f1672') in 0.003383 seconds
Number of updated asset objects reloaded before import = 0
Number of asset objects unloaded after import = 1
========================================================================
Received Import Request.
  Time since last request: 0.000014 seconds.
  path: Assets/Resources/7500.dat.png
  artifactKey: Guid(b5715e89a7644d12a73060011a08935e) Importer(2089858483,0ecaa5967403d082aa24f35e1b516d23)
Start importing Assets/Resources/7500.dat.png using Guid(b5715e89a7644d12a73060011a08935e) Importer(2089858483,0ecaa5967403d082aa24f35e1b516d23) [PhysX] Initialized MultithreadedTaskDispatcher with 20 workers.
 -> (artifact id: '4a382208310b0ea99d1154856923368f') in 0.007983 seconds
Number of updated asset objects reloaded before import = 0
Number of asset objects unloaded after import = 3
========================================================================
Received Import Request.
  Time since last request: 0.000016 seconds.
  path: Assets/Scripts/进度条动画.cs
  artifactKey: Guid(bf8ce785401a02d49e68e12511e45fcd) Importer(2089858483,0ecaa5967403d082aa24f35e1b516d23)
Start importing Assets/Scripts/进度条动画.cs using Guid(bf8ce785401a02d49e68e12511e45fcd) Importer(2089858483,0ecaa5967403d082aa24f35e1b516d23) [PhysX] Initialized MultithreadedTaskDispatcher with 20 workers.
 -> (artifact id: '4bddd64b2d077156aa8a2d6c9beb63d8') in 0.005071 seconds
Number of updated asset objects reloaded before import = 0
Number of asset objects unloaded after import = 1
========================================================================
Received Import Request.
  Time since last request: 0.000017 seconds.
  path: Assets/Resources/兵种头像/弩车.png
  artifactKey: Guid(5af31a29a1a04180a5e969cb33fe3546) Importer(2089858483,0ecaa5967403d082aa24f35e1b516d23)
Start importing Assets/Resources/兵种头像/弩车.png using Guid(5af31a29a1a04180a5e969cb33fe3546) Importer(2089858483,0ecaa5967403d082aa24f35e1b516d23) [PhysX] Initialized MultithreadedTaskDispatcher with 20 workers.
 -> (artifact id: '89e18e6389dd4261d30be41ee01c04f2') in 0.007999 seconds
Number of updated asset objects reloaded before import = 0
Number of asset objects unloaded after import = 3
========================================================================
Received Import Request.
  Time since last request: 0.000018 seconds.
  path: Assets/Resources/称号头像/寨主.png
  artifactKey: Guid(4cc34091702d4b9f82fb30b0d6d57710) Importer(2089858483,0ecaa5967403d082aa24f35e1b516d23)
Start importing Assets/Resources/称号头像/寨主.png using Guid(4cc34091702d4b9f82fb30b0d6d57710) Importer(2089858483,0ecaa5967403d082aa24f35e1b516d23) [PhysX] Initialized MultithreadedTaskDispatcher with 20 workers.
 -> (artifact id: '6be3e484b651c8aa8f26a23489f91976') in 0.008361 seconds
Number of updated asset objects reloaded before import = 0
Number of asset objects unloaded after import = 3
========================================================================
Received Import Request.
  Time since last request: 0.000017 seconds.
  path: Assets/Resources/装备图片/白虎铠.png
  artifactKey: Guid(7a17b17da5af449996c29693be8b7ab9) Importer(2089858483,0ecaa5967403d082aa24f35e1b516d23)
Start importing Assets/Resources/装备图片/白虎铠.png using Guid(7a17b17da5af449996c29693be8b7ab9) Importer(2089858483,0ecaa5967403d082aa24f35e1b516d23) [PhysX] Initialized MultithreadedTaskDispatcher with 20 workers.
 -> (artifact id: '6b34c7248a3f637628633eeca1081a6a') in 0.006907 seconds
Number of updated asset objects reloaded before import = 0
Number of asset objects unloaded after import = 3
========================================================================
Received Import Request.
  Time since last request: 0.000014 seconds.
  path: Assets/Resources/装备图片/1778.dat.png
  artifactKey: Guid(2b781c063eaf445eb0092efcdc4e7aae) Importer(2089858483,0ecaa5967403d082aa24f35e1b516d23)
Start importing Assets/Resources/装备图片/1778.dat.png using Guid(2b781c063eaf445eb0092efcdc4e7aae) Importer(2089858483,0ecaa5967403d082aa24f35e1b516d23) [PhysX] Initialized MultithreadedTaskDispatcher with 20 workers.
 -> (artifact id: 'cca051bfbb322d0050bb5acdd4da4302') in 0.020390 seconds
Number of updated asset objects reloaded before import = 0
Number of asset objects unloaded after import = 12
========================================================================
Received Import Request.
  Time since last request: 0.000018 seconds.
  path: Assets/Resources/兵种小图标/弩骑兵.png
  artifactKey: Guid(d465a0444f404abfb33b7bf92fd29c05) Importer(2089858483,0ecaa5967403d082aa24f35e1b516d23)
Start importing Assets/Resources/兵种小图标/弩骑兵.png using Guid(d465a0444f404abfb33b7bf92fd29c05) Importer(2089858483,0ecaa5967403d082aa24f35e1b516d23) [PhysX] Initialized MultithreadedTaskDispatcher with 20 workers.
 -> (artifact id: '92fad63a929912f9a02fb9333dbdadfc') in 0.007336 seconds
Number of updated asset objects reloaded before import = 0
Number of asset objects unloaded after import = 3
========================================================================
Received Import Request.
  Time since last request: 0.000014 seconds.
  path: Assets/Resources/将领信息预制件/打击特效.anim
  artifactKey: Guid(60d5fd0056d34b50a21bea02837ad4ca) Importer(2089858483,0ecaa5967403d082aa24f35e1b516d23)
Start importing Assets/Resources/将领信息预制件/打击特效.anim using Guid(60d5fd0056d34b50a21bea02837ad4ca) Importer(2089858483,0ecaa5967403d082aa24f35e1b516d23) [PhysX] Initialized MultithreadedTaskDispatcher with 20 workers.
 -> (artifact id: 'fd1e22e4fbeff95e3cc9a579d7467438') in 0.007564 seconds
Number of updated asset objects reloaded before import = 0
Number of asset objects unloaded after import = 1
========================================================================
Received Import Request.
  Time since last request: 0.000013 seconds.
  path: Assets/Resources/称号头像/先锋.png
  artifactKey: Guid(90a8fbac83dd4b92be91b23892146e62) Importer(2089858483,0ecaa5967403d082aa24f35e1b516d23)
Start importing Assets/Resources/称号头像/先锋.png using Guid(90a8fbac83dd4b92be91b23892146e62) Importer(2089858483,0ecaa5967403d082aa24f35e1b516d23) [PhysX] Initialized MultithreadedTaskDispatcher with 20 workers.
 -> (artifact id: 'ad6dba9f4eecdf15f26a52565d8d141a') in 0.022634 seconds
Number of updated asset objects reloaded before import = 0
Number of asset objects unloaded after import = 3
========================================================================
Received Import Request.
  Time since last request: 0.000017 seconds.
  path: Assets/Resources/称号头像/霸主.png
  artifactKey: Guid(590b670a73684c7eabbc1b2cfccd6dce) Importer(2089858483,0ecaa5967403d082aa24f35e1b516d23)
Start importing Assets/Resources/称号头像/霸主.png using Guid(590b670a73684c7eabbc1b2cfccd6dce) Importer(2089858483,0ecaa5967403d082aa24f35e1b516d23) [PhysX] Initialized MultithreadedTaskDispatcher with 20 workers.
 -> (artifact id: '06d2c3885092e7f9e99b8c98910a035c') in 0.008199 seconds
Number of updated asset objects reloaded before import = 0
Number of asset objects unloaded after import = 3
========================================================================
Received Import Request.
  Time since last request: 0.000017 seconds.
  path: Assets/Resources/将领编队图标/2.png
  artifactKey: Guid(f28e1c26bb1a4ce98439c4e664b5cebe) Importer(2089858483,0ecaa5967403d082aa24f35e1b516d23)
Start importing Assets/Resources/将领编队图标/2.png using Guid(f28e1c26bb1a4ce98439c4e664b5cebe) Importer(2089858483,0ecaa5967403d082aa24f35e1b516d23) [PhysX] Initialized MultithreadedTaskDispatcher with 20 workers.
 -> (artifact id: '4e5ba99ecfea71967ec2636d8e178f42') in 0.008056 seconds
Number of updated asset objects reloaded before import = 0
Number of asset objects unloaded after import = 3
========================================================================
Received Import Request.
  Time since last request: 0.000015 seconds.
  path: Assets/Resources/称号头像/财主.png
  artifactKey: Guid(759f31c5dbd54a39af83ddba0a9ab85b) Importer(2089858483,0ecaa5967403d082aa24f35e1b516d23)
Start importing Assets/Resources/称号头像/财主.png using Guid(759f31c5dbd54a39af83ddba0a9ab85b) Importer(2089858483,0ecaa5967403d082aa24f35e1b516d23) [PhysX] Initialized MultithreadedTaskDispatcher with 20 workers.
 -> (artifact id: 'dd4f19a8f39564d0e6d6cbc46e9def61') in 0.007177 seconds
Number of updated asset objects reloaded before import = 0
Number of asset objects unloaded after import = 3
========================================================================
Received Import Request.
  Time since last request: 0.000012 seconds.
  path: Assets/Resources/装备图片/灵羊剑.png
  artifactKey: Guid(05c1bd229670477c88ec2cc8f757de01) Importer(2089858483,0ecaa5967403d082aa24f35e1b516d23)
Start importing Assets/Resources/装备图片/灵羊剑.png using Guid(05c1bd229670477c88ec2cc8f757de01) Importer(2089858483,0ecaa5967403d082aa24f35e1b516d23) [PhysX] Initialized MultithreadedTaskDispatcher with 20 workers.
 -> (artifact id: '11f4b95b5de790bdcf757a3fd57436a1') in 0.006762 seconds
Number of updated asset objects reloaded before import = 0
Number of asset objects unloaded after import = 3
========================================================================
Received Import Request.
  Time since last request: 0.000034 seconds.
  path: Assets/Resources/兵种模型预制件/投石车.prefab
  artifactKey: Guid(f454905e73ad439fb9e6089830567f3f) Importer(2089858483,0ecaa5967403d082aa24f35e1b516d23)
Start importing Assets/Resources/兵种模型预制件/投石车.prefab using Guid(f454905e73ad439fb9e6089830567f3f) Importer(2089858483,0ecaa5967403d082aa24f35e1b516d23) [PhysX] Initialized MultithreadedTaskDispatcher with 20 workers.
 -> (artifact id: '3cd26015d76cfe18aee6453b16baa0de') in 0.018785 seconds
Number of updated asset objects reloaded before import = 0
Number of asset objects unloaded after import = 31
========================================================================
Received Import Request.
  Time since last request: 0.000014 seconds.
  path: Assets/Resources/装备图片/帝王辇.png
  artifactKey: Guid(0b8679d564a74b7d987f64754d922e9a) Importer(2089858483,0ecaa5967403d082aa24f35e1b516d23)
Start importing Assets/Resources/装备图片/帝王辇.png using Guid(0b8679d564a74b7d987f64754d922e9a) Importer(2089858483,0ecaa5967403d082aa24f35e1b516d23) [PhysX] Initialized MultithreadedTaskDispatcher with 20 workers.
 -> (artifact id: '8931002bfd09abced229c1eba76ef74f') in 0.007158 seconds
Number of updated asset objects reloaded before import = 0
Number of asset objects unloaded after import = 3
========================================================================
Received Import Request.
  Time since last request: 0.000014 seconds.
  path: Assets/Resources/装备图片/爪黄飞电.png
  artifactKey: Guid(dd1ab64a51e142539e3a2a62f639838b) Importer(2089858483,0ecaa5967403d082aa24f35e1b516d23)
Start importing Assets/Resources/装备图片/爪黄飞电.png using Guid(dd1ab64a51e142539e3a2a62f639838b) Importer(2089858483,0ecaa5967403d082aa24f35e1b516d23) [PhysX] Initialized MultithreadedTaskDispatcher with 20 workers.
 -> (artifact id: 'dea43da042e6d198a77e992361f19c14') in 0.006671 seconds
Number of updated asset objects reloaded before import = 0
Number of asset objects unloaded after import = 3
========================================================================
Received Import Request.
  Time since last request: 0.000013 seconds.
  path: Assets/Scripts/等待队列表信息.cs
  artifactKey: Guid(03f77c6db8b6ece4348096424cca45b9) Importer(2089858483,0ecaa5967403d082aa24f35e1b516d23)
Start importing Assets/Scripts/等待队列表信息.cs using Guid(03f77c6db8b6ece4348096424cca45b9) Importer(2089858483,0ecaa5967403d082aa24f35e1b516d23) [PhysX] Initialized MultithreadedTaskDispatcher with 20 workers.
 -> (artifact id: '44ca0a2ee42cd23846e7918af068d4da') in 0.002354 seconds
Number of updated asset objects reloaded before import = 0
Number of asset objects unloaded after import = 1
========================================================================
Received Import Request.
  Time since last request: 0.000013 seconds.
  path: Assets/Resources/称号头像/巧匠.png
  artifactKey: Guid(13fceae308b749dcb5d424be39a31a27) Importer(2089858483,0ecaa5967403d082aa24f35e1b516d23)
Start importing Assets/Resources/称号头像/巧匠.png using Guid(13fceae308b749dcb5d424be39a31a27) Importer(2089858483,0ecaa5967403d082aa24f35e1b516d23) [PhysX] Initialized MultithreadedTaskDispatcher with 20 workers.
 -> (artifact id: 'a0d3a34297523396f488003136635f6e') in 0.007760 seconds
Number of updated asset objects reloaded before import = 0
Number of asset objects unloaded after import = 3
========================================================================
Received Import Request.
  Time since last request: 0.000015 seconds.
  path: Assets/Resources/主帅头像/4.png
  artifactKey: Guid(313f42ccefcb493bbb9b9d6909313015) Importer(2089858483,0ecaa5967403d082aa24f35e1b516d23)
Start importing Assets/Resources/主帅头像/4.png using Guid(313f42ccefcb493bbb9b9d6909313015) Importer(2089858483,0ecaa5967403d082aa24f35e1b516d23) [PhysX] Initialized MultithreadedTaskDispatcher with 20 workers.
 -> (artifact id: '3afbeaae036d7b84bba5f2370205e2f5') in 0.010796 seconds
Number of updated asset objects reloaded before import = 0
Number of asset objects unloaded after import = 3
========================================================================
Received Import Request.
  Time since last request: 0.000014 seconds.
  path: Assets/Resources/兵种模型预制件/弩骑兵.prefab
  artifactKey: Guid(4ce4779047ea448fabab9a8fc062a21a) Importer(2089858483,0ecaa5967403d082aa24f35e1b516d23)
Start importing Assets/Resources/兵种模型预制件/弩骑兵.prefab using Guid(4ce4779047ea448fabab9a8fc062a21a) Importer(2089858483,0ecaa5967403d082aa24f35e1b516d23) [PhysX] Initialized MultithreadedTaskDispatcher with 20 workers.
 -> (artifact id: '93eae4ff4b507c2130bbc7c2adf6a1d2') in 0.009402 seconds
Number of updated asset objects reloaded before import = 0
Number of asset objects unloaded after import = 34
========================================================================
Received Import Request.
  Time since last request: 0.000023 seconds.
  path: Assets/Resources/装备图片/天马骏.png
  artifactKey: Guid(e62ff679c3074345985b4c0cce8954b6) Importer(2089858483,0ecaa5967403d082aa24f35e1b516d23)
Start importing Assets/Resources/装备图片/天马骏.png using Guid(e62ff679c3074345985b4c0cce8954b6) Importer(2089858483,0ecaa5967403d082aa24f35e1b516d23) [PhysX] Initialized MultithreadedTaskDispatcher with 20 workers.
 -> (artifact id: 'c3a29ee9f12735ef9b1b609395a645a5') in 0.007238 seconds
Number of updated asset objects reloaded before import = 0
Number of asset objects unloaded after import = 3
========================================================================
Received Import Request.
  Time since last request: 0.000015 seconds.
  path: Assets/Resources/装备图片/战马.png
  artifactKey: Guid(ee274211b10f4284870f8a5e161408cd) Importer(2089858483,0ecaa5967403d082aa24f35e1b516d23)
Start importing Assets/Resources/装备图片/战马.png using Guid(ee274211b10f4284870f8a5e161408cd) Importer(2089858483,0ecaa5967403d082aa24f35e1b516d23) [PhysX] Initialized MultithreadedTaskDispatcher with 20 workers.
 -> (artifact id: '7afe5d8228a2e136cba22e663c35cf9f') in 0.009224 seconds
Number of updated asset objects reloaded before import = 0
Number of asset objects unloaded after import = 3
========================================================================
Received Import Request.
  Time since last request: 0.000019 seconds.
  path: Assets/Resources/称号头像/大神.png
  artifactKey: Guid(f1ac76a88d8848a19a2e779e678705ef) Importer(2089858483,0ecaa5967403d082aa24f35e1b516d23)
Start importing Assets/Resources/称号头像/大神.png using Guid(f1ac76a88d8848a19a2e779e678705ef) Importer(2089858483,0ecaa5967403d082aa24f35e1b516d23) [PhysX] Initialized MultithreadedTaskDispatcher with 20 workers.
 -> (artifact id: '8a2de1c74a849331cbd959b519bd7053') in 0.006495 seconds
Number of updated asset objects reloaded before import = 0
Number of asset objects unloaded after import = 3
========================================================================
Received Import Request.
  Time since last request: 0.000012 seconds.
  path: Assets/Scripts/编队将领上坑.cs
  artifactKey: Guid(6ec5f5f420dc7c9c96b395bb6f041db0) Importer(2089858483,0ecaa5967403d082aa24f35e1b516d23)
Start importing Assets/Scripts/编队将领上坑.cs using Guid(6ec5f5f420dc7c9c96b395bb6f041db0) Importer(2089858483,0ecaa5967403d082aa24f35e1b516d23) [PhysX] Initialized MultithreadedTaskDispatcher with 20 workers.
 -> (artifact id: '7d2c78a6727c0afc1d59bad5dab18c6e') in 0.002506 seconds
Number of updated asset objects reloaded before import = 0
Number of asset objects unloaded after import = 1
========================================================================
Received Import Request.
  Time since last request: 0.000009 seconds.
  path: Assets/Resources/兵种小图标/弓兵.png
  artifactKey: Guid(eb84c386fdb541b3bb082c925b5742da) Importer(2089858483,0ecaa5967403d082aa24f35e1b516d23)
Start importing Assets/Resources/兵种小图标/弓兵.png using Guid(eb84c386fdb541b3bb082c925b5742da) Importer(2089858483,0ecaa5967403d082aa24f35e1b516d23) [PhysX] Initialized MultithreadedTaskDispatcher with 20 workers.
 -> (artifact id: '1615d9e78484617d03d8a1caae7a37e0') in 0.007585 seconds
Number of updated asset objects reloaded before import = 0
Number of asset objects unloaded after import = 3
========================================================================
Received Import Request.
  Time since last request: 0.000012 seconds.
  path: Assets/Resources/国家图片/吴.png
  artifactKey: Guid(c316bef6e1a74830a139926f7da683ec) Importer(2089858483,0ecaa5967403d082aa24f35e1b516d23)
Start importing Assets/Resources/国家图片/吴.png using Guid(c316bef6e1a74830a139926f7da683ec) Importer(2089858483,0ecaa5967403d082aa24f35e1b516d23) [PhysX] Initialized MultithreadedTaskDispatcher with 20 workers.
 -> (artifact id: 'a99eac4176f05005441c79877f80da9e') in 0.007109 seconds
Number of updated asset objects reloaded before import = 0
Number of asset objects unloaded after import = 3
========================================================================
Received Import Request.
  Time since last request: 0.000013 seconds.
  path: Assets/Resources/兵种头像/重骑兵.png
  artifactKey: Guid(0091420705bb4943b3a0f482b5044a01) Importer(2089858483,0ecaa5967403d082aa24f35e1b516d23)
Start importing Assets/Resources/兵种头像/重骑兵.png using Guid(0091420705bb4943b3a0f482b5044a01) Importer(2089858483,0ecaa5967403d082aa24f35e1b516d23) [PhysX] Initialized MultithreadedTaskDispatcher with 20 workers.
 -> (artifact id: 'ed1706211da50ca7de9f253f12efc37f') in 0.006623 seconds
Number of updated asset objects reloaded before import = 0
Number of asset objects unloaded after import = 3
========================================================================
Received Import Request.
  Time since last request: 0.000026 seconds.
  path: Assets/Resources/地图物件预制件/红色坑位.prefab
  artifactKey: Guid(fe872eb691bd4844bae6f2ca2ef6848f) Importer(2089858483,0ecaa5967403d082aa24f35e1b516d23)
Start importing Assets/Resources/地图物件预制件/红色坑位.prefab using Guid(fe872eb691bd4844bae6f2ca2ef6848f) Importer(2089858483,0ecaa5967403d082aa24f35e1b516d23) [PhysX] Initialized MultithreadedTaskDispatcher with 20 workers.
 -> (artifact id: '38615be91a82df094ee25d345e031ba8') in 0.018505 seconds
Number of updated asset objects reloaded before import = 0
Number of asset objects unloaded after import = 9
========================================================================
Received Import Request.
  Time since last request: 0.000015 seconds.
  path: Assets/Resources/兵种模型预制件/冲城车.prefab
  artifactKey: Guid(aab505cbfe304c028875d368a6c0d5f2) Importer(2089858483,0ecaa5967403d082aa24f35e1b516d23)
Start importing Assets/Resources/兵种模型预制件/冲城车.prefab using Guid(aab505cbfe304c028875d368a6c0d5f2) Importer(2089858483,0ecaa5967403d082aa24f35e1b516d23) [PhysX] Initialized MultithreadedTaskDispatcher with 20 workers.
 -> (artifact id: 'dec0cc8f7577db2095462c118dfc5cf1') in 0.007429 seconds
Number of updated asset objects reloaded before import = 0
Number of asset objects unloaded after import = 25
========================================================================
Received Import Request.
  Time since last request: 0.000012 seconds.
  path: Assets/Scripts/附近山贼界面脚本.cs
  artifactKey: Guid(3718a6bfa2d93ea4da1bb58b92560679) Importer(2089858483,0ecaa5967403d082aa24f35e1b516d23)
Start importing Assets/Scripts/附近山贼界面脚本.cs using Guid(3718a6bfa2d93ea4da1bb58b92560679) Importer(2089858483,0ecaa5967403d082aa24f35e1b516d23) [PhysX] Initialized MultithreadedTaskDispatcher with 20 workers.
 -> (artifact id: 'dd91cecf6cd938ac470abb1d51de66e3') in 0.002320 seconds
Number of updated asset objects reloaded before import = 0
Number of asset objects unloaded after import = 1
========================================================================
Received Import Request.
  Time since last request: 0.000009 seconds.
  path: Assets/Resources/兵种小图标/重步兵.png
  artifactKey: Guid(8947d29ddc724f0088882d03fb4b2b96) Importer(2089858483,0ecaa5967403d082aa24f35e1b516d23)
Start importing Assets/Resources/兵种小图标/重步兵.png using Guid(8947d29ddc724f0088882d03fb4b2b96) Importer(2089858483,0ecaa5967403d082aa24f35e1b516d23) [PhysX] Initialized MultithreadedTaskDispatcher with 20 workers.
 -> (artifact id: '03d3e05f99daa5cbfe7abecbbdaaa310') in 0.006969 seconds
Number of updated asset objects reloaded before import = 0
Number of asset objects unloaded after import = 3
========================================================================
Received Import Request.
  Time since last request: 0.000010 seconds.
  path: Assets/Resources/将领编队图标/5.png
  artifactKey: Guid(a0b5a900ffd04b398ecc5bca191b266b) Importer(2089858483,0ecaa5967403d082aa24f35e1b516d23)
Start importing Assets/Resources/将领编队图标/5.png using Guid(a0b5a900ffd04b398ecc5bca191b266b) Importer(2089858483,0ecaa5967403d082aa24f35e1b516d23) [PhysX] Initialized MultithreadedTaskDispatcher with 20 workers.
 -> (artifact id: 'e47f102183bb483447861111bec9dbbe') in 0.007835 seconds
Number of updated asset objects reloaded before import = 0
Number of asset objects unloaded after import = 3
========================================================================
Received Import Request.
  Time since last request: 0.000015 seconds.
  path: Assets/Resources/将领信息预制件/将领紫星.prefab
  artifactKey: Guid(0cc40d21b87c4f8e9f5eb4f6cca09d47) Importer(2089858483,0ecaa5967403d082aa24f35e1b516d23)
Start importing Assets/Resources/将领信息预制件/将领紫星.prefab using Guid(0cc40d21b87c4f8e9f5eb4f6cca09d47) Importer(2089858483,0ecaa5967403d082aa24f35e1b516d23) [PhysX] Initialized MultithreadedTaskDispatcher with 20 workers.
 -> (artifact id: '5d35944053c3e40eff6b46f0745a074d') in 0.004781 seconds
Number of updated asset objects reloaded before import = 0
Number of asset objects unloaded after import = 8
========================================================================
Received Import Request.
  Time since last request: 0.000011 seconds.
  path: Assets/Resources/将领编队图标/4.png
  artifactKey: Guid(bb17146f210d473898aea2bb6a3b67e0) Importer(2089858483,0ecaa5967403d082aa24f35e1b516d23)
Start importing Assets/Resources/将领编队图标/4.png using Guid(bb17146f210d473898aea2bb6a3b67e0) Importer(2089858483,0ecaa5967403d082aa24f35e1b516d23) [PhysX] Initialized MultithreadedTaskDispatcher with 20 workers.
 -> (artifact id: 'c23069e1efbc1e2901173bc2c289c470') in 0.006847 seconds
Number of updated asset objects reloaded before import = 0
Number of asset objects unloaded after import = 3
========================================================================
Received Import Request.
  Time since last request: 0.000011 seconds.
  path: Assets/Resources/兵种小图标/弩车.png
  artifactKey: Guid(589839eee67d45d8969c0ccb1d707c77) Importer(2089858483,0ecaa5967403d082aa24f35e1b516d23)
Start importing Assets/Resources/兵种小图标/弩车.png using Guid(589839eee67d45d8969c0ccb1d707c77) Importer(2089858483,0ecaa5967403d082aa24f35e1b516d23) [PhysX] Initialized MultithreadedTaskDispatcher with 20 workers.
 -> (artifact id: 'b646cd64a998baf5e969f7caaea109b9') in 0.006297 seconds
Number of updated asset objects reloaded before import = 0
Number of asset objects unloaded after import = 3
========================================================================
Received Import Request.
  Time since last request: 0.000014 seconds.
  path: Assets/Scripts/选择封地界面脚本.cs
  artifactKey: Guid(eef48dfef82c7c15dfcac0af33de641a) Importer(2089858483,0ecaa5967403d082aa24f35e1b516d23)
Start importing Assets/Scripts/选择封地界面脚本.cs using Guid(eef48dfef82c7c15dfcac0af33de641a) Importer(2089858483,0ecaa5967403d082aa24f35e1b516d23) [PhysX] Initialized MultithreadedTaskDispatcher with 20 workers.
 -> (artifact id: 'ef8f398f8ea69e60a180a643b0413438') in 0.003730 seconds
Number of updated asset objects reloaded before import = 0
Number of asset objects unloaded after import = 1
========================================================================
Received Import Request.
  Time since last request: 0.000013 seconds.
  path: Assets/Resources/山贼头像/827.dat.png
  artifactKey: Guid(c8b4aa9947784762b4a2d3d522553392) Importer(2089858483,0ecaa5967403d082aa24f35e1b516d23)
Start importing Assets/Resources/山贼头像/827.dat.png using Guid(c8b4aa9947784762b4a2d3d522553392) Importer(2089858483,0ecaa5967403d082aa24f35e1b516d23) [PhysX] Initialized MultithreadedTaskDispatcher with 20 workers.
 -> (artifact id: '237d63c5e95cde61f1d4d982bdbaecf8') in 0.006491 seconds
Number of updated asset objects reloaded before import = 0
Number of asset objects unloaded after import = 3
========================================================================
Received Import Request.
  Time since last request: 0.000011 seconds.
  path: Assets/Resources/装备初始图片/2.png
  artifactKey: Guid(326743a66220488294059b3d551f79a6) Importer(2089858483,0ecaa5967403d082aa24f35e1b516d23)
Start importing Assets/Resources/装备初始图片/2.png using Guid(326743a66220488294059b3d551f79a6) Importer(2089858483,0ecaa5967403d082aa24f35e1b516d23) [PhysX] Initialized MultithreadedTaskDispatcher with 20 workers.
 -> (artifact id: 'a1bb9c31bfd4b3d1fbcb2e66c51e0c05') in 0.008058 seconds
Number of updated asset objects reloaded before import = 0
Number of asset objects unloaded after import = 3
========================================================================
Received Import Request.
  Time since last request: 0.000014 seconds.
  path: Assets/Resources/将领信息预制件/挡.controller
  artifactKey: Guid(41d791330e814cb1879ba337bee6a773) Importer(2089858483,0ecaa5967403d082aa24f35e1b516d23)
Start importing Assets/Resources/将领信息预制件/挡.controller using Guid(41d791330e814cb1879ba337bee6a773) Importer(2089858483,0ecaa5967403d082aa24f35e1b516d23) [PhysX] Initialized MultithreadedTaskDispatcher with 20 workers.
 -> (artifact id: '2747a711e65c34c38cc03af17aa2bfea') in 0.003309 seconds
Number of updated asset objects reloaded before import = 0
Number of asset objects unloaded after import = 4
========================================================================
Received Import Request.
  Time since last request: 0.000015 seconds.
  path: Assets/Resources/称号头像/英雄.png
  artifactKey: Guid(709c7aa8192f487195908abde37e6994) Importer(2089858483,0ecaa5967403d082aa24f35e1b516d23)
Start importing Assets/Resources/称号头像/英雄.png using Guid(709c7aa8192f487195908abde37e6994) Importer(2089858483,0ecaa5967403d082aa24f35e1b516d23) [PhysX] Initialized MultithreadedTaskDispatcher with 20 workers.
 -> (artifact id: 'd6c921702a7f49b8cd2fa85a811658c6') in 0.025007 seconds
Number of updated asset objects reloaded before import = 0
Number of asset objects unloaded after import = 3
========================================================================
Received Import Request.
  Time since last request: 0.000016 seconds.
  path: Assets/Resources/挂载脚本预制体/将领对象.prefab
  artifactKey: Guid(4e89c33e5d894da280eaa132bbc705fb) Importer(2089858483,0ecaa5967403d082aa24f35e1b516d23)
Start importing Assets/Resources/挂载脚本预制体/将领对象.prefab using Guid(4e89c33e5d894da280eaa132bbc705fb) Importer(2089858483,0ecaa5967403d082aa24f35e1b516d23) [PhysX] Initialized MultithreadedTaskDispatcher with 20 workers.
 -> (artifact id: '9f0490ae8410082e64a82c9ed8da340f') in 0.005510 seconds
Number of updated asset objects reloaded before import = 0
Number of asset objects unloaded after import = 5
========================================================================
Received Import Request.
  Time since last request: 0.000015 seconds.
  path: Assets/Resources/兵种小图标/强弩兵.png
  artifactKey: Guid(3a4961cda59b4067a555be1c63b409b6) Importer(2089858483,0ecaa5967403d082aa24f35e1b516d23)
Start importing Assets/Resources/兵种小图标/强弩兵.png using Guid(3a4961cda59b4067a555be1c63b409b6) Importer(2089858483,0ecaa5967403d082aa24f35e1b516d23) [PhysX] Initialized MultithreadedTaskDispatcher with 20 workers.
 -> (artifact id: 'a265b6f89201821ced3ff81973fcffd8') in 0.017373 seconds
Number of updated asset objects reloaded before import = 0
Number of asset objects unloaded after import = 3
========================================================================
Received Import Request.
  Time since last request: 0.000018 seconds.
  path: Assets/Resources/装备初始图片/3.png
  artifactKey: Guid(5ce6756d68a6437da90632b292c193c7) Importer(2089858483,0ecaa5967403d082aa24f35e1b516d23)
Start importing Assets/Resources/装备初始图片/3.png using Guid(5ce6756d68a6437da90632b292c193c7) Importer(2089858483,0ecaa5967403d082aa24f35e1b516d23) [PhysX] Initialized MultithreadedTaskDispatcher with 20 workers.
 -> (artifact id: '859e85b753c2d9776ac1301ca328843a') in 0.012410 seconds
Number of updated asset objects reloaded before import = 0
Number of asset objects unloaded after import = 3
========================================================================
Received Import Request.
  Time since last request: 0.000015 seconds.
  path: Assets/Resources/装备图片/尊·龙椅.png
  artifactKey: Guid(0412a7919c2646fcae967ccebb306aee) Importer(2089858483,0ecaa5967403d082aa24f35e1b516d23)
Start importing Assets/Resources/装备图片/尊·龙椅.png using Guid(0412a7919c2646fcae967ccebb306aee) Importer(2089858483,0ecaa5967403d082aa24f35e1b516d23) [PhysX] Initialized MultithreadedTaskDispatcher with 20 workers.
 -> (artifact id: 'f1a93635e142298b156400740c71054b') in 0.007825 seconds
Number of updated asset objects reloaded before import = 0
Number of asset objects unloaded after import = 3
========================================================================
Received Import Request.
  Time since last request: 0.000016 seconds.
  path: Assets/Resources/将领状态图标/2.png
  artifactKey: Guid(cfeeacd6750248c4afbebe5e62fdd0c9) Importer(2089858483,0ecaa5967403d082aa24f35e1b516d23)
Start importing Assets/Resources/将领状态图标/2.png using Guid(cfeeacd6750248c4afbebe5e62fdd0c9) Importer(2089858483,0ecaa5967403d082aa24f35e1b516d23) [PhysX] Initialized MultithreadedTaskDispatcher with 20 workers.
 -> (artifact id: '40270d37697ea2cc3634bc78e80ef482') in 0.008679 seconds
Number of updated asset objects reloaded before import = 0
Number of asset objects unloaded after import = 3
========================================================================
Received Import Request.
  Time since last request: 0.000019 seconds.
  path: Assets/Resources/称号头像/枭雄.png
  artifactKey: Guid(d10462861912414bbf61d0866da19a19) Importer(2089858483,0ecaa5967403d082aa24f35e1b516d23)
Start importing Assets/Resources/称号头像/枭雄.png using Guid(d10462861912414bbf61d0866da19a19) Importer(2089858483,0ecaa5967403d082aa24f35e1b516d23) [PhysX] Initialized MultithreadedTaskDispatcher with 20 workers.
 -> (artifact id: '508bca0fb135babbfd7e14753ed5ae80') in 0.006910 seconds
Number of updated asset objects reloaded before import = 0
Number of asset objects unloaded after import = 3
========================================================================
Received Import Request.
  Time since last request: 0.000024 seconds.
  path: Assets/Resources/将领信息预制件/新科技_挡.png
  artifactKey: Guid(ef6563ee2daf4b3f8fe72922cccb10f4) Importer(2089858483,0ecaa5967403d082aa24f35e1b516d23)
Start importing Assets/Resources/将领信息预制件/新科技_挡.png using Guid(ef6563ee2daf4b3f8fe72922cccb10f4) Importer(2089858483,0ecaa5967403d082aa24f35e1b516d23) [PhysX] Initialized MultithreadedTaskDispatcher with 20 workers.
 -> (artifact id: '2755b9fcb29fe0eadd7bd47d071bcb7e') in 0.014853 seconds
Number of updated asset objects reloaded before import = 0
Number of asset objects unloaded after import = 11
========================================================================
Received Import Request.
  Time since last request: 0.000015 seconds.
  path: Assets/Sounds/battlefield2.wav
  artifactKey: Guid(a6b3ea5eb1f84d3b89fc1259529c7ba7) Importer(2089858483,0ecaa5967403d082aa24f35e1b516d23)
Start importing Assets/Sounds/battlefield2.wav using Guid(a6b3ea5eb1f84d3b89fc1259529c7ba7) Importer(2089858483,0ecaa5967403d082aa24f35e1b516d23) [PhysX] Initialized MultithreadedTaskDispatcher with 20 workers.
 -> (artifact id: 'e84131874f23452b670255c85237ca59') in 0.165227 seconds
Number of updated asset objects reloaded before import = 0
Number of asset objects unloaded after import = 1
========================================================================
Received Import Request.
  Time since last request: 0.000021 seconds.
  path: Assets/Resources/装备品质图片/0.png
  artifactKey: Guid(1e8f5582d5c64f649883e390a124ebf7) Importer(2089858483,0ecaa5967403d082aa24f35e1b516d23)
Start importing Assets/Resources/装备品质图片/0.png using Guid(1e8f5582d5c64f649883e390a124ebf7) Importer(2089858483,0ecaa5967403d082aa24f35e1b516d23) [PhysX] Initialized MultithreadedTaskDispatcher with 20 workers.
 -> (artifact id: '47e91613131d360c31f93aba3f76b769') in 0.008170 seconds
Number of updated asset objects reloaded before import = 0
Number of asset objects unloaded after import = 3
========================================================================
Received Import Request.
  Time since last request: 0.000016 seconds.
  path: Assets/Resources/装备初始图片/1.png
  artifactKey: Guid(d073990a005e40e5b3e00d4cb1a66153) Importer(2089858483,0ecaa5967403d082aa24f35e1b516d23)
Start importing Assets/Resources/装备初始图片/1.png using Guid(d073990a005e40e5b3e00d4cb1a66153) Importer(2089858483,0ecaa5967403d082aa24f35e1b516d23) [PhysX] Initialized MultithreadedTaskDispatcher with 20 workers.
 -> (artifact id: 'c0705df4ce8a686394550ad51c049841') in 0.008531 seconds
Number of updated asset objects reloaded before import = 0
Number of asset objects unloaded after import = 3
========================================================================
Received Import Request.
  Time since last request: 0.000016 seconds.
  path: Assets/Resources/山贼头像/822.dat.png
  artifactKey: Guid(308b1bdde2b14363864d832640b6d248) Importer(2089858483,0ecaa5967403d082aa24f35e1b516d23)
Start importing Assets/Resources/山贼头像/822.dat.png using Guid(308b1bdde2b14363864d832640b6d248) Importer(2089858483,0ecaa5967403d082aa24f35e1b516d23) [PhysX] Initialized MultithreadedTaskDispatcher with 20 workers.
 -> (artifact id: 'fc6e21c2b9273a9178d1be5910324569') in 0.006686 seconds
Number of updated asset objects reloaded before import = 0
Number of asset objects unloaded after import = 3
========================================================================
Received Import Request.
  Time since last request: 0.000014 seconds.
  path: Assets/Resources/将领编队图标/1.png
  artifactKey: Guid(f07185f9df514568ae27f8cea11ca415) Importer(2089858483,0ecaa5967403d082aa24f35e1b516d23)
Start importing Assets/Resources/将领编队图标/1.png using Guid(f07185f9df514568ae27f8cea11ca415) Importer(2089858483,0ecaa5967403d082aa24f35e1b516d23) [PhysX] Initialized MultithreadedTaskDispatcher with 20 workers.
 -> (artifact id: '32c151811599e65575235750ead0d8b6') in 0.007417 seconds
Number of updated asset objects reloaded before import = 0
Number of asset objects unloaded after import = 3
========================================================================
Received Import Request.
  Time since last request: 0.000019 seconds.
  path: Assets/Resources/兵种头像/民兵.png
  artifactKey: Guid(7ba9224bf1f74a5abe996689285b3afe) Importer(2089858483,0ecaa5967403d082aa24f35e1b516d23)
Start importing Assets/Resources/兵种头像/民兵.png using Guid(7ba9224bf1f74a5abe996689285b3afe) Importer(2089858483,0ecaa5967403d082aa24f35e1b516d23) [PhysX] Initialized MultithreadedTaskDispatcher with 20 workers.
 -> (artifact id: '98b8cff48610392b6bbc02dc8641a436') in 0.007334 seconds
Number of updated asset objects reloaded before import = 0
Number of asset objects unloaded after import = 3
========================================================================
Received Import Request.
  Time since last request: 0.000023 seconds.
  path: Assets/Resources/称号头像/宗师.png
  artifactKey: Guid(fc5111283c854ff496009503d5b1f9ac) Importer(2089858483,0ecaa5967403d082aa24f35e1b516d23)
Start importing Assets/Resources/称号头像/宗师.png using Guid(fc5111283c854ff496009503d5b1f9ac) Importer(2089858483,0ecaa5967403d082aa24f35e1b516d23) [PhysX] Initialized MultithreadedTaskDispatcher with 20 workers.
 -> (artifact id: '79f905d85fc66be4a28d9161223423bc') in 0.006493 seconds
Number of updated asset objects reloaded before import = 0
Number of asset objects unloaded after import = 3
========================================================================
Received Import Request.
  Time since last request: 0.000016 seconds.
  path: Assets/Resources/兵种头像/轻步兵.png
  artifactKey: Guid(434eb9ee5fe3430c91dd96f0ed4a9ef0) Importer(2089858483,0ecaa5967403d082aa24f35e1b516d23)
Start importing Assets/Resources/兵种头像/轻步兵.png using Guid(434eb9ee5fe3430c91dd96f0ed4a9ef0) Importer(2089858483,0ecaa5967403d082aa24f35e1b516d23) [PhysX] Initialized MultithreadedTaskDispatcher with 20 workers.
 -> (artifact id: 'ac417780f389f1c4e704e56ee072a01f') in 0.008303 seconds
Number of updated asset objects reloaded before import = 0
Number of asset objects unloaded after import = 3
========================================================================
Received Import Request.
  Time since last request: 0.000017 seconds.
  path: Assets/Resources/将领信息预制件/打击特效预制件.prefab
  artifactKey: Guid(7239b1c29b094534aed331b61d5ef011) Importer(2089858483,0ecaa5967403d082aa24f35e1b516d23)
Start importing Assets/Resources/将领信息预制件/打击特效预制件.prefab using Guid(7239b1c29b094534aed331b61d5ef011) Importer(2089858483,0ecaa5967403d082aa24f35e1b516d23) [PhysX] Initialized MultithreadedTaskDispatcher with 20 workers.
 -> (artifact id: 'c98a1db91610a07e46d15b6972944393') in 0.009546 seconds
Number of updated asset objects reloaded before import = 0
Number of asset objects unloaded after import = 10
========================================================================
Received Import Request.
  Time since last request: 0.000022 seconds.
  path: Assets/Resources/称号头像/冢虎.png
  artifactKey: Guid(30d1478c80334f0fb7df073335e2cefd) Importer(2089858483,0ecaa5967403d082aa24f35e1b516d23)
Start importing Assets/Resources/称号头像/冢虎.png using Guid(30d1478c80334f0fb7df073335e2cefd) Importer(2089858483,0ecaa5967403d082aa24f35e1b516d23) [PhysX] Initialized MultithreadedTaskDispatcher with 20 workers.
 -> (artifact id: 'af2d6a9c7099acdced9db0e8b0d108d6') in 0.007939 seconds
Number of updated asset objects reloaded before import = 0
Number of asset objects unloaded after import = 3
========================================================================
Received Import Request.
  Time since last request: 0.000014 seconds.
  path: Assets/Resources/装备初始图片/0.png
  artifactKey: Guid(12eec166be6844419fbef2942ad28d12) Importer(2089858483,0ecaa5967403d082aa24f35e1b516d23)
Start importing Assets/Resources/装备初始图片/0.png using Guid(12eec166be6844419fbef2942ad28d12) Importer(2089858483,0ecaa5967403d082aa24f35e1b516d23) [PhysX] Initialized MultithreadedTaskDispatcher with 20 workers.
 -> (artifact id: '75ccbc922db7aa3d7afe3fe54929d0a6') in 0.007211 seconds
Number of updated asset objects reloaded before import = 0
Number of asset objects unloaded after import = 3
========================================================================
Received Import Request.
  Time since last request: 0.000017 seconds.
  path: Assets/Resources/装备品质图片/2.png
  artifactKey: Guid(7e4d0d5453e44c18985e436f390ef74d) Importer(2089858483,0ecaa5967403d082aa24f35e1b516d23)
Start importing Assets/Resources/装备品质图片/2.png using Guid(7e4d0d5453e44c18985e436f390ef74d) Importer(2089858483,0ecaa5967403d082aa24f35e1b516d23) [PhysX] Initialized MultithreadedTaskDispatcher with 20 workers.
 -> (artifact id: '451da63ab0ff3055752cf195441a7771') in 0.007902 seconds
Number of updated asset objects reloaded before import = 0
Number of asset objects unloaded after import = 3
========================================================================
Received Import Request.
  Time since last request: 0.000022 seconds.
  path: Assets/Resources/称号头像/无双.png
  artifactKey: Guid(c6323e5e593c4b1f8094295ed3f1ee30) Importer(2089858483,0ecaa5967403d082aa24f35e1b516d23)
Start importing Assets/Resources/称号头像/无双.png using Guid(c6323e5e593c4b1f8094295ed3f1ee30) Importer(2089858483,0ecaa5967403d082aa24f35e1b516d23) [PhysX] Initialized MultithreadedTaskDispatcher with 20 workers.
 -> (artifact id: '4569dd917421a2ef394aaa872ef1049c') in 0.007627 seconds
Number of updated asset objects reloaded before import = 0
Number of asset objects unloaded after import = 3
========================================================================
Received Import Request.
  Time since last request: 0.000017 seconds.
  path: Assets/Resources/称号头像/侠盗.png
  artifactKey: Guid(b8893bf4d14145febc59531d88efb6f2) Importer(2089858483,0ecaa5967403d082aa24f35e1b516d23)
Start importing Assets/Resources/称号头像/侠盗.png using Guid(b8893bf4d14145febc59531d88efb6f2) Importer(2089858483,0ecaa5967403d082aa24f35e1b516d23) [PhysX] Initialized MultithreadedTaskDispatcher with 20 workers.
 -> (artifact id: '0cb6f0adaa4f1208cb71162d4eadcbf8') in 0.008728 seconds
Number of updated asset objects reloaded before import = 0
Number of asset objects unloaded after import = 3
========================================================================
Received Import Request.
  Time since last request: 0.000019 seconds.
  path: Assets/Resources/兵种模型预制件/轻步兵.prefab
  artifactKey: Guid(a0bf3b052602416b8def44d160638d4a) Importer(2089858483,0ecaa5967403d082aa24f35e1b516d23)
Start importing Assets/Resources/兵种模型预制件/轻步兵.prefab using Guid(a0bf3b052602416b8def44d160638d4a) Importer(2089858483,0ecaa5967403d082aa24f35e1b516d23) [PhysX] Initialized MultithreadedTaskDispatcher with 20 workers.
 -> (artifact id: '6282ef41628f88b225cb3caf823bce0a') in 0.011069 seconds
Number of updated asset objects reloaded before import = 0
Number of asset objects unloaded after import = 107
========================================================================
Received Import Request.
  Time since last request: 0.000020 seconds.
  path: Assets/Resources/将领状态图标/0.png
  artifactKey: Guid(be1d9d6ebddd4d68803d0b94aad49e05) Importer(2089858483,0ecaa5967403d082aa24f35e1b516d23)
Start importing Assets/Resources/将领状态图标/0.png using Guid(be1d9d6ebddd4d68803d0b94aad49e05) Importer(2089858483,0ecaa5967403d082aa24f35e1b516d23) [PhysX] Initialized MultithreadedTaskDispatcher with 20 workers.
 -> (artifact id: 'bf03c84683b2a3221c25be8d239b32db') in 0.007009 seconds
Number of updated asset objects reloaded before import = 0
Number of asset objects unloaded after import = 3
========================================================================
Received Import Request.
  Time since last request: 0.000015 seconds.
  path: Assets/Resources/国家图片/自建国.png
  artifactKey: Guid(2bd99c8e9e584d15a840de16a2ddc96a) Importer(2089858483,0ecaa5967403d082aa24f35e1b516d23)
Start importing Assets/Resources/国家图片/自建国.png using Guid(2bd99c8e9e584d15a840de16a2ddc96a) Importer(2089858483,0ecaa5967403d082aa24f35e1b516d23) [PhysX] Initialized MultithreadedTaskDispatcher with 20 workers.
 -> (artifact id: '8edf69c2d59a1f962927eed3511e8813') in 0.007604 seconds
Number of updated asset objects reloaded before import = 0
Number of asset objects unloaded after import = 3
========================================================================
Received Import Request.
  Time since last request: 0.000015 seconds.
  path: Assets/Resources/山贼头像/829.dat.png
  artifactKey: Guid(6bffc0ddfeb84e789ab2b424d51a4fd2) Importer(2089858483,0ecaa5967403d082aa24f35e1b516d23)
Start importing Assets/Resources/山贼头像/829.dat.png using Guid(6bffc0ddfeb84e789ab2b424d51a4fd2) Importer(2089858483,0ecaa5967403d082aa24f35e1b516d23) [PhysX] Initialized MultithreadedTaskDispatcher with 20 workers.
 -> (artifact id: '5ae37f932e60e7d975ae5d7dbf761486') in 0.007061 seconds
Number of updated asset objects reloaded before import = 0
Number of asset objects unloaded after import = 3
========================================================================
Received Import Request.
  Time since last request: 0.000018 seconds.
  path: Assets/Resources/装备图片/诸葛扇.png
  artifactKey: Guid(e3484b90797c4abb9ee83150d03a43c8) Importer(2089858483,0ecaa5967403d082aa24f35e1b516d23)
Start importing Assets/Resources/装备图片/诸葛扇.png using Guid(e3484b90797c4abb9ee83150d03a43c8) Importer(2089858483,0ecaa5967403d082aa24f35e1b516d23) [PhysX] Initialized MultithreadedTaskDispatcher with 20 workers.
 -> (artifact id: '66ba2ae72e633e6506103e163352d786') in 0.008053 seconds
Number of updated asset objects reloaded before import = 0
Number of asset objects unloaded after import = 3
========================================================================
Received Import Request.
  Time since last request: 0.000014 seconds.
  path: Assets/Scripts/玩家数据结构/成长点数.cs
  artifactKey: Guid(8610e8e383a725c028236dd671d4d6cd) Importer(2089858483,0ecaa5967403d082aa24f35e1b516d23)
Start importing Assets/Scripts/玩家数据结构/成长点数.cs using Guid(8610e8e383a725c028236dd671d4d6cd) Importer(2089858483,0ecaa5967403d082aa24f35e1b516d23) [PhysX] Initialized MultithreadedTaskDispatcher with 20 workers.
 -> (artifact id: 'fec3925b15157d8ba57d268a28ec9915') in 0.002589 seconds
Number of updated asset objects reloaded before import = 0
Number of asset objects unloaded after import = 1
========================================================================
Received Import Request.
  Time since last request: 0.000014 seconds.
  path: Assets/Resources/道具头像/大练兵符.png
  artifactKey: Guid(391b7ab77a5147efbcf90ffcbb99cb35) Importer(2089858483,0ecaa5967403d082aa24f35e1b516d23)
Start importing Assets/Resources/道具头像/大练兵符.png using Guid(391b7ab77a5147efbcf90ffcbb99cb35) Importer(2089858483,0ecaa5967403d082aa24f35e1b516d23) [PhysX] Initialized MultithreadedTaskDispatcher with 20 workers.
 -> (artifact id: 'de768e22846c63c9546279f954e64189') in 0.007963 seconds
Number of updated asset objects reloaded before import = 0
Number of asset objects unloaded after import = 3
========================================================================
Received Import Request.
  Time since last request: 0.000017 seconds.
  path: Assets/Resources/大地图资源/城池图片/1.png
  artifactKey: Guid(833f7e0b8f6142f7a2f1f46a16f2607a) Importer(2089858483,0ecaa5967403d082aa24f35e1b516d23)
Start importing Assets/Resources/大地图资源/城池图片/1.png using Guid(833f7e0b8f6142f7a2f1f46a16f2607a) Importer(2089858483,0ecaa5967403d082aa24f35e1b516d23) [PhysX] Initialized MultithreadedTaskDispatcher with 20 workers.
 -> (artifact id: '4c8941c89bce840a89c3a1fabd47902c') in 0.006676 seconds
Number of updated asset objects reloaded before import = 0
Number of asset objects unloaded after import = 3
========================================================================
Received Import Request.
  Time since last request: 0.000013 seconds.
  path: Assets/Resources/装备图片/金刚甲.png
  artifactKey: Guid(da44ba5b5db24e2da1c5b810999f7b97) Importer(2089858483,0ecaa5967403d082aa24f35e1b516d23)
Start importing Assets/Resources/装备图片/金刚甲.png using Guid(da44ba5b5db24e2da1c5b810999f7b97) Importer(2089858483,0ecaa5967403d082aa24f35e1b516d23) [PhysX] Initialized MultithreadedTaskDispatcher with 20 workers.
 -> (artifact id: 'e7d1b30aed5e42576f0e06fb7c553f5d') in 0.008228 seconds
Number of updated asset objects reloaded before import = 0
Number of asset objects unloaded after import = 3
========================================================================
Received Import Request.
  Time since last request: 0.000014 seconds.
  path: Assets/Resources/装备图片/腾蛇骏.png
  artifactKey: Guid(be75ccd00bb64727bf458b6674f00d2a) Importer(2089858483,0ecaa5967403d082aa24f35e1b516d23)
Start importing Assets/Resources/装备图片/腾蛇骏.png using Guid(be75ccd00bb64727bf458b6674f00d2a) Importer(2089858483,0ecaa5967403d082aa24f35e1b516d23) [PhysX] Initialized MultithreadedTaskDispatcher with 20 workers.
 -> (artifact id: 'f9634befe422c4edc4c694656acfb75e') in 0.007626 seconds
Number of updated asset objects reloaded before import = 0
Number of asset objects unloaded after import = 3
========================================================================
Received Import Request.
  Time since last request: 0.000018 seconds.
  path: Assets/Resources/装备图片/金甲.png
  artifactKey: Guid(25c09f23e5c744a3913583796ca8b3b2) Importer(2089858483,0ecaa5967403d082aa24f35e1b516d23)
Start importing Assets/Resources/装备图片/金甲.png using Guid(25c09f23e5c744a3913583796ca8b3b2) Importer(2089858483,0ecaa5967403d082aa24f35e1b516d23) [PhysX] Initialized MultithreadedTaskDispatcher with 20 workers.
 -> (artifact id: '4b7d9200ad348d839b0accca959f39ba') in 0.007843 seconds
Number of updated asset objects reloaded before import = 0
Number of asset objects unloaded after import = 3
========================================================================
Received Import Request.
  Time since last request: 0.000014 seconds.
  path: Assets/Resources/大地图资源/城池图片/4.png
  artifactKey: Guid(e95e9ee08e4f4fca987b1be766c157c4) Importer(2089858483,0ecaa5967403d082aa24f35e1b516d23)
Start importing Assets/Resources/大地图资源/城池图片/4.png using Guid(e95e9ee08e4f4fca987b1be766c157c4) Importer(2089858483,0ecaa5967403d082aa24f35e1b516d23) [PhysX] Initialized MultithreadedTaskDispatcher with 20 workers.
 -> (artifact id: '83b2a0dbe2ee00dea55227dd85a47d4c') in 0.006778 seconds
Number of updated asset objects reloaded before import = 0
Number of asset objects unloaded after import = 3
========================================================================
Received Import Request.
  Time since last request: 0.000012 seconds.
  path: Assets/Resources/装备图片/装备特效.controller
  artifactKey: Guid(ac1debe4555742e59e92c5f6d585586a) Importer(2089858483,0ecaa5967403d082aa24f35e1b516d23)
Start importing Assets/Resources/装备图片/装备特效.controller using Guid(ac1debe4555742e59e92c5f6d585586a) Importer(2089858483,0ecaa5967403d082aa24f35e1b516d23) [PhysX] Initialized MultithreadedTaskDispatcher with 20 workers.
 -> (artifact id: 'ee3d31861cf3ad84bb52af095e46c0d2') in 0.003212 seconds
Number of updated asset objects reloaded before import = 0
Number of asset objects unloaded after import = 4
========================================================================
Received Import Request.
  Time since last request: 0.000015 seconds.
  path: Assets/Scripts/玩家数据结构/将领索引.cs
  artifactKey: Guid(8c6f72a7a43b05593b53d6f27bf11b6d) Importer(2089858483,0ecaa5967403d082aa24f35e1b516d23)
Start importing Assets/Scripts/玩家数据结构/将领索引.cs using Guid(8c6f72a7a43b05593b53d6f27bf11b6d) Importer(2089858483,0ecaa5967403d082aa24f35e1b516d23) [PhysX] Initialized MultithreadedTaskDispatcher with 20 workers.
 -> (artifact id: '6fb48ea97c6025cedeb583ccb26e78bd') in 0.003517 seconds
Number of updated asset objects reloaded before import = 0
Number of asset objects unloaded after import = 1
========================================================================
Received Import Request.
  Time since last request: 0.000016 seconds.
  path: Assets/Resources/大地图资源/城池图片/2.png
  artifactKey: Guid(d0dd135e067e4ac98fc5d67f0ad5c6f2) Importer(2089858483,0ecaa5967403d082aa24f35e1b516d23)
Start importing Assets/Resources/大地图资源/城池图片/2.png using Guid(d0dd135e067e4ac98fc5d67f0ad5c6f2) Importer(2089858483,0ecaa5967403d082aa24f35e1b516d23) [PhysX] Initialized MultithreadedTaskDispatcher with 20 workers.
 -> (artifact id: '088d52646a7e1f30a5543638cc636c6a') in 0.006701 seconds
Number of updated asset objects reloaded before import = 0
Number of asset objects unloaded after import = 3
========================================================================
Received Import Request.
  Time since last request: 0.000012 seconds.
  path: Assets/Scripts/玩家数据结构/将领培养.cs
  artifactKey: Guid(042cfbe563b1bea49bf00807ad6a4b11) Importer(2089858483,0ecaa5967403d082aa24f35e1b516d23)
Start importing Assets/Scripts/玩家数据结构/将领培养.cs using Guid(042cfbe563b1bea49bf00807ad6a4b11) Importer(2089858483,0ecaa5967403d082aa24f35e1b516d23) [PhysX] Initialized MultithreadedTaskDispatcher with 20 workers.
 -> (artifact id: '2b49c7141f2a5d1953d9a0235a709ad6') in 0.002571 seconds
Number of updated asset objects reloaded before import = 0
Number of asset objects unloaded after import = 1
========================================================================
Received Import Request.
  Time since last request: 0.000012 seconds.
  path: Assets/Resources/装备图片/赤兔.png
  artifactKey: Guid(15c560f8c8b64a68be5272bbfb6cdc0c) Importer(2089858483,0ecaa5967403d082aa24f35e1b516d23)
Start importing Assets/Resources/装备图片/赤兔.png using Guid(15c560f8c8b64a68be5272bbfb6cdc0c) Importer(2089858483,0ecaa5967403d082aa24f35e1b516d23) [PhysX] Initialized MultithreadedTaskDispatcher with 20 workers.
 -> (artifact id: 'c3f6259b684d6ea8f52b7db66c532e24') in 0.007655 seconds
Number of updated asset objects reloaded before import = 0
Number of asset objects unloaded after import = 3
========================================================================
Received Import Request.
  Time since last request: 0.000015 seconds.
  path: Assets/Scripts/玩家数据结构/将领配兵.cs
  artifactKey: Guid(764f5307304833ea33eaea4452e2780c) Importer(2089858483,0ecaa5967403d082aa24f35e1b516d23)
Start importing Assets/Scripts/玩家数据结构/将领配兵.cs using Guid(764f5307304833ea33eaea4452e2780c) Importer(2089858483,0ecaa5967403d082aa24f35e1b516d23) [PhysX] Initialized MultithreadedTaskDispatcher with 20 workers.
 -> (artifact id: '728c005082fb941f85dd487e02872a49') in 0.003260 seconds
Number of updated asset objects reloaded before import = 0
Number of asset objects unloaded after import = 1
========================================================================
Received Import Request.
  Time since last request: 0.000017 seconds.
  path: Assets/Resources/道具头像/冰玉.png
  artifactKey: Guid(8974cd5678da4003b46626a5ca3fd828) Importer(2089858483,0ecaa5967403d082aa24f35e1b516d23)
Start importing Assets/Resources/道具头像/冰玉.png using Guid(8974cd5678da4003b46626a5ca3fd828) Importer(2089858483,0ecaa5967403d082aa24f35e1b516d23) [PhysX] Initialized MultithreadedTaskDispatcher with 20 workers.
 -> (artifact id: '0f6f71dd9e121a806681066d1526d6bc') in 0.007424 seconds
Number of updated asset objects reloaded before import = 0
Number of asset objects unloaded after import = 3
========================================================================
Received Import Request.
  Time since last request: 0.000013 seconds.
  path: Assets/Resources/道具头像/山海精华.png
  artifactKey: Guid(3bf61122dba24bdfa4685baa06d1d9c2) Importer(2089858483,0ecaa5967403d082aa24f35e1b516d23)
Start importing Assets/Resources/道具头像/山海精华.png using Guid(3bf61122dba24bdfa4685baa06d1d9c2) Importer(2089858483,0ecaa5967403d082aa24f35e1b516d23) [PhysX] Initialized MultithreadedTaskDispatcher with 20 workers.
 -> (artifact id: '9254ea4ed3fec531c6ac9f4f0b473749') in 0.007053 seconds
Number of updated asset objects reloaded before import = 0
Number of asset objects unloaded after import = 3
========================================================================
Received Import Request.
  Time since last request: 0.000013 seconds.
  path: Assets/Scripts/玩家数据结构/状态信息.cs
  artifactKey: Guid(6d6df9ed33b92e16c7022df878ab3512) Importer(2089858483,0ecaa5967403d082aa24f35e1b516d23)
Start importing Assets/Scripts/玩家数据结构/状态信息.cs using Guid(6d6df9ed33b92e16c7022df878ab3512) Importer(2089858483,0ecaa5967403d082aa24f35e1b516d23) [PhysX] Initialized MultithreadedTaskDispatcher with 20 workers.
 -> (artifact id: '4d9fb60af28c0bb7a4a7c1134165cf4c') in 0.002687 seconds
Number of updated asset objects reloaded before import = 0
Number of asset objects unloaded after import = 1
========================================================================
Received Import Request.
  Time since last request: 0.000013 seconds.
  path: Assets/Resources/大地图资源/城池路径/4_0.prefab
  artifactKey: Guid(aa3b602bb3cd4afab706a6e6609f60ce) Importer(2089858483,0ecaa5967403d082aa24f35e1b516d23)
Start importing Assets/Resources/大地图资源/城池路径/4_0.prefab using Guid(aa3b602bb3cd4afab706a6e6609f60ce) Importer(2089858483,0ecaa5967403d082aa24f35e1b516d23) [PhysX] Initialized MultithreadedTaskDispatcher with 20 workers.
 -> (artifact id: '678fff81ad73dd0b9c48e84d0a5551bb') in 0.005124 seconds
Number of updated asset objects reloaded before import = 0
Number of asset objects unloaded after import = 34
========================================================================
Received Import Request.
  Time since last request: 0.000015 seconds.
  path: Assets/Resources/装备图片/黄金铠.png
  artifactKey: Guid(72f707d218ed4bd8a274b147bb5d1885) Importer(2089858483,0ecaa5967403d082aa24f35e1b516d23)
Start importing Assets/Resources/装备图片/黄金铠.png using Guid(72f707d218ed4bd8a274b147bb5d1885) Importer(2089858483,0ecaa5967403d082aa24f35e1b516d23) [PhysX] Initialized MultithreadedTaskDispatcher with 20 workers.
 -> (artifact id: 'feed654f10f3780a53be4ce83feab55f') in 0.007051 seconds
Number of updated asset objects reloaded before import = 0
Number of asset objects unloaded after import = 3
========================================================================
Received Import Request.
  Time since last request: 0.000021 seconds.
  path: Assets/Resources/装备图片/白银铠.png
  artifactKey: Guid(4a81de1843ef4683a809e4829525361f) Importer(2089858483,0ecaa5967403d082aa24f35e1b516d23)
Start importing Assets/Resources/装备图片/白银铠.png using Guid(4a81de1843ef4683a809e4829525361f) Importer(2089858483,0ecaa5967403d082aa24f35e1b516d23) [PhysX] Initialized MultithreadedTaskDispatcher with 20 workers.
 -> (artifact id: 'bfd7152e88fa5c3203e95cd3cf82d179') in 0.006985 seconds
Number of updated asset objects reloaded before import = 0
Number of asset objects unloaded after import = 3
========================================================================
Received Import Request.
  Time since last request: 0.000017 seconds.
  path: Assets/Resources/道具头像/疾风符.png
  artifactKey: Guid(8613691e65ff473ea46a811a503c8170) Importer(2089858483,0ecaa5967403d082aa24f35e1b516d23)
Start importing Assets/Resources/道具头像/疾风符.png using Guid(8613691e65ff473ea46a811a503c8170) Importer(2089858483,0ecaa5967403d082aa24f35e1b516d23) [PhysX] Initialized MultithreadedTaskDispatcher with 20 workers.
 -> (artifact id: '90b410bc13850a80b83707d6e6c67775') in 0.007929 seconds
Number of updated asset objects reloaded before import = 0
Number of asset objects unloaded after import = 3
========================================================================
Received Import Request.
  Time since last request: 0.000013 seconds.
  path: Assets/Resources/道具头像/低级装备箱子.png
  artifactKey: Guid(10d164ea7eb04e199c47b228fc206a6a) Importer(2089858483,0ecaa5967403d082aa24f35e1b516d23)
Start importing Assets/Resources/道具头像/低级装备箱子.png using Guid(10d164ea7eb04e199c47b228fc206a6a) Importer(2089858483,0ecaa5967403d082aa24f35e1b516d23) [PhysX] Initialized MultithreadedTaskDispatcher with 20 workers.
 -> (artifact id: '58b4123d98fe36f8bf9d20e0909443d0') in 0.007305 seconds
Number of updated asset objects reloaded before import = 0
Number of asset objects unloaded after import = 3
========================================================================
Received Import Request.
  Time since last request: 0.000013 seconds.
  path: Assets/Resources/道具头像/印绶.png
  artifactKey: Guid(df59e43e7d0b49a5b99a2b1b5c2c42df) Importer(2089858483,0ecaa5967403d082aa24f35e1b516d23)
Start importing Assets/Resources/道具头像/印绶.png using Guid(df59e43e7d0b49a5b99a2b1b5c2c42df) Importer(2089858483,0ecaa5967403d082aa24f35e1b516d23) [PhysX] Initialized MultithreadedTaskDispatcher with 20 workers.
 -> (artifact id: 'b57ac0a3139fde301690f173c58301e4') in 0.006404 seconds
Number of updated asset objects reloaded before import = 0
Number of asset objects unloaded after import = 3
========================================================================
Received Import Request.
  Time since last request: 0.000014 seconds.
  path: Assets/Scripts/玩家数据结构/编队将领信息.cs
  artifactKey: Guid(feabd86ae156a21357b27e8fcd3b72dc) Importer(2089858483,0ecaa5967403d082aa24f35e1b516d23)
Start importing Assets/Scripts/玩家数据结构/编队将领信息.cs using Guid(feabd86ae156a21357b27e8fcd3b72dc) Importer(2089858483,0ecaa5967403d082aa24f35e1b516d23) [PhysX] Initialized MultithreadedTaskDispatcher with 20 workers.
 -> (artifact id: '2d168deea1d6cacbcaaf24bd3d19c329') in 0.002622 seconds
Number of updated asset objects reloaded before import = 0
Number of asset objects unloaded after import = 1
========================================================================
Received Import Request.
  Time since last request: 0.000017 seconds.
  path: Assets/Scripts/玩家数据结构/初始属性.cs
  artifactKey: Guid(214d9db2f046c6066e942693ff0fd384) Importer(2089858483,0ecaa5967403d082aa24f35e1b516d23)
Start importing Assets/Scripts/玩家数据结构/初始属性.cs using Guid(214d9db2f046c6066e942693ff0fd384) Importer(2089858483,0ecaa5967403d082aa24f35e1b516d23) [PhysX] Initialized MultithreadedTaskDispatcher with 20 workers.
 -> (artifact id: '2a886f86b4af90891471f5b16cff196d') in 0.003595 seconds
Number of updated asset objects reloaded before import = 0
Number of asset objects unloaded after import = 1
========================================================================
Received Import Request.
  Time since last request: 0.000018 seconds.
  path: Assets/Resources/大地图资源/城池路径/-4_2.prefab
  artifactKey: Guid(0f5e70dfbc2842d7aa9d5e1c32e9dde9) Importer(2089858483,0ecaa5967403d082aa24f35e1b516d23)
Start importing Assets/Resources/大地图资源/城池路径/-4_2.prefab using Guid(0f5e70dfbc2842d7aa9d5e1c32e9dde9) Importer(2089858483,0ecaa5967403d082aa24f35e1b516d23) [PhysX] Initialized MultithreadedTaskDispatcher with 20 workers.
 -> (artifact id: '52df4267c745f044c75afe21e95dadeb') in 0.005366 seconds
Number of updated asset objects reloaded before import = 0
Number of asset objects unloaded after import = 47
========================================================================
Received Import Request.
  Time since last request: 0.000013 seconds.
  path: Assets/Resources/装备图片/金猪.png
  artifactKey: Guid(22dac810702342f0b436e14dbd0fe31d) Importer(2089858483,0ecaa5967403d082aa24f35e1b516d23)
Start importing Assets/Resources/装备图片/金猪.png using Guid(22dac810702342f0b436e14dbd0fe31d) Importer(2089858483,0ecaa5967403d082aa24f35e1b516d23) [PhysX] Initialized MultithreadedTaskDispatcher with 20 workers.
 -> (artifact id: '9a745f6ead858fc5b7f31f46eba36f1d') in 0.007436 seconds
Number of updated asset objects reloaded before import = 0
Number of asset objects unloaded after import = 3
========================================================================
Received Import Request.
  Time since last request: 0.000015 seconds.
  path: Assets/Scripts/玩家数据结构/封地信息.cs
  artifactKey: Guid(87d0f95645dc88db198eb67cbe27c848) Importer(2089858483,0ecaa5967403d082aa24f35e1b516d23)
Start importing Assets/Scripts/玩家数据结构/封地信息.cs using Guid(87d0f95645dc88db198eb67cbe27c848) Importer(2089858483,0ecaa5967403d082aa24f35e1b516d23) [PhysX] Initialized MultithreadedTaskDispatcher with 20 workers.
 -> (artifact id: '22bbce386ce7d825b2b393377e362999') in 0.003183 seconds
Number of updated asset objects reloaded before import = 0
Number of asset objects unloaded after import = 1
========================================================================
Received Import Request.
  Time since last request: 0.000016 seconds.
  path: Assets/Scripts/玩家数据结构/道具分类列表.cs
  artifactKey: Guid(05f1c4ca2da36f291dfb1d10d23a8a0f) Importer(2089858483,0ecaa5967403d082aa24f35e1b516d23)
Start importing Assets/Scripts/玩家数据结构/道具分类列表.cs using Guid(05f1c4ca2da36f291dfb1d10d23a8a0f) Importer(2089858483,0ecaa5967403d082aa24f35e1b516d23) [PhysX] Initialized MultithreadedTaskDispatcher with 20 workers.
 -> (artifact id: '3f29f92a1f9dc833b764e35567862ff4') in 0.003555 seconds
Number of updated asset objects reloaded before import = 0
Number of asset objects unloaded after import = 1
========================================================================
Received Import Request.
  Time since last request: 0.000012 seconds.
  path: Assets/Resources/大地图资源/归属图标/0.png
  artifactKey: Guid(19a3b5b533364411ae6836e06038db19) Importer(2089858483,0ecaa5967403d082aa24f35e1b516d23)
Start importing Assets/Resources/大地图资源/归属图标/0.png using Guid(19a3b5b533364411ae6836e06038db19) Importer(2089858483,0ecaa5967403d082aa24f35e1b516d23) [PhysX] Initialized MultithreadedTaskDispatcher with 20 workers.
 -> (artifact id: 'a3f619a5934aec9ebe669387debe0b38') in 0.006209 seconds
Number of updated asset objects reloaded before import = 0
Number of asset objects unloaded after import = 3
========================================================================
Received Import Request.
  Time since last request: 0.000014 seconds.
  path: Assets/Resources/大地图资源/城池路径/1_4.prefab
  artifactKey: Guid(3e54c9732afb48cd9f2bef129598f25e) Importer(2089858483,0ecaa5967403d082aa24f35e1b516d23)
Start importing Assets/Resources/大地图资源/城池路径/1_4.prefab using Guid(3e54c9732afb48cd9f2bef129598f25e) Importer(2089858483,0ecaa5967403d082aa24f35e1b516d23) [PhysX] Initialized MultithreadedTaskDispatcher with 20 workers.
 -> (artifact id: '35ebcf3e0689d884ceac79ae586797f8') in 0.005138 seconds
Number of updated asset objects reloaded before import = 0
Number of asset objects unloaded after import = 31
========================================================================
Received Import Request.
  Time since last request: 0.000014 seconds.
  path: Assets/Resources/道具头像/令牌.png
  artifactKey: Guid(302a237a365e4aeab08bbce85a7bc1fd) Importer(2089858483,0ecaa5967403d082aa24f35e1b516d23)
Start importing Assets/Resources/道具头像/令牌.png using Guid(302a237a365e4aeab08bbce85a7bc1fd) Importer(2089858483,0ecaa5967403d082aa24f35e1b516d23) [PhysX] Initialized MultithreadedTaskDispatcher with 20 workers.
 -> (artifact id: 'eac7eb1156353a0a3b576e00d8d0a5bc') in 0.008161 seconds
Number of updated asset objects reloaded before import = 0
Number of asset objects unloaded after import = 3
========================================================================
Received Import Request.
  Time since last request: 0.000012 seconds.
  path: Assets/Resources/装备图片/虎头湛金枪.png
  artifactKey: Guid(6e254f8301f145a2a717504f4a42f445) Importer(2089858483,0ecaa5967403d082aa24f35e1b516d23)
Start importing Assets/Resources/装备图片/虎头湛金枪.png using Guid(6e254f8301f145a2a717504f4a42f445) Importer(2089858483,0ecaa5967403d082aa24f35e1b516d23) [PhysX] Initialized MultithreadedTaskDispatcher with 20 workers.
 -> (artifact id: '3359f7e7f302145554dda7d031006a93') in 0.008010 seconds
Number of updated asset objects reloaded before import = 0
Number of asset objects unloaded after import = 3
========================================================================
Received Import Request.
  Time since last request: 0.000017 seconds.
  path: Assets/Resources/道具头像/活血丹.png
  artifactKey: Guid(3d97da26a1a343c5b4d576166bdbf180) Importer(2089858483,0ecaa5967403d082aa24f35e1b516d23)
Start importing Assets/Resources/道具头像/活血丹.png using Guid(3d97da26a1a343c5b4d576166bdbf180) Importer(2089858483,0ecaa5967403d082aa24f35e1b516d23) [PhysX] Initialized MultithreadedTaskDispatcher with 20 workers.
 -> (artifact id: '9c5a1d4fc8845a19b69b69144aa13c7f') in 0.008260 seconds
Number of updated asset objects reloaded before import = 0
Number of asset objects unloaded after import = 3
========================================================================
Received Import Request.
  Time since last request: 0.000017 seconds.
  path: Assets/Resources/道具头像/招贤金榜.png
  artifactKey: Guid(f3652c8045834b5eb7b7e66262897e63) Importer(2089858483,0ecaa5967403d082aa24f35e1b516d23)
Start importing Assets/Resources/道具头像/招贤金榜.png using Guid(f3652c8045834b5eb7b7e66262897e63) Importer(2089858483,0ecaa5967403d082aa24f35e1b516d23) [PhysX] Initialized MultithreadedTaskDispatcher with 20 workers.
 -> (artifact id: 'cb36ab081f832487c836f125ff8f1b01') in 0.006436 seconds
Number of updated asset objects reloaded before import = 0
Number of asset objects unloaded after import = 3
========================================================================
Received Import Request.
  Time since last request: 0.000012 seconds.
  path: Assets/Scripts/玩家数据结构/科技信息.cs
  artifactKey: Guid(1f196ad78fc56080145ef4daafcdd40e) Importer(2089858483,0ecaa5967403d082aa24f35e1b516d23)
Start importing Assets/Scripts/玩家数据结构/科技信息.cs using Guid(1f196ad78fc56080145ef4daafcdd40e) Importer(2089858483,0ecaa5967403d082aa24f35e1b516d23) [PhysX] Initialized MultithreadedTaskDispatcher with 20 workers.
 -> (artifact id: 'fdb3cebdf34333c4d418963ddf8bd534') in 0.002393 seconds
Number of updated asset objects reloaded before import = 0
Number of asset objects unloaded after import = 1
========================================================================
Received Import Request.
  Time since last request: 0.000012 seconds.
  path: Assets/Scripts/玩家数据结构/道具信息.cs
  artifactKey: Guid(e49fb47af4bf1b62a2dd11c5b0c96877) Importer(2089858483,0ecaa5967403d082aa24f35e1b516d23)
Start importing Assets/Scripts/玩家数据结构/道具信息.cs using Guid(e49fb47af4bf1b62a2dd11c5b0c96877) Importer(2089858483,0ecaa5967403d082aa24f35e1b516d23) [PhysX] Initialized MultithreadedTaskDispatcher with 20 workers.
 -> (artifact id: '858e9efff17e74c9b2edddd98bbf309d') in 0.003774 seconds
Number of updated asset objects reloaded before import = 0
Number of asset objects unloaded after import = 1
========================================================================
Received Import Request.
  Time since last request: 0.000015 seconds.
  path: Assets/Resources/道具头像/凝魂晶石.png
  artifactKey: Guid(0d8765a7c4724751932406408d310468) Importer(2089858483,0ecaa5967403d082aa24f35e1b516d23)
Start importing Assets/Resources/道具头像/凝魂晶石.png using Guid(0d8765a7c4724751932406408d310468) Importer(2089858483,0ecaa5967403d082aa24f35e1b516d23) [PhysX] Initialized MultithreadedTaskDispatcher with 20 workers.
 -> (artifact id: '37f674e5ef51a43488721b1402405351') in 0.007475 seconds
Number of updated asset objects reloaded before import = 0
Number of asset objects unloaded after import = 3
========================================================================
Received Import Request.
  Time since last request: 0.000014 seconds.
  path: Assets/Resources/道具头像/小礼包.png
  artifactKey: Guid(b79ba7b6b7884d9a90c901788294f585) Importer(2089858483,0ecaa5967403d082aa24f35e1b516d23)
Start importing Assets/Resources/道具头像/小礼包.png using Guid(b79ba7b6b7884d9a90c901788294f585) Importer(2089858483,0ecaa5967403d082aa24f35e1b516d23) [PhysX] Initialized MultithreadedTaskDispatcher with 20 workers.
 -> (artifact id: '215847683aa2eca44d6202a7058abe87') in 0.027401 seconds
Number of updated asset objects reloaded before import = 0
Number of asset objects unloaded after import = 3
========================================================================
Received Import Request.
  Time since last request: 0.000022 seconds.
  path: Assets/Resources/大地图资源/城池头像/4.png
  artifactKey: Guid(966e7901defe4e70b6838d50950865e6) Importer(2089858483,0ecaa5967403d082aa24f35e1b516d23)
Start importing Assets/Resources/大地图资源/城池头像/4.png using Guid(966e7901defe4e70b6838d50950865e6) Importer(2089858483,0ecaa5967403d082aa24f35e1b516d23) [PhysX] Initialized MultithreadedTaskDispatcher with 20 workers.
 -> (artifact id: 'bd23e1d2765f5ad3b40953a0dddced98') in 0.007897 seconds
Number of updated asset objects reloaded before import = 0
Number of asset objects unloaded after import = 3
========================================================================
Received Import Request.
  Time since last request: 0.000013 seconds.
  path: Assets/Resources/国家图片/蛮.png
  artifactKey: Guid(cc9aaf3bdbbe49ceb4efcd1d8b59331c) Importer(2089858483,0ecaa5967403d082aa24f35e1b516d23)
Start importing Assets/Resources/国家图片/蛮.png using Guid(cc9aaf3bdbbe49ceb4efcd1d8b59331c) Importer(2089858483,0ecaa5967403d082aa24f35e1b516d23) [PhysX] Initialized MultithreadedTaskDispatcher with 20 workers.
 -> (artifact id: '8ab06bc00f0a0921d2ab6c2d3b4130e5') in 0.006912 seconds
Number of updated asset objects reloaded before import = 0
Number of asset objects unloaded after import = 3
========================================================================
Received Import Request.
  Time since last request: 0.000014 seconds.
  path: Assets/Resources/道具头像/八门金锁.png
  artifactKey: Guid(b756123fa29f40589c81fa64d414514f) Importer(2089858483,0ecaa5967403d082aa24f35e1b516d23)
Start importing Assets/Resources/道具头像/八门金锁.png using Guid(b756123fa29f40589c81fa64d414514f) Importer(2089858483,0ecaa5967403d082aa24f35e1b516d23) [PhysX] Initialized MultithreadedTaskDispatcher with 20 workers.
 -> (artifact id: 'c0f48319209d907a0d55aa001f6d1bbb') in 0.008130 seconds
Number of updated asset objects reloaded before import = 0
Number of asset objects unloaded after import = 3
========================================================================
Received Import Request.
  Time since last request: 0.000014 seconds.
  path: Assets/Resources/兵种小图标/重骑兵.png
  artifactKey: Guid(acdda63b0913414c90db88394e59895b) Importer(2089858483,0ecaa5967403d082aa24f35e1b516d23)
Start importing Assets/Resources/兵种小图标/重骑兵.png using Guid(acdda63b0913414c90db88394e59895b) Importer(2089858483,0ecaa5967403d082aa24f35e1b516d23) [PhysX] Initialized MultithreadedTaskDispatcher with 20 workers.
 -> (artifact id: '71b67dab10ca18c97689627e21e97523') in 0.008247 seconds
Number of updated asset objects reloaded before import = 0
Number of asset objects unloaded after import = 3
========================================================================
Received Import Request.
  Time since last request: 0.000024 seconds.
  path: Assets/Resources/装备图片/青龙铠.png
  artifactKey: Guid(59bf218dc99b48e987064c71fc9d70f7) Importer(2089858483,0ecaa5967403d082aa24f35e1b516d23)
Start importing Assets/Resources/装备图片/青龙铠.png using Guid(59bf218dc99b48e987064c71fc9d70f7) Importer(2089858483,0ecaa5967403d082aa24f35e1b516d23) [PhysX] Initialized MultithreadedTaskDispatcher with 20 workers.
 -> (artifact id: '93862a07b3e9799c764782f8e0ba4448') in 0.007234 seconds
Number of updated asset objects reloaded before import = 0
Number of asset objects unloaded after import = 3
========================================================================
Received Import Request.
  Time since last request: 0.000014 seconds.
  path: Assets/Resources/将领编队图标/3.png
  artifactKey: Guid(42eff74a98b1482a84e710ac82e9855c) Importer(2089858483,0ecaa5967403d082aa24f35e1b516d23)
Start importing Assets/Resources/将领编队图标/3.png using Guid(42eff74a98b1482a84e710ac82e9855c) Importer(2089858483,0ecaa5967403d082aa24f35e1b516d23) [PhysX] Initialized MultithreadedTaskDispatcher with 20 workers.
 -> (artifact id: '1c74986735117cf759065d8017563a18') in 0.007424 seconds
Number of updated asset objects reloaded before import = 0
Number of asset objects unloaded after import = 3
========================================================================
Received Import Request.
  Time since last request: 0.000017 seconds.
  path: Assets/Resources/成就头像/疾如烈风.png
  artifactKey: Guid(3da4d1a446944bb688b6de6a66ec13be) Importer(2089858483,0ecaa5967403d082aa24f35e1b516d23)
Start importing Assets/Resources/成就头像/疾如烈风.png using Guid(3da4d1a446944bb688b6de6a66ec13be) Importer(2089858483,0ecaa5967403d082aa24f35e1b516d23) [PhysX] Initialized MultithreadedTaskDispatcher with 20 workers.
 -> (artifact id: 'b4692eca18a70626ab8d87b29c9f466a') in 0.007343 seconds
Number of updated asset objects reloaded before import = 0
Number of asset objects unloaded after import = 3
========================================================================
Received Import Request.
  Time since last request: 0.000012 seconds.
  path: Assets/Resources/国家图片/胡.png
  artifactKey: Guid(d068ee75a61a43f1bf503362fc272b91) Importer(2089858483,0ecaa5967403d082aa24f35e1b516d23)
Start importing Assets/Resources/国家图片/胡.png using Guid(d068ee75a61a43f1bf503362fc272b91) Importer(2089858483,0ecaa5967403d082aa24f35e1b516d23) [PhysX] Initialized MultithreadedTaskDispatcher with 20 workers.
 -> (artifact id: 'dac00416339103bdd3b2d2d2f37f5bb1') in 0.006635 seconds
Number of updated asset objects reloaded before import = 0
Number of asset objects unloaded after import = 3
========================================================================
Received Import Request.
  Time since last request: 0.000015 seconds.
  path: Assets/Resources/装备图片/里飞沙.png
  artifactKey: Guid(1191646de4f949ebb72d2f12c29ad7a3) Importer(2089858483,0ecaa5967403d082aa24f35e1b516d23)
Start importing Assets/Resources/装备图片/里飞沙.png using Guid(1191646de4f949ebb72d2f12c29ad7a3) Importer(2089858483,0ecaa5967403d082aa24f35e1b516d23) [PhysX] Initialized MultithreadedTaskDispatcher with 20 workers.
 -> (artifact id: '195926d49fea5b2bdfa55b6a2ec26244') in 0.007755 seconds
Number of updated asset objects reloaded before import = 0
Number of asset objects unloaded after import = 3
========================================================================
Received Import Request.
  Time since last request: 0.000018 seconds.
  path: Assets/Resources/道具头像/皇榜.png
  artifactKey: Guid(0f67fa83e62546d7b5992bbe020d1ceb) Importer(2089858483,0ecaa5967403d082aa24f35e1b516d23)
Start importing Assets/Resources/道具头像/皇榜.png using Guid(0f67fa83e62546d7b5992bbe020d1ceb) Importer(2089858483,0ecaa5967403d082aa24f35e1b516d23) [PhysX] Initialized MultithreadedTaskDispatcher with 20 workers.
 -> (artifact id: '4aa3b5d353034810484149100f0abfa8') in 0.006681 seconds
Number of updated asset objects reloaded before import = 0
Number of asset objects unloaded after import = 3
========================================================================
Received Import Request.
  Time since last request: 0.000023 seconds.
  path: Assets/Resources/称号头像/劳模.png
  artifactKey: Guid(b7d3879c0f254bb0b7c5a324246edc04) Importer(2089858483,0ecaa5967403d082aa24f35e1b516d23)
Start importing Assets/Resources/称号头像/劳模.png using Guid(b7d3879c0f254bb0b7c5a324246edc04) Importer(2089858483,0ecaa5967403d082aa24f35e1b516d23) [PhysX] Initialized MultithreadedTaskDispatcher with 20 workers.
 -> (artifact id: '84a12cc65436f92957ad1239da2256b2') in 0.007967 seconds
Number of updated asset objects reloaded before import = 0
Number of asset objects unloaded after import = 3
========================================================================
Received Import Request.
  Time since last request: 0.000015 seconds.
  path: Assets/Resources/装备图片/方天画戟.png
  artifactKey: Guid(faa0b36d88e845b0ba8acf665a0ef326) Importer(2089858483,0ecaa5967403d082aa24f35e1b516d23)
Start importing Assets/Resources/装备图片/方天画戟.png using Guid(faa0b36d88e845b0ba8acf665a0ef326) Importer(2089858483,0ecaa5967403d082aa24f35e1b516d23) [PhysX] Initialized MultithreadedTaskDispatcher with 20 workers.
 -> (artifact id: 'ee6dd63a328fc51c9631431c87d1c308') in 0.008843 seconds
Number of updated asset objects reloaded before import = 0
Number of asset objects unloaded after import = 3
========================================================================
Received Import Request.
  Time since last request: 0.000014 seconds.
  path: Assets/Resources/装备图片/朱雀铠.png
  artifactKey: Guid(ff07aba4b9864c48999b0e3589e4c17e) Importer(2089858483,0ecaa5967403d082aa24f35e1b516d23)
Start importing Assets/Resources/装备图片/朱雀铠.png using Guid(ff07aba4b9864c48999b0e3589e4c17e) Importer(2089858483,0ecaa5967403d082aa24f35e1b516d23) [PhysX] Initialized MultithreadedTaskDispatcher with 20 workers.
 -> (artifact id: '9e1fda01709defbf6e5f4614a6393041') in 0.006380 seconds
Number of updated asset objects reloaded before import = 0
Number of asset objects unloaded after import = 3
========================================================================
Received Import Request.
  Time since last request: 0.000014 seconds.
  path: Assets/Resources/国家图片/秦.png
  artifactKey: Guid(10826ad9b8e64161be441339370df8f7) Importer(2089858483,0ecaa5967403d082aa24f35e1b516d23)
Start importing Assets/Resources/国家图片/秦.png using Guid(10826ad9b8e64161be441339370df8f7) Importer(2089858483,0ecaa5967403d082aa24f35e1b516d23) [PhysX] Initialized MultithreadedTaskDispatcher with 20 workers.
 -> (artifact id: '15d1cd74e82eb47f7209b9afc82354d2') in 0.007595 seconds
Number of updated asset objects reloaded before import = 0
Number of asset objects unloaded after import = 3
========================================================================
Received Import Request.
  Time since last request: 0.000017 seconds.
  path: Assets/Resources/装备图片/霸王枪.png
  artifactKey: Guid(53808725c1784a37b4c9491aebcd31b1) Importer(2089858483,0ecaa5967403d082aa24f35e1b516d23)
Start importing Assets/Resources/装备图片/霸王枪.png using Guid(53808725c1784a37b4c9491aebcd31b1) Importer(2089858483,0ecaa5967403d082aa24f35e1b516d23) [PhysX] Initialized MultithreadedTaskDispatcher with 20 workers.
 -> (artifact id: '93187351a5ba5994fda73560bbf76769') in 0.007768 seconds
Number of updated asset objects reloaded before import = 0
Number of asset objects unloaded after import = 3
========================================================================
Received Import Request.
  Time since last request: 0.000016 seconds.
  path: Assets/Scripts/玩家数据结构/称号信息.cs
  artifactKey: Guid(97a31b71962c2fb9d1e3fbd21d7df886) Importer(2089858483,0ecaa5967403d082aa24f35e1b516d23)
Start importing Assets/Scripts/玩家数据结构/称号信息.cs using Guid(97a31b71962c2fb9d1e3fbd21d7df886) Importer(2089858483,0ecaa5967403d082aa24f35e1b516d23) [PhysX] Initialized MultithreadedTaskDispatcher with 20 workers.
 -> (artifact id: '3a60b75fb254292e6cac782a6154fbe4') in 0.002984 seconds
Number of updated asset objects reloaded before import = 0
Number of asset objects unloaded after import = 1
========================================================================
Received Import Request.
  Time since last request: 0.000014 seconds.
  path: Assets/Resources/装备图片/天子剑1.png
  artifactKey: Guid(0953257f1046466c87292df32ebe54ad) Importer(2089858483,0ecaa5967403d082aa24f35e1b516d23)
Start importing Assets/Resources/装备图片/天子剑1.png using Guid(0953257f1046466c87292df32ebe54ad) Importer(2089858483,0ecaa5967403d082aa24f35e1b516d23) [PhysX] Initialized MultithreadedTaskDispatcher with 20 workers.
 -> (artifact id: '31607cd6fc9e90ba5b8c2ecb08f09119') in 0.061821 seconds
Number of updated asset objects reloaded before import = 0
Number of asset objects unloaded after import = 3
========================================================================
Received Import Request.
  Time since last request: 0.000029 seconds.
  path: Assets/Resources/兵种小图标/冲城车.png
  artifactKey: Guid(b6c4443c7e8b4a30977b2ec730f0ea73) Importer(2089858483,0ecaa5967403d082aa24f35e1b516d23)
Start importing Assets/Resources/兵种小图标/冲城车.png using Guid(b6c4443c7e8b4a30977b2ec730f0ea73) Importer(2089858483,0ecaa5967403d082aa24f35e1b516d23) [PhysX] Initialized MultithreadedTaskDispatcher with 20 workers.
 -> (artifact id: 'a94800c338fd89f6d6dac8dfba89ae3c') in 0.008646 seconds
Number of updated asset objects reloaded before import = 0
Number of asset objects unloaded after import = 3
========================================================================
Received Import Request.
  Time since last request: 0.000017 seconds.
  path: Assets/Resources/称号头像/福星.png
  artifactKey: Guid(73e1b8355f754973be3fa09a08ee705d) Importer(2089858483,0ecaa5967403d082aa24f35e1b516d23)
Start importing Assets/Resources/称号头像/福星.png using Guid(73e1b8355f754973be3fa09a08ee705d) Importer(2089858483,0ecaa5967403d082aa24f35e1b516d23) [PhysX] Initialized MultithreadedTaskDispatcher with 20 workers.
 -> (artifact id: 'd6259df28896d29c035db2311360e8ba') in 0.008264 seconds
Number of updated asset objects reloaded before import = 0
Number of asset objects unloaded after import = 3
========================================================================
Received Import Request.
  Time since last request: 0.000012 seconds.
  path: Assets/Resources/兵种头像/铁骑兵.png
  artifactKey: Guid(b83b80eaf5784788b5de152d2cefa48b) Importer(2089858483,0ecaa5967403d082aa24f35e1b516d23)
Start importing Assets/Resources/兵种头像/铁骑兵.png using Guid(b83b80eaf5784788b5de152d2cefa48b) Importer(2089858483,0ecaa5967403d082aa24f35e1b516d23) [PhysX] Initialized MultithreadedTaskDispatcher with 20 workers.
 -> (artifact id: 'a574b9213e7a49f55c9a1a8f514bc187') in 0.033820 seconds
Number of updated asset objects reloaded before import = 0
Number of asset objects unloaded after import = 3
========================================================================
Received Import Request.
  Time since last request: 0.000022 seconds.
  path: Assets/Resources/战斗场景预制件/山贼战斗场景.prefab
  artifactKey: Guid(2408acdd34a845c38767ebf40650a280) Importer(2089858483,0ecaa5967403d082aa24f35e1b516d23)
Start importing Assets/Resources/战斗场景预制件/山贼战斗场景.prefab using Guid(2408acdd34a845c38767ebf40650a280) Importer(2089858483,0ecaa5967403d082aa24f35e1b516d23) [PhysX] Initialized MultithreadedTaskDispatcher with 20 workers.
 -> (artifact id: '90b57de29fcbd064f0f79bc72d63935d') in 0.019973 seconds
Number of updated asset objects reloaded before import = 0
Number of asset objects unloaded after import = 477
========================================================================
Received Import Request.
  Time since last request: 0.000015 seconds.
  path: Assets/Resources/道具头像/仙芝.png
  artifactKey: Guid(d5cb3c6d78c24f159d031261d4e125a9) Importer(2089858483,0ecaa5967403d082aa24f35e1b516d23)
Start importing Assets/Resources/道具头像/仙芝.png using Guid(d5cb3c6d78c24f159d031261d4e125a9) Importer(2089858483,0ecaa5967403d082aa24f35e1b516d23) [PhysX] Initialized MultithreadedTaskDispatcher with 20 workers.
 -> (artifact id: 'd0eefd495de4a1a9af78155e50519d68') in 0.007274 seconds
Number of updated asset objects reloaded before import = 0
Number of asset objects unloaded after import = 3
========================================================================
Received Import Request.
  Time since last request: 0.000013 seconds.
  path: Assets/Resources/道具头像/将神魂.png
  artifactKey: Guid(a08619d522e240a9bd6de23347ec22ee) Importer(2089858483,0ecaa5967403d082aa24f35e1b516d23)
Start importing Assets/Resources/道具头像/将神魂.png using Guid(a08619d522e240a9bd6de23347ec22ee) Importer(2089858483,0ecaa5967403d082aa24f35e1b516d23) [PhysX] Initialized MultithreadedTaskDispatcher with 20 workers.
 -> (artifact id: 'de008e68fb9df53387457061c4c1d8ba') in 0.007793 seconds
Number of updated asset objects reloaded before import = 0
Number of asset objects unloaded after import = 3
========================================================================
Received Import Request.
  Time since last request: 0.000017 seconds.
  path: Assets/Scripts/职业加成.cs
  artifactKey: Guid(0db005f1d5513ce63818f97334b06ce8) Importer(2089858483,0ecaa5967403d082aa24f35e1b516d23)
Start importing Assets/Scripts/职业加成.cs using Guid(0db005f1d5513ce63818f97334b06ce8) Importer(2089858483,0ecaa5967403d082aa24f35e1b516d23) [PhysX] Initialized MultithreadedTaskDispatcher with 20 workers.
 -> (artifact id: '379e9e49acaf5a9722ec1a51e0fb2c9d') in 0.003381 seconds
Number of updated asset objects reloaded before import = 0
Number of asset objects unloaded after import = 1
========================================================================
Received Import Request.
  Time since last request: 0.000015 seconds.
  path: Assets/Resources/兵种小图标/近卫兵.png
  artifactKey: Guid(3f62de6412f444ec9c38eeb1360b290f) Importer(2089858483,0ecaa5967403d082aa24f35e1b516d23)
Start importing Assets/Resources/兵种小图标/近卫兵.png using Guid(3f62de6412f444ec9c38eeb1360b290f) Importer(2089858483,0ecaa5967403d082aa24f35e1b516d23) [PhysX] Initialized MultithreadedTaskDispatcher with 20 workers.
 -> (artifact id: '10ba95fdf290779846129cc86b2af6f4') in 0.006362 seconds
Number of updated asset objects reloaded before import = 0
Number of asset objects unloaded after import = 3
========================================================================
Received Import Request.
  Time since last request: 0.000014 seconds.
  path: Assets/Sounds/battlefield1.wav
  artifactKey: Guid(b3363570c0b04168b752346aa52300d7) Importer(2089858483,0ecaa5967403d082aa24f35e1b516d23)
Start importing Assets/Sounds/battlefield1.wav using Guid(b3363570c0b04168b752346aa52300d7) Importer(2089858483,0ecaa5967403d082aa24f35e1b516d23) [PhysX] Initialized MultithreadedTaskDispatcher with 20 workers.
 -> (artifact id: 'b6ce74bf48e38cf545c7a1e4b723e67c') in 0.159608 seconds
Number of updated asset objects reloaded before import = 0
Number of asset objects unloaded after import = 1
========================================================================
Received Import Request.
  Time since last request: 0.000025 seconds.
  path: Assets/Resources/将领头像/尊将/尊·徐庶.png
  artifactKey: Guid(a17d0010ff294977b09b99f69a4760d2) Importer(2089858483,0ecaa5967403d082aa24f35e1b516d23)
Start importing Assets/Resources/将领头像/尊将/尊·徐庶.png using Guid(a17d0010ff294977b09b99f69a4760d2) Importer(2089858483,0ecaa5967403d082aa24f35e1b516d23) [PhysX] Initialized MultithreadedTaskDispatcher with 20 workers.
 -> (artifact id: 'f8ea94826ada0a6e4753255271b09bea') in 0.006826 seconds
Number of updated asset objects reloaded before import = 0
Number of asset objects unloaded after import = 3
========================================================================
Received Import Request.
  Time since last request: 0.000013 seconds.
  path: Assets/Resources/将领头像/君王/曹婴.png
  artifactKey: Guid(c47ea3415e504f69b8c9b2c85a2cb844) Importer(2089858483,0ecaa5967403d082aa24f35e1b516d23)
Start importing Assets/Resources/将领头像/君王/曹婴.png using Guid(c47ea3415e504f69b8c9b2c85a2cb844) Importer(2089858483,0ecaa5967403d082aa24f35e1b516d23) [PhysX] Initialized MultithreadedTaskDispatcher with 20 workers.
 -> (artifact id: 'c931a308ece6f5b8d51514fba8f11664') in 0.007761 seconds
Number of updated asset objects reloaded before import = 0
Number of asset objects unloaded after import = 3
========================================================================
Received Import Request.
  Time since last request: 0.000018 seconds.
  path: Assets/Resources/将领头像/名将/夏侯惇.png
  artifactKey: Guid(1dfadb0714014b81bee34c1066f8f4b3) Importer(2089858483,0ecaa5967403d082aa24f35e1b516d23)
Start importing Assets/Resources/将领头像/名将/夏侯惇.png using Guid(1dfadb0714014b81bee34c1066f8f4b3) Importer(2089858483,0ecaa5967403d082aa24f35e1b516d23) [PhysX] Initialized MultithreadedTaskDispatcher with 20 workers.
 -> (artifact id: '35e500504682293e2b64540143dea806') in 0.007736 seconds
Number of updated asset objects reloaded before import = 0
Number of asset objects unloaded after import = 3
========================================================================
Received Import Request.
  Time since last request: 0.000014 seconds.
  path: Assets/Resources/将领头像/名将/魏延.png
  artifactKey: Guid(ad0713dda0ef45df8ae0a93253f15c1c) Importer(2089858483,0ecaa5967403d082aa24f35e1b516d23)
Start importing Assets/Resources/将领头像/名将/魏延.png using Guid(ad0713dda0ef45df8ae0a93253f15c1c) Importer(2089858483,0ecaa5967403d082aa24f35e1b516d23) [PhysX] Initialized MultithreadedTaskDispatcher with 20 workers.
 -> (artifact id: '0bf2068be78e349bbcbaf1c426afd2c1') in 0.007195 seconds
Number of updated asset objects reloaded before import = 0
Number of asset objects unloaded after import = 3
========================================================================
Received Import Request.
  Time since last request: 0.000016 seconds.
  path: Assets/Resources/将领头像/君王/吴国太.png
  artifactKey: Guid(c0dd332fd76746c3ac484fe48249ec15) Importer(2089858483,0ecaa5967403d082aa24f35e1b516d23)
Start importing Assets/Resources/将领头像/君王/吴国太.png using Guid(c0dd332fd76746c3ac484fe48249ec15) Importer(2089858483,0ecaa5967403d082aa24f35e1b516d23) [PhysX] Initialized MultithreadedTaskDispatcher with 20 workers.
 -> (artifact id: '6fd1d0c0cb4e462c08090047fae411ee') in 0.010346 seconds
Number of updated asset objects reloaded before import = 0
Number of asset objects unloaded after import = 3
========================================================================
Received Import Request.
  Time since last request: 0.000065 seconds.
  path: Assets/Resources/将领头像/名将/小乔.png
  artifactKey: Guid(d270bd51b15c46a994c8e0b98f10345c) Importer(2089858483,0ecaa5967403d082aa24f35e1b516d23)
Start importing Assets/Resources/将领头像/名将/小乔.png using Guid(d270bd51b15c46a994c8e0b98f10345c) Importer(2089858483,0ecaa5967403d082aa24f35e1b516d23) [PhysX] Initialized MultithreadedTaskDispatcher with 20 workers.
 -> (artifact id: 'de088ae8ef60b8f5c836f3deb571bf30') in 0.006702 seconds
Number of updated asset objects reloaded before import = 0
Number of asset objects unloaded after import = 3
========================================================================
Received Import Request.
  Time since last request: 0.000014 seconds.
  path: Assets/Resources/将领头像/尊将/尊·赵云.png
  artifactKey: Guid(54f98c8bca8a4120a19558edecb5a4c0) Importer(2089858483,0ecaa5967403d082aa24f35e1b516d23)
Start importing Assets/Resources/将领头像/尊将/尊·赵云.png using Guid(54f98c8bca8a4120a19558edecb5a4c0) Importer(2089858483,0ecaa5967403d082aa24f35e1b516d23) [PhysX] Initialized MultithreadedTaskDispatcher with 20 workers.
 -> (artifact id: '6f1ddf9620907ad5bc7c5386bcb04b84') in 0.021117 seconds
Number of updated asset objects reloaded before import = 0
Number of asset objects unloaded after import = 3
========================================================================
Received Import Request.
  Time since last request: 0.000017 seconds.
  path: Assets/Resources/将领头像/名将/姜维.png
  artifactKey: Guid(422dc0b74e374de7aa0617bbe25f303d) Importer(2089858483,0ecaa5967403d082aa24f35e1b516d23)
Start importing Assets/Resources/将领头像/名将/姜维.png using Guid(422dc0b74e374de7aa0617bbe25f303d) Importer(2089858483,0ecaa5967403d082aa24f35e1b516d23) [PhysX] Initialized MultithreadedTaskDispatcher with 20 workers.
 -> (artifact id: '108c9815bd2a6c4e1bf2ab5d15615101') in 0.033083 seconds
Number of updated asset objects reloaded before import = 0
Number of asset objects unloaded after import = 3
========================================================================
Received Import Request.
  Time since last request: 0.000019 seconds.
  path: Assets/Resources/将领头像/战将/战·关羽.png
  artifactKey: Guid(62efb06760b04dcba96ccbdc6142f4e7) Importer(2089858483,0ecaa5967403d082aa24f35e1b516d23)
Start importing Assets/Resources/将领头像/战将/战·关羽.png using Guid(62efb06760b04dcba96ccbdc6142f4e7) Importer(2089858483,0ecaa5967403d082aa24f35e1b516d23) [PhysX] Initialized MultithreadedTaskDispatcher with 20 workers.
 -> (artifact id: '5cd27c4324f79a3082232d0b2c0362df') in 0.052040 seconds
Number of updated asset objects reloaded before import = 0
Number of asset objects unloaded after import = 3
========================================================================
Received Import Request.
  Time since last request: 0.000015 seconds.
  path: Assets/Resources/将领头像/名将/祝融夫人.png
  artifactKey: Guid(f3035c7b077c4e9fb36274a9ca9eb1e2) Importer(2089858483,0ecaa5967403d082aa24f35e1b516d23)
Start importing Assets/Resources/将领头像/名将/祝融夫人.png using Guid(f3035c7b077c4e9fb36274a9ca9eb1e2) Importer(2089858483,0ecaa5967403d082aa24f35e1b516d23) [PhysX] Initialized MultithreadedTaskDispatcher with 20 workers.
 -> (artifact id: 'afaa189645ac7cffc24ce0f52ace98a9') in 0.008501 seconds
Number of updated asset objects reloaded before import = 0
Number of asset objects unloaded after import = 3
========================================================================
Received Import Request.
  Time since last request: 0.000019 seconds.
  path: Assets/Resources/将领头像/君王/孟获.png
  artifactKey: Guid(6c1a0c3737c649e9afab9102c6008dfb) Importer(2089858483,0ecaa5967403d082aa24f35e1b516d23)
Start importing Assets/Resources/将领头像/君王/孟获.png using Guid(6c1a0c3737c649e9afab9102c6008dfb) Importer(2089858483,0ecaa5967403d082aa24f35e1b516d23) [PhysX] Initialized MultithreadedTaskDispatcher with 20 workers.
 -> (artifact id: 'a355dfb8fa820b0dbffc3414ce22ba18') in 0.007365 seconds
Number of updated asset objects reloaded before import = 0
Number of asset objects unloaded after import = 3
========================================================================
Received Import Request.
  Time since last request: 0.000012 seconds.
  path: Assets/Resources/将领头像/名将/貂蝉.png
  artifactKey: Guid(4c1be612785f4c4f822f6aa4c6ca2e22) Importer(2089858483,0ecaa5967403d082aa24f35e1b516d23)
Start importing Assets/Resources/将领头像/名将/貂蝉.png using Guid(4c1be612785f4c4f822f6aa4c6ca2e22) Importer(2089858483,0ecaa5967403d082aa24f35e1b516d23) [PhysX] Initialized MultithreadedTaskDispatcher with 20 workers.
 -> (artifact id: '00bddbe5a1b8ca141983160312bc5859') in 0.014310 seconds
Number of updated asset objects reloaded before import = 0
Number of asset objects unloaded after import = 3
========================================================================
Received Import Request.
  Time since last request: 0.000016 seconds.
  path: Assets/Resources/将领头像/尊将/尊·司马懿.png
  artifactKey: Guid(ade54f7ec5544e8fbaff9d811e9d5af1) Importer(2089858483,0ecaa5967403d082aa24f35e1b516d23)
Start importing Assets/Resources/将领头像/尊将/尊·司马懿.png using Guid(ade54f7ec5544e8fbaff9d811e9d5af1) Importer(2089858483,0ecaa5967403d082aa24f35e1b516d23) [PhysX] Initialized MultithreadedTaskDispatcher with 20 workers.
 -> (artifact id: 'dd7c0bd2c5f9b0ed53bb8cebda08553c') in 0.008311 seconds
Number of updated asset objects reloaded before import = 0
Number of asset objects unloaded after import = 3
========================================================================
Received Import Request.
  Time since last request: 0.000018 seconds.
  path: Assets/Resources/将领头像/名将/甘宁.png
  artifactKey: Guid(d501ecbad4e9462aa96fa7f800585727) Importer(2089858483,0ecaa5967403d082aa24f35e1b516d23)
Start importing Assets/Resources/将领头像/名将/甘宁.png using Guid(d501ecbad4e9462aa96fa7f800585727) Importer(2089858483,0ecaa5967403d082aa24f35e1b516d23) [PhysX] Initialized MultithreadedTaskDispatcher with 20 workers.
 -> (artifact id: '975e32b1a717d342238d4906ba4254ed') in 0.007903 seconds
Number of updated asset objects reloaded before import = 0
Number of asset objects unloaded after import = 3
========================================================================
Received Import Request.
  Time since last request: 0.000016 seconds.
  path: Assets/Resources/将领头像/君王/曹操.png
  artifactKey: Guid(ca54b4618c864fcc9b0a72dca78f8ab3) Importer(2089858483,0ecaa5967403d082aa24f35e1b516d23)
Start importing Assets/Resources/将领头像/君王/曹操.png using Guid(ca54b4618c864fcc9b0a72dca78f8ab3) Importer(2089858483,0ecaa5967403d082aa24f35e1b516d23) [PhysX] Initialized MultithreadedTaskDispatcher with 20 workers.
 -> (artifact id: '7b37586b43783880f9a882ed0e33b196') in 0.009399 seconds
Number of updated asset objects reloaded before import = 0
Number of asset objects unloaded after import = 3
========================================================================
Received Import Request.
  Time since last request: 0.000021 seconds.
  path: Assets/Resources/将领头像/尊将/尊·献帝.png
  artifactKey: Guid(daa11102d2be407fafa31934f2196ad7) Importer(2089858483,0ecaa5967403d082aa24f35e1b516d23)
Start importing Assets/Resources/将领头像/尊将/尊·献帝.png using Guid(daa11102d2be407fafa31934f2196ad7) Importer(2089858483,0ecaa5967403d082aa24f35e1b516d23) [PhysX] Initialized MultithreadedTaskDispatcher with 20 workers.
 -> (artifact id: '2a07762a09fd2c11a7eedf1b4df651f8') in 0.015974 seconds
Number of updated asset objects reloaded before import = 0
Number of asset objects unloaded after import = 3
========================================================================
Received Import Request.
  Time since last request: 0.000025 seconds.
  path: Assets/Resources/将领头像/尊将/尊·鲍三娘.png
  artifactKey: Guid(98b05d97ed4743928db17be9f462c99d) Importer(2089858483,0ecaa5967403d082aa24f35e1b516d23)
Start importing Assets/Resources/将领头像/尊将/尊·鲍三娘.png using Guid(98b05d97ed4743928db17be9f462c99d) Importer(2089858483,0ecaa5967403d082aa24f35e1b516d23) [PhysX] Initialized MultithreadedTaskDispatcher with 20 workers.
 -> (artifact id: '6ac0e324524bafe58c9b53dd1eec5951') in 0.009687 seconds
Number of updated asset objects reloaded before import = 0
Number of asset objects unloaded after import = 3
========================================================================
Received Import Request.
  Time since last request: 0.000017 seconds.
  path: Assets/Resources/将领头像/尊将/尊·关羽.png
  artifactKey: Guid(120b436390674b7ea5150ddd4f7296e9) Importer(2089858483,0ecaa5967403d082aa24f35e1b516d23)
Start importing Assets/Resources/将领头像/尊将/尊·关羽.png using Guid(120b436390674b7ea5150ddd4f7296e9) Importer(2089858483,0ecaa5967403d082aa24f35e1b516d23) [PhysX] Initialized MultithreadedTaskDispatcher with 20 workers.
 -> (artifact id: 'b9a07d12d82c4f993fda3da2e1a8e2fd') in 0.013588 seconds
Number of updated asset objects reloaded before import = 0
Number of asset objects unloaded after import = 3
========================================================================
Received Import Request.
  Time since last request: 0.000017 seconds.
  path: Assets/Resources/将领头像/名将/吕布.png
  artifactKey: Guid(51c172af4174493494ec116cd3cea70c) Importer(2089858483,0ecaa5967403d082aa24f35e1b516d23)
Start importing Assets/Resources/将领头像/名将/吕布.png using Guid(51c172af4174493494ec116cd3cea70c) Importer(2089858483,0ecaa5967403d082aa24f35e1b516d23) [PhysX] Initialized MultithreadedTaskDispatcher with 20 workers.
 -> (artifact id: 'ad7d62da52e8f65448e9fb646bb08716') in 0.007613 seconds
Number of updated asset objects reloaded before import = 0
Number of asset objects unloaded after import = 3
========================================================================
Received Import Request.
  Time since last request: 0.000020 seconds.
  path: Assets/Resources/将领头像/尊将/尊·诸葛亮.png
  artifactKey: Guid(080a7f4284d24fdd8921e2fc8a7d81ca) Importer(2089858483,0ecaa5967403d082aa24f35e1b516d23)
Start importing Assets/Resources/将领头像/尊将/尊·诸葛亮.png using Guid(080a7f4284d24fdd8921e2fc8a7d81ca) Importer(2089858483,0ecaa5967403d082aa24f35e1b516d23) [PhysX] Initialized MultithreadedTaskDispatcher with 20 workers.
 -> (artifact id: '649baa9019b0b7ff06c5568b29a17c91') in 0.007882 seconds
Number of updated asset objects reloaded before import = 0
Number of asset objects unloaded after import = 3
========================================================================
Received Import Request.
  Time since last request: 0.000018 seconds.
  path: Assets/Resources/将领头像/名将/赵云.png
  artifactKey: Guid(73f65404f75f42e9bf3b89da81169b91) Importer(2089858483,0ecaa5967403d082aa24f35e1b516d23)
Start importing Assets/Resources/将领头像/名将/赵云.png using Guid(73f65404f75f42e9bf3b89da81169b91) Importer(2089858483,0ecaa5967403d082aa24f35e1b516d23) [PhysX] Initialized MultithreadedTaskDispatcher with 20 workers.
 -> (artifact id: '86159bb9113c772fb3de16da8facecc0') in 0.008417 seconds
Number of updated asset objects reloaded before import = 0
Number of asset objects unloaded after import = 3
========================================================================
Received Import Request.
  Time since last request: 0.000016 seconds.
  path: Assets/Resources/将领头像/尊将/尊·大乔.png
  artifactKey: Guid(636b4e0fda8448a8b86b169ee123628f) Importer(2089858483,0ecaa5967403d082aa24f35e1b516d23)
Start importing Assets/Resources/将领头像/尊将/尊·大乔.png using Guid(636b4e0fda8448a8b86b169ee123628f) Importer(2089858483,0ecaa5967403d082aa24f35e1b516d23) [PhysX] Initialized MultithreadedTaskDispatcher with 20 workers.
 -> (artifact id: '3679e51b6ffd25cc2d30521f48457abd') in 0.007030 seconds
Number of updated asset objects reloaded before import = 0
Number of asset objects unloaded after import = 3
========================================================================
Received Import Request.
  Time since last request: 0.000013 seconds.
  path: Assets/Resources/将领头像/名将/马超.png
  artifactKey: Guid(466470ece29b434d897151b7f15e7f40) Importer(2089858483,0ecaa5967403d082aa24f35e1b516d23)
Start importing Assets/Resources/将领头像/名将/马超.png using Guid(466470ece29b434d897151b7f15e7f40) Importer(2089858483,0ecaa5967403d082aa24f35e1b516d23) [PhysX] Initialized MultithreadedTaskDispatcher with 20 workers.
 -> (artifact id: '05a0968b6eb107ae24e442d1d1b85ee2') in 0.007649 seconds
Number of updated asset objects reloaded before import = 0
Number of asset objects unloaded after import = 3
========================================================================
Received Import Request.
  Time since last request: 0.000015 seconds.
  path: Assets/Resources/将领头像/普通/优秀男将.png
  artifactKey: Guid(7aafc605b6694d599b9886f8d29080a6) Importer(2089858483,0ecaa5967403d082aa24f35e1b516d23)
Start importing Assets/Resources/将领头像/普通/优秀男将.png using Guid(7aafc605b6694d599b9886f8d29080a6) Importer(2089858483,0ecaa5967403d082aa24f35e1b516d23) [PhysX] Initialized MultithreadedTaskDispatcher with 20 workers.
 -> (artifact id: 'a16cf3766dd88be3ea28f4c816b55762') in 0.007235 seconds
Number of updated asset objects reloaded before import = 0
Number of asset objects unloaded after import = 3
========================================================================
Received Import Request.
  Time since last request: 0.000014 seconds.
  path: Assets/Resources/将领头像/君王/步练师.png
  artifactKey: Guid(dcbd5d6a91ef48e2a24ee912d38171d4) Importer(2089858483,0ecaa5967403d082aa24f35e1b516d23)
Start importing Assets/Resources/将领头像/君王/步练师.png using Guid(dcbd5d6a91ef48e2a24ee912d38171d4) Importer(2089858483,0ecaa5967403d082aa24f35e1b516d23) [PhysX] Initialized MultithreadedTaskDispatcher with 20 workers.
 -> (artifact id: '9f5a3d2fb51f6f7474eb3b9205856e6b') in 0.007534 seconds
Number of updated asset objects reloaded before import = 0
Number of asset objects unloaded after import = 3
========================================================================
Received Import Request.
  Time since last request: 0.000015 seconds.
  path: Assets/Resources/将领头像/名将/太史慈.png
  artifactKey: Guid(485ae772d2374f8eb74a8353143846ec) Importer(2089858483,0ecaa5967403d082aa24f35e1b516d23)
Start importing Assets/Resources/将领头像/名将/太史慈.png using Guid(485ae772d2374f8eb74a8353143846ec) Importer(2089858483,0ecaa5967403d082aa24f35e1b516d23) [PhysX] Initialized MultithreadedTaskDispatcher with 20 workers.
 -> (artifact id: '56ab0a8a096f92e27b1efa151182061d') in 0.011310 seconds
Number of updated asset objects reloaded before import = 0
Number of asset objects unloaded after import = 3
========================================================================
Received Import Request.
  Time since last request: 0.000018 seconds.
  path: Assets/Resources/将领头像/尊将/尊·貂蝉.png
  artifactKey: Guid(97eb9cb4ad584eab9ee8a3f2400273a6) Importer(2089858483,0ecaa5967403d082aa24f35e1b516d23)
Start importing Assets/Resources/将领头像/尊将/尊·貂蝉.png using Guid(97eb9cb4ad584eab9ee8a3f2400273a6) Importer(2089858483,0ecaa5967403d082aa24f35e1b516d23) [PhysX] Initialized MultithreadedTaskDispatcher with 20 workers.
 -> (artifact id: '03ec82284c3e38bafe03fa66c8ae0098') in 0.010056 seconds
Number of updated asset objects reloaded before import = 0
Number of asset objects unloaded after import = 3
========================================================================
Received Import Request.
  Time since last request: 0.000013 seconds.
  path: Assets/Resources/将领头像/尊将/尊·小乔.png
  artifactKey: Guid(efab08f686f340099c73a68f65f64db8) Importer(2089858483,0ecaa5967403d082aa24f35e1b516d23)
Start importing Assets/Resources/将领头像/尊将/尊·小乔.png using Guid(efab08f686f340099c73a68f65f64db8) Importer(2089858483,0ecaa5967403d082aa24f35e1b516d23) [PhysX] Initialized MultithreadedTaskDispatcher with 20 workers.
 -> (artifact id: '0d876c55887de08b9361512b7067cae7') in 0.006962 seconds
Number of updated asset objects reloaded before import = 0
Number of asset objects unloaded after import = 3
========================================================================
Received Import Request.
  Time since last request: 0.000015 seconds.
  path: Assets/Resources/将领信息预制件/新科技_中.png
  artifactKey: Guid(bb7c4be3a0c74af9b63104138d905bf3) Importer(2089858483,0ecaa5967403d082aa24f35e1b516d23)
Start importing Assets/Resources/将领信息预制件/新科技_中.png using Guid(bb7c4be3a0c74af9b63104138d905bf3) Importer(2089858483,0ecaa5967403d082aa24f35e1b516d23) [PhysX] Initialized MultithreadedTaskDispatcher with 20 workers.
 -> (artifact id: '501cb934742db7429daf68e0bfd7542e') in 0.014185 seconds
Number of updated asset objects reloaded before import = 0
Number of asset objects unloaded after import = 11
========================================================================
Received Import Request.
  Time since last request: 0.000015 seconds.
  path: Assets/Resources/兵种小图标/重弩车.png
  artifactKey: Guid(59ea66ff8a6a4f5da7040f4cc02729cd) Importer(2089858483,0ecaa5967403d082aa24f35e1b516d23)
Start importing Assets/Resources/兵种小图标/重弩车.png using Guid(59ea66ff8a6a4f5da7040f4cc02729cd) Importer(2089858483,0ecaa5967403d082aa24f35e1b516d23) [PhysX] Initialized MultithreadedTaskDispatcher with 20 workers.
 -> (artifact id: '8df944672fbff6e97cabb7731bfb09c7') in 0.008644 seconds
Number of updated asset objects reloaded before import = 0
Number of asset objects unloaded after import = 3
========================================================================
Received Import Request.
  Time since last request: 0.000017 seconds.
  path: Assets/Resources/称号头像/镖师.png
  artifactKey: Guid(c7ca2d334fc54a9e90d6c168a1b75e6c) Importer(2089858483,0ecaa5967403d082aa24f35e1b516d23)
Start importing Assets/Resources/称号头像/镖师.png using Guid(c7ca2d334fc54a9e90d6c168a1b75e6c) Importer(2089858483,0ecaa5967403d082aa24f35e1b516d23) [PhysX] Initialized MultithreadedTaskDispatcher with 20 workers.
 -> (artifact id: 'a2b0e5623e2c2196fb452409e54a8e81') in 0.006520 seconds
Number of updated asset objects reloaded before import = 0
Number of asset objects unloaded after import = 3
========================================================================
Received Import Request.
  Time since last request: 0.000012 seconds.
  path: Assets/Resources/将领头像/名将/马岱.png
  artifactKey: Guid(1273ad2dd3c54cc69974a01338968329) Importer(2089858483,0ecaa5967403d082aa24f35e1b516d23)
Start importing Assets/Resources/将领头像/名将/马岱.png using Guid(1273ad2dd3c54cc69974a01338968329) Importer(2089858483,0ecaa5967403d082aa24f35e1b516d23) [PhysX] Initialized MultithreadedTaskDispatcher with 20 workers.
 -> (artifact id: '71dc99bdbc3817f26b2fa835627a1ed4') in 0.006439 seconds
Number of updated asset objects reloaded before import = 0
Number of asset objects unloaded after import = 3
========================================================================
Received Import Request.
  Time since last request: 0.000013 seconds.
  path: Assets/Resources/称号头像/护军.png
  artifactKey: Guid(fba7059592ed428fa2e5e9efd0c3e5d8) Importer(2089858483,0ecaa5967403d082aa24f35e1b516d23)
Start importing Assets/Resources/称号头像/护军.png using Guid(fba7059592ed428fa2e5e9efd0c3e5d8) Importer(2089858483,0ecaa5967403d082aa24f35e1b516d23) [PhysX] Initialized MultithreadedTaskDispatcher with 20 workers.
 -> (artifact id: '0ec2b0f6699349018e93b8a129ca7eb9') in 0.008090 seconds
Number of updated asset objects reloaded before import = 0
Number of asset objects unloaded after import = 3
========================================================================
Received Import Request.
  Time since last request: 0.000018 seconds.
  path: Assets/Resources/称号头像/神捕.png
  artifactKey: Guid(ca9f9ccf34c54f9daa2e70e730fccec8) Importer(2089858483,0ecaa5967403d082aa24f35e1b516d23)
Start importing Assets/Resources/称号头像/神捕.png using Guid(ca9f9ccf34c54f9daa2e70e730fccec8) Importer(2089858483,0ecaa5967403d082aa24f35e1b516d23) [PhysX] Initialized MultithreadedTaskDispatcher with 20 workers.
 -> (artifact id: '0dea76a04f54494ac1d9b0245dccea12') in 0.006545 seconds
Number of updated asset objects reloaded before import = 0
Number of asset objects unloaded after import = 3
========================================================================
Received Import Request.
  Time since last request: 0.000017 seconds.
  path: Assets/Resources/将领信息预制件/将领黄星.prefab
  artifactKey: Guid(9b5d18b083be46f198ed052282ce4891) Importer(2089858483,0ecaa5967403d082aa24f35e1b516d23)
Start importing Assets/Resources/将领信息预制件/将领黄星.prefab using Guid(9b5d18b083be46f198ed052282ce4891) Importer(2089858483,0ecaa5967403d082aa24f35e1b516d23) [PhysX] Initialized MultithreadedTaskDispatcher with 20 workers.
 -> (artifact id: '0408b1c393e3896e96e528010787350b') in 0.005372 seconds
Number of updated asset objects reloaded before import = 0
Number of asset objects unloaded after import = 8
========================================================================
Received Import Request.
  Time since last request: 0.000015 seconds.
  path: Assets/Resources/将领头像/名将/甄姬.png
  artifactKey: Guid(bbbe1902497d49e19d1902439435d8cd) Importer(2089858483,0ecaa5967403d082aa24f35e1b516d23)
Start importing Assets/Resources/将领头像/名将/甄姬.png using Guid(bbbe1902497d49e19d1902439435d8cd) Importer(2089858483,0ecaa5967403d082aa24f35e1b516d23) [PhysX] Initialized MultithreadedTaskDispatcher with 20 workers.
 -> (artifact id: '056094229e411e8a12a28564a6e8fa87') in 0.008043 seconds
Number of updated asset objects reloaded before import = 0
Number of asset objects unloaded after import = 3
========================================================================
Received Import Request.
  Time since last request: 0.000014 seconds.
  path: Assets/Resources/将领头像/君王/刘备.png
  artifactKey: Guid(19306e4ecd944b16a50fc470d7599497) Importer(2089858483,0ecaa5967403d082aa24f35e1b516d23)
Start importing Assets/Resources/将领头像/君王/刘备.png using Guid(19306e4ecd944b16a50fc470d7599497) Importer(2089858483,0ecaa5967403d082aa24f35e1b516d23) [PhysX] Initialized MultithreadedTaskDispatcher with 20 workers.
 -> (artifact id: '6dde314dce465a5e18c60d41e4e71f15') in 0.006634 seconds
Number of updated asset objects reloaded before import = 0
Number of asset objects unloaded after import = 3
========================================================================
Received Import Request.
  Time since last request: 0.000017 seconds.
  path: Assets/Resources/将领头像/战将/战·周瑜.png
  artifactKey: Guid(86bf7acd2c84446484a6dc90a56e88cf) Importer(2089858483,0ecaa5967403d082aa24f35e1b516d23)
Start importing Assets/Resources/将领头像/战将/战·周瑜.png using Guid(86bf7acd2c84446484a6dc90a56e88cf) Importer(2089858483,0ecaa5967403d082aa24f35e1b516d23) [PhysX] Initialized MultithreadedTaskDispatcher with 20 workers.
 -> (artifact id: '92a75caae86325e7e64e3f05a3c7140e') in 0.007019 seconds
Number of updated asset objects reloaded before import = 0
Number of asset objects unloaded after import = 3
========================================================================
Received Import Request.
  Time since last request: 0.000013 seconds.
  path: Assets/Resources/山贼头像/825.dat.png
  artifactKey: Guid(2bf0edc9e2284f9da52d3d11730411af) Importer(2089858483,0ecaa5967403d082aa24f35e1b516d23)
Start importing Assets/Resources/山贼头像/825.dat.png using Guid(2bf0edc9e2284f9da52d3d11730411af) Importer(2089858483,0ecaa5967403d082aa24f35e1b516d23) [PhysX] Initialized MultithreadedTaskDispatcher with 20 workers.
 -> (artifact id: '80cc92e15a1baa8492f41eb24fc12d37') in 0.007432 seconds
Number of updated asset objects reloaded before import = 0
Number of asset objects unloaded after import = 3
========================================================================
Received Import Request.
  Time since last request: 0.000012 seconds.
  path: Assets/Resources/装备图片/天龙盔.png
  artifactKey: Guid(d0e2b0dca76041daa89e1477f93dc708) Importer(2089858483,0ecaa5967403d082aa24f35e1b516d23)
Start importing Assets/Resources/装备图片/天龙盔.png using Guid(d0e2b0dca76041daa89e1477f93dc708) Importer(2089858483,0ecaa5967403d082aa24f35e1b516d23) [PhysX] Initialized MultithreadedTaskDispatcher with 20 workers.
 -> (artifact id: 'bdf5f60828c9732549da1a184666ca15') in 0.006918 seconds
Number of updated asset objects reloaded before import = 0
Number of asset objects unloaded after import = 3
========================================================================
Received Import Request.
  Time since last request: 0.000022 seconds.
  path: Assets/Resources/建筑头像/弓兵营/0.png
  artifactKey: Guid(341ccc137e154910a4a8753f50af5052) Importer(2089858483,0ecaa5967403d082aa24f35e1b516d23)
Start importing Assets/Resources/建筑头像/弓兵营/0.png using Guid(341ccc137e154910a4a8753f50af5052) Importer(2089858483,0ecaa5967403d082aa24f35e1b516d23) [PhysX] Initialized MultithreadedTaskDispatcher with 20 workers.
 -> (artifact id: 'a4e163524d8a936b3836dd7170da03e7') in 0.007718 seconds
Number of updated asset objects reloaded before import = 0
Number of asset objects unloaded after import = 3
========================================================================
Received Import Request.
  Time since last request: 0.000021 seconds.
  path: Assets/Resources/建筑模型/大厅/2.prefab
  artifactKey: Guid(d355f67657414f61beebc054b012eb42) Importer(2089858483,0ecaa5967403d082aa24f35e1b516d23)
Start importing Assets/Resources/建筑模型/大厅/2.prefab using Guid(d355f67657414f61beebc054b012eb42) Importer(2089858483,0ecaa5967403d082aa24f35e1b516d23) [PhysX] Initialized MultithreadedTaskDispatcher with 20 workers.
 -> (artifact id: 'cc6b6cf9b1fb78b8d985dbd9e4724c1a') in 0.003122 seconds
Number of updated asset objects reloaded before import = 0
Number of asset objects unloaded after import = 16
========================================================================
Received Import Request.
  Time since last request: 0.000012 seconds.
  path: Assets/Resources/建筑模型/名字/5.png
  artifactKey: Guid(bd0df14814c74ddbaf1df812578dcc62) Importer(2089858483,0ecaa5967403d082aa24f35e1b516d23)
Start importing Assets/Resources/建筑模型/名字/5.png using Guid(bd0df14814c74ddbaf1df812578dcc62) Importer(2089858483,0ecaa5967403d082aa24f35e1b516d23) [PhysX] Initialized MultithreadedTaskDispatcher with 20 workers.
 -> (artifact id: '72b2739397f0c5b8b4d103a93fc64176') in 0.007447 seconds
Number of updated asset objects reloaded before import = 0
Number of asset objects unloaded after import = 3
========================================================================
Received Import Request.
  Time since last request: 0.000014 seconds.
  path: Assets/Resources/建筑头像/骑兵营/3.png
  artifactKey: Guid(6f1d448536074e8cb8dc2cc12496170f) Importer(2089858483,0ecaa5967403d082aa24f35e1b516d23)
Start importing Assets/Resources/建筑头像/骑兵营/3.png using Guid(6f1d448536074e8cb8dc2cc12496170f) Importer(2089858483,0ecaa5967403d082aa24f35e1b516d23) [PhysX] Initialized MultithreadedTaskDispatcher with 20 workers.
 -> (artifact id: '325ca77cb56f5dea379023393ca414c9') in 0.007200 seconds
Number of updated asset objects reloaded before import = 0
Number of asset objects unloaded after import = 3
========================================================================
Received Import Request.
  Time since last request: 0.000014 seconds.
  path: Assets/Resources/建筑模型/大厅/0.prefab
  artifactKey: Guid(f4eac446a053415580b9874bab851cfd) Importer(2089858483,0ecaa5967403d082aa24f35e1b516d23)
Start importing Assets/Resources/建筑模型/大厅/0.prefab using Guid(f4eac446a053415580b9874bab851cfd) Importer(2089858483,0ecaa5967403d082aa24f35e1b516d23) [PhysX] Initialized MultithreadedTaskDispatcher with 20 workers.
 -> (artifact id: '0eac9a71ba775d898f9127541fbd1533') in 0.002879 seconds
Number of updated asset objects reloaded before import = 0
Number of asset objects unloaded after import = 9
========================================================================
Received Import Request.
  Time since last request: 0.000012 seconds.
  path: Assets/Resources/建筑模型/弓兵营/1.prefab
  artifactKey: Guid(80bc6167b09d42df88cf2d976502fe3e) Importer(2089858483,0ecaa5967403d082aa24f35e1b516d23)
Start importing Assets/Resources/建筑模型/弓兵营/1.prefab using Guid(80bc6167b09d42df88cf2d976502fe3e) Importer(2089858483,0ecaa5967403d082aa24f35e1b516d23) [PhysX] Initialized MultithreadedTaskDispatcher with 20 workers.
 -> (artifact id: '2fe0066d76fd76dc6bdb35595cb3a204') in 0.002680 seconds
Number of updated asset objects reloaded before import = 0
Number of asset objects unloaded after import = 9
========================================================================
Received Import Request.
  Time since last request: 0.000012 seconds.
  path: Assets/Resources/建筑头像/大厅/0.png
  artifactKey: Guid(537755366217469787d7d6a06a861155) Importer(2089858483,0ecaa5967403d082aa24f35e1b516d23)
Start importing Assets/Resources/建筑头像/大厅/0.png using Guid(537755366217469787d7d6a06a861155) Importer(2089858483,0ecaa5967403d082aa24f35e1b516d23) [PhysX] Initialized MultithreadedTaskDispatcher with 20 workers.
 -> (artifact id: 'a764e44778c33892d16342bd5d92ae92') in 0.008546 seconds
Number of updated asset objects reloaded before import = 0
Number of asset objects unloaded after import = 3
========================================================================
Received Import Request.
  Time since last request: 0.000020 seconds.
  path: Assets/Resources/建筑模型/书院/1.prefab
  artifactKey: Guid(99b4a120827c4739b92133d14bc102b5) Importer(2089858483,0ecaa5967403d082aa24f35e1b516d23)
Start importing Assets/Resources/建筑模型/书院/1.prefab using Guid(99b4a120827c4739b92133d14bc102b5) Importer(2089858483,0ecaa5967403d082aa24f35e1b516d23) [PhysX] Initialized MultithreadedTaskDispatcher with 20 workers.
 -> (artifact id: 'd0bf16c8c5fafdaf171366f92ccb111a') in 0.003157 seconds
Number of updated asset objects reloaded before import = 0
Number of asset objects unloaded after import = 9
========================================================================
Received Import Request.
  Time since last request: 0.000013 seconds.
  path: Assets/Resources/建筑模型/书院/4342.dat.png
  artifactKey: Guid(2e4144f081fc4754996d9ed3ea416d6d) Importer(2089858483,0ecaa5967403d082aa24f35e1b516d23)
Start importing Assets/Resources/建筑模型/书院/4342.dat.png using Guid(2e4144f081fc4754996d9ed3ea416d6d) Importer(2089858483,0ecaa5967403d082aa24f35e1b516d23) [PhysX] Initialized MultithreadedTaskDispatcher with 20 workers.
 -> (artifact id: '5c1c9cab82eade5e252051fa2723b16c') in 0.007128 seconds
Number of updated asset objects reloaded before import = 0
Number of asset objects unloaded after import = 3
========================================================================
Received Import Request.
  Time since last request: 0.000013 seconds.
  path: Assets/Resources/建筑头像/大厅/1.png
  artifactKey: Guid(7d8661c1ee4348dcb9fd5646837c9dde) Importer(2089858483,0ecaa5967403d082aa24f35e1b516d23)
Start importing Assets/Resources/建筑头像/大厅/1.png using Guid(7d8661c1ee4348dcb9fd5646837c9dde) Importer(2089858483,0ecaa5967403d082aa24f35e1b516d23) [PhysX] Initialized MultithreadedTaskDispatcher with 20 workers.
 -> (artifact id: 'e350e058f1a4654acb7c3ce4f3c9ccb4') in 0.043812 seconds
Number of updated asset objects reloaded before import = 0
Number of asset objects unloaded after import = 3
========================================================================
Received Import Request.
  Time since last request: 0.000021 seconds.
  path: Assets/Resources/建筑头像/大厅/4.png
  artifactKey: Guid(fd345f10908744f2922af21ff8680444) Importer(2089858483,0ecaa5967403d082aa24f35e1b516d23)
Start importing Assets/Resources/建筑头像/大厅/4.png using Guid(fd345f10908744f2922af21ff8680444) Importer(2089858483,0ecaa5967403d082aa24f35e1b516d23) [PhysX] Initialized MultithreadedTaskDispatcher with 20 workers.
 -> (artifact id: '4b6417da094c9a192748d554fdb66c45') in 0.007992 seconds
Number of updated asset objects reloaded before import = 0
Number of asset objects unloaded after import = 3
========================================================================
Received Import Request.
  Time since last request: 0.000013 seconds.
  path: Assets/Resources/建筑模型/书院/0.prefab
  artifactKey: Guid(93e26244e057466885c642f74269056a) Importer(2089858483,0ecaa5967403d082aa24f35e1b516d23)
Start importing Assets/Resources/建筑模型/书院/0.prefab using Guid(93e26244e057466885c642f74269056a) Importer(2089858483,0ecaa5967403d082aa24f35e1b516d23) [PhysX] Initialized MultithreadedTaskDispatcher with 20 workers.
 -> (artifact id: '85be883961cbcd98d9963b8b4a0fd420') in 0.002797 seconds
Number of updated asset objects reloaded before import = 0
Number of asset objects unloaded after import = 9
========================================================================
Received Import Request.
  Time since last request: 0.000013 seconds.
  path: Assets/Resources/建筑头像/农田/0.png
  artifactKey: Guid(e3c49943129e4e288942ee6950685041) Importer(2089858483,0ecaa5967403d082aa24f35e1b516d23)
Start importing Assets/Resources/建筑头像/农田/0.png using Guid(e3c49943129e4e288942ee6950685041) Importer(2089858483,0ecaa5967403d082aa24f35e1b516d23) [PhysX] Initialized MultithreadedTaskDispatcher with 20 workers.
 -> (artifact id: '437f56050ef5f15f4e92b73aa311d51f') in 0.006306 seconds
Number of updated asset objects reloaded before import = 0
Number of asset objects unloaded after import = 3
========================================================================
Received Import Request.
  Time since last request: 0.000019 seconds.
  path: Assets/Resources/建筑头像/农田/1.png
  artifactKey: Guid(1d3d5fe3efca4db8b5f721833636b5fd) Importer(2089858483,0ecaa5967403d082aa24f35e1b516d23)
Start importing Assets/Resources/建筑头像/农田/1.png using Guid(1d3d5fe3efca4db8b5f721833636b5fd) Importer(2089858483,0ecaa5967403d082aa24f35e1b516d23) [PhysX] Initialized MultithreadedTaskDispatcher with 20 workers.
 -> (artifact id: 'fe437c98f32ef858041eda8f4f610244') in 0.008051 seconds
Number of updated asset objects reloaded before import = 0
Number of asset objects unloaded after import = 3
========================================================================
Received Import Request.
  Time since last request: 0.000015 seconds.
  path: Assets/Resources/建筑头像/弓兵营/2.png
  artifactKey: Guid(86c55da26ca1474fa73ba7097ef57a42) Importer(2089858483,0ecaa5967403d082aa24f35e1b516d23)
Start importing Assets/Resources/建筑头像/弓兵营/2.png using Guid(86c55da26ca1474fa73ba7097ef57a42) Importer(2089858483,0ecaa5967403d082aa24f35e1b516d23) [PhysX] Initialized MultithreadedTaskDispatcher with 20 workers.
 -> (artifact id: 'e65a864e3634156146ff988b24154c92') in 0.091349 seconds
Number of updated asset objects reloaded before import = 0
Number of asset objects unloaded after import = 3
========================================================================
Received Import Request.
  Time since last request: 0.000027 seconds.
  path: Assets/Resources/建筑模型/书院/3.prefab
  artifactKey: Guid(9c1baf325cbb4cefa60fcf27a8273118) Importer(2089858483,0ecaa5967403d082aa24f35e1b516d23)
Start importing Assets/Resources/建筑模型/书院/3.prefab using Guid(9c1baf325cbb4cefa60fcf27a8273118) Importer(2089858483,0ecaa5967403d082aa24f35e1b516d23) [PhysX] Initialized MultithreadedTaskDispatcher with 20 workers.
 -> (artifact id: '2736877fa4ba0b9158be41f86e17e6cf') in 0.004624 seconds
Number of updated asset objects reloaded before import = 0
Number of asset objects unloaded after import = 9
========================================================================
Received Import Request.
  Time since last request: 0.000022 seconds.
  path: Assets/Resources/建筑模型/大厅/3.prefab
  artifactKey: Guid(e5f4e848f8d84b7abf213b527f554794) Importer(2089858483,0ecaa5967403d082aa24f35e1b516d23)
Start importing Assets/Resources/建筑模型/大厅/3.prefab using Guid(e5f4e848f8d84b7abf213b527f554794) Importer(2089858483,0ecaa5967403d082aa24f35e1b516d23) [PhysX] Initialized MultithreadedTaskDispatcher with 20 workers.
 -> (artifact id: '79d348b9f7582d5562e419c93bac25b5') in 0.004501 seconds
Number of updated asset objects reloaded before import = 0
Number of asset objects unloaded after import = 16
========================================================================
Received Import Request.
  Time since last request: 0.000050 seconds.
  path: Assets/Resources/建筑模型/弓兵营/4320.dat.png
  artifactKey: Guid(ca7753b06133422597814a555eb56201) Importer(2089858483,0ecaa5967403d082aa24f35e1b516d23)
Start importing Assets/Resources/建筑模型/弓兵营/4320.dat.png using Guid(ca7753b06133422597814a555eb56201) Importer(2089858483,0ecaa5967403d082aa24f35e1b516d23) [PhysX] Initialized MultithreadedTaskDispatcher with 20 workers.
 -> (artifact id: 'b1e79c2d4692c26f2627500e40b10315') in 0.007338 seconds
Number of updated asset objects reloaded before import = 0
Number of asset objects unloaded after import = 3
========================================================================
Received Import Request.
  Time since last request: 0.000153 seconds.
  path: Assets/Resources/将领头像/禧将/禧·黄舞蝶.png
  artifactKey: Guid(0ceb56f0bf384433b60702557b62f968) Importer(2089858483,0ecaa5967403d082aa24f35e1b516d23)
Start importing Assets/Resources/将领头像/禧将/禧·黄舞蝶.png using Guid(0ceb56f0bf384433b60702557b62f968) Importer(2089858483,0ecaa5967403d082aa24f35e1b516d23) [PhysX] Initialized MultithreadedTaskDispatcher with 20 workers.
 -> (artifact id: '44dd3e591f2fe42a0f3a44471a94d6cc') in 0.008327 seconds
Number of updated asset objects reloaded before import = 0
Number of asset objects unloaded after import = 3
========================================================================
Received Import Request.
  Time since last request: 0.000013 seconds.
  path: Assets/Resources/建筑模型/书院/4336.dat.png
  artifactKey: Guid(999b07bf6f6d4681bc8acbd4e9590eac) Importer(2089858483,0ecaa5967403d082aa24f35e1b516d23)
Start importing Assets/Resources/建筑模型/书院/4336.dat.png using Guid(999b07bf6f6d4681bc8acbd4e9590eac) Importer(2089858483,0ecaa5967403d082aa24f35e1b516d23) [PhysX] Initialized MultithreadedTaskDispatcher with 20 workers.
 -> (artifact id: '162f12a1c21ad4ada53d210f384ae0be') in 0.006751 seconds
Number of updated asset objects reloaded before import = 0
Number of asset objects unloaded after import = 3
========================================================================
Received Import Request.
  Time since last request: 0.000013 seconds.
  path: Assets/Resources/建筑头像/骑兵营/4.png
  artifactKey: Guid(ed9fd0f7e7304b5792cdb659fd4ec51e) Importer(2089858483,0ecaa5967403d082aa24f35e1b516d23)
Start importing Assets/Resources/建筑头像/骑兵营/4.png using Guid(ed9fd0f7e7304b5792cdb659fd4ec51e) Importer(2089858483,0ecaa5967403d082aa24f35e1b516d23) [PhysX] Initialized MultithreadedTaskDispatcher with 20 workers.
 -> (artifact id: '518ee88eab944263faee76bbb98d7065') in 0.007408 seconds
Number of updated asset objects reloaded before import = 0
Number of asset objects unloaded after import = 3
========================================================================
Received Import Request.
  Time since last request: 0.000017 seconds.
  path: Assets/Resources/建筑模型/农田/2.prefab
  artifactKey: Guid(e1a4e889717c4cf2b4cb491f12d4ebf5) Importer(2089858483,0ecaa5967403d082aa24f35e1b516d23)
Start importing Assets/Resources/建筑模型/农田/2.prefab using Guid(e1a4e889717c4cf2b4cb491f12d4ebf5) Importer(2089858483,0ecaa5967403d082aa24f35e1b516d23) [PhysX] Initialized MultithreadedTaskDispatcher with 20 workers.
 -> (artifact id: '9219d98ff5396478b3f529337b793969') in 0.003662 seconds
Number of updated asset objects reloaded before import = 0
Number of asset objects unloaded after import = 9
========================================================================
Received Import Request.
  Time since last request: 0.000014 seconds.
  path: Assets/Resources/建筑头像/骑兵营/0.png
  artifactKey: Guid(08604a5da3c943229bfd77a81a079fa3) Importer(2089858483,0ecaa5967403d082aa24f35e1b516d23)
Start importing Assets/Resources/建筑头像/骑兵营/0.png using Guid(08604a5da3c943229bfd77a81a079fa3) Importer(2089858483,0ecaa5967403d082aa24f35e1b516d23) [PhysX] Initialized MultithreadedTaskDispatcher with 20 workers.
 -> (artifact id: '1502bf6a6e0a60647ee69b42aa6f70c1') in 0.008520 seconds
Number of updated asset objects reloaded before import = 0
Number of asset objects unloaded after import = 3
========================================================================
Received Import Request.
  Time since last request: 0.000014 seconds.
  path: Assets/Resources/建筑头像/农田/2.png
  artifactKey: Guid(cf4cd941b49b4344b600bac68429a04e) Importer(2089858483,0ecaa5967403d082aa24f35e1b516d23)
Start importing Assets/Resources/建筑头像/农田/2.png using Guid(cf4cd941b49b4344b600bac68429a04e) Importer(2089858483,0ecaa5967403d082aa24f35e1b516d23) [PhysX] Initialized MultithreadedTaskDispatcher with 20 workers.
 -> (artifact id: 'cda972807fa64be21595fce524f8c079') in 0.006849 seconds
Number of updated asset objects reloaded before import = 0
Number of asset objects unloaded after import = 3
========================================================================
Received Import Request.
  Time since last request: 0.000015 seconds.
  path: Assets/Resources/建筑模型/书院/4344.dat.png
  artifactKey: Guid(1657696fefc041639cd198a2bc19f4fb) Importer(2089858483,0ecaa5967403d082aa24f35e1b516d23)
Start importing Assets/Resources/建筑模型/书院/4344.dat.png using Guid(1657696fefc041639cd198a2bc19f4fb) Importer(2089858483,0ecaa5967403d082aa24f35e1b516d23) [PhysX] Initialized MultithreadedTaskDispatcher with 20 workers.
 -> (artifact id: 'aa38213662efa7d8eed24e2d12eac70e') in 0.006815 seconds
Number of updated asset objects reloaded before import = 0
Number of asset objects unloaded after import = 3
========================================================================
Received Import Request.
  Time since last request: 0.000013 seconds.
  path: Assets/Resources/建筑模型/农田/566.png
  artifactKey: Guid(843fa26207f942509a9077e7a8329b48) Importer(2089858483,0ecaa5967403d082aa24f35e1b516d23)
Start importing Assets/Resources/建筑模型/农田/566.png using Guid(843fa26207f942509a9077e7a8329b48) Importer(2089858483,0ecaa5967403d082aa24f35e1b516d23) [PhysX] Initialized MultithreadedTaskDispatcher with 20 workers.
 -> (artifact id: 'd006f0c23a80af979d61618000db7cbb') in 0.008343 seconds
Number of updated asset objects reloaded before import = 0
Number of asset objects unloaded after import = 3
========================================================================
Received Import Request.
  Time since last request: 0.000015 seconds.
  path: Assets/Resources/建筑模型/大厅/4366.dat.png
  artifactKey: Guid(87bb3edd6e5b47858e7aab54a9d2c5d9) Importer(2089858483,0ecaa5967403d082aa24f35e1b516d23)
Start importing Assets/Resources/建筑模型/大厅/4366.dat.png using Guid(87bb3edd6e5b47858e7aab54a9d2c5d9) Importer(2089858483,0ecaa5967403d082aa24f35e1b516d23) [PhysX] Initialized MultithreadedTaskDispatcher with 20 workers.
 -> (artifact id: 'c4e9b55a0b73158cf5adefd045043a83') in 0.008254 seconds
Number of updated asset objects reloaded before import = 0
Number of asset objects unloaded after import = 3
========================================================================
Received Import Request.
  Time since last request: 0.000017 seconds.
  path: Assets/Resources/建筑模型/名字/6.png
  artifactKey: Guid(6c4c2af9012244308fe1aed40a88a01d) Importer(2089858483,0ecaa5967403d082aa24f35e1b516d23)
Start importing Assets/Resources/建筑模型/名字/6.png using Guid(6c4c2af9012244308fe1aed40a88a01d) Importer(2089858483,0ecaa5967403d082aa24f35e1b516d23) [PhysX] Initialized MultithreadedTaskDispatcher with 20 workers.
 -> (artifact id: '6826837584535b4d90476bc6c0ed3988') in 0.006870 seconds
Number of updated asset objects reloaded before import = 0
Number of asset objects unloaded after import = 3
========================================================================
Received Import Request.
  Time since last request: 0.000012 seconds.
  path: Assets/Resources/将领头像/禧将/禧·鲍三娘.png
  artifactKey: Guid(7f7db81644d2467ca76563913dc52e0c) Importer(2089858483,0ecaa5967403d082aa24f35e1b516d23)
Start importing Assets/Resources/将领头像/禧将/禧·鲍三娘.png using Guid(7f7db81644d2467ca76563913dc52e0c) Importer(2089858483,0ecaa5967403d082aa24f35e1b516d23) [PhysX] Initialized MultithreadedTaskDispatcher with 20 workers.
 -> (artifact id: 'be6cbdd0a8beafed68d55fbe09210a7b') in 0.007681 seconds
Number of updated asset objects reloaded before import = 0
Number of asset objects unloaded after import = 3
========================================================================
Received Import Request.
  Time since last request: 0.000015 seconds.
  path: Assets/Resources/建筑头像/弓兵营/4.png
  artifactKey: Guid(f53b0ca327a94e119dd32b12d9e0bd2f) Importer(2089858483,0ecaa5967403d082aa24f35e1b516d23)
Start importing Assets/Resources/建筑头像/弓兵营/4.png using Guid(f53b0ca327a94e119dd32b12d9e0bd2f) Importer(2089858483,0ecaa5967403d082aa24f35e1b516d23) [PhysX] Initialized MultithreadedTaskDispatcher with 20 workers.
 -> (artifact id: '139f8032ad3c7eac3ad5249848a4ff83') in 0.012074 seconds
Number of updated asset objects reloaded before import = 0
Number of asset objects unloaded after import = 3
========================================================================
Received Import Request.
  Time since last request: 0.000015 seconds.
  path: Assets/Resources/建筑模型/农田/3.prefab
  artifactKey: Guid(0c07a7da08114c0eab5544d0fd5b03a6) Importer(2089858483,0ecaa5967403d082aa24f35e1b516d23)
Start importing Assets/Resources/建筑模型/农田/3.prefab using Guid(0c07a7da08114c0eab5544d0fd5b03a6) Importer(2089858483,0ecaa5967403d082aa24f35e1b516d23) [PhysX] Initialized MultithreadedTaskDispatcher with 20 workers.
 -> (artifact id: 'd34dd0f0d82aa3e7d9ef2b4ace6ee7bf') in 0.002957 seconds
Number of updated asset objects reloaded before import = 0
Number of asset objects unloaded after import = 9
========================================================================
Received Import Request.
  Time since last request: 0.000013 seconds.
  path: Assets/Resources/建筑模型/大厅/6844.dat.png
  artifactKey: Guid(ac87ca4294874d10a3ff36420ce6af74) Importer(2089858483,0ecaa5967403d082aa24f35e1b516d23)
Start importing Assets/Resources/建筑模型/大厅/6844.dat.png using Guid(ac87ca4294874d10a3ff36420ce6af74) Importer(2089858483,0ecaa5967403d082aa24f35e1b516d23) [PhysX] Initialized MultithreadedTaskDispatcher with 20 workers.
 -> (artifact id: '80e0704ea6ee825483ce6f5817bcb014') in 0.008200 seconds
Number of updated asset objects reloaded before import = 0
Number of asset objects unloaded after import = 3
========================================================================
Received Import Request.
  Time since last request: 0.000017 seconds.
  path: Assets/Resources/装备图片/黑衣金甲.png
  artifactKey: Guid(04c3063da6594b8e8dd3016977834ac5) Importer(2089858483,0ecaa5967403d082aa24f35e1b516d23)
Start importing Assets/Resources/装备图片/黑衣金甲.png using Guid(04c3063da6594b8e8dd3016977834ac5) Importer(2089858483,0ecaa5967403d082aa24f35e1b516d23) [PhysX] Initialized MultithreadedTaskDispatcher with 20 workers.
 -> (artifact id: '9cb154f3948b1844ecf235fd406558f8') in 0.006924 seconds
Number of updated asset objects reloaded before import = 0
Number of asset objects unloaded after import = 3
========================================================================
Received Import Request.
  Time since last request: 0.000014 seconds.
  path: Assets/Scripts/玩家数据结构/伤兵信息.cs
  artifactKey: Guid(2d78e17a3f5a27defb25fa2b2d68325c) Importer(2089858483,0ecaa5967403d082aa24f35e1b516d23)
Start importing Assets/Scripts/玩家数据结构/伤兵信息.cs using Guid(2d78e17a3f5a27defb25fa2b2d68325c) Importer(2089858483,0ecaa5967403d082aa24f35e1b516d23) [PhysX] Initialized MultithreadedTaskDispatcher with 20 workers.
 -> (artifact id: '0b54854fd5990d0928b9667f6618381a') in 0.003135 seconds
Number of updated asset objects reloaded before import = 0
Number of asset objects unloaded after import = 1
========================================================================
Received Import Request.
  Time since last request: 0.000015 seconds.
  path: Assets/Scripts/玩家数据结构/将领信息.cs
  artifactKey: Guid(9690bad137428efc40e38a0664e8666b) Importer(2089858483,0ecaa5967403d082aa24f35e1b516d23)
Start importing Assets/Scripts/玩家数据结构/将领信息.cs using Guid(9690bad137428efc40e38a0664e8666b) Importer(2089858483,0ecaa5967403d082aa24f35e1b516d23) [PhysX] Initialized MultithreadedTaskDispatcher with 20 workers.
 -> (artifact id: '2e2e24913e6b2912713275ca3bfe0241') in 0.002495 seconds
Number of updated asset objects reloaded before import = 0
Number of asset objects unloaded after import = 1
========================================================================
Received Import Request.
  Time since last request: 0.000014 seconds.
  path: Assets/Resources/将领头像/君王/献帝.png
  artifactKey: Guid(4f5209f4679848948b5e85c13d97c977) Importer(2089858483,0ecaa5967403d082aa24f35e1b516d23)
Start importing Assets/Resources/将领头像/君王/献帝.png using Guid(4f5209f4679848948b5e85c13d97c977) Importer(2089858483,0ecaa5967403d082aa24f35e1b516d23) [PhysX] Initialized MultithreadedTaskDispatcher with 20 workers.
 -> (artifact id: '7acbd250ede1e4aac715a0d9fd79b222') in 0.006843 seconds
Number of updated asset objects reloaded before import = 0
Number of asset objects unloaded after import = 3
========================================================================
Received Import Request.
  Time since last request: 0.000017 seconds.
  path: Assets/Resources/将领头像/名将/许褚.png
  artifactKey: Guid(da9e224de23c49fc88af3e6a86754959) Importer(2089858483,0ecaa5967403d082aa24f35e1b516d23)
Start importing Assets/Resources/将领头像/名将/许褚.png using Guid(da9e224de23c49fc88af3e6a86754959) Importer(2089858483,0ecaa5967403d082aa24f35e1b516d23) [PhysX] Initialized MultithreadedTaskDispatcher with 20 workers.
 -> (artifact id: 'c7403efaf2b17325a944a2996c98de39') in 0.008768 seconds
Number of updated asset objects reloaded before import = 0
Number of asset objects unloaded after import = 3
========================================================================
Received Import Request.
  Time since last request: 0.000015 seconds.
  path: Assets/Resources/装备图片/黄金盔.png
  artifactKey: Guid(0b1af677d62d49d39458b0328df72aa5) Importer(2089858483,0ecaa5967403d082aa24f35e1b516d23)
Start importing Assets/Resources/装备图片/黄金盔.png using Guid(0b1af677d62d49d39458b0328df72aa5) Importer(2089858483,0ecaa5967403d082aa24f35e1b516d23) [PhysX] Initialized MultithreadedTaskDispatcher with 20 workers.
 -> (artifact id: '7e4ffe840ca7a3844457a9688f2df410') in 0.006782 seconds
Number of updated asset objects reloaded before import = 0
Number of asset objects unloaded after import = 3
========================================================================
Received Import Request.
  Time since last request: 0.000018 seconds.
  path: Assets/Resources/将领头像/禧将/禧·步练师.png
  artifactKey: Guid(071d0a50e9784f2c96534b5df7b96e5f) Importer(2089858483,0ecaa5967403d082aa24f35e1b516d23)
Start importing Assets/Resources/将领头像/禧将/禧·步练师.png using Guid(071d0a50e9784f2c96534b5df7b96e5f) Importer(2089858483,0ecaa5967403d082aa24f35e1b516d23) [PhysX] Initialized MultithreadedTaskDispatcher with 20 workers.
 -> (artifact id: '6389aa80e25bd5c894112b15faf79e44') in 0.008521 seconds
Number of updated asset objects reloaded before import = 0
Number of asset objects unloaded after import = 3
========================================================================
Received Import Request.
  Time since last request: 0.000015 seconds.
  path: Assets/Resources/将领头像/尊将/尊·吕布.png
  artifactKey: Guid(943187a7095948b19d83037c2bc7389b) Importer(2089858483,0ecaa5967403d082aa24f35e1b516d23)
Start importing Assets/Resources/将领头像/尊将/尊·吕布.png using Guid(943187a7095948b19d83037c2bc7389b) Importer(2089858483,0ecaa5967403d082aa24f35e1b516d23) [PhysX] Initialized MultithreadedTaskDispatcher with 20 workers.
 -> (artifact id: '77f302e7f51d2ceb2afd64eef020a04b') in 0.006511 seconds
Number of updated asset objects reloaded before import = 0
Number of asset objects unloaded after import = 3
========================================================================
Received Import Request.
  Time since last request: 0.000013 seconds.
  path: Assets/Resources/装备图片/宝雕弓.png
  artifactKey: Guid(343aef32b77344e0b1835166a839677a) Importer(2089858483,0ecaa5967403d082aa24f35e1b516d23)
Start importing Assets/Resources/装备图片/宝雕弓.png using Guid(343aef32b77344e0b1835166a839677a) Importer(2089858483,0ecaa5967403d082aa24f35e1b516d23) [PhysX] Initialized MultithreadedTaskDispatcher with 20 workers.
 -> (artifact id: '0ede545dce75edc538d0d60679fa5681') in 0.007505 seconds
Number of updated asset objects reloaded before import = 0
Number of asset objects unloaded after import = 3
========================================================================
Received Import Request.
  Time since last request: 0.000015 seconds.
  path: Assets/Resources/装备图片/牡羊骏.png
  artifactKey: Guid(0f70ac64241a4e7c8898e31ba36ad681) Importer(2089858483,0ecaa5967403d082aa24f35e1b516d23)
Start importing Assets/Resources/装备图片/牡羊骏.png using Guid(0f70ac64241a4e7c8898e31ba36ad681) Importer(2089858483,0ecaa5967403d082aa24f35e1b516d23) [PhysX] Initialized MultithreadedTaskDispatcher with 20 workers.
 -> (artifact id: '28b25d90ab946ca2859676b792382b4a') in 0.006539 seconds
Number of updated asset objects reloaded before import = 0
Number of asset objects unloaded after import = 3
========================================================================
Received Import Request.
  Time since last request: 0.000012 seconds.
  path: Assets/Resources/兵种头像/重步兵.png
  artifactKey: Guid(1d26240ef0904a7fb661a4a4afe2cc26) Importer(2089858483,0ecaa5967403d082aa24f35e1b516d23)
Start importing Assets/Resources/兵种头像/重步兵.png using Guid(1d26240ef0904a7fb661a4a4afe2cc26) Importer(2089858483,0ecaa5967403d082aa24f35e1b516d23) [PhysX] Initialized MultithreadedTaskDispatcher with 20 workers.
 -> (artifact id: '0b26f60e17b302e8c23b031f430512cc') in 0.008757 seconds
Number of updated asset objects reloaded before import = 0
Number of asset objects unloaded after import = 3
========================================================================
Received Import Request.
  Time since last request: 0.000017 seconds.
  path: Assets/Resources/大地图资源/城池路径/2_2.prefab
  artifactKey: Guid(924ae45c90be4303a14aaaac823e9b3e) Importer(2089858483,0ecaa5967403d082aa24f35e1b516d23)
Start importing Assets/Resources/大地图资源/城池路径/2_2.prefab using Guid(924ae45c90be4303a14aaaac823e9b3e) Importer(2089858483,0ecaa5967403d082aa24f35e1b516d23) [PhysX] Initialized MultithreadedTaskDispatcher with 20 workers.
 -> (artifact id: '78974c350845e3f512fbeacb153efd90') in 0.004449 seconds
Number of updated asset objects reloaded before import = 0
Number of asset objects unloaded after import = 27
========================================================================
Received Import Request.
  Time since last request: 0.000018 seconds.
  path: Assets/Resources/称号头像/贪狼.png
  artifactKey: Guid(78f981276a0e491486f4a946821b6b0b) Importer(2089858483,0ecaa5967403d082aa24f35e1b516d23)
Start importing Assets/Resources/称号头像/贪狼.png using Guid(78f981276a0e491486f4a946821b6b0b) Importer(2089858483,0ecaa5967403d082aa24f35e1b516d23) [PhysX] Initialized MultithreadedTaskDispatcher with 20 workers.
 -> (artifact id: 'd5b39600b342d1df26e1b5ced9580a3c') in 0.007597 seconds
Number of updated asset objects reloaded before import = 0
Number of asset objects unloaded after import = 3
========================================================================
Received Import Request.
  Time since last request: 0.000017 seconds.
  path: Assets/Resources/装备图片/新亭侯刀.png
  artifactKey: Guid(cba06fdbe1624897ae89df26669e0526) Importer(2089858483,0ecaa5967403d082aa24f35e1b516d23)
Start importing Assets/Resources/装备图片/新亭侯刀.png using Guid(cba06fdbe1624897ae89df26669e0526) Importer(2089858483,0ecaa5967403d082aa24f35e1b516d23) [PhysX] Initialized MultithreadedTaskDispatcher with 20 workers.
 -> (artifact id: '75bb719be1d7ac6e309a8d97501b325c') in 0.007801 seconds
Number of updated asset objects reloaded before import = 0
Number of asset objects unloaded after import = 3
========================================================================
Received Import Request.
  Time since last request: 0.000021 seconds.
  path: Assets/Resources/将领信息预制件/中预制件.prefab
  artifactKey: Guid(f5744dd48d85449da7e87fe77ede29f8) Importer(2089858483,0ecaa5967403d082aa24f35e1b516d23)
Start importing Assets/Resources/将领信息预制件/中预制件.prefab using Guid(f5744dd48d85449da7e87fe77ede29f8) Importer(2089858483,0ecaa5967403d082aa24f35e1b516d23) [PhysX] Initialized MultithreadedTaskDispatcher with 20 workers.
 -> (artifact id: '27644370b7636cccf656065eb9a50abe') in 0.006062 seconds
Number of updated asset objects reloaded before import = 0
Number of asset objects unloaded after import = 11
========================================================================
Received Import Request.
  Time since last request: 0.000022 seconds.
  path: Assets/Resources/将领头像/未知.png
  artifactKey: Guid(93d8cedff29147ee852f319b81cb138b) Importer(2089858483,0ecaa5967403d082aa24f35e1b516d23)
Start importing Assets/Resources/将领头像/未知.png using Guid(93d8cedff29147ee852f319b81cb138b) Importer(2089858483,0ecaa5967403d082aa24f35e1b516d23) [PhysX] Initialized MultithreadedTaskDispatcher with 20 workers.
 -> (artifact id: 'cc8d7d01e211804516ef4cf8445e0db5') in 0.012804 seconds
Number of updated asset objects reloaded before import = 0
Number of asset objects unloaded after import = 3
========================================================================
Received Import Request.
  Time since last request: 0.000015 seconds.
  path: Assets/Scripts/玩家数据结构/基础信息.cs
  artifactKey: Guid(7dfaa760fb2c1db8c07eb1f89478bb44) Importer(2089858483,0ecaa5967403d082aa24f35e1b516d23)
Start importing Assets/Scripts/玩家数据结构/基础信息.cs using Guid(7dfaa760fb2c1db8c07eb1f89478bb44) Importer(2089858483,0ecaa5967403d082aa24f35e1b516d23) [PhysX] Initialized MultithreadedTaskDispatcher with 20 workers.
 -> (artifact id: 'aa6e5be101c00996691d48a99e0d33f3') in 0.003276 seconds
Number of updated asset objects reloaded before import = 0
Number of asset objects unloaded after import = 1
========================================================================
Received Import Request.
  Time since last request: 0.000032 seconds.
  path: Assets/Resources/将领头像/普通/优秀女将.png
  artifactKey: Guid(e051a87f51b745f9aaf8dd3d873b03c4) Importer(2089858483,0ecaa5967403d082aa24f35e1b516d23)
Start importing Assets/Resources/将领头像/普通/优秀女将.png using Guid(e051a87f51b745f9aaf8dd3d873b03c4) Importer(2089858483,0ecaa5967403d082aa24f35e1b516d23) [PhysX] Initialized MultithreadedTaskDispatcher with 20 workers.
 -> (artifact id: '744ebdff190c239a63101a598fc978c8') in 0.007191 seconds
Number of updated asset objects reloaded before import = 0
Number of asset objects unloaded after import = 3
========================================================================
Received Import Request.
  Time since last request: 0.000013 seconds.
  path: Assets/Resources/将领头像/战将/战·诸葛亮.png
  artifactKey: Guid(7d04e8f2dd4448d3ae6dd4f0d094072e) Importer(2089858483,0ecaa5967403d082aa24f35e1b516d23)
Start importing Assets/Resources/将领头像/战将/战·诸葛亮.png using Guid(7d04e8f2dd4448d3ae6dd4f0d094072e) Importer(2089858483,0ecaa5967403d082aa24f35e1b516d23) [PhysX] Initialized MultithreadedTaskDispatcher with 20 workers.
 -> (artifact id: 'c6e4d9358c69d56edc77cb31f6a63ea7') in 0.007957 seconds
Number of updated asset objects reloaded before import = 0
Number of asset objects unloaded after import = 3
========================================================================
Received Import Request.
  Time since last request: 0.000018 seconds.
  path: Assets/Resources/建筑头像/步兵营/2.png
  artifactKey: Guid(cf596ebad97f4a4f8ed7cb6e4d8e8466) Importer(2089858483,0ecaa5967403d082aa24f35e1b516d23)
Start importing Assets/Resources/建筑头像/步兵营/2.png using Guid(cf596ebad97f4a4f8ed7cb6e4d8e8466) Importer(2089858483,0ecaa5967403d082aa24f35e1b516d23) [PhysX] Initialized MultithreadedTaskDispatcher with 20 workers.
 -> (artifact id: 'aa9bde5d136d1ba867b55189f6b7cc9d') in 0.006933 seconds
Number of updated asset objects reloaded before import = 0
Number of asset objects unloaded after import = 3
========================================================================
Received Import Request.
  Time since last request: 0.000013 seconds.
  path: Assets/Resources/将领头像/战将/战·许子将.png
  artifactKey: Guid(f7faff70096a44679b01442cd999a5e4) Importer(2089858483,0ecaa5967403d082aa24f35e1b516d23)
Start importing Assets/Resources/将领头像/战将/战·许子将.png using Guid(f7faff70096a44679b01442cd999a5e4) Importer(2089858483,0ecaa5967403d082aa24f35e1b516d23) [PhysX] Initialized MultithreadedTaskDispatcher with 20 workers.
 -> (artifact id: 'c647983c1488f24ce18f1d107a8e49f3') in 0.008686 seconds
Number of updated asset objects reloaded before import = 0
Number of asset objects unloaded after import = 3
========================================================================
Received Import Request.
  Time since last request: 0.000014 seconds.
  path: Assets/Resources/建筑模型/大厅/4.prefab
  artifactKey: Guid(3193ad4fa2784c23bed652d9c3118927) Importer(2089858483,0ecaa5967403d082aa24f35e1b516d23)
Start importing Assets/Resources/建筑模型/大厅/4.prefab using Guid(3193ad4fa2784c23bed652d9c3118927) Importer(2089858483,0ecaa5967403d082aa24f35e1b516d23) [PhysX] Initialized MultithreadedTaskDispatcher with 20 workers.
 -> (artifact id: '6b22fe175145b0db4a8e46d0503a2cba') in 0.003717 seconds
Number of updated asset objects reloaded before import = 0
Number of asset objects unloaded after import = 21
========================================================================
Received Import Request.
  Time since last request: 0.000014 seconds.
  path: Assets/Resources/称号头像/地主.png
  artifactKey: Guid(4aeab050a8c541afb3d050cde3798d3a) Importer(2089858483,0ecaa5967403d082aa24f35e1b516d23)
Start importing Assets/Resources/称号头像/地主.png using Guid(4aeab050a8c541afb3d050cde3798d3a) Importer(2089858483,0ecaa5967403d082aa24f35e1b516d23) [PhysX] Initialized MultithreadedTaskDispatcher with 20 workers.
 -> (artifact id: '774d454b6c1e5ec10ecf60beb73e17e8') in 0.006871 seconds
Number of updated asset objects reloaded before import = 0
Number of asset objects unloaded after import = 3
========================================================================
Received Import Request.
  Time since last request: 0.000013 seconds.
  path: Assets/Resources/建筑模型/战车营/4358.dat.png
  artifactKey: Guid(41ffd136f2dd4b3199acbda86d224379) Importer(2089858483,0ecaa5967403d082aa24f35e1b516d23)
Start importing Assets/Resources/建筑模型/战车营/4358.dat.png using Guid(41ffd136f2dd4b3199acbda86d224379) Importer(2089858483,0ecaa5967403d082aa24f35e1b516d23) [PhysX] Initialized MultithreadedTaskDispatcher with 20 workers.
 -> (artifact id: 'a5c7d2df078f71a60b06ffbf805a2fc8') in 0.009063 seconds
Number of updated asset objects reloaded before import = 0
Number of asset objects unloaded after import = 3
========================================================================
Received Import Request.
  Time since last request: 0.000017 seconds.
  path: Assets/Resources/建筑模型/房屋/1.prefab
  artifactKey: Guid(34fc6afe0b6d41a5a62132605d8af224) Importer(2089858483,0ecaa5967403d082aa24f35e1b516d23)
Start importing Assets/Resources/建筑模型/房屋/1.prefab using Guid(34fc6afe0b6d41a5a62132605d8af224) Importer(2089858483,0ecaa5967403d082aa24f35e1b516d23) [PhysX] Initialized MultithreadedTaskDispatcher with 20 workers.
 -> (artifact id: 'd58e4f486b4cbf805e730d3b7330983e') in 0.002872 seconds
Number of updated asset objects reloaded before import = 0
Number of asset objects unloaded after import = 9
========================================================================
Received Import Request.
  Time since last request: 0.000010 seconds.
  path: Assets/Resources/建筑模型/骑兵营/4352.dat.png
  artifactKey: Guid(f29b4a4ec10c4417bb10f4df360d15af) Importer(2089858483,0ecaa5967403d082aa24f35e1b516d23)
Start importing Assets/Resources/建筑模型/骑兵营/4352.dat.png using Guid(f29b4a4ec10c4417bb10f4df360d15af) Importer(2089858483,0ecaa5967403d082aa24f35e1b516d23) [PhysX] Initialized MultithreadedTaskDispatcher with 20 workers.
 -> (artifact id: 'e7b396200d1d289885e627be3261d51a') in 0.007894 seconds
Number of updated asset objects reloaded before import = 0
Number of asset objects unloaded after import = 3
========================================================================
Received Import Request.
  Time since last request: 0.000015 seconds.
  path: Assets/Resources/建筑模型/房屋/2.prefab
  artifactKey: Guid(6745729a78744b13b6a95d6a6b0f8204) Importer(2089858483,0ecaa5967403d082aa24f35e1b516d23)
Start importing Assets/Resources/建筑模型/房屋/2.prefab using Guid(6745729a78744b13b6a95d6a6b0f8204) Importer(2089858483,0ecaa5967403d082aa24f35e1b516d23) [PhysX] Initialized MultithreadedTaskDispatcher with 20 workers.
 -> (artifact id: '80bbe18dca621763e2cf6493936ce59f') in 0.002973 seconds
Number of updated asset objects reloaded before import = 0
Number of asset objects unloaded after import = 9
========================================================================
Received Import Request.
  Time since last request: 0.000013 seconds.
  path: Assets/Resources/建筑模型/骑兵营/4350.dat.png
  artifactKey: Guid(b2fdde26cc424890ac482e3b559d472d) Importer(2089858483,0ecaa5967403d082aa24f35e1b516d23)
Start importing Assets/Resources/建筑模型/骑兵营/4350.dat.png using Guid(b2fdde26cc424890ac482e3b559d472d) Importer(2089858483,0ecaa5967403d082aa24f35e1b516d23) [PhysX] Initialized MultithreadedTaskDispatcher with 20 workers.
 -> (artifact id: '6d0154ee00d6e803b42c463fbfb19a4b') in 0.007978 seconds
Number of updated asset objects reloaded before import = 0
Number of asset objects unloaded after import = 3
========================================================================
Received Import Request.
  Time since last request: 0.000016 seconds.
  path: Assets/Resources/建筑模型/步兵营/0.prefab
  artifactKey: Guid(e1fa888099a342e9982b0cd0cf25848c) Importer(2089858483,0ecaa5967403d082aa24f35e1b516d23)
Start importing Assets/Resources/建筑模型/步兵营/0.prefab using Guid(e1fa888099a342e9982b0cd0cf25848c) Importer(2089858483,0ecaa5967403d082aa24f35e1b516d23) [PhysX] Initialized MultithreadedTaskDispatcher with 20 workers.
 -> (artifact id: '4efe61bc89dfba63089efb8e82df2921') in 0.003155 seconds
Number of updated asset objects reloaded before import = 0
Number of asset objects unloaded after import = 9
========================================================================
Received Import Request.
  Time since last request: 0.000011 seconds.
  path: Assets/Resources/建筑模型/战车营/4360.dat.png
  artifactKey: Guid(4071cd24a31c4dcabc4c89dfe2e674cf) Importer(2089858483,0ecaa5967403d082aa24f35e1b516d23)
Start importing Assets/Resources/建筑模型/战车营/4360.dat.png using Guid(4071cd24a31c4dcabc4c89dfe2e674cf) Importer(2089858483,0ecaa5967403d082aa24f35e1b516d23) [PhysX] Initialized MultithreadedTaskDispatcher with 20 workers.
 -> (artifact id: 'e17140a2964e7bcb635d666e6ae75721') in 0.007492 seconds
Number of updated asset objects reloaded before import = 0
Number of asset objects unloaded after import = 3
========================================================================
Received Import Request.
  Time since last request: 0.000023 seconds.
  path: Assets/Resources/建筑模型/骑兵营/0.prefab
  artifactKey: Guid(d97c38a9afd8499fb01b307ee5243eee) Importer(2089858483,0ecaa5967403d082aa24f35e1b516d23)
Start importing Assets/Resources/建筑模型/骑兵营/0.prefab using Guid(d97c38a9afd8499fb01b307ee5243eee) Importer(2089858483,0ecaa5967403d082aa24f35e1b516d23) [PhysX] Initialized MultithreadedTaskDispatcher with 20 workers.
 -> (artifact id: 'f74d4b7be3d2601bbcca351f0653693b') in 0.015067 seconds
Number of updated asset objects reloaded before import = 0
Number of asset objects unloaded after import = 9
========================================================================
Received Import Request.
  Time since last request: 0.000019 seconds.
  path: Assets/Resources/建筑模型/战车营/2.prefab
  artifactKey: Guid(95b56c57445b46dab31def3c0ee3608e) Importer(2089858483,0ecaa5967403d082aa24f35e1b516d23)
Start importing Assets/Resources/建筑模型/战车营/2.prefab using Guid(95b56c57445b46dab31def3c0ee3608e) Importer(2089858483,0ecaa5967403d082aa24f35e1b516d23) [PhysX] Initialized MultithreadedTaskDispatcher with 20 workers.
 -> (artifact id: '2e093492b79c9d4c91f78102a8b7b18a') in 0.003376 seconds
Number of updated asset objects reloaded before import = 0
Number of asset objects unloaded after import = 9
========================================================================
Received Import Request.
  Time since last request: 0.000016 seconds.
  path: Assets/Resources/建筑模型/房屋/556.png
  artifactKey: Guid(ff08a758dd3b4224b3877eb74e2ec8b0) Importer(2089858483,0ecaa5967403d082aa24f35e1b516d23)
Start importing Assets/Resources/建筑模型/房屋/556.png using Guid(ff08a758dd3b4224b3877eb74e2ec8b0) Importer(2089858483,0ecaa5967403d082aa24f35e1b516d23) [PhysX] Initialized MultithreadedTaskDispatcher with 20 workers.
 -> (artifact id: 'c09756bc5ba86fd63b122c9e84222afc') in 0.006639 seconds
Number of updated asset objects reloaded before import = 0
Number of asset objects unloaded after import = 3
========================================================================
Received Import Request.
  Time since last request: 0.000017 seconds.
  path: Assets/Resources/建筑模型/骑兵营/4346.dat.png
  artifactKey: Guid(49e438334835445d970f3176800d97e7) Importer(2089858483,0ecaa5967403d082aa24f35e1b516d23)
Start importing Assets/Resources/建筑模型/骑兵营/4346.dat.png using Guid(49e438334835445d970f3176800d97e7) Importer(2089858483,0ecaa5967403d082aa24f35e1b516d23) [PhysX] Initialized MultithreadedTaskDispatcher with 20 workers.
 -> (artifact id: '7a5039e5e93d993ba1bfda948b15bf3f') in 0.007694 seconds
Number of updated asset objects reloaded before import = 0
Number of asset objects unloaded after import = 3
========================================================================
Received Import Request.
  Time since last request: 0.000014 seconds.
  path: Assets/Resources/建筑模型/房屋/1234.png
  artifactKey: Guid(c946f21d09804f729c07c3860475a32d) Importer(2089858483,0ecaa5967403d082aa24f35e1b516d23)
Start importing Assets/Resources/建筑模型/房屋/1234.png using Guid(c946f21d09804f729c07c3860475a32d) Importer(2089858483,0ecaa5967403d082aa24f35e1b516d23) [PhysX] Initialized MultithreadedTaskDispatcher with 20 workers.
 -> (artifact id: 'f50241ba6e353c74f5ea6b1d8bfafb76') in 0.008164 seconds
Number of updated asset objects reloaded before import = 0
Number of asset objects unloaded after import = 3
========================================================================
Received Import Request.
  Time since last request: 0.000016 seconds.
  path: Assets/Resources/建筑模型/战车营/1.prefab
  artifactKey: Guid(6766104b9fc6410eaa171a8f69e6774d) Importer(2089858483,0ecaa5967403d082aa24f35e1b516d23)
Start importing Assets/Resources/建筑模型/战车营/1.prefab using Guid(6766104b9fc6410eaa171a8f69e6774d) Importer(2089858483,0ecaa5967403d082aa24f35e1b516d23) [PhysX] Initialized MultithreadedTaskDispatcher with 20 workers.
 -> (artifact id: 'cd84d045a7b375690462f31d1b7e160d') in 0.002823 seconds
Number of updated asset objects reloaded before import = 0
Number of asset objects unloaded after import = 9
========================================================================
Received Import Request.
  Time since last request: 0.000011 seconds.
  path: Assets/Resources/建筑模型/骑兵营/3.prefab
  artifactKey: Guid(8280b46e64f44821b2a76652b7f88a31) Importer(2089858483,0ecaa5967403d082aa24f35e1b516d23)
Start importing Assets/Resources/建筑模型/骑兵营/3.prefab using Guid(8280b46e64f44821b2a76652b7f88a31) Importer(2089858483,0ecaa5967403d082aa24f35e1b516d23) [PhysX] Initialized MultithreadedTaskDispatcher with 20 workers.
 -> (artifact id: '7316b61ac351ab8da63c96d52fb86537') in 0.002749 seconds
Number of updated asset objects reloaded before import = 0
Number of asset objects unloaded after import = 9
========================================================================
Received Import Request.
  Time since last request: 0.000013 seconds.
  path: Assets/Resources/建筑模型/步兵营/4334.dat.png
  artifactKey: Guid(5870f8a3c5d242569e73e2909ca4757e) Importer(2089858483,0ecaa5967403d082aa24f35e1b516d23)
Start importing Assets/Resources/建筑模型/步兵营/4334.dat.png using Guid(5870f8a3c5d242569e73e2909ca4757e) Importer(2089858483,0ecaa5967403d082aa24f35e1b516d23) [PhysX] Initialized MultithreadedTaskDispatcher with 20 workers.
 -> (artifact id: '1093b947227e5248ebc21297b5a84094') in 0.044399 seconds
Number of updated asset objects reloaded before import = 0
Number of asset objects unloaded after import = 3
========================================================================
Received Import Request.
  Time since last request: 0.000071 seconds.
  path: Assets/Resources/将领头像/君王/诸葛果.png
  artifactKey: Guid(f527425a354e4fa58839446d4a7f5508) Importer(2089858483,0ecaa5967403d082aa24f35e1b516d23)
Start importing Assets/Resources/将领头像/君王/诸葛果.png using Guid(f527425a354e4fa58839446d4a7f5508) Importer(2089858483,0ecaa5967403d082aa24f35e1b516d23) [PhysX] Initialized MultithreadedTaskDispatcher with 20 workers.
 -> (artifact id: '48a30a570968afd4556ad9d6b824dcbf') in 0.009096 seconds
Number of updated asset objects reloaded before import = 0
Number of asset objects unloaded after import = 3
========================================================================
Received Import Request.
  Time since last request: 0.000014 seconds.
  path: Assets/Resources/兵种头像/弩兵.png
  artifactKey: Guid(d8026ed68abe44d4ada123409fd36541) Importer(2089858483,0ecaa5967403d082aa24f35e1b516d23)
Start importing Assets/Resources/兵种头像/弩兵.png using Guid(d8026ed68abe44d4ada123409fd36541) Importer(2089858483,0ecaa5967403d082aa24f35e1b516d23) [PhysX] Initialized MultithreadedTaskDispatcher with 20 workers.
 -> (artifact id: 'b2fe868ed4dd6d500e639cef2ecc91aa') in 0.006981 seconds
Number of updated asset objects reloaded before import = 0
Number of asset objects unloaded after import = 3
========================================================================
Received Import Request.
  Time since last request: 0.000022 seconds.
  path: Assets/Resources/建筑模型/农田/0.prefab
  artifactKey: Guid(55315a3c866e4e00bf62436d966b24b1) Importer(2089858483,0ecaa5967403d082aa24f35e1b516d23)
Start importing Assets/Resources/建筑模型/农田/0.prefab using Guid(55315a3c866e4e00bf62436d966b24b1) Importer(2089858483,0ecaa5967403d082aa24f35e1b516d23) [PhysX] Initialized MultithreadedTaskDispatcher with 20 workers.
 -> (artifact id: 'f11de228048a3a403f81e00194cf7efc') in 0.004679 seconds
Number of updated asset objects reloaded before import = 0
Number of asset objects unloaded after import = 9
========================================================================
Received Import Request.
  Time since last request: 0.000013 seconds.
  path: Assets/Resources/将领头像/名将/黄忠.png
  artifactKey: Guid(76e221059463449593ef33cb8511224a) Importer(2089858483,0ecaa5967403d082aa24f35e1b516d23)
Start importing Assets/Resources/将领头像/名将/黄忠.png using Guid(76e221059463449593ef33cb8511224a) Importer(2089858483,0ecaa5967403d082aa24f35e1b516d23) [PhysX] Initialized MultithreadedTaskDispatcher with 20 workers.
 -> (artifact id: '690eeb7d2540a9f94d4c26710f974ca4') in 0.006841 seconds
Number of updated asset objects reloaded before import = 0
Number of asset objects unloaded after import = 3
========================================================================
Received Import Request.
  Time since last request: 0.000013 seconds.
  path: Assets/Resources/将领头像/名将/吕蒙.png
  artifactKey: Guid(d106fdae1cd34fa6975701852eb17ec2) Importer(2089858483,0ecaa5967403d082aa24f35e1b516d23)
Start importing Assets/Resources/将领头像/名将/吕蒙.png using Guid(d106fdae1cd34fa6975701852eb17ec2) Importer(2089858483,0ecaa5967403d082aa24f35e1b516d23) [PhysX] Initialized MultithreadedTaskDispatcher with 20 workers.
 -> (artifact id: '6d68bfad97ab27c80420d86c37006382') in 0.006918 seconds
Number of updated asset objects reloaded before import = 0
Number of asset objects unloaded after import = 3
========================================================================
Received Import Request.
  Time since last request: 0.000017 seconds.
  path: Assets/Resources/兵种小图标/铁骑兵.png
  artifactKey: Guid(8ffc0cd482c6401c96d29bf6e1868773) Importer(2089858483,0ecaa5967403d082aa24f35e1b516d23)
Start importing Assets/Resources/兵种小图标/铁骑兵.png using Guid(8ffc0cd482c6401c96d29bf6e1868773) Importer(2089858483,0ecaa5967403d082aa24f35e1b516d23) [PhysX] Initialized MultithreadedTaskDispatcher with 20 workers.
 -> (artifact id: '6baad444a1320adfb981c58aada9de0a') in 0.009353 seconds
Number of updated asset objects reloaded before import = 0
Number of asset objects unloaded after import = 3
========================================================================
Received Import Request.
  Time since last request: 0.000018 seconds.
  path: Assets/Resources/主帅头像/2.png
  artifactKey: Guid(c66ccc47675e404e9591750fd6d9f3ad) Importer(2089858483,0ecaa5967403d082aa24f35e1b516d23)
Start importing Assets/Resources/主帅头像/2.png using Guid(c66ccc47675e404e9591750fd6d9f3ad) Importer(2089858483,0ecaa5967403d082aa24f35e1b516d23) [PhysX] Initialized MultithreadedTaskDispatcher with 20 workers.
 -> (artifact id: '0f2a991ebff5dc11fef315d5759049d8') in 0.007486 seconds
Number of updated asset objects reloaded before import = 0
Number of asset objects unloaded after import = 3
========================================================================
Received Import Request.
  Time since last request: 0.000017 seconds.
  path: Assets/Resources/称号头像/飞将.png
  artifactKey: Guid(c651de33e39c4142ba4f1c879928b7a7) Importer(2089858483,0ecaa5967403d082aa24f35e1b516d23)
Start importing Assets/Resources/称号头像/飞将.png using Guid(c651de33e39c4142ba4f1c879928b7a7) Importer(2089858483,0ecaa5967403d082aa24f35e1b516d23) [PhysX] Initialized MultithreadedTaskDispatcher with 20 workers.
 -> (artifact id: '79e9bee4f00bf8f66b64f48e4bf4a369') in 0.008058 seconds
Number of updated asset objects reloaded before import = 0
Number of asset objects unloaded after import = 3
========================================================================
Received Import Request.
  Time since last request: 0.000016 seconds.
  path: Assets/Sounds/map2.wav
  artifactKey: Guid(fec2a5382534476aac4e540da4c9ef11) Importer(2089858483,0ecaa5967403d082aa24f35e1b516d23)
Start importing Assets/Sounds/map2.wav using Guid(fec2a5382534476aac4e540da4c9ef11) Importer(2089858483,0ecaa5967403d082aa24f35e1b516d23) [PhysX] Initialized MultithreadedTaskDispatcher with 20 workers.
 -> (artifact id: 'e322a624466805015a5e25ea349f4a09') in 0.189011 seconds
Number of updated asset objects reloaded before import = 0
Number of asset objects unloaded after import = 1
========================================================================
Received Import Request.
  Time since last request: 0.000017 seconds.
  path: Assets/Scripts/显示概况脚本.cs
  artifactKey: Guid(adc16b562b08af547afa574602121ba1) Importer(2089858483,0ecaa5967403d082aa24f35e1b516d23)
Start importing Assets/Scripts/显示概况脚本.cs using Guid(adc16b562b08af547afa574602121ba1) Importer(2089858483,0ecaa5967403d082aa24f35e1b516d23) [PhysX] Initialized MultithreadedTaskDispatcher with 20 workers.
 -> (artifact id: '169adb33eb40b1df3455690ea3355075') in 0.002636 seconds
Number of updated asset objects reloaded before import = 0
Number of asset objects unloaded after import = 1
========================================================================
Received Import Request.
  Time since last request: 0.000022 seconds.
  path: Assets/Resources/建筑头像/步兵营/3.png
  artifactKey: Guid(505da5086b6247808f6ce54c48d246ce) Importer(2089858483,0ecaa5967403d082aa24f35e1b516d23)
Start importing Assets/Resources/建筑头像/步兵营/3.png using Guid(505da5086b6247808f6ce54c48d246ce) Importer(2089858483,0ecaa5967403d082aa24f35e1b516d23) [PhysX] Initialized MultithreadedTaskDispatcher with 20 workers.
 -> (artifact id: '98fa05d88065af09e094b0668164a1cc') in 0.035504 seconds
Number of updated asset objects reloaded before import = 0
Number of asset objects unloaded after import = 3
========================================================================
Received Import Request.
  Time since last request: 0.000144 seconds.
  path: Assets/Resources/建筑模型/弓兵营/4316.dat.png
  artifactKey: Guid(c116d358c1404cc095fd8b688cc2a29b) Importer(2089858483,0ecaa5967403d082aa24f35e1b516d23)
Start importing Assets/Resources/建筑模型/弓兵营/4316.dat.png using Guid(c116d358c1404cc095fd8b688cc2a29b) Importer(2089858483,0ecaa5967403d082aa24f35e1b516d23) [PhysX] Initialized MultithreadedTaskDispatcher with 20 workers.
 -> (artifact id: 'efccfd5fc56e5cb74de198795bc8143a') in 0.009933 seconds
Number of updated asset objects reloaded before import = 0
Number of asset objects unloaded after import = 3
========================================================================
Received Import Request.
  Time since last request: 0.000014 seconds.
  path: Assets/Resources/民兵_跑.anim
  artifactKey: Guid(d2d1972b018e4ceb90cdfacfb69d7f45) Importer(2089858483,0ecaa5967403d082aa24f35e1b516d23)
Start importing Assets/Resources/民兵_跑.anim using Guid(d2d1972b018e4ceb90cdfacfb69d7f45) Importer(2089858483,0ecaa5967403d082aa24f35e1b516d23) [PhysX] Initialized MultithreadedTaskDispatcher with 20 workers.
 -> (artifact id: '089daf70a60a57d656ffa86f82eba83e') in 0.004036 seconds
Number of updated asset objects reloaded before import = 0
Number of asset objects unloaded after import = 1
========================================================================
Received Import Request.
  Time since last request: 0.000018 seconds.
  path: Assets/Resources/装备图片/七星刀.png
  artifactKey: Guid(4b2b3bfd49c44f1889f6e0133b597d5f) Importer(2089858483,0ecaa5967403d082aa24f35e1b516d23)
Start importing Assets/Resources/装备图片/七星刀.png using Guid(4b2b3bfd49c44f1889f6e0133b597d5f) Importer(2089858483,0ecaa5967403d082aa24f35e1b516d23) [PhysX] Initialized MultithreadedTaskDispatcher with 20 workers.
 -> (artifact id: '9f00efff6ecd93e45b3893f32e17fc20') in 0.031571 seconds
Number of updated asset objects reloaded before import = 0
Number of asset objects unloaded after import = 3
========================================================================
Received Import Request.
  Time since last request: 0.000019 seconds.
  path: Assets/Resources/将领头像/普通/普通名将女.png
  artifactKey: Guid(58ad37c252a049fc80c8a560f2941248) Importer(2089858483,0ecaa5967403d082aa24f35e1b516d23)
Start importing Assets/Resources/将领头像/普通/普通名将女.png using Guid(58ad37c252a049fc80c8a560f2941248) Importer(2089858483,0ecaa5967403d082aa24f35e1b516d23) [PhysX] Initialized MultithreadedTaskDispatcher with 20 workers.
 -> (artifact id: '839d0e4b8057c6b4c78d0ea53bb4a23a') in 0.008226 seconds
Number of updated asset objects reloaded before import = 0
Number of asset objects unloaded after import = 3
========================================================================
Received Import Request.
  Time since last request: 0.000017 seconds.
  path: Assets/Resources/将领信息预制件/闪.anim
  artifactKey: Guid(5f713533ff3a45089bc6ebb23ca95f9d) Importer(2089858483,0ecaa5967403d082aa24f35e1b516d23)
Start importing Assets/Resources/将领信息预制件/闪.anim using Guid(5f713533ff3a45089bc6ebb23ca95f9d) Importer(2089858483,0ecaa5967403d082aa24f35e1b516d23) [PhysX] Initialized MultithreadedTaskDispatcher with 20 workers.
 -> (artifact id: 'c4ed1576dad38476c7b8998c21d1af60') in 0.003501 seconds
Number of updated asset objects reloaded before import = 0
Number of asset objects unloaded after import = 1
========================================================================
Received Import Request.
  Time since last request: 0.000012 seconds.
  path: Assets/Resources/7488.dat.png
  artifactKey: Guid(15871976cb8a4b3e95e210fa0fcb7072) Importer(2089858483,0ecaa5967403d082aa24f35e1b516d23)
Start importing Assets/Resources/7488.dat.png using Guid(15871976cb8a4b3e95e210fa0fcb7072) Importer(2089858483,0ecaa5967403d082aa24f35e1b516d23) [PhysX] Initialized MultithreadedTaskDispatcher with 20 workers.
 -> (artifact id: '183d1b816c97887959985eef25c27bb0') in 0.007081 seconds
Number of updated asset objects reloaded before import = 0
Number of asset objects unloaded after import = 3
========================================================================
Received Import Request.
  Time since last request: 0.000017 seconds.
  path: Assets/Resources/7548.dat.asset
  artifactKey: Guid(b49c01dc000845d99e40001300b0740b) Importer(2089858483,0ecaa5967403d082aa24f35e1b516d23)
Start importing Assets/Resources/7548.dat.asset using Guid(b49c01dc000845d99e40001300b0740b) Importer(2089858483,0ecaa5967403d082aa24f35e1b516d23) [PhysX] Initialized MultithreadedTaskDispatcher with 20 workers.
 -> (artifact id: 'e915e7a6c70e564dce250194c88b9911') in 0.006070 seconds
Number of updated asset objects reloaded before import = 0
Number of asset objects unloaded after import = 3
========================================================================
Received Import Request.
  Time since last request: 0.000017 seconds.
  path: Assets/Scripts/Node.cs
  artifactKey: Guid(c7244a82cf1449eda3dc8b97c2312cee) Importer(2089858483,0ecaa5967403d082aa24f35e1b516d23)
Start importing Assets/Scripts/Node.cs using Guid(c7244a82cf1449eda3dc8b97c2312cee) Importer(2089858483,0ecaa5967403d082aa24f35e1b516d23) [PhysX] Initialized MultithreadedTaskDispatcher with 20 workers.
 -> (artifact id: 'ef84021ee76e702814c7635970c455ec') in 0.002930 seconds
Number of updated asset objects reloaded before import = 0
Number of asset objects unloaded after import = 1
========================================================================
Received Import Request.
  Time since last request: 0.000016 seconds.
  path: Assets/Resources/将领头像/普通/卓越女将.png
  artifactKey: Guid(d95635b1170640bd8936bf272b11fb70) Importer(2089858483,0ecaa5967403d082aa24f35e1b516d23)
Start importing Assets/Resources/将领头像/普通/卓越女将.png using Guid(d95635b1170640bd8936bf272b11fb70) Importer(2089858483,0ecaa5967403d082aa24f35e1b516d23) [PhysX] Initialized MultithreadedTaskDispatcher with 20 workers.
 -> (artifact id: 'ae2f486c201c9061b410ace691c25730') in 0.007226 seconds
Number of updated asset objects reloaded before import = 0
Number of asset objects unloaded after import = 3
========================================================================
Received Import Request.
  Time since last request: 0.000014 seconds.
  path: Assets/Resources/称号头像/贤君.png
  artifactKey: Guid(3390607414514627bdf4293100b7af35) Importer(2089858483,0ecaa5967403d082aa24f35e1b516d23)
Start importing Assets/Resources/称号头像/贤君.png using Guid(3390607414514627bdf4293100b7af35) Importer(2089858483,0ecaa5967403d082aa24f35e1b516d23) [PhysX] Initialized MultithreadedTaskDispatcher with 20 workers.
 -> (artifact id: '20cb5bdfaff6a3e6be96185f59fb4408') in 0.008351 seconds
Number of updated asset objects reloaded before import = 0
Number of asset objects unloaded after import = 3
========================================================================
Received Import Request.
  Time since last request: 0.000016 seconds.
  path: Assets/Resources/装备图片/青龙偃月刀.png
  artifactKey: Guid(646ab00d6f3e4a32bcc51dc84715ff2a) Importer(2089858483,0ecaa5967403d082aa24f35e1b516d23)
Start importing Assets/Resources/装备图片/青龙偃月刀.png using Guid(646ab00d6f3e4a32bcc51dc84715ff2a) Importer(2089858483,0ecaa5967403d082aa24f35e1b516d23) [PhysX] Initialized MultithreadedTaskDispatcher with 20 workers.
 -> (artifact id: 'ea142e287864520e5e4f70a69c9d5d0c') in 0.007158 seconds
Number of updated asset objects reloaded before import = 0
Number of asset objects unloaded after import = 3
========================================================================
Received Import Request.
  Time since last request: 0.000013 seconds.
  path: Assets/Resources/山贼头像/823.dat.png
  artifactKey: Guid(3b126c26564b4e209494ecdc2e679a1c) Importer(2089858483,0ecaa5967403d082aa24f35e1b516d23)
Start importing Assets/Resources/山贼头像/823.dat.png using Guid(3b126c26564b4e209494ecdc2e679a1c) Importer(2089858483,0ecaa5967403d082aa24f35e1b516d23) [PhysX] Initialized MultithreadedTaskDispatcher with 20 workers.
 -> (artifact id: 'd4c278181a94987a502626a2d315bae7') in 0.041125 seconds
Number of updated asset objects reloaded before import = 0
Number of asset objects unloaded after import = 3
========================================================================
Received Import Request.
  Time since last request: 0.000016 seconds.
  path: Assets/Resources/装备图片/尊.anim
  artifactKey: Guid(1cd04bd4ea0441f1b25ebf7f4227ac4b) Importer(2089858483,0ecaa5967403d082aa24f35e1b516d23)
Start importing Assets/Resources/装备图片/尊.anim using Guid(1cd04bd4ea0441f1b25ebf7f4227ac4b) Importer(2089858483,0ecaa5967403d082aa24f35e1b516d23) [PhysX] Initialized MultithreadedTaskDispatcher with 20 workers.
 -> (artifact id: '05f389ecde11e6f717547b0ebac9af0a') in 0.003805 seconds
Number of updated asset objects reloaded before import = 0
Number of asset objects unloaded after import = 1
========================================================================
Received Import Request.
  Time since last request: 0.000012 seconds.
  path: Assets/Resources/装备图片/精钢剑.png
  artifactKey: Guid(a53dcd18c1bb4329a31a2cad2e0b3afa) Importer(2089858483,0ecaa5967403d082aa24f35e1b516d23)
Start importing Assets/Resources/装备图片/精钢剑.png using Guid(a53dcd18c1bb4329a31a2cad2e0b3afa) Importer(2089858483,0ecaa5967403d082aa24f35e1b516d23) [PhysX] Initialized MultithreadedTaskDispatcher with 20 workers.
 -> (artifact id: 'cdc7cb440bc346ba0bd9107f4ec1d618') in 0.008717 seconds
Number of updated asset objects reloaded before import = 0
Number of asset objects unloaded after import = 3
========================================================================
Received Import Request.
  Time since last request: 0.000015 seconds.
  path: Assets/Resources/将领信息预制件/闪预制件.prefab
  artifactKey: Guid(12fd4e433ccd4df6bc2e72e004a27e45) Importer(2089858483,0ecaa5967403d082aa24f35e1b516d23)
Start importing Assets/Resources/将领信息预制件/闪预制件.prefab using Guid(12fd4e433ccd4df6bc2e72e004a27e45) Importer(2089858483,0ecaa5967403d082aa24f35e1b516d23) [PhysX] Initialized MultithreadedTaskDispatcher with 20 workers.
 -> (artifact id: '9fa7540d3b707090e71ea1db1709532f') in 0.007279 seconds
Number of updated asset objects reloaded before import = 0
Number of asset objects unloaded after import = 11
========================================================================
Received Import Request.
  Time since last request: 0.000017 seconds.
  path: Assets/Resources/铁骑兵_死亡.anim
  artifactKey: Guid(c65954ad49754a82988311b5e23a2482) Importer(2089858483,0ecaa5967403d082aa24f35e1b516d23)
Start importing Assets/Resources/铁骑兵_死亡.anim using Guid(c65954ad49754a82988311b5e23a2482) Importer(2089858483,0ecaa5967403d082aa24f35e1b516d23) [PhysX] Initialized MultithreadedTaskDispatcher with 20 workers.
 -> (artifact id: '665c43a2d7c5dc6c01262ebb88e6a0d1') in 0.003472 seconds
Number of updated asset objects reloaded before import = 0
Number of asset objects unloaded after import = 1
========================================================================
Received Import Request.
  Time since last request: 0.000010 seconds.
  path: Assets/Resources/7541.dat.asset
  artifactKey: Guid(52a6df65e2fc493eb029c556622fffa6) Importer(2089858483,0ecaa5967403d082aa24f35e1b516d23)
Start importing Assets/Resources/7541.dat.asset using Guid(52a6df65e2fc493eb029c556622fffa6) Importer(2089858483,0ecaa5967403d082aa24f35e1b516d23) [PhysX] Initialized MultithreadedTaskDispatcher with 20 workers.
 -> (artifact id: '68d74aa80370b8a6f27a72ba1ad0b30d') in 0.004447 seconds
Number of updated asset objects reloaded before import = 0
Number of asset objects unloaded after import = 3
========================================================================
Received Import Request.
  Time since last request: 0.000015 seconds.
  path: Assets/Resources/7530.dat.asset
  artifactKey: Guid(996f2446a76f46fb961f1df93134ffe6) Importer(2089858483,0ecaa5967403d082aa24f35e1b516d23)
Start importing Assets/Resources/7530.dat.asset using Guid(996f2446a76f46fb961f1df93134ffe6) Importer(2089858483,0ecaa5967403d082aa24f35e1b516d23) [PhysX] Initialized MultithreadedTaskDispatcher with 20 workers.
 -> (artifact id: '81fcf0365fc93193aea93c8de075e239') in 0.004060 seconds
Number of updated asset objects reloaded before import = 0
Number of asset objects unloaded after import = 3
========================================================================
Received Import Request.
  Time since last request: 0.000020 seconds.
  path: Assets/Scripts/TIME.cs
  artifactKey: Guid(965e359e436269527dea069eefe626fa) Importer(2089858483,0ecaa5967403d082aa24f35e1b516d23)
Start importing Assets/Scripts/TIME.cs using Guid(965e359e436269527dea069eefe626fa) Importer(2089858483,0ecaa5967403d082aa24f35e1b516d23) [PhysX] Initialized MultithreadedTaskDispatcher with 20 workers.
 -> (artifact id: '8eb8c9f01967937685a47a61d2a8ef57') in 0.002656 seconds
Number of updated asset objects reloaded before import = 0
Number of asset objects unloaded after import = 1
========================================================================
Received Import Request.
  Time since last request: 0.000014 seconds.
  path: Assets/Resources/山贼头像/826.dat.png
  artifactKey: Guid(e97f03eff6cf4178867af79f3efc5bab) Importer(2089858483,0ecaa5967403d082aa24f35e1b516d23)
Start importing Assets/Resources/山贼头像/826.dat.png using Guid(e97f03eff6cf4178867af79f3efc5bab) Importer(2089858483,0ecaa5967403d082aa24f35e1b516d23) [PhysX] Initialized MultithreadedTaskDispatcher with 20 workers.
 -> (artifact id: '4b94527c4d689eaeb5b404049f0ec1dd') in 0.007417 seconds
Number of updated asset objects reloaded before import = 0
Number of asset objects unloaded after import = 3
========================================================================
Received Import Request.
  Time since last request: 0.000014 seconds.
  path: Assets/Resources/建筑模型/大厅/4374.dat.png
  artifactKey: Guid(d2ad0394cbfa43288b64c3c0853e7b92) Importer(2089858483,0ecaa5967403d082aa24f35e1b516d23)
Start importing Assets/Resources/建筑模型/大厅/4374.dat.png using Guid(d2ad0394cbfa43288b64c3c0853e7b92) Importer(2089858483,0ecaa5967403d082aa24f35e1b516d23) [PhysX] Initialized MultithreadedTaskDispatcher with 20 workers.
 -> (artifact id: 'd0b045772ddcb3ac26d6d3c05dd701e8') in 0.007444 seconds
Number of updated asset objects reloaded before import = 0
Number of asset objects unloaded after import = 3
========================================================================
Received Import Request.
  Time since last request: 0.000015 seconds.
  path: Assets/Scripts/玩家数据结构/将领装备.cs
  artifactKey: Guid(6350d9b5c48e45df768c8d03c5668547) Importer(2089858483,0ecaa5967403d082aa24f35e1b516d23)
Start importing Assets/Scripts/玩家数据结构/将领装备.cs using Guid(6350d9b5c48e45df768c8d03c5668547) Importer(2089858483,0ecaa5967403d082aa24f35e1b516d23) [PhysX] Initialized MultithreadedTaskDispatcher with 20 workers.
 -> (artifact id: '2ca1c26546a58007302a09469225afc6') in 0.041377 seconds
Number of updated asset objects reloaded before import = 0
Number of asset objects unloaded after import = 1
========================================================================
Received Import Request.
  Time since last request: 0.000277 seconds.
  path: Assets/Resources/兵种模型预制件/弓兵.prefab
  artifactKey: Guid(7357b43d3c8f4e458c07cfc08c8f1abd) Importer(2089858483,0ecaa5967403d082aa24f35e1b516d23)
Start importing Assets/Resources/兵种模型预制件/弓兵.prefab using Guid(7357b43d3c8f4e458c07cfc08c8f1abd) Importer(2089858483,0ecaa5967403d082aa24f35e1b516d23) [PhysX] Initialized MultithreadedTaskDispatcher with 20 workers.
 -> (artifact id: 'af35b95f5e24dfcd8f4fd75363357815') in 0.009313 seconds
Number of updated asset objects reloaded before import = 0
Number of asset objects unloaded after import = 37
========================================================================
Received Import Request.
  Time since last request: 0.000016 seconds.
  path: Assets/Resources/将领头像/名将/曹洪.png
  artifactKey: Guid(a377767a0ad648a188d1ae62fd83a86c) Importer(2089858483,0ecaa5967403d082aa24f35e1b516d23)
Start importing Assets/Resources/将领头像/名将/曹洪.png using Guid(a377767a0ad648a188d1ae62fd83a86c) Importer(2089858483,0ecaa5967403d082aa24f35e1b516d23) [PhysX] Initialized MultithreadedTaskDispatcher with 20 workers.
 -> (artifact id: '533c50553d695d781815155c7eea2588') in 0.059892 seconds
Number of updated asset objects reloaded before import = 0
Number of asset objects unloaded after import = 3
========================================================================
Received Import Request.
  Time since last request: 0.000016 seconds.
  path: Assets/Scripts/封地索引.cs
  artifactKey: Guid(1c1bf27a730b7f63755372b4ef7db9fc) Importer(2089858483,0ecaa5967403d082aa24f35e1b516d23)
Start importing Assets/Scripts/封地索引.cs using Guid(1c1bf27a730b7f63755372b4ef7db9fc) Importer(2089858483,0ecaa5967403d082aa24f35e1b516d23) [PhysX] Initialized MultithreadedTaskDispatcher with 20 workers.
 -> (artifact id: 'e2169b7f1cb8e905c4c618b969648d9b') in 0.004176 seconds
Number of updated asset objects reloaded before import = 0
Number of asset objects unloaded after import = 1
========================================================================
Received Import Request.
  Time since last request: 0.000176 seconds.
  path: Assets/Resources/装备图片/黄骠马.png
  artifactKey: Guid(377853ba09b644b995eac663ca3225ce) Importer(2089858483,0ecaa5967403d082aa24f35e1b516d23)
Start importing Assets/Resources/装备图片/黄骠马.png using Guid(377853ba09b644b995eac663ca3225ce) Importer(2089858483,0ecaa5967403d082aa24f35e1b516d23) [PhysX] Initialized MultithreadedTaskDispatcher with 20 workers.
 -> (artifact id: '13872c76f23c45f856e22b8f88a3d408') in 0.007053 seconds
Number of updated asset objects reloaded before import = 0
Number of asset objects unloaded after import = 3
========================================================================
Received Import Request.
  Time since last request: 0.000015 seconds.
  path: Assets/Resources/建筑模型/大厅/4372.dat.png
  artifactKey: Guid(5119a7097b5b4b18bde2a5f884a9c20a) Importer(2089858483,0ecaa5967403d082aa24f35e1b516d23)
Start importing Assets/Resources/建筑模型/大厅/4372.dat.png using Guid(5119a7097b5b4b18bde2a5f884a9c20a) Importer(2089858483,0ecaa5967403d082aa24f35e1b516d23) [PhysX] Initialized MultithreadedTaskDispatcher with 20 workers.
 -> (artifact id: 'e6329e3994746244f473467e9386b0bf') in 0.026144 seconds
Number of updated asset objects reloaded before import = 0
Number of asset objects unloaded after import = 3
========================================================================
Received Import Request.
  Time since last request: 0.000018 seconds.
  path: Assets/Resources/7512.dat.asset
  artifactKey: Guid(bf0ccb1e70cd441e95c29c29e8c1ae00) Importer(2089858483,0ecaa5967403d082aa24f35e1b516d23)
Start importing Assets/Resources/7512.dat.asset using Guid(bf0ccb1e70cd441e95c29c29e8c1ae00) Importer(2089858483,0ecaa5967403d082aa24f35e1b516d23) [PhysX] Initialized MultithreadedTaskDispatcher with 20 workers.
 -> (artifact id: '9216aca73054b720e0578f01b9038d39') in 0.004082 seconds
Number of updated asset objects reloaded before import = 0
Number of asset objects unloaded after import = 3
========================================================================
Received Import Request.
  Time since last request: 0.000014 seconds.
  path: Assets/Resources/兵种头像/弓兵.png
  artifactKey: Guid(3541b9bffbe34094b4ee7330508956bb) Importer(2089858483,0ecaa5967403d082aa24f35e1b516d23)
Start importing Assets/Resources/兵种头像/弓兵.png using Guid(3541b9bffbe34094b4ee7330508956bb) Importer(2089858483,0ecaa5967403d082aa24f35e1b516d23) [PhysX] Initialized MultithreadedTaskDispatcher with 20 workers.
 -> (artifact id: 'ae6693a50b16cdf77b38a1a230887b87') in 0.008544 seconds
Number of updated asset objects reloaded before import = 0
Number of asset objects unloaded after import = 3
========================================================================
Received Import Request.
  Time since last request: 0.000015 seconds.
  path: Assets/Resources/强化等级数字.png
  artifactKey: Guid(a455edd0b0a444b6868e1dc95d3a875d) Importer(2089858483,0ecaa5967403d082aa24f35e1b516d23)
Start importing Assets/Resources/强化等级数字.png using Guid(a455edd0b0a444b6868e1dc95d3a875d) Importer(2089858483,0ecaa5967403d082aa24f35e1b516d23) [PhysX] Initialized MultithreadedTaskDispatcher with 20 workers.
 -> (artifact id: 'f5a4e973633bff08af2103dc032be1ed') in 0.021042 seconds
Number of updated asset objects reloaded before import = 0
Number of asset objects unloaded after import = 22
========================================================================
Received Import Request.
  Time since last request: 0.000017 seconds.
  path: Assets/Resources/装备图片/古锭刀.png
  artifactKey: Guid(0c4520284f434b6f81978abb132c9370) Importer(2089858483,0ecaa5967403d082aa24f35e1b516d23)
Start importing Assets/Resources/装备图片/古锭刀.png using Guid(0c4520284f434b6f81978abb132c9370) Importer(2089858483,0ecaa5967403d082aa24f35e1b516d23) [PhysX] Initialized MultithreadedTaskDispatcher with 20 workers.
 -> (artifact id: 'eaa99eb00d60feb21f8cb78b2ca67173') in 0.008700 seconds
Number of updated asset objects reloaded before import = 0
Number of asset objects unloaded after import = 3
========================================================================
Received Import Request.
  Time since last request: 0.000022 seconds.
  path: Assets/Resources/装备图片/帝王冕.png
  artifactKey: Guid(fcffcf4af8e042e1925a103435572285) Importer(2089858483,0ecaa5967403d082aa24f35e1b516d23)
Start importing Assets/Resources/装备图片/帝王冕.png using Guid(fcffcf4af8e042e1925a103435572285) Importer(2089858483,0ecaa5967403d082aa24f35e1b516d23) [PhysX] Initialized MultithreadedTaskDispatcher with 20 workers.
 -> (artifact id: '2ba4423e9570819fcc5ff5a7757b9162') in 0.006822 seconds
Number of updated asset objects reloaded before import = 0
Number of asset objects unloaded after import = 3
========================================================================
Received Import Request.
  Time since last request: 0.000021 seconds.
  path: Assets/Resources/国家图片/羌.png
  artifactKey: Guid(26496119d839467191375c90c3678b77) Importer(2089858483,0ecaa5967403d082aa24f35e1b516d23)
Start importing Assets/Resources/国家图片/羌.png using Guid(26496119d839467191375c90c3678b77) Importer(2089858483,0ecaa5967403d082aa24f35e1b516d23) [PhysX] Initialized MultithreadedTaskDispatcher with 20 workers.
 -> (artifact id: 'fc9f10114bd314315a657e9a68cd1dbc') in 0.008453 seconds
Number of updated asset objects reloaded before import = 0
Number of asset objects unloaded after import = 3
========================================================================
Received Import Request.
  Time since last request: 0.000014 seconds.
  path: Assets/Resources/民兵_等待.anim
  artifactKey: Guid(cd3a0c1cefa6486286ebfc2735591815) Importer(2089858483,0ecaa5967403d082aa24f35e1b516d23)
Start importing Assets/Resources/民兵_等待.anim using Guid(cd3a0c1cefa6486286ebfc2735591815) Importer(2089858483,0ecaa5967403d082aa24f35e1b516d23) [PhysX] Initialized MultithreadedTaskDispatcher with 20 workers.
 -> (artifact id: '432270fdf24fc43394d6ffdf2bd97cde') in 0.003336 seconds
Number of updated asset objects reloaded before import = 0
Number of asset objects unloaded after import = 1
========================================================================
Received Import Request.
  Time since last request: 0.000011 seconds.
  path: Assets/Resources/装备图片/混元锤.png
  artifactKey: Guid(d15ff380ccab4ef6875ece53a2ee0fe4) Importer(2089858483,0ecaa5967403d082aa24f35e1b516d23)
Start importing Assets/Resources/装备图片/混元锤.png using Guid(d15ff380ccab4ef6875ece53a2ee0fe4) Importer(2089858483,0ecaa5967403d082aa24f35e1b516d23) [PhysX] Initialized MultithreadedTaskDispatcher with 20 workers.
 -> (artifact id: '36333dc0c2dd4deab4ad9a248b388973') in 0.006339 seconds
Number of updated asset objects reloaded before import = 0
Number of asset objects unloaded after import = 3
========================================================================
Received Import Request.
  Time since last request: 0.000013 seconds.
  path: Assets/Resources/战斗场景预制件/城池战斗场景.prefab
  artifactKey: Guid(1b8a7f3f1cb744899ac045346a035f0d) Importer(2089858483,0ecaa5967403d082aa24f35e1b516d23)
Start importing Assets/Resources/战斗场景预制件/城池战斗场景.prefab using Guid(1b8a7f3f1cb744899ac045346a035f0d) Importer(2089858483,0ecaa5967403d082aa24f35e1b516d23) [PhysX] Initialized MultithreadedTaskDispatcher with 20 workers.
 -> (artifact id: '81b8746d2c9f5a8ec1b82f7c96eabca0') in 0.028742 seconds
Number of updated asset objects reloaded before import = 0
Number of asset objects unloaded after import = 784
========================================================================
Received Import Request.
  Time since last request: 0.000017 seconds.
  path: Assets/Resources/7546.dat.asset
  artifactKey: Guid(8b57e206c7e945319271e88be1703bf6) Importer(2089858483,0ecaa5967403d082aa24f35e1b516d23)
Start importing Assets/Resources/7546.dat.asset using Guid(8b57e206c7e945319271e88be1703bf6) Importer(2089858483,0ecaa5967403d082aa24f35e1b516d23) [PhysX] Initialized MultithreadedTaskDispatcher with 20 workers.
 -> (artifact id: '49ff15de75b86fe17d6a6ca1c52c8bdb') in 0.013069 seconds
Number of updated asset objects reloaded before import = 0
Number of asset objects unloaded after import = 3
========================================================================
Received Import Request.
  Time since last request: 0.000016 seconds.
  path: Assets/Scripts/显示状态信息.cs
  artifactKey: Guid(9efa96a538790d2479bf362e5cb31f85) Importer(2089858483,0ecaa5967403d082aa24f35e1b516d23)
Start importing Assets/Scripts/显示状态信息.cs using Guid(9efa96a538790d2479bf362e5cb31f85) Importer(2089858483,0ecaa5967403d082aa24f35e1b516d23) [PhysX] Initialized MultithreadedTaskDispatcher with 20 workers.
 -> (artifact id: 'f526116fee217d95892651935a071081') in 0.002805 seconds
Number of updated asset objects reloaded before import = 0
Number of asset objects unloaded after import = 1
========================================================================
Received Import Request.
  Time since last request: 0.000014 seconds.
  path: Assets/Scripts/更换装备脚本.cs
  artifactKey: Guid(bf5acb8503f465c5eba4fe320285ef18) Importer(2089858483,0ecaa5967403d082aa24f35e1b516d23)
Start importing Assets/Scripts/更换装备脚本.cs using Guid(bf5acb8503f465c5eba4fe320285ef18) Importer(2089858483,0ecaa5967403d082aa24f35e1b516d23) [PhysX] Initialized MultithreadedTaskDispatcher with 20 workers.
 -> (artifact id: 'fc24314f063add3dafc40872980afd46') in 0.004788 seconds
Number of updated asset objects reloaded before import = 0
Number of asset objects unloaded after import = 1
========================================================================
Received Import Request.
  Time since last request: 0.000023 seconds.
  path: Assets/Resources/装备图片/泼风枪.png
  artifactKey: Guid(b9543cd0e62d41baaeb1c2787838be9f) Importer(2089858483,0ecaa5967403d082aa24f35e1b516d23)
Start importing Assets/Resources/装备图片/泼风枪.png using Guid(b9543cd0e62d41baaeb1c2787838be9f) Importer(2089858483,0ecaa5967403d082aa24f35e1b516d23) [PhysX] Initialized MultithreadedTaskDispatcher with 20 workers.
 -> (artifact id: 'e86ba204c35d281e1932f1e1b08541fc') in 0.006876 seconds
Number of updated asset objects reloaded before import = 0
Number of asset objects unloaded after import = 3
========================================================================
Received Import Request.
  Time since last request: 0.000013 seconds.
  path: Assets/Resources/骑兵_倒地.png
  artifactKey: Guid(c005d8e201a34db29fcb7549007a1dca) Importer(2089858483,0ecaa5967403d082aa24f35e1b516d23)
Start importing Assets/Resources/骑兵_倒地.png using Guid(c005d8e201a34db29fcb7549007a1dca) Importer(2089858483,0ecaa5967403d082aa24f35e1b516d23) [PhysX] Initialized MultithreadedTaskDispatcher with 20 workers.
 -> (artifact id: 'e1a9e33665cc79e3637208137e72798b') in 0.017077 seconds
Number of updated asset objects reloaded before import = 0
Number of asset objects unloaded after import = 5
========================================================================
Received Import Request.
  Time since last request: 0.000016 seconds.
  path: Assets/Resources/将领头像/君王/卞夫人.png
  artifactKey: Guid(0a1c3c9d421e4a9f912b5aff2ef04cd3) Importer(2089858483,0ecaa5967403d082aa24f35e1b516d23)
Start importing Assets/Resources/将领头像/君王/卞夫人.png using Guid(0a1c3c9d421e4a9f912b5aff2ef04cd3) Importer(2089858483,0ecaa5967403d082aa24f35e1b516d23) [PhysX] Initialized MultithreadedTaskDispatcher with 20 workers.
 -> (artifact id: '8f13621e40d5f373d859af5b247d1c68') in 0.007196 seconds
Number of updated asset objects reloaded before import = 0
Number of asset objects unloaded after import = 3
========================================================================
Received Import Request.
  Time since last request: 0.000013 seconds.
  path: Assets/Resources/装备图片/的卢.png
  artifactKey: Guid(b8b263cdeebf4fed9da771e262f2553b) Importer(2089858483,0ecaa5967403d082aa24f35e1b516d23)
Start importing Assets/Resources/装备图片/的卢.png using Guid(b8b263cdeebf4fed9da771e262f2553b) Importer(2089858483,0ecaa5967403d082aa24f35e1b516d23) [PhysX] Initialized MultithreadedTaskDispatcher with 20 workers.
 -> (artifact id: 'f372466cd104d398b00009ef697b529f') in 0.017952 seconds
Number of updated asset objects reloaded before import = 0
Number of asset objects unloaded after import = 3
========================================================================
Received Import Request.
  Time since last request: 0.000018 seconds.
  path: Assets/Resources/将领头像/名将/鲁肃.png
  artifactKey: Guid(31fc3bdca10b4dec861807e2c25d6643) Importer(2089858483,0ecaa5967403d082aa24f35e1b516d23)
Start importing Assets/Resources/将领头像/名将/鲁肃.png using Guid(31fc3bdca10b4dec861807e2c25d6643) Importer(2089858483,0ecaa5967403d082aa24f35e1b516d23) [PhysX] Initialized MultithreadedTaskDispatcher with 20 workers.
 -> (artifact id: '1f4604af8c2013426c40d097f5714471') in 0.008050 seconds
Number of updated asset objects reloaded before import = 0
Number of asset objects unloaded after import = 3
========================================================================
Received Import Request.
  Time since last request: 0.000012 seconds.
  path: Assets/Resources/将领信息预制件/伤害显示预制件.prefab
  artifactKey: Guid(d9c6f51634ab4d1aaf43f21304f38496) Importer(2089858483,0ecaa5967403d082aa24f35e1b516d23)
Start importing Assets/Resources/将领信息预制件/伤害显示预制件.prefab using Guid(d9c6f51634ab4d1aaf43f21304f38496) Importer(2089858483,0ecaa5967403d082aa24f35e1b516d23) [PhysX] Initialized MultithreadedTaskDispatcher with 20 workers.
 -> (artifact id: 'c32c1e40f3be1ec848efe25554e2af5b') in 0.003731 seconds
Number of updated asset objects reloaded before import = 0
Number of asset objects unloaded after import = 13
========================================================================
Received Import Request.
  Time since last request: 0.000013 seconds.
  path: Assets/Resources/称号头像/帝王.png
  artifactKey: Guid(f3245c28c2694e52b9bb4f50e7c72b31) Importer(2089858483,0ecaa5967403d082aa24f35e1b516d23)
Start importing Assets/Resources/称号头像/帝王.png using Guid(f3245c28c2694e52b9bb4f50e7c72b31) Importer(2089858483,0ecaa5967403d082aa24f35e1b516d23) [PhysX] Initialized MultithreadedTaskDispatcher with 20 workers.
 -> (artifact id: '6d60283685771a634e81c0c206a1d7ff') in 0.013262 seconds
Number of updated asset objects reloaded before import = 0
Number of asset objects unloaded after import = 3
========================================================================
Received Import Request.
  Time since last request: 0.000017 seconds.
  path: Assets/Resources/将领状态图标/3.png
  artifactKey: Guid(4c5a50abced44bdda428c2d4e4db43e4) Importer(2089858483,0ecaa5967403d082aa24f35e1b516d23)
Start importing Assets/Resources/将领状态图标/3.png using Guid(4c5a50abced44bdda428c2d4e4db43e4) Importer(2089858483,0ecaa5967403d082aa24f35e1b516d23) [PhysX] Initialized MultithreadedTaskDispatcher with 20 workers.
 -> (artifact id: 'bdf57eb3e5ebfa0c8b4174b0ab35bf22') in 0.013721 seconds
Number of updated asset objects reloaded before import = 0
Number of asset objects unloaded after import = 3
========================================================================
Received Import Request.
  Time since last request: 0.000015 seconds.
  path: Assets/Resources/道具头像/大福神符.png
  artifactKey: Guid(a4a09dc3e9054d498d4b69ed80a556e6) Importer(2089858483,0ecaa5967403d082aa24f35e1b516d23)
Start importing Assets/Resources/道具头像/大福神符.png using Guid(a4a09dc3e9054d498d4b69ed80a556e6) Importer(2089858483,0ecaa5967403d082aa24f35e1b516d23) [PhysX] Initialized MultithreadedTaskDispatcher with 20 workers.
 -> (artifact id: 'b447ef5ed1ce192d63c6149fea351fe9') in 0.007829 seconds
Number of updated asset objects reloaded before import = 0
Number of asset objects unloaded after import = 3
========================================================================
Received Import Request.
  Time since last request: 0.000014 seconds.
  path: Assets/Resources/装备品质图片/1.png
  artifactKey: Guid(9b7d8692a90e4178a80f54e3452d6c40) Importer(2089858483,0ecaa5967403d082aa24f35e1b516d23)
Start importing Assets/Resources/装备品质图片/1.png using Guid(9b7d8692a90e4178a80f54e3452d6c40) Importer(2089858483,0ecaa5967403d082aa24f35e1b516d23) [PhysX] Initialized MultithreadedTaskDispatcher with 20 workers.
 -> (artifact id: 'd9aa0368f861a03c9c53e42a4c2fb2bd') in 0.007441 seconds
Number of updated asset objects reloaded before import = 0
Number of asset objects unloaded after import = 3
========================================================================
Received Import Request.
  Time since last request: 0.000019 seconds.
  path: Assets/Resources/大地图资源/城池路径/5_0.prefab
  artifactKey: Guid(b94f574da8bd4983ae28e9601e0bb8ec) Importer(2089858483,0ecaa5967403d082aa24f35e1b516d23)
Start importing Assets/Resources/大地图资源/城池路径/5_0.prefab using Guid(b94f574da8bd4983ae28e9601e0bb8ec) Importer(2089858483,0ecaa5967403d082aa24f35e1b516d23) [PhysX] Initialized MultithreadedTaskDispatcher with 20 workers.
 -> (artifact id: '78772fdb4acddeaab12f1d708a46b086') in 0.004895 seconds
Number of updated asset objects reloaded before import = 0
Number of asset objects unloaded after import = 28
========================================================================
Received Import Request.
  Time since last request: 0.000013 seconds.
  path: Assets/Resources/7508.dat.png
  artifactKey: Guid(0b0a360d53f44e21bdd0039bb3ebdbcb) Importer(2089858483,0ecaa5967403d082aa24f35e1b516d23)
Start importing Assets/Resources/7508.dat.png using Guid(0b0a360d53f44e21bdd0039bb3ebdbcb) Importer(2089858483,0ecaa5967403d082aa24f35e1b516d23) [PhysX] Initialized MultithreadedTaskDispatcher with 20 workers.
 -> (artifact id: '2d0377354c5291905a857d8bb1de9308') in 0.008391 seconds
Number of updated asset objects reloaded before import = 0
Number of asset objects unloaded after import = 3
========================================================================
Received Import Request.
  Time since last request: 0.000024 seconds.
  path: Assets/Resources/7547.dat.png
  artifactKey: Guid(301ecb37abc04c61af77033571a3a5e1) Importer(2089858483,0ecaa5967403d082aa24f35e1b516d23)
Start importing Assets/Resources/7547.dat.png using Guid(301ecb37abc04c61af77033571a3a5e1) Importer(2089858483,0ecaa5967403d082aa24f35e1b516d23) [PhysX] Initialized MultithreadedTaskDispatcher with 20 workers.
 -> (artifact id: '0c7ba8b33f3733328b3728b5bd5bebb6') in 0.007468 seconds
Number of updated asset objects reloaded before import = 0
Number of asset objects unloaded after import = 3
========================================================================
Received Import Request.
  Time since last request: 0.000015 seconds.
  path: Assets/Resources/兵种模型预制件/民兵.prefab
  artifactKey: Guid(843a296d74034daa83994024e665a6ce) Importer(2089858483,0ecaa5967403d082aa24f35e1b516d23)
Start importing Assets/Resources/兵种模型预制件/民兵.prefab using Guid(843a296d74034daa83994024e665a6ce) Importer(2089858483,0ecaa5967403d082aa24f35e1b516d23) [PhysX] Initialized MultithreadedTaskDispatcher with 20 workers.
 -> (artifact id: '17d936946e26a4272c38a79816d767d3') in 0.010750 seconds
Number of updated asset objects reloaded before import = 0
Number of asset objects unloaded after import = 116
========================================================================
Received Import Request.
  Time since last request: 0.000016 seconds.
  path: Assets/Resources/称号头像/集.png
  artifactKey: Guid(f5720bd78d714578af51e0e6e9b70f92) Importer(2089858483,0ecaa5967403d082aa24f35e1b516d23)
Start importing Assets/Resources/称号头像/集.png using Guid(f5720bd78d714578af51e0e6e9b70f92) Importer(2089858483,0ecaa5967403d082aa24f35e1b516d23) [PhysX] Initialized MultithreadedTaskDispatcher with 20 workers.
 -> (artifact id: 'e96db3ffa8e47b2136d503ab44244a77') in 0.006716 seconds
Number of updated asset objects reloaded before import = 0
Number of asset objects unloaded after import = 3
========================================================================
Received Import Request.
  Time since last request: 0.000023 seconds.
  path: Assets/Resources/将领头像/名将/张郃.png
  artifactKey: Guid(6dc966d6dd1d4d57812b5136979fbb1c) Importer(2089858483,0ecaa5967403d082aa24f35e1b516d23)
Start importing Assets/Resources/将领头像/名将/张郃.png using Guid(6dc966d6dd1d4d57812b5136979fbb1c) Importer(2089858483,0ecaa5967403d082aa24f35e1b516d23) [PhysX] Initialized MultithreadedTaskDispatcher with 20 workers.
 -> (artifact id: '3c2a0f1bc80162a650086cf95867d05c') in 0.014302 seconds
Number of updated asset objects reloaded before import = 0
Number of asset objects unloaded after import = 3
========================================================================
Received Import Request.
  Time since last request: 0.000019 seconds.
  path: Assets/Scripts/所有城池界面脚本.cs
  artifactKey: Guid(e42f5977ef9440dc72e13469a624e0c9) Importer(2089858483,0ecaa5967403d082aa24f35e1b516d23)
Start importing Assets/Scripts/所有城池界面脚本.cs using Guid(e42f5977ef9440dc72e13469a624e0c9) Importer(2089858483,0ecaa5967403d082aa24f35e1b516d23) [PhysX] Initialized MultithreadedTaskDispatcher with 20 workers.
 -> (artifact id: 'b7656e2058ed6b6c6696d0de73329516') in 0.002740 seconds
Number of updated asset objects reloaded before import = 0
Number of asset objects unloaded after import = 1
========================================================================
Received Import Request.
  Time since last request: 0.000014 seconds.
  path: Assets/Resources/建筑头像/骑兵营/1.png
  artifactKey: Guid(29599ba9bfd44b57ba594db331e4bba8) Importer(2089858483,0ecaa5967403d082aa24f35e1b516d23)
Start importing Assets/Resources/建筑头像/骑兵营/1.png using Guid(29599ba9bfd44b57ba594db331e4bba8) Importer(2089858483,0ecaa5967403d082aa24f35e1b516d23) [PhysX] Initialized MultithreadedTaskDispatcher with 20 workers.
 -> (artifact id: '6db7e6d3fdeca06233e90fbc35b48b12') in 0.007958 seconds
Number of updated asset objects reloaded before import = 0
Number of asset objects unloaded after import = 3
========================================================================
Received Import Request.
  Time since last request: 0.000014 seconds.
  path: Assets/Resources/建筑头像/步兵营/0.png
  artifactKey: Guid(f54278d45cd44fbdb6978b834afd4d23) Importer(2089858483,0ecaa5967403d082aa24f35e1b516d23)
Start importing Assets/Resources/建筑头像/步兵营/0.png using Guid(f54278d45cd44fbdb6978b834afd4d23) Importer(2089858483,0ecaa5967403d082aa24f35e1b516d23) [PhysX] Initialized MultithreadedTaskDispatcher with 20 workers.
 -> (artifact id: '5c52ef4233a9ba2822934b9ee00c5f83') in 0.007401 seconds
Number of updated asset objects reloaded before import = 0
Number of asset objects unloaded after import = 3
========================================================================
Received Import Request.
  Time since last request: 0.000012 seconds.
  path: Assets/Resources/装备图片/金羊盔.png
  artifactKey: Guid(61a2938064af4809b8c1f6d082facd3f) Importer(2089858483,0ecaa5967403d082aa24f35e1b516d23)
Start importing Assets/Resources/装备图片/金羊盔.png using Guid(61a2938064af4809b8c1f6d082facd3f) Importer(2089858483,0ecaa5967403d082aa24f35e1b516d23) [PhysX] Initialized MultithreadedTaskDispatcher with 20 workers.
 -> (artifact id: '7889a88320b9d9d0d1aede1fe22c6cec') in 0.006921 seconds
Number of updated asset objects reloaded before import = 0
Number of asset objects unloaded after import = 3
========================================================================
Received Import Request.
  Time since last request: 0.000015 seconds.
  path: Assets/Resources/装备图片/凤翅盔.png
  artifactKey: Guid(21ffc31f0c234c0a86834201a4bd289c) Importer(2089858483,0ecaa5967403d082aa24f35e1b516d23)
Start importing Assets/Resources/装备图片/凤翅盔.png using Guid(21ffc31f0c234c0a86834201a4bd289c) Importer(2089858483,0ecaa5967403d082aa24f35e1b516d23) [PhysX] Initialized MultithreadedTaskDispatcher with 20 workers.
 -> (artifact id: 'a0e8b498a1ce4a8044eb909f9c047a6a') in 0.015846 seconds
Number of updated asset objects reloaded before import = 0
Number of asset objects unloaded after import = 3
========================================================================
Received Import Request.
  Time since last request: 0.000017 seconds.
  path: Assets/Resources/建筑模型/步兵营/1.prefab
  artifactKey: Guid(86edc83e07954efc8144c260fe78f5cb) Importer(2089858483,0ecaa5967403d082aa24f35e1b516d23)
Start importing Assets/Resources/建筑模型/步兵营/1.prefab using Guid(86edc83e07954efc8144c260fe78f5cb) Importer(2089858483,0ecaa5967403d082aa24f35e1b516d23) [PhysX] Initialized MultithreadedTaskDispatcher with 20 workers.
 -> (artifact id: 'd341a98849f65347980d1bdf6ebecde2') in 0.003960 seconds
Number of updated asset objects reloaded before import = 0
Number of asset objects unloaded after import = 9
========================================================================
Received Import Request.
  Time since last request: 0.000013 seconds.
  path: Assets/Scripts/坐标.cs
  artifactKey: Guid(49bbc3cd4926269d543827a3b7bf9a58) Importer(2089858483,0ecaa5967403d082aa24f35e1b516d23)
Start importing Assets/Scripts/坐标.cs using Guid(49bbc3cd4926269d543827a3b7bf9a58) Importer(2089858483,0ecaa5967403d082aa24f35e1b516d23) [PhysX] Initialized MultithreadedTaskDispatcher with 20 workers.
 -> (artifact id: '586d814a5eb80e9d55a8fb38fdcf2731') in 0.002698 seconds
Number of updated asset objects reloaded before import = 0
Number of asset objects unloaded after import = 1
========================================================================
Received Import Request.
  Time since last request: 0.000013 seconds.
  path: Assets/Resources/建筑模型/农田/666.png
  artifactKey: Guid(32ee629ca00b430aac3f0e2746314b9b) Importer(2089858483,0ecaa5967403d082aa24f35e1b516d23)
Start importing Assets/Resources/建筑模型/农田/666.png using Guid(32ee629ca00b430aac3f0e2746314b9b) Importer(2089858483,0ecaa5967403d082aa24f35e1b516d23) [PhysX] Initialized MultithreadedTaskDispatcher with 20 workers.
 -> (artifact id: '0fd9bbe38c78e4684e2c6b056708abe1') in 0.007025 seconds
Number of updated asset objects reloaded before import = 0
Number of asset objects unloaded after import = 3
========================================================================
Received Import Request.
  Time since last request: 0.000013 seconds.
  path: Assets/Resources/建筑头像/战车营/3.png
  artifactKey: Guid(46024ce830a649e99cc580e7bbf57ca2) Importer(2089858483,0ecaa5967403d082aa24f35e1b516d23)
Start importing Assets/Resources/建筑头像/战车营/3.png using Guid(46024ce830a649e99cc580e7bbf57ca2) Importer(2089858483,0ecaa5967403d082aa24f35e1b516d23) [PhysX] Initialized MultithreadedTaskDispatcher with 20 workers.
 -> (artifact id: 'b50e4a1e40e231be1c40d5b0eb54f55c') in 0.008008 seconds
Number of updated asset objects reloaded before import = 0
Number of asset objects unloaded after import = 3
========================================================================
Received Import Request.
  Time since last request: 0.000014 seconds.
  path: Assets/Resources/兵种小图标/骁骑兵.png
  artifactKey: Guid(79c8f7a4b2e34dc39ce1fa887202ce1b) Importer(2089858483,0ecaa5967403d082aa24f35e1b516d23)
Start importing Assets/Resources/兵种小图标/骁骑兵.png using Guid(79c8f7a4b2e34dc39ce1fa887202ce1b) Importer(2089858483,0ecaa5967403d082aa24f35e1b516d23) [PhysX] Initialized MultithreadedTaskDispatcher with 20 workers.
 -> (artifact id: 'e63b5fd5dfa499ad73df88dcdac4ad4f') in 0.006648 seconds
Number of updated asset objects reloaded before import = 0
Number of asset objects unloaded after import = 3
========================================================================
Received Import Request.
  Time since last request: 0.000014 seconds.
  path: Assets/Scripts/A星寻路.cs
  artifactKey: Guid(e8116272c7a688a26b600936b9bce461) Importer(2089858483,0ecaa5967403d082aa24f35e1b516d23)
Start importing Assets/Scripts/A星寻路.cs using Guid(e8116272c7a688a26b600936b9bce461) Importer(2089858483,0ecaa5967403d082aa24f35e1b516d23) [PhysX] Initialized MultithreadedTaskDispatcher with 20 workers.
 -> (artifact id: 'c6f1b36a0b233772143bec8bf9a853c3') in 0.002820 seconds
Number of updated asset objects reloaded before import = 0
Number of asset objects unloaded after import = 1
========================================================================
Received Import Request.
  Time since last request: 0.000015 seconds.
  path: Assets/Scripts/装备属性库类.cs
  artifactKey: Guid(f35f60573f5c2842a0fab9837056ebc3) Importer(2089858483,0ecaa5967403d082aa24f35e1b516d23)
Start importing Assets/Scripts/装备属性库类.cs using Guid(f35f60573f5c2842a0fab9837056ebc3) Importer(2089858483,0ecaa5967403d082aa24f35e1b516d23) [PhysX] Initialized MultithreadedTaskDispatcher with 20 workers.
 -> (artifact id: '1ea6e17c152b5c922c81ac473b962465') in 0.003416 seconds
Number of updated asset objects reloaded before import = 0
Number of asset objects unloaded after import = 1
========================================================================
Received Import Request.
  Time since last request: 0.000015 seconds.
  path: Assets/Resources/将领头像/名将/庞德.png
  artifactKey: Guid(9894dd23302145f3b23313e30d63dd34) Importer(2089858483,0ecaa5967403d082aa24f35e1b516d23)
Start importing Assets/Resources/将领头像/名将/庞德.png using Guid(9894dd23302145f3b23313e30d63dd34) Importer(2089858483,0ecaa5967403d082aa24f35e1b516d23) [PhysX] Initialized MultithreadedTaskDispatcher with 20 workers.
 -> (artifact id: '91c8523ad330a9e0fd315dee9e3b84c2') in 0.009467 seconds
Number of updated asset objects reloaded before import = 0
Number of asset objects unloaded after import = 3
========================================================================
Received Import Request.
  Time since last request: 0.000029 seconds.
  path: Assets/Resources/装备图片/朱雀盔.png
  artifactKey: Guid(9f5fb88747fc45998cf11d0b57dba648) Importer(2089858483,0ecaa5967403d082aa24f35e1b516d23)
Start importing Assets/Resources/装备图片/朱雀盔.png using Guid(9f5fb88747fc45998cf11d0b57dba648) Importer(2089858483,0ecaa5967403d082aa24f35e1b516d23) [PhysX] Initialized MultithreadedTaskDispatcher with 20 workers.
 -> (artifact id: '33b2f02ca7af6d67506b05fac9031729') in 0.008247 seconds
Number of updated asset objects reloaded before import = 0
Number of asset objects unloaded after import = 3
========================================================================
Received Import Request.
  Time since last request: 0.000018 seconds.
  path: Assets/Resources/7525.dat.png
  artifactKey: Guid(c41dbed2e2c2446b972d160cdcf422f4) Importer(2089858483,0ecaa5967403d082aa24f35e1b516d23)
Start importing Assets/Resources/7525.dat.png using Guid(c41dbed2e2c2446b972d160cdcf422f4) Importer(2089858483,0ecaa5967403d082aa24f35e1b516d23) [PhysX] Initialized MultithreadedTaskDispatcher with 20 workers.
 -> (artifact id: '7459fbef38c9f59849f420ab68a57312') in 0.007111 seconds
Number of updated asset objects reloaded before import = 0
Number of asset objects unloaded after import = 3
========================================================================
Received Import Request.
  Time since last request: 0.000016 seconds.
  path: Assets/Resources/将领头像/君王/孙权.png
  artifactKey: Guid(7c3c70e45bc4483888df56172dc26c1c) Importer(2089858483,0ecaa5967403d082aa24f35e1b516d23)
Start importing Assets/Resources/将领头像/君王/孙权.png using Guid(7c3c70e45bc4483888df56172dc26c1c) Importer(2089858483,0ecaa5967403d082aa24f35e1b516d23) [PhysX] Initialized MultithreadedTaskDispatcher with 20 workers.
 -> (artifact id: '63cf008a59b07c9cfc5929c60fd4cac1') in 0.010812 seconds
Number of updated asset objects reloaded before import = 0
Number of asset objects unloaded after import = 3
========================================================================
Received Import Request.
  Time since last request: 0.000020 seconds.
  path: Assets/Resources/将领头像/名将/司马懿.png
  artifactKey: Guid(55b9dc6639e246588b3048ecc64bda94) Importer(2089858483,0ecaa5967403d082aa24f35e1b516d23)
Start importing Assets/Resources/将领头像/名将/司马懿.png using Guid(55b9dc6639e246588b3048ecc64bda94) Importer(2089858483,0ecaa5967403d082aa24f35e1b516d23) [PhysX] Initialized MultithreadedTaskDispatcher with 20 workers.
 -> (artifact id: '5c2a527c40b0b472cbc53312fc5ae12d') in 0.007240 seconds
Number of updated asset objects reloaded before import = 0
Number of asset objects unloaded after import = 3
========================================================================
Received Import Request.
  Time since last request: 0.000018 seconds.
  path: Assets/Scripts/加密.cs
  artifactKey: Guid(0d8c5a595e3b0140b3fd137c0f225246) Importer(2089858483,0ecaa5967403d082aa24f35e1b516d23)
Start importing Assets/Scripts/加密.cs using Guid(0d8c5a595e3b0140b3fd137c0f225246) Importer(2089858483,0ecaa5967403d082aa24f35e1b516d23) [PhysX] Initialized MultithreadedTaskDispatcher with 20 workers.
 -> (artifact id: 'a4938dd1311899dcf664c56c5a85ab6a') in 0.002937 seconds
Number of updated asset objects reloaded before import = 0
Number of asset objects unloaded after import = 1
========================================================================
Received Import Request.
  Time since last request: 0.000017 seconds.
  path: Assets/Resources/7510.dat.asset
  artifactKey: Guid(c4314080f3e947348279690f4a0d3821) Importer(2089858483,0ecaa5967403d082aa24f35e1b516d23)
Start importing Assets/Resources/7510.dat.asset using Guid(c4314080f3e947348279690f4a0d3821) Importer(2089858483,0ecaa5967403d082aa24f35e1b516d23) [PhysX] Initialized MultithreadedTaskDispatcher with 20 workers.
 -> (artifact id: 'ed5079ec245668ac93e677df791faa47') in 0.004928 seconds
Number of updated asset objects reloaded before import = 0
Number of asset objects unloaded after import = 3
========================================================================
Received Import Request.
  Time since last request: 0.000014 seconds.
  path: Assets/Resources/建筑头像/弓兵营/3.png
  artifactKey: Guid(5da1e04fc61149619bc86931648e0c94) Importer(2089858483,0ecaa5967403d082aa24f35e1b516d23)
Start importing Assets/Resources/建筑头像/弓兵营/3.png using Guid(5da1e04fc61149619bc86931648e0c94) Importer(2089858483,0ecaa5967403d082aa24f35e1b516d23) [PhysX] Initialized MultithreadedTaskDispatcher with 20 workers.
 -> (artifact id: '2d0cce631ba7225b4a5d9b1707580be2') in 0.006308 seconds
Number of updated asset objects reloaded before import = 0
Number of asset objects unloaded after import = 3
========================================================================
Received Import Request.
  Time since last request: 0.000014 seconds.
  path: Assets/Resources/装备图片/帝王铠.png
  artifactKey: Guid(cad038b8d55c4d2aa3cbcdaa815f22f7) Importer(2089858483,0ecaa5967403d082aa24f35e1b516d23)
Start importing Assets/Resources/装备图片/帝王铠.png using Guid(cad038b8d55c4d2aa3cbcdaa815f22f7) Importer(2089858483,0ecaa5967403d082aa24f35e1b516d23) [PhysX] Initialized MultithreadedTaskDispatcher with 20 workers.
 -> (artifact id: '1c11ea144d0c5d7030bfddb24fb1dd53') in 0.020239 seconds
Number of updated asset objects reloaded before import = 0
Number of asset objects unloaded after import = 3
========================================================================
Received Import Request.
  Time since last request: 0.000029 seconds.
  path: Assets/Resources/建筑头像/农田/4.png
  artifactKey: Guid(bd915f69256c48e2a129bb3d19b9ff8d) Importer(2089858483,0ecaa5967403d082aa24f35e1b516d23)
Start importing Assets/Resources/建筑头像/农田/4.png using Guid(bd915f69256c48e2a129bb3d19b9ff8d) Importer(2089858483,0ecaa5967403d082aa24f35e1b516d23) [PhysX] Initialized MultithreadedTaskDispatcher with 20 workers.
 -> (artifact id: '5d2e497623308aa6ce0a0eefae1ab357') in 0.009154 seconds
Number of updated asset objects reloaded before import = 0
Number of asset objects unloaded after import = 3
========================================================================
Received Import Request.
  Time since last request: 0.000013 seconds.
  path: Assets/Resources/将领状态图标/1.png
  artifactKey: Guid(ac439f1021634c2694631cda251a87ad) Importer(2089858483,0ecaa5967403d082aa24f35e1b516d23)
Start importing Assets/Resources/将领状态图标/1.png using Guid(ac439f1021634c2694631cda251a87ad) Importer(2089858483,0ecaa5967403d082aa24f35e1b516d23) [PhysX] Initialized MultithreadedTaskDispatcher with 20 workers.
 -> (artifact id: '5b06818985b36424a2cb23d0fa41d22c') in 0.006591 seconds
Number of updated asset objects reloaded before import = 0
Number of asset objects unloaded after import = 3
========================================================================
Received Import Request.
  Time since last request: 0.000013 seconds.
  path: Assets/Resources/兵种小图标/弩兵.png
  artifactKey: Guid(5bbbfba011194d889275435ce6b07429) Importer(2089858483,0ecaa5967403d082aa24f35e1b516d23)
Start importing Assets/Resources/兵种小图标/弩兵.png using Guid(5bbbfba011194d889275435ce6b07429) Importer(2089858483,0ecaa5967403d082aa24f35e1b516d23) [PhysX] Initialized MultithreadedTaskDispatcher with 20 workers.
 -> (artifact id: '99f44c2550bca6b40c72764d71514949') in 0.007591 seconds
Number of updated asset objects reloaded before import = 0
Number of asset objects unloaded after import = 3
========================================================================
Received Import Request.
  Time since last request: 0.000015 seconds.
  path: Assets/Resources/装备图片/帝王剑.png
  artifactKey: Guid(53432e02934344e0a702186150c8d7dd) Importer(2089858483,0ecaa5967403d082aa24f35e1b516d23)
Start importing Assets/Resources/装备图片/帝王剑.png using Guid(53432e02934344e0a702186150c8d7dd) Importer(2089858483,0ecaa5967403d082aa24f35e1b516d23) [PhysX] Initialized MultithreadedTaskDispatcher with 20 workers.
 -> (artifact id: 'e0eaf38e44180e8b2352a0b28fa03aaf') in 0.026995 seconds
Number of updated asset objects reloaded before import = 0
Number of asset objects unloaded after import = 3
========================================================================
Received Import Request.
  Time since last request: 0.000016 seconds.
  path: Assets/Resources/7486.dat.png
  artifactKey: Guid(d628565233b74698bb95a406b5a92a47) Importer(2089858483,0ecaa5967403d082aa24f35e1b516d23)
Start importing Assets/Resources/7486.dat.png using Guid(d628565233b74698bb95a406b5a92a47) Importer(2089858483,0ecaa5967403d082aa24f35e1b516d23) [PhysX] Initialized MultithreadedTaskDispatcher with 20 workers.
 -> (artifact id: '8eed2774cab1f03b812ca293f4afa7de') in 0.025181 seconds
Number of updated asset objects reloaded before import = 0
Number of asset objects unloaded after import = 3
========================================================================
Received Import Request.
  Time since last request: 0.000023 seconds.
  path: Assets/Resources/称号头像/武圣.png
  artifactKey: Guid(d12e7cef182a49d4b0e39d082b3ddd3a) Importer(2089858483,0ecaa5967403d082aa24f35e1b516d23)
Start importing Assets/Resources/称号头像/武圣.png using Guid(d12e7cef182a49d4b0e39d082b3ddd3a) Importer(2089858483,0ecaa5967403d082aa24f35e1b516d23) [PhysX] Initialized MultithreadedTaskDispatcher with 20 workers.
 -> (artifact id: '8b2cda95737ada48df9b17bb54542c96') in 0.010338 seconds
Number of updated asset objects reloaded before import = 0
Number of asset objects unloaded after import = 3
========================================================================
Received Import Request.
  Time since last request: 0.000015 seconds.
  path: Assets/Resources/建筑头像/房屋/2.png
  artifactKey: Guid(e8467a25859f4389b6ccaff7b5cd3c83) Importer(2089858483,0ecaa5967403d082aa24f35e1b516d23)
Start importing Assets/Resources/建筑头像/房屋/2.png using Guid(e8467a25859f4389b6ccaff7b5cd3c83) Importer(2089858483,0ecaa5967403d082aa24f35e1b516d23) [PhysX] Initialized MultithreadedTaskDispatcher with 20 workers.
 -> (artifact id: 'feadd1bfb5980a335a91755f451b95ad') in 0.006669 seconds
Number of updated asset objects reloaded before import = 0
Number of asset objects unloaded after import = 3
========================================================================
Received Import Request.
  Time since last request: 24.817305 seconds.
  path: Assets/Resources/将领头像
  artifactKey: Guid(860abaabf755dba4fa74fa4b17b06274) Importer(815301076,1909f56bfc062723c751e8b465ee728b)
Start importing Assets/Resources/将领头像 using Guid(860abaabf755dba4fa74fa4b17b06274) Importer(815301076,1909f56bfc062723c751e8b465ee728b) [PhysX] Initialized MultithreadedTaskDispatcher with 20 workers.
 -> (artifact id: '1e2ca6d0aef643bda5d4d8cae488039d') in 0.000570 seconds
Number of updated asset objects reloaded before import = 0
Number of asset objects unloaded after import = 0
========================================================================
Received Import Request.
  Time since last request: 0.053232 seconds.
  path: Assets/Resources/将领头像/未知.png
  artifactKey: Guid(93d8cedff29147ee852f319b81cb138b) Importer(815301076,1909f56bfc062723c751e8b465ee728b)
Start importing Assets/Resources/将领头像/未知.png using Guid(93d8cedff29147ee852f319b81cb138b) Importer(815301076,1909f56bfc062723c751e8b465ee728b) [PhysX] Initialized MultithreadedTaskDispatcher with 20 workers.
[PhysX] Initialized MultithreadedTaskDispatcher with 20 workers.
 -> (artifact id: 'abf2e660c7781b3b4119cb2ead9c90ee') in 0.018321 seconds
Number of updated asset objects reloaded before import = 0
Number of asset objects unloaded after import = 3
========================================================================
Received Import Request.
  Time since last request: 1.081632 seconds.
  path: Assets/Resources/将领头像/名将
  artifactKey: Guid(33bb1dcab693cad4c938b2c12e38daba) Importer(815301076,1909f56bfc062723c751e8b465ee728b)
Start importing Assets/Resources/将领头像/名将 using Guid(33bb1dcab693cad4c938b2c12e38daba) Importer(815301076,1909f56bfc062723c751e8b465ee728b) [PhysX] Initialized MultithreadedTaskDispatcher with 20 workers.
 -> (artifact id: '876c3bdaa204cb85cd273a640898d294') in 0.000555 seconds
Number of updated asset objects reloaded before import = 0
Number of asset objects unloaded after import = 0
========================================================================
Received Import Request.
  Time since last request: 0.056812 seconds.
  path: Assets/Resources/将领头像/名将/关羽.png
  artifactKey: Guid(aa92c74b01be44cc8a2e77a2de704598) Importer(815301076,1909f56bfc062723c751e8b465ee728b)
Start importing Assets/Resources/将领头像/名将/关羽.png using Guid(aa92c74b01be44cc8a2e77a2de704598) Importer(815301076,1909f56bfc062723c751e8b465ee728b) [PhysX] Initialized MultithreadedTaskDispatcher with 20 workers.
[PhysX] Initialized MultithreadedTaskDispatcher with 20 workers.
 -> (artifact id: '3472321780563f6a1c8711fc3784a355') in 0.014657 seconds
Number of updated asset objects reloaded before import = 0
Number of asset objects unloaded after import = 3
========================================================================
Received Import Request.
  Time since last request: 0.000020 seconds.
  path: Assets/Resources/将领头像/名将/夏侯渊.png
  artifactKey: Guid(1225a1cb95784cabba2bf9bec9567d5a) Importer(815301076,1909f56bfc062723c751e8b465ee728b)
Start importing Assets/Resources/将领头像/名将/夏侯渊.png using Guid(1225a1cb95784cabba2bf9bec9567d5a) Importer(815301076,1909f56bfc062723c751e8b465ee728b) [PhysX] Initialized MultithreadedTaskDispatcher with 20 workers.
[PhysX] Initialized MultithreadedTaskDispatcher with 20 workers.
 -> (artifact id: 'c5aa2894eeba88ad6fe52891031acf7c') in 0.011407 seconds
Number of updated asset objects reloaded before import = 0
Number of asset objects unloaded after import = 3
========================================================================
Received Import Request.
  Time since last request: 0.000016 seconds.
  path: Assets/Resources/将领头像/名将/司马懿.png
  artifactKey: Guid(55b9dc6639e246588b3048ecc64bda94) Importer(815301076,1909f56bfc062723c751e8b465ee728b)
Start importing Assets/Resources/将领头像/名将/司马懿.png using Guid(55b9dc6639e246588b3048ecc64bda94) Importer(815301076,1909f56bfc062723c751e8b465ee728b) [PhysX] Initialized MultithreadedTaskDispatcher with 20 workers.
[PhysX] Initialized MultithreadedTaskDispatcher with 20 workers.
 -> (artifact id: '6c8ab0a16486a64c45b2b71bd027e6fe') in 0.007744 seconds
Number of updated asset objects reloaded before import = 0
Number of asset objects unloaded after import = 3
========================================================================
Received Import Request.
  Time since last request: 0.000017 seconds.
  path: Assets/Resources/将领头像/名将/吕布.png
  artifactKey: Guid(51c172af4174493494ec116cd3cea70c) Importer(815301076,1909f56bfc062723c751e8b465ee728b)
Start importing Assets/Resources/将领头像/名将/吕布.png using Guid(51c172af4174493494ec116cd3cea70c) Importer(815301076,1909f56bfc062723c751e8b465ee728b) [PhysX] Initialized MultithreadedTaskDispatcher with 20 workers.
[PhysX] Initialized MultithreadedTaskDispatcher with 20 workers.
 -> (artifact id: 'd22722293481207777b10dbab5bc5d2d') in 0.005957 seconds
Number of updated asset objects reloaded before import = 0
Number of asset objects unloaded after import = 3
========================================================================
Received Import Request.
  Time since last request: 0.000011 seconds.
  path: Assets/Resources/将领头像/名将/大乔.png
  artifactKey: Guid(9ddd2822e09e4467ac39284b2ec2c46a) Importer(815301076,1909f56bfc062723c751e8b465ee728b)
Start importing Assets/Resources/将领头像/名将/大乔.png using Guid(9ddd2822e09e4467ac39284b2ec2c46a) Importer(815301076,1909f56bfc062723c751e8b465ee728b) [PhysX] Initialized MultithreadedTaskDispatcher with 20 workers.
[PhysX] Initialized MultithreadedTaskDispatcher with 20 workers.
 -> (artifact id: '62d909897b7c7d7372d1d30eb17d91f0') in 0.006519 seconds
Number of updated asset objects reloaded before import = 0
Number of asset objects unloaded after import = 3
========================================================================
Received Import Request.
  Time since last request: 0.000013 seconds.
  path: Assets/Resources/将领头像/名将/张郃.png
  artifactKey: Guid(6dc966d6dd1d4d57812b5136979fbb1c) Importer(815301076,1909f56bfc062723c751e8b465ee728b)
Start importing Assets/Resources/将领头像/名将/张郃.png using Guid(6dc966d6dd1d4d57812b5136979fbb1c) Importer(815301076,1909f56bfc062723c751e8b465ee728b) [PhysX] Initialized MultithreadedTaskDispatcher with 20 workers.
[PhysX] Initialized MultithreadedTaskDispatcher with 20 workers.
 -> (artifact id: 'f4f250e6e096a9f7e9bfa5fc80192728') in 0.006991 seconds
Number of updated asset objects reloaded before import = 0
Number of asset objects unloaded after import = 3
========================================================================
Received Import Request.
  Time since last request: 0.000012 seconds.
  path: Assets/Resources/将领头像/名将/荀彧.png
  artifactKey: Guid(1bcfb45e017542c4aeeeeb51c7b37bdf) Importer(815301076,1909f56bfc062723c751e8b465ee728b)
Start importing Assets/Resources/将领头像/名将/荀彧.png using Guid(1bcfb45e017542c4aeeeeb51c7b37bdf) Importer(815301076,1909f56bfc062723c751e8b465ee728b) [PhysX] Initialized MultithreadedTaskDispatcher with 20 workers.
[PhysX] Initialized MultithreadedTaskDispatcher with 20 workers.
 -> (artifact id: '606e1a8f482cce538fe2f7c32d7224d2') in 0.014164 seconds
Number of updated asset objects reloaded before import = 0
Number of asset objects unloaded after import = 3
========================================================================
Received Import Request.
  Time since last request: 0.000021 seconds.
  path: Assets/Resources/将领头像/名将/张飞.png
  artifactKey: Guid(63054a3756074766a54cfb8dc0031029) Importer(815301076,1909f56bfc062723c751e8b465ee728b)
Start importing Assets/Resources/将领头像/名将/张飞.png using Guid(63054a3756074766a54cfb8dc0031029) Importer(815301076,1909f56bfc062723c751e8b465ee728b) [PhysX] Initialized MultithreadedTaskDispatcher with 20 workers.
[PhysX] Initialized MultithreadedTaskDispatcher with 20 workers.
 -> (artifact id: '5c9c395c8e809ca25d4bfdd8e77f777a') in 0.012383 seconds
Number of updated asset objects reloaded before import = 0
Number of asset objects unloaded after import = 3
========================================================================
Received Import Request.
  Time since last request: 0.000014 seconds.
  path: Assets/Resources/将领头像/名将/文丑.png
  artifactKey: Guid(4b73f4dd5dc845d8a4c5f593f8673971) Importer(815301076,1909f56bfc062723c751e8b465ee728b)
Start importing Assets/Resources/将领头像/名将/文丑.png using Guid(4b73f4dd5dc845d8a4c5f593f8673971) Importer(815301076,1909f56bfc062723c751e8b465ee728b) [PhysX] Initialized MultithreadedTaskDispatcher with 20 workers.
[PhysX] Initialized MultithreadedTaskDispatcher with 20 workers.
 -> (artifact id: 'dec1d150a938bb5b8ed32b3ac8ac3d97') in 0.006501 seconds
Number of updated asset objects reloaded before import = 0
Number of asset objects unloaded after import = 3
========================================================================
Received Import Request.
  Time since last request: 0.000013 seconds.
  path: Assets/Resources/将领头像/名将/廖化.png
  artifactKey: Guid(ce0476b65de744578bc4c15e71d099a0) Importer(815301076,1909f56bfc062723c751e8b465ee728b)
Start importing Assets/Resources/将领头像/名将/廖化.png using Guid(ce0476b65de744578bc4c15e71d099a0) Importer(815301076,1909f56bfc062723c751e8b465ee728b) [PhysX] Initialized MultithreadedTaskDispatcher with 20 workers.
[PhysX] Initialized MultithreadedTaskDispatcher with 20 workers.
 -> (artifact id: '9607c9a95746bd44cbf2c053cd8b3bf4') in 0.007168 seconds
Number of updated asset objects reloaded before import = 0
Number of asset objects unloaded after import = 3
========================================================================
Received Import Request.
  Time since last request: 0.000017 seconds.
  path: Assets/Resources/将领头像/名将/吕蒙.png
  artifactKey: Guid(d106fdae1cd34fa6975701852eb17ec2) Importer(815301076,1909f56bfc062723c751e8b465ee728b)
Start importing Assets/Resources/将领头像/名将/吕蒙.png using Guid(d106fdae1cd34fa6975701852eb17ec2) Importer(815301076,1909f56bfc062723c751e8b465ee728b) [PhysX] Initialized MultithreadedTaskDispatcher with 20 workers.
[PhysX] Initialized MultithreadedTaskDispatcher with 20 workers.
 -> (artifact id: '4de957ec8dca483dbef95649c3cbea09') in 0.006824 seconds
Number of updated asset objects reloaded before import = 0
Number of asset objects unloaded after import = 3
========================================================================
Received Import Request.
  Time since last request: 0.000015 seconds.
  path: Assets/Resources/将领头像/名将/孙尚香.png
  artifactKey: Guid(ed4c7bf16f074575b37248d14652269b) Importer(815301076,1909f56bfc062723c751e8b465ee728b)
Start importing Assets/Resources/将领头像/名将/孙尚香.png using Guid(ed4c7bf16f074575b37248d14652269b) Importer(815301076,1909f56bfc062723c751e8b465ee728b) [PhysX] Initialized MultithreadedTaskDispatcher with 20 workers.
[PhysX] Initialized MultithreadedTaskDispatcher with 20 workers.
 -> (artifact id: '1f64bb4556fa2887b1577ea1daaa17e5') in 0.006741 seconds
Number of updated asset objects reloaded before import = 0
Number of asset objects unloaded after import = 3
========================================================================
Received Import Request.
  Time since last request: 0.000015 seconds.
  path: Assets/Resources/将领头像/名将/曹仁.png
  artifactKey: Guid(d63569024a8143fa84ebea2f8fc49039) Importer(815301076,1909f56bfc062723c751e8b465ee728b)
Start importing Assets/Resources/将领头像/名将/曹仁.png using Guid(d63569024a8143fa84ebea2f8fc49039) Importer(815301076,1909f56bfc062723c751e8b465ee728b) [PhysX] Initialized MultithreadedTaskDispatcher with 20 workers.
[PhysX] Initialized MultithreadedTaskDispatcher with 20 workers.
 -> (artifact id: 'da2cde18808f81130b10fc5884e9c854') in 0.013335 seconds
Number of updated asset objects reloaded before import = 0
Number of asset objects unloaded after import = 3
========================================================================
Received Import Request.
  Time since last request: 0.000015 seconds.
  path: Assets/Resources/将领头像/名将/甄姬.png
  artifactKey: Guid(bbbe1902497d49e19d1902439435d8cd) Importer(815301076,1909f56bfc062723c751e8b465ee728b)
Start importing Assets/Resources/将领头像/名将/甄姬.png using Guid(bbbe1902497d49e19d1902439435d8cd) Importer(815301076,1909f56bfc062723c751e8b465ee728b) [PhysX] Initialized MultithreadedTaskDispatcher with 20 workers.
[PhysX] Initialized MultithreadedTaskDispatcher with 20 workers.
 -> (artifact id: 'a0bcef79e8f077279b60c694db7e95df') in 0.008346 seconds
Number of updated asset objects reloaded before import = 0
Number of asset objects unloaded after import = 3
========================================================================
Received Import Request.
  Time since last request: 0.000013 seconds.
  path: Assets/Resources/将领头像/名将/左慈.png
  artifactKey: Guid(a9a6b73d1aea451c95ae9e2b77231a48) Importer(815301076,1909f56bfc062723c751e8b465ee728b)
Start importing Assets/Resources/将领头像/名将/左慈.png using Guid(a9a6b73d1aea451c95ae9e2b77231a48) Importer(815301076,1909f56bfc062723c751e8b465ee728b) [PhysX] Initialized MultithreadedTaskDispatcher with 20 workers.
[PhysX] Initialized MultithreadedTaskDispatcher with 20 workers.
 -> (artifact id: '86e0a23b07a66deadb4c5b7022b58ab0') in 0.006851 seconds
Number of updated asset objects reloaded before import = 0
Number of asset objects unloaded after import = 3
========================================================================
Received Import Request.
  Time since last request: 0.000021 seconds.
  path: Assets/Resources/将领头像/名将/曹洪.png
  artifactKey: Guid(a377767a0ad648a188d1ae62fd83a86c) Importer(815301076,1909f56bfc062723c751e8b465ee728b)
Start importing Assets/Resources/将领头像/名将/曹洪.png using Guid(a377767a0ad648a188d1ae62fd83a86c) Importer(815301076,1909f56bfc062723c751e8b465ee728b) [PhysX] Initialized MultithreadedTaskDispatcher with 20 workers.
[PhysX] Initialized MultithreadedTaskDispatcher with 20 workers.
 -> (artifact id: '64175c7f9887ee0754bf39c26615cc4d') in 0.007007 seconds
Number of updated asset objects reloaded before import = 0
Number of asset objects unloaded after import = 3
========================================================================
Received Import Request.
  Time since last request: 0.000021 seconds.
  path: Assets/Resources/将领头像/名将/徐庶.png
  artifactKey: Guid(2e9d05712bb2433aa9bb3de36ebc13a4) Importer(815301076,1909f56bfc062723c751e8b465ee728b)
Start importing Assets/Resources/将领头像/名将/徐庶.png using Guid(2e9d05712bb2433aa9bb3de36ebc13a4) Importer(815301076,1909f56bfc062723c751e8b465ee728b) [PhysX] Initialized MultithreadedTaskDispatcher with 20 workers.
[PhysX] Initialized MultithreadedTaskDispatcher with 20 workers.
 -> (artifact id: '9927b41c770970454f51d083c1858ea4') in 0.007138 seconds
Number of updated asset objects reloaded before import = 0
Number of asset objects unloaded after import = 3
========================================================================
Received Import Request.
  Time since last request: 3.009115 seconds.
  path: Assets/Resources/将领头像/名将/许子将.png
  artifactKey: Guid(7ab76d521cec40dfa43de9580a87c2bb) Importer(815301076,1909f56bfc062723c751e8b465ee728b)
Start importing Assets/Resources/将领头像/名将/许子将.png using Guid(7ab76d521cec40dfa43de9580a87c2bb) Importer(815301076,1909f56bfc062723c751e8b465ee728b) [PhysX] Initialized MultithreadedTaskDispatcher with 20 workers.
[PhysX] Initialized MultithreadedTaskDispatcher with 20 workers.
 -> (artifact id: '729c7415b78ed8314d53d0ac9b621108') in 0.020973 seconds
Number of updated asset objects reloaded before import = 0
Number of asset objects unloaded after import = 3
========================================================================
Received Import Request.
  Time since last request: 0.000012 seconds.
  path: Assets/Resources/将领头像/名将/陆逊.png
  artifactKey: Guid(9341b8f5849944ef91fd8f88a7c82e76) Importer(815301076,1909f56bfc062723c751e8b465ee728b)
Start importing Assets/Resources/将领头像/名将/陆逊.png using Guid(9341b8f5849944ef91fd8f88a7c82e76) Importer(815301076,1909f56bfc062723c751e8b465ee728b) [PhysX] Initialized MultithreadedTaskDispatcher with 20 workers.
[PhysX] Initialized MultithreadedTaskDispatcher with 20 workers.
 -> (artifact id: '70399243a6c96fa089b97c0eac121390') in 0.014623 seconds
Number of updated asset objects reloaded before import = 0
Number of asset objects unloaded after import = 3
========================================================================
Received Import Request.
  Time since last request: 0.000016 seconds.
  path: Assets/Resources/将领头像/名将/郭嘉.png
  artifactKey: Guid(759ec89b671244c7aedcb6e50a435fa5) Importer(815301076,1909f56bfc062723c751e8b465ee728b)
Start importing Assets/Resources/将领头像/名将/郭嘉.png using Guid(759ec89b671244c7aedcb6e50a435fa5) Importer(815301076,1909f56bfc062723c751e8b465ee728b) [PhysX] Initialized MultithreadedTaskDispatcher with 20 workers.
[PhysX] Initialized MultithreadedTaskDispatcher with 20 workers.
 -> (artifact id: '27dfde0997f66bdaeea27adcd427a9fa') in 0.006813 seconds
Number of updated asset objects reloaded before import = 0
Number of asset objects unloaded after import = 3
========================================================================
Received Import Request.
  Time since last request: 0.000013 seconds.
  path: Assets/Resources/将领头像/名将/貂蝉.png
  artifactKey: Guid(4c1be612785f4c4f822f6aa4c6ca2e22) Importer(815301076,1909f56bfc062723c751e8b465ee728b)
Start importing Assets/Resources/将领头像/名将/貂蝉.png using Guid(4c1be612785f4c4f822f6aa4c6ca2e22) Importer(815301076,1909f56bfc062723c751e8b465ee728b) [PhysX] Initialized MultithreadedTaskDispatcher with 20 workers.
[PhysX] Initialized MultithreadedTaskDispatcher with 20 workers.
 -> (artifact id: '672a4f52b2fcca1542ee51d39708a66f') in 0.006593 seconds
Number of updated asset objects reloaded before import = 0
Number of asset objects unloaded after import = 3
========================================================================
Received Import Request.
  Time since last request: 0.533360 seconds.
  path: Assets/Resources/将领头像/名将/颜良.png
  artifactKey: Guid(b90d94b8c8c04c57a7d237bcdc500d64) Importer(815301076,1909f56bfc062723c751e8b465ee728b)
Start importing Assets/Resources/将领头像/名将/颜良.png using Guid(b90d94b8c8c04c57a7d237bcdc500d64) Importer(815301076,1909f56bfc062723c751e8b465ee728b) [PhysX] Initialized MultithreadedTaskDispatcher with 20 workers.
[PhysX] Initialized MultithreadedTaskDispatcher with 20 workers.
 -> (artifact id: '1f1539155b6547557381565dcffcde76') in 0.029540 seconds
Number of updated asset objects reloaded before import = 0
Number of asset objects unloaded after import = 3
========================================================================
Received Import Request.
  Time since last request: 0.000015 seconds.
  path: Assets/Resources/将领头像/名将/黄月英.png
  artifactKey: Guid(1ae3ea58d3034d4faf75fba38e47b1bc) Importer(815301076,1909f56bfc062723c751e8b465ee728b)
Start importing Assets/Resources/将领头像/名将/黄月英.png using Guid(1ae3ea58d3034d4faf75fba38e47b1bc) Importer(815301076,1909f56bfc062723c751e8b465ee728b) [PhysX] Initialized MultithreadedTaskDispatcher with 20 workers.
[PhysX] Initialized MultithreadedTaskDispatcher with 20 workers.
 -> (artifact id: 'c37e647a6562e408c848592b809e189a') in 0.006828 seconds
Number of updated asset objects reloaded before import = 0
Number of asset objects unloaded after import = 3
========================================================================
Received Import Request.
  Time since last request: 0.000014 seconds.
  path: Assets/Resources/将领头像/名将/黄盖.png
  artifactKey: Guid(e36b8f6885674740acdb462506538e1f) Importer(815301076,1909f56bfc062723c751e8b465ee728b)
Start importing Assets/Resources/将领头像/名将/黄盖.png using Guid(e36b8f6885674740acdb462506538e1f) Importer(815301076,1909f56bfc062723c751e8b465ee728b) [PhysX] Initialized MultithreadedTaskDispatcher with 20 workers.
[PhysX] Initialized MultithreadedTaskDispatcher with 20 workers.
 -> (artifact id: '339acb0e08f6d3908de39b62b3ea0396') in 0.007975 seconds
Number of updated asset objects reloaded before import = 0
Number of asset objects unloaded after import = 3
========================================================================
Received Import Request.
  Time since last request: 0.000013 seconds.
  path: Assets/Resources/将领头像/名将/鲁肃.png
  artifactKey: Guid(31fc3bdca10b4dec861807e2c25d6643) Importer(815301076,1909f56bfc062723c751e8b465ee728b)
Start importing Assets/Resources/将领头像/名将/鲁肃.png using Guid(31fc3bdca10b4dec861807e2c25d6643) Importer(815301076,1909f56bfc062723c751e8b465ee728b) [PhysX] Initialized MultithreadedTaskDispatcher with 20 workers.
[PhysX] Initialized MultithreadedTaskDispatcher with 20 workers.
 -> (artifact id: 'a00dbf58dfe0559ece7d964878dab7e0') in 0.007466 seconds
Number of updated asset objects reloaded before import = 0
Number of asset objects unloaded after import = 3
========================================================================
Received Import Request.
  Time since last request: 5.835226 seconds.
  path: Assets/Resources/将领头像/尊将/尊·关羽.png
  artifactKey: Guid(120b436390674b7ea5150ddd4f7296e9) Importer(815301076,1909f56bfc062723c751e8b465ee728b)
Start importing Assets/Resources/将领头像/尊将/尊·关羽.png using Guid(120b436390674b7ea5150ddd4f7296e9) Importer(815301076,1909f56bfc062723c751e8b465ee728b) [PhysX] Initialized MultithreadedTaskDispatcher with 20 workers.
[PhysX] Initialized MultithreadedTaskDispatcher with 20 workers.
 -> (artifact id: '228bb157188840410b0fd010a4edf640') in 0.008136 seconds
Number of updated asset objects reloaded before import = 0
Number of asset objects unloaded after import = 3
========================================================================
Received Import Request.
  Time since last request: 0.000017 seconds.
  path: Assets/Resources/将领头像/尊将/尊·徐庶.png
  artifactKey: Guid(a17d0010ff294977b09b99f69a4760d2) Importer(815301076,1909f56bfc062723c751e8b465ee728b)
Start importing Assets/Resources/将领头像/尊将/尊·徐庶.png using Guid(a17d0010ff294977b09b99f69a4760d2) Importer(815301076,1909f56bfc062723c751e8b465ee728b) [PhysX] Initialized MultithreadedTaskDispatcher with 20 workers.
[PhysX] Initialized MultithreadedTaskDispatcher with 20 workers.
 -> (artifact id: '1a70edf7ff9b50f98ba72dfa66dce241') in 0.012302 seconds
Number of updated asset objects reloaded before import = 0
Number of asset objects unloaded after import = 3
========================================================================
Received Import Request.
  Time since last request: 0.000015 seconds.
  path: Assets/Resources/将领头像/尊将/尊·司马懿.png
  artifactKey: Guid(ade54f7ec5544e8fbaff9d811e9d5af1) Importer(815301076,1909f56bfc062723c751e8b465ee728b)
Start importing Assets/Resources/将领头像/尊将/尊·司马懿.png using Guid(ade54f7ec5544e8fbaff9d811e9d5af1) Importer(815301076,1909f56bfc062723c751e8b465ee728b) [PhysX] Initialized MultithreadedTaskDispatcher with 20 workers.
[PhysX] Initialized MultithreadedTaskDispatcher with 20 workers.
 -> (artifact id: 'cde102308b58aeaf09fd36acf71626a6') in 0.007812 seconds
Number of updated asset objects reloaded before import = 0
Number of asset objects unloaded after import = 3
========================================================================
Received Import Request.
  Time since last request: 0.000012 seconds.
  path: Assets/Resources/将领头像/尊将/尊·赵云.png
  artifactKey: Guid(54f98c8bca8a4120a19558edecb5a4c0) Importer(815301076,1909f56bfc062723c751e8b465ee728b)
Start importing Assets/Resources/将领头像/尊将/尊·赵云.png using Guid(54f98c8bca8a4120a19558edecb5a4c0) Importer(815301076,1909f56bfc062723c751e8b465ee728b) [PhysX] Initialized MultithreadedTaskDispatcher with 20 workers.
[PhysX] Initialized MultithreadedTaskDispatcher with 20 workers.
 -> (artifact id: 'b9058f6c8496c0fc7641c242afa1e61a') in 0.007258 seconds
Number of updated asset objects reloaded before import = 0
Number of asset objects unloaded after import = 3
========================================================================
Received Import Request.
  Time since last request: 0.000013 seconds.
  path: Assets/Resources/将领头像/尊将/尊·张飞.png
  artifactKey: Guid(29f9bd78c33c41d8bbd40747ab9c2cf1) Importer(815301076,1909f56bfc062723c751e8b465ee728b)
Start importing Assets/Resources/将领头像/尊将/尊·张飞.png using Guid(29f9bd78c33c41d8bbd40747ab9c2cf1) Importer(815301076,1909f56bfc062723c751e8b465ee728b) [PhysX] Initialized MultithreadedTaskDispatcher with 20 workers.
[PhysX] Initialized MultithreadedTaskDispatcher with 20 workers.
 -> (artifact id: 'ebc180cbedf77047106e5a49aa2dd751') in 0.008806 seconds
Number of updated asset objects reloaded before import = 0
Number of asset objects unloaded after import = 3
========================================================================
Received Import Request.
  Time since last request: 0.000013 seconds.
  path: Assets/Resources/将领头像/尊将/尊·吕布.png
  artifactKey: Guid(943187a7095948b19d83037c2bc7389b) Importer(815301076,1909f56bfc062723c751e8b465ee728b)
Start importing Assets/Resources/将领头像/尊将/尊·吕布.png using Guid(943187a7095948b19d83037c2bc7389b) Importer(815301076,1909f56bfc062723c751e8b465ee728b) [PhysX] Initialized MultithreadedTaskDispatcher with 20 workers.
[PhysX] Initialized MultithreadedTaskDispatcher with 20 workers.
 -> (artifact id: '7d1c3070ce21ea91c0997d3903b1133f') in 0.006829 seconds
Number of updated asset objects reloaded before import = 0
Number of asset objects unloaded after import = 3
========================================================================
Received Import Request.
  Time since last request: 0.000013 seconds.
  path: Assets/Resources/将领头像/尊将/尊·诸葛亮.png
  artifactKey: Guid(080a7f4284d24fdd8921e2fc8a7d81ca) Importer(815301076,1909f56bfc062723c751e8b465ee728b)
Start importing Assets/Resources/将领头像/尊将/尊·诸葛亮.png using Guid(080a7f4284d24fdd8921e2fc8a7d81ca) Importer(815301076,1909f56bfc062723c751e8b465ee728b) [PhysX] Initialized MultithreadedTaskDispatcher with 20 workers.
[PhysX] Initialized MultithreadedTaskDispatcher with 20 workers.
 -> (artifact id: '181d0d4ccc78da56596ffa1b2d52b8bd') in 0.008073 seconds
Number of updated asset objects reloaded before import = 0
Number of asset objects unloaded after import = 3
========================================================================
Received Import Request.
  Time since last request: 0.000022 seconds.
  path: Assets/Resources/将领头像/尊将/尊·大乔.png
  artifactKey: Guid(636b4e0fda8448a8b86b169ee123628f) Importer(815301076,1909f56bfc062723c751e8b465ee728b)
Start importing Assets/Resources/将领头像/尊将/尊·大乔.png using Guid(636b4e0fda8448a8b86b169ee123628f) Importer(815301076,1909f56bfc062723c751e8b465ee728b) [PhysX] Initialized MultithreadedTaskDispatcher with 20 workers.
[PhysX] Initialized MultithreadedTaskDispatcher with 20 workers.
 -> (artifact id: '2e3c94e375f2621506e3d1e41cf35bda') in 0.011064 seconds
Number of updated asset objects reloaded before import = 0
Number of asset objects unloaded after import = 3
========================================================================
Received Import Request.
  Time since last request: 0.000016 seconds.
  path: Assets/Resources/将领头像/尊将/尊·马超.png
  artifactKey: Guid(fc2f06f9c42b4a5497e8642ea901e61f) Importer(815301076,1909f56bfc062723c751e8b465ee728b)
Start importing Assets/Resources/将领头像/尊将/尊·马超.png using Guid(fc2f06f9c42b4a5497e8642ea901e61f) Importer(815301076,1909f56bfc062723c751e8b465ee728b) [PhysX] Initialized MultithreadedTaskDispatcher with 20 workers.
[PhysX] Initialized MultithreadedTaskDispatcher with 20 workers.
 -> (artifact id: '95213e5f7ca2e0546fe9a61a43eeb85e') in 0.005513 seconds
Number of updated asset objects reloaded before import = 0
Number of asset objects unloaded after import = 3
========================================================================
Received Import Request.
  Time since last request: 0.000011 seconds.
  path: Assets/Resources/将领头像/尊将/尊·黄忠.png
  artifactKey: Guid(ef4bd2ea662b4f228d661122ce9db2cf) Importer(815301076,1909f56bfc062723c751e8b465ee728b)
Start importing Assets/Resources/将领头像/尊将/尊·黄忠.png using Guid(ef4bd2ea662b4f228d661122ce9db2cf) Importer(815301076,1909f56bfc062723c751e8b465ee728b) [PhysX] Initialized MultithreadedTaskDispatcher with 20 workers.
[PhysX] Initialized MultithreadedTaskDispatcher with 20 workers.
 -> (artifact id: 'c2715d4ba4b38a01a041a65ca67f3fe5') in 0.006953 seconds
Number of updated asset objects reloaded before import = 0
Number of asset objects unloaded after import = 3
========================================================================
Received Import Request.
  Time since last request: 4.993252 seconds.
  path: Assets/Resources/将领头像/战将/战·关羽.png
  artifactKey: Guid(62efb06760b04dcba96ccbdc6142f4e7) Importer(815301076,1909f56bfc062723c751e8b465ee728b)
Start importing Assets/Resources/将领头像/战将/战·关羽.png using Guid(62efb06760b04dcba96ccbdc6142f4e7) Importer(815301076,1909f56bfc062723c751e8b465ee728b) [PhysX] Initialized MultithreadedTaskDispatcher with 20 workers.
[PhysX] Initialized MultithreadedTaskDispatcher with 20 workers.
 -> (artifact id: '207e8ca641e1ae96b705cd45b6d01b58') in 0.017875 seconds
Number of updated asset objects reloaded before import = 0
Number of asset objects unloaded after import = 3
========================================================================
Received Import Request.
  Time since last request: 0.000021 seconds.
  path: Assets/Resources/将领头像/战将/战·诸葛亮.png
  artifactKey: Guid(7d04e8f2dd4448d3ae6dd4f0d094072e) Importer(815301076,1909f56bfc062723c751e8b465ee728b)
Start importing Assets/Resources/将领头像/战将/战·诸葛亮.png using Guid(7d04e8f2dd4448d3ae6dd4f0d094072e) Importer(815301076,1909f56bfc062723c751e8b465ee728b) [PhysX] Initialized MultithreadedTaskDispatcher with 20 workers.
[PhysX] Initialized MultithreadedTaskDispatcher with 20 workers.
 -> (artifact id: '077bf7143ec88de771061997a85a911b') in 0.019442 seconds
Number of updated asset objects reloaded before import = 0
Number of asset objects unloaded after import = 3
========================================================================
Received Import Request.
  Time since last request: 0.000014 seconds.
  path: Assets/Resources/将领头像/战将/战·黄忠.png
  artifactKey: Guid(c2f9838fe5944e51b10136030afcd69b) Importer(815301076,1909f56bfc062723c751e8b465ee728b)
Start importing Assets/Resources/将领头像/战将/战·黄忠.png using Guid(c2f9838fe5944e51b10136030afcd69b) Importer(815301076,1909f56bfc062723c751e8b465ee728b) [PhysX] Initialized MultithreadedTaskDispatcher with 20 workers.
[PhysX] Initialized MultithreadedTaskDispatcher with 20 workers.
 -> (artifact id: 'eb8d388b6c9bf4eee0b76982abd220a5') in 0.008300 seconds
Number of updated asset objects reloaded before import = 0
Number of asset objects unloaded after import = 3
========================================================================
Received Import Request.
  Time since last request: 0.705370 seconds.
  path: Assets/Resources/将领头像/普通/优秀女将.png
  artifactKey: Guid(e051a87f51b745f9aaf8dd3d873b03c4) Importer(815301076,1909f56bfc062723c751e8b465ee728b)
Start importing Assets/Resources/将领头像/普通/优秀女将.png using Guid(e051a87f51b745f9aaf8dd3d873b03c4) Importer(815301076,1909f56bfc062723c751e8b465ee728b) [PhysX] Initialized MultithreadedTaskDispatcher with 20 workers.
[PhysX] Initialized MultithreadedTaskDispatcher with 20 workers.
 -> (artifact id: '8d263f7168e537a2dfae8abb0022e61b') in 0.007335 seconds
Number of updated asset objects reloaded before import = 0
Number of asset objects unloaded after import = 3
========================================================================
Received Import Request.
  Time since last request: 0.000013 seconds.
  path: Assets/Resources/将领头像/普通/卓越男将.png
  artifactKey: Guid(81fd2a3839a546caaaa11a261e66c0a8) Importer(815301076,1909f56bfc062723c751e8b465ee728b)
Start importing Assets/Resources/将领头像/普通/卓越男将.png using Guid(81fd2a3839a546caaaa11a261e66c0a8) Importer(815301076,1909f56bfc062723c751e8b465ee728b) [PhysX] Initialized MultithreadedTaskDispatcher with 20 workers.
[PhysX] Initialized MultithreadedTaskDispatcher with 20 workers.
 -> (artifact id: '16b276e3543bea354767c7c859ec46bc') in 0.010353 seconds
Number of updated asset objects reloaded before import = 0
Number of asset objects unloaded after import = 3
========================================================================
Received Import Request.
  Time since last request: 0.000015 seconds.
  path: Assets/Resources/将领头像/普通/良好女将.png
  artifactKey: Guid(fd36b4eaed5f487b891c452f8095f9e5) Importer(815301076,1909f56bfc062723c751e8b465ee728b)
Start importing Assets/Resources/将领头像/普通/良好女将.png using Guid(fd36b4eaed5f487b891c452f8095f9e5) Importer(815301076,1909f56bfc062723c751e8b465ee728b) [PhysX] Initialized MultithreadedTaskDispatcher with 20 workers.
[PhysX] Initialized MultithreadedTaskDispatcher with 20 workers.
 -> (artifact id: 'bcc2e60fb024208a089299117a0873e1') in 0.006105 seconds
Number of updated asset objects reloaded before import = 0
Number of asset objects unloaded after import = 3
========================================================================
Received Import Request.
  Time since last request: 0.000013 seconds.
  path: Assets/Resources/将领头像/普通/普通女将.png
  artifactKey: Guid(3f6ed96d2fd945ff8d8537bfdbc22c8a) Importer(815301076,1909f56bfc062723c751e8b465ee728b)
Start importing Assets/Resources/将领头像/普通/普通女将.png using Guid(3f6ed96d2fd945ff8d8537bfdbc22c8a) Importer(815301076,1909f56bfc062723c751e8b465ee728b) [PhysX] Initialized MultithreadedTaskDispatcher with 20 workers.
[PhysX] Initialized MultithreadedTaskDispatcher with 20 workers.
 -> (artifact id: '99da519a2cfbafbff68d1d08b0d5ee77') in 0.008665 seconds
Number of updated asset objects reloaded before import = 0
Number of asset objects unloaded after import = 3
========================================================================
Received Import Request.
  Time since last request: 0.000014 seconds.
  path: Assets/Resources/将领头像/普通/普通名将女.png
  artifactKey: Guid(58ad37c252a049fc80c8a560f2941248) Importer(815301076,1909f56bfc062723c751e8b465ee728b)
Start importing Assets/Resources/将领头像/普通/普通名将女.png using Guid(58ad37c252a049fc80c8a560f2941248) Importer(815301076,1909f56bfc062723c751e8b465ee728b) [PhysX] Initialized MultithreadedTaskDispatcher with 20 workers.
[PhysX] Initialized MultithreadedTaskDispatcher with 20 workers.
 -> (artifact id: '867a665d2900d9916e048159f7bba922') in 0.005819 seconds
Number of updated asset objects reloaded before import = 0
Number of asset objects unloaded after import = 3
========================================================================
Received Import Request.
  Time since last request: 1.289153 seconds.
  path: Assets/Resources/将领头像/禧将/禧·步练师.png
  artifactKey: Guid(071d0a50e9784f2c96534b5df7b96e5f) Importer(815301076,1909f56bfc062723c751e8b465ee728b)
Start importing Assets/Resources/将领头像/禧将/禧·步练师.png using Guid(071d0a50e9784f2c96534b5df7b96e5f) Importer(815301076,1909f56bfc062723c751e8b465ee728b) [PhysX] Initialized MultithreadedTaskDispatcher with 20 workers.
[PhysX] Initialized MultithreadedTaskDispatcher with 20 workers.
 -> (artifact id: '76820ff797d64d21bc5f0cb9c35f7caa') in 0.026427 seconds
Number of updated asset objects reloaded before import = 0
Number of asset objects unloaded after import = 3
========================================================================
Received Import Request.
  Time since last request: 0.000016 seconds.
  path: Assets/Resources/将领头像/禧将/禧·鲍三娘.png
  artifactKey: Guid(7f7db81644d2467ca76563913dc52e0c) Importer(815301076,1909f56bfc062723c751e8b465ee728b)
Start importing Assets/Resources/将领头像/禧将/禧·鲍三娘.png using Guid(7f7db81644d2467ca76563913dc52e0c) Importer(815301076,1909f56bfc062723c751e8b465ee728b) [PhysX] Initialized MultithreadedTaskDispatcher with 20 workers.
[PhysX] Initialized MultithreadedTaskDispatcher with 20 workers.
 -> (artifact id: '6b60d4efc7cb033d7e2cdfea80349e88') in 0.011138 seconds
Number of updated asset objects reloaded before import = 0
Number of asset objects unloaded after import = 3
========================================================================
Received Import Request.
  Time since last request: 18.257176 seconds.
  path: Assets/Resources/将领头像/君王/公孙度.png
  artifactKey: Guid(a24c693915fb4a4fbc49c452d4724f2c) Importer(815301076,1909f56bfc062723c751e8b465ee728b)
Start importing Assets/Resources/将领头像/君王/公孙度.png using Guid(a24c693915fb4a4fbc49c452d4724f2c) Importer(815301076,1909f56bfc062723c751e8b465ee728b) [PhysX] Initialized MultithreadedTaskDispatcher with 20 workers.
[PhysX] Initialized MultithreadedTaskDispatcher with 20 workers.
 -> (artifact id: 'a127eeb299c853e2e61feac1cc5eb20b') in 0.009150 seconds
Number of updated asset objects reloaded before import = 0
Number of asset objects unloaded after import = 3
========================================================================
Received Import Request.
  Time since last request: 0.000013 seconds.
  path: Assets/Resources/将领头像/君王/张鲁.png
  artifactKey: Guid(4321b5d76c584abbb65e08e60de60666) Importer(815301076,1909f56bfc062723c751e8b465ee728b)
Start importing Assets/Resources/将领头像/君王/张鲁.png using Guid(4321b5d76c584abbb65e08e60de60666) Importer(815301076,1909f56bfc062723c751e8b465ee728b) [PhysX] Initialized MultithreadedTaskDispatcher with 20 workers.
[PhysX] Initialized MultithreadedTaskDispatcher with 20 workers.
 -> (artifact id: '51bbb8e913c013562c55dd88e628cecc') in 0.018249 seconds
Number of updated asset objects reloaded before import = 0
Number of asset objects unloaded after import = 3
========================================================================
Received Import Request.
  Time since last request: 0.000017 seconds.
  path: Assets/Resources/将领头像/君王/樊夫人.png
  artifactKey: Guid(59846019f63043a49f6e6570a4560718) Importer(815301076,1909f56bfc062723c751e8b465ee728b)
Start importing Assets/Resources/将领头像/君王/樊夫人.png using Guid(59846019f63043a49f6e6570a4560718) Importer(815301076,1909f56bfc062723c751e8b465ee728b) [PhysX] Initialized MultithreadedTaskDispatcher with 20 workers.
[PhysX] Initialized MultithreadedTaskDispatcher with 20 workers.
 -> (artifact id: '27c9bba5757dac5c50228f834f5087ef') in 0.012370 seconds
Number of updated asset objects reloaded before import = 0
Number of asset objects unloaded after import = 3
========================================================================
Received Import Request.
  Time since last request: 0.000015 seconds.
  path: Assets/Resources/将领头像/君王/孙策.png
  artifactKey: Guid(1a024eb4f6ef423eb055347061bedf3e) Importer(815301076,1909f56bfc062723c751e8b465ee728b)
Start importing Assets/Resources/将领头像/君王/孙策.png using Guid(1a024eb4f6ef423eb055347061bedf3e) Importer(815301076,1909f56bfc062723c751e8b465ee728b) [PhysX] Initialized MultithreadedTaskDispatcher with 20 workers.
[PhysX] Initialized MultithreadedTaskDispatcher with 20 workers.
 -> (artifact id: '7783b7f92822f613fdd2ac2009502296') in 0.010536 seconds
Number of updated asset objects reloaded before import = 0
Number of asset objects unloaded after import = 3
========================================================================
Received Import Request.
  Time since last request: 0.000015 seconds.
  path: Assets/Resources/将领头像/君王/南华老仙.png
  artifactKey: Guid(45febc634f314506802c1e3de5581839) Importer(815301076,1909f56bfc062723c751e8b465ee728b)
Start importing Assets/Resources/将领头像/君王/南华老仙.png using Guid(45febc634f314506802c1e3de5581839) Importer(815301076,1909f56bfc062723c751e8b465ee728b) [PhysX] Initialized MultithreadedTaskDispatcher with 20 workers.
[PhysX] Initialized MultithreadedTaskDispatcher with 20 workers.
 -> (artifact id: '82d0e483fb50fb704e8d7e6195da0b90') in 0.019593 seconds
Number of updated asset objects reloaded before import = 0
Number of asset objects unloaded after import = 3
========================================================================
Received Import Request.
  Time since last request: 0.000015 seconds.
  path: Assets/Resources/将领头像/君王/曹操.png
  artifactKey: Guid(ca54b4618c864fcc9b0a72dca78f8ab3) Importer(815301076,1909f56bfc062723c751e8b465ee728b)
Start importing Assets/Resources/将领头像/君王/曹操.png using Guid(ca54b4618c864fcc9b0a72dca78f8ab3) Importer(815301076,1909f56bfc062723c751e8b465ee728b) [PhysX] Initialized MultithreadedTaskDispatcher with 20 workers.
[PhysX] Initialized MultithreadedTaskDispatcher with 20 workers.
 -> (artifact id: 'c68ba4d3388ecb128190ea4b947ad336') in 0.009533 seconds
Number of updated asset objects reloaded before import = 0
Number of asset objects unloaded after import = 3
========================================================================
Received Import Request.
  Time since last request: 0.000018 seconds.
  path: Assets/Resources/将领头像/君王/马腾.png
  artifactKey: Guid(1aac714c8be94141be08bc269142f50c) Importer(815301076,1909f56bfc062723c751e8b465ee728b)
Start importing Assets/Resources/将领头像/君王/马腾.png using Guid(1aac714c8be94141be08bc269142f50c) Importer(815301076,1909f56bfc062723c751e8b465ee728b) [PhysX] Initialized MultithreadedTaskDispatcher with 20 workers.
[PhysX] Initialized MultithreadedTaskDispatcher with 20 workers.
 -> (artifact id: 'c21b1382662c690553b920910bc3ba04') in 0.007071 seconds
Number of updated asset objects reloaded before import = 0
Number of asset objects unloaded after import = 3
========================================================================
Received Import Request.
  Time since last request: 0.000031 seconds.
  path: Assets/Resources/将领头像/君王/孙坚.png
  artifactKey: Guid(5c15a31f45654c1cb1d32bbe8dbd5a20) Importer(815301076,1909f56bfc062723c751e8b465ee728b)
Start importing Assets/Resources/将领头像/君王/孙坚.png using Guid(5c15a31f45654c1cb1d32bbe8dbd5a20) Importer(815301076,1909f56bfc062723c751e8b465ee728b) [PhysX] Initialized MultithreadedTaskDispatcher with 20 workers.
[PhysX] Initialized MultithreadedTaskDispatcher with 20 workers.
 -> (artifact id: '31bac48b3a5997f476ae057b26b0cd38') in 0.006594 seconds
Number of updated asset objects reloaded before import = 0
Number of asset objects unloaded after import = 3
========================================================================
Received Import Request.
  Time since last request: 0.000056 seconds.
  path: Assets/Resources/将领头像/君王/庞德公.png
  artifactKey: Guid(f4924dda7984411e9b84e0e88971ba00) Importer(815301076,1909f56bfc062723c751e8b465ee728b)
Start importing Assets/Resources/将领头像/君王/庞德公.png using Guid(f4924dda7984411e9b84e0e88971ba00) Importer(815301076,1909f56bfc062723c751e8b465ee728b) [PhysX] Initialized MultithreadedTaskDispatcher with 20 workers.
[PhysX] Initialized MultithreadedTaskDispatcher with 20 workers.
 -> (artifact id: 'cf649999fdac0dfeb43bba997f27257d') in 0.017971 seconds
Number of updated asset objects reloaded before import = 0
Number of asset objects unloaded after import = 3
========================================================================
Received Import Request.
  Time since last request: 0.000015 seconds.
  path: Assets/Resources/将领头像/君王/董卓.png
  artifactKey: Guid(49c66ae20dd746369e4fea0e055f5f2c) Importer(815301076,1909f56bfc062723c751e8b465ee728b)
Start importing Assets/Resources/将领头像/君王/董卓.png using Guid(49c66ae20dd746369e4fea0e055f5f2c) Importer(815301076,1909f56bfc062723c751e8b465ee728b) [PhysX] Initialized MultithreadedTaskDispatcher with 20 workers.
[PhysX] Initialized MultithreadedTaskDispatcher with 20 workers.
 -> (artifact id: '6626863819c165e796b76d8cfe806939') in 0.009250 seconds
Number of updated asset objects reloaded before import = 0
Number of asset objects unloaded after import = 3
========================================================================
Received Import Request.
  Time since last request: 0.000014 seconds.
  path: Assets/Resources/将领头像/君王/花鬘.png
  artifactKey: Guid(577e26eac7d04812be8af4a201d46485) Importer(815301076,1909f56bfc062723c751e8b465ee728b)
Start importing Assets/Resources/将领头像/君王/花鬘.png using Guid(577e26eac7d04812be8af4a201d46485) Importer(815301076,1909f56bfc062723c751e8b465ee728b) [PhysX] Initialized MultithreadedTaskDispatcher with 20 workers.
[PhysX] Initialized MultithreadedTaskDispatcher with 20 workers.
 -> (artifact id: '0b1551ed89d2ec26bc7e13885687b982') in 0.007967 seconds
Number of updated asset objects reloaded before import = 0
Number of asset objects unloaded after import = 3
========================================================================
Received Import Request.
  Time since last request: 0.000013 seconds.
  path: Assets/Resources/将领头像/君王/陶谦.png
  artifactKey: Guid(8da6032ca18446a4983fc6ac25c12955) Importer(815301076,1909f56bfc062723c751e8b465ee728b)
Start importing Assets/Resources/将领头像/君王/陶谦.png using Guid(8da6032ca18446a4983fc6ac25c12955) Importer(815301076,1909f56bfc062723c751e8b465ee728b) [PhysX] Initialized MultithreadedTaskDispatcher with 20 workers.
[PhysX] Initialized MultithreadedTaskDispatcher with 20 workers.
 -> (artifact id: 'cdfb2c647c017ea026391838acb0f428') in 0.008783 seconds
Number of updated asset objects reloaded before import = 0
Number of asset objects unloaded after import = 3
========================================================================
Received Import Request.
  Time since last request: 0.000035 seconds.
  path: Assets/Resources/将领头像/君王/马云禄.png
  artifactKey: Guid(c3a7959115ec438c8cd8d4e41b3cbcae) Importer(815301076,1909f56bfc062723c751e8b465ee728b)
Start importing Assets/Resources/将领头像/君王/马云禄.png using Guid(c3a7959115ec438c8cd8d4e41b3cbcae) Importer(815301076,1909f56bfc062723c751e8b465ee728b) [PhysX] Initialized MultithreadedTaskDispatcher with 20 workers.
[PhysX] Initialized MultithreadedTaskDispatcher with 20 workers.
 -> (artifact id: '7633de80f10e6168beaa2b06457d4487') in 0.011842 seconds
Number of updated asset objects reloaded before import = 0
Number of asset objects unloaded after import = 3
========================================================================
Received Import Request.
  Time since last request: 0.000016 seconds.
  path: Assets/Resources/将领头像/君王/吴国太.png
  artifactKey: Guid(c0dd332fd76746c3ac484fe48249ec15) Importer(815301076,1909f56bfc062723c751e8b465ee728b)
Start importing Assets/Resources/将领头像/君王/吴国太.png using Guid(c0dd332fd76746c3ac484fe48249ec15) Importer(815301076,1909f56bfc062723c751e8b465ee728b) [PhysX] Initialized MultithreadedTaskDispatcher with 20 workers.
[PhysX] Initialized MultithreadedTaskDispatcher with 20 workers.
 -> (artifact id: 'b87987d236ef1357e51c926d57269e7e') in 0.012424 seconds
Number of updated asset objects reloaded before import = 0
Number of asset objects unloaded after import = 3
========================================================================
Received Import Request.
  Time since last request: 0.000015 seconds.
  path: Assets/Resources/将领头像/君王/曹婴.png
  artifactKey: Guid(c47ea3415e504f69b8c9b2c85a2cb844) Importer(815301076,1909f56bfc062723c751e8b465ee728b)
Start importing Assets/Resources/将领头像/君王/曹婴.png using Guid(c47ea3415e504f69b8c9b2c85a2cb844) Importer(815301076,1909f56bfc062723c751e8b465ee728b) [PhysX] Initialized MultithreadedTaskDispatcher with 20 workers.
[PhysX] Initialized MultithreadedTaskDispatcher with 20 workers.
 -> (artifact id: '6f9580b35012bbe846b3e9e343ddb1de') in 0.006283 seconds
Number of updated asset objects reloaded before import = 0
Number of asset objects unloaded after import = 3
========================================================================
Received Import Request.
  Time since last request: 27.156065 seconds.
  path: Assets/Resources/称号头像/帝王.png
  artifactKey: Guid(f3245c28c2694e52b9bb4f50e7c72b31) Importer(815301076,1909f56bfc062723c751e8b465ee728b)
Start importing Assets/Resources/称号头像/帝王.png using Guid(f3245c28c2694e52b9bb4f50e7c72b31) Importer(815301076,1909f56bfc062723c751e8b465ee728b) [PhysX] Initialized MultithreadedTaskDispatcher with 20 workers.
[PhysX] Initialized MultithreadedTaskDispatcher with 20 workers.
 -> (artifact id: '3da1f2e594b7673c03a77e3be270b5cf') in 0.017649 seconds
Number of updated asset objects reloaded before import = 0
Number of asset objects unloaded after import = 3
========================================================================
Received Import Request.
  Time since last request: 0.000018 seconds.
  path: Assets/Resources/装备图片/帝王辇.png
  artifactKey: Guid(0b8679d564a74b7d987f64754d922e9a) Importer(815301076,1909f56bfc062723c751e8b465ee728b)
Start importing Assets/Resources/装备图片/帝王辇.png using Guid(0b8679d564a74b7d987f64754d922e9a) Importer(815301076,1909f56bfc062723c751e8b465ee728b) [PhysX] Initialized MultithreadedTaskDispatcher with 20 workers.
[PhysX] Initialized MultithreadedTaskDispatcher with 20 workers.
 -> (artifact id: '945248cd69d3ee03287fbc75abae8029') in 0.015294 seconds
Number of updated asset objects reloaded before import = 0
Number of asset objects unloaded after import = 3
========================================================================
Received Import Request.
  Time since last request: 0.000015 seconds.
  path: Assets/Resources/装备图片/帝王铠.png
  artifactKey: Guid(cad038b8d55c4d2aa3cbcdaa815f22f7) Importer(815301076,1909f56bfc062723c751e8b465ee728b)
Start importing Assets/Resources/装备图片/帝王铠.png using Guid(cad038b8d55c4d2aa3cbcdaa815f22f7) Importer(815301076,1909f56bfc062723c751e8b465ee728b) [PhysX] Initialized MultithreadedTaskDispatcher with 20 workers.
[PhysX] Initialized MultithreadedTaskDispatcher with 20 workers.
 -> (artifact id: '778797a6ee13340d28e81cccfb131a65') in 0.007855 seconds
Number of updated asset objects reloaded before import = 0
Number of asset objects unloaded after import = 3
========================================================================
Received Import Request.
  Time since last request: 38.403970 seconds.
  path: Assets/Materials/4170.dat.mat
  artifactKey: Guid(0e3e3ca4eed14975bec5471c45a492f9) Importer(815301076,1909f56bfc062723c751e8b465ee728b)
Start importing Assets/Materials/4170.dat.mat using Guid(0e3e3ca4eed14975bec5471c45a492f9) Importer(815301076,1909f56bfc062723c751e8b465ee728b) [PhysX] Initialized MultithreadedTaskDispatcher with 20 workers.
[PhysX] Initialized MultithreadedTaskDispatcher with 20 workers.
 -> (artifact id: '33976001dd2aec5d09145cfc2088ee6d') in 0.020560 seconds
Number of updated asset objects reloaded before import = 0
Number of asset objects unloaded after import = 2
========================================================================
Received Import Request.
  Time since last request: 0.000017 seconds.
  path: Assets/Materials/战斗界面时间数字.mat
  artifactKey: Guid(eb87766454924a178b1e849a25ec127b) Importer(815301076,1909f56bfc062723c751e8b465ee728b)
Start importing Assets/Materials/战斗界面时间数字.mat using Guid(eb87766454924a178b1e849a25ec127b) Importer(815301076,1909f56bfc062723c751e8b465ee728b) [PhysX] Initialized MultithreadedTaskDispatcher with 20 workers.
[PhysX] Initialized MultithreadedTaskDispatcher with 20 workers.
 -> (artifact id: '4c4b574cbfe8e79f5706eaa94349f949') in 0.016282 seconds
Number of updated asset objects reloaded before import = 0
Number of asset objects unloaded after import = 2
========================================================================
Received Import Request.
  Time since last request: 0.000013 seconds.
  path: Assets/Materials/伤害数字.mat
  artifactKey: Guid(2d95f68d1d5b430da4b36dd83e585eb1) Importer(815301076,1909f56bfc062723c751e8b465ee728b)
Start importing Assets/Materials/伤害数字.mat using Guid(2d95f68d1d5b430da4b36dd83e585eb1) Importer(815301076,1909f56bfc062723c751e8b465ee728b) [PhysX] Initialized MultithreadedTaskDispatcher with 20 workers.
[PhysX] Initialized MultithreadedTaskDispatcher with 20 workers.
 -> (artifact id: 'ca4cc346d0c5fc46e9e8ca050f90bb04') in 0.006493 seconds
Number of updated asset objects reloaded before import = 0
Number of asset objects unloaded after import = 2
========================================================================
Received Import Request.
  Time since last request: 0.000020 seconds.
  path: Assets/Materials/FrameDebuggerRenderTargetDisplay.mat
  artifactKey: Guid(c7fb123026bb41b493c95d9ed79a3170) Importer(815301076,1909f56bfc062723c751e8b465ee728b)
Start importing Assets/Materials/FrameDebuggerRenderTargetDisplay.mat using Guid(c7fb123026bb41b493c95d9ed79a3170) Importer(815301076,1909f56bfc062723c751e8b465ee728b) [PhysX] Initialized MultithreadedTaskDispatcher with 20 workers.
[PhysX] Initialized MultithreadedTaskDispatcher with 20 workers.
 -> (artifact id: '20e964a2d2984623f079bf4bfb02e781') in 0.110159 seconds
Number of updated asset objects reloaded before import = 0
Number of asset objects unloaded after import = 1
========================================================================
Received Prepare
Begin MonoManager ReloadAssembly
Symbol file LoadedFromMemory is not a mono symbol file
- Loaded All Assemblies, in  0.423 seconds
Refreshing native plugins compatible for Editor in 5.27 ms, found 3 plugins.
Native extension for WindowsStandalone target not found
Native extension for Android target not found
[Package Manager] Server::EnsureServerProcessIsRunning -- launch failed, reason: Unity was launched with the -noUpm command-line argument
[Package Manager] UpmClient::Send -- Unable to send message (not connected to UPM process).
[Package Manager] Cannot connect to Unity Package Manager local server
Mono: successfully reloaded assembly
- Finished resetting the current domain, in  0.690 seconds
Domain Reload Profiling: 1104ms
	BeginReloadAssembly (147ms)
		ExecutionOrderSort (0ms)
		DisableScriptedObjects (3ms)
		BackupInstance (0ms)
		ReleaseScriptingObjects (0ms)
		CreateAndSetChildDomain (24ms)
	RebuildCommonClasses (22ms)
	RebuildNativeTypeToScriptingClass (7ms)
	initialDomainReloadingComplete (40ms)
	LoadAllAssembliesAndSetupDomain (197ms)
		LoadAssemblies (276ms)
		RebuildTransferFunctionScriptingTraits (0ms)
		AnalyzeDomain (10ms)
			TypeCache.Refresh (5ms)
				TypeCache.ScanAssembly (0ms)
			ScanForSourceGeneratedMonoScriptInfo (0ms)
			ResolveRequiredComponents (4ms)
	FinalizeReload (690ms)
		ReleaseScriptCaches (0ms)
		RebuildScriptCaches (0ms)
		SetupLoadedEditorAssemblies (309ms)
			LogAssemblyErrors (0ms)
			InitializePlatformSupportModulesInManaged (29ms)
			SetLoadedEditorAssemblies (3ms)
			RefreshPlugins (0ms)
			BeforeProcessingInitializeOnLoad (54ms)
			ProcessInitializeOnLoadAttributes (187ms)
			ProcessInitializeOnLoadMethodAttributes (15ms)
			AfterProcessingInitializeOnLoad (22ms)
			EditorAssembliesLoaded (0ms)
		ExecutionOrderSort2 (0ms)
		AwakeInstancesAfterBackupRestoration (11ms)
Refreshing native plugins compatible for Editor in 4.32 ms, found 3 plugins.
Preloading 0 native plugins for Editor in 0.00 ms.
Unloading 3123 Unused Serialized files (Serialized files now loaded: 0)
Unloading 34 unused Assets / (35.0 KB). Loaded Objects now: 3880.
Memory consumption went from 131.6 MB to 131.6 MB.
Total: 2.226300 ms (FindLiveObjects: 0.246600 ms CreateObjectMapping: 0.110400 ms MarkObjects: 1.765600 ms  DeleteObjects: 0.102600 ms)

Prepare: number of updated asset objects reloaded= 0
AssetImportParameters requested are different than current active one (requested -> active):
  custom:container-demuxer-ogg: 62fdf1f143b41e24485cea50d1cbac27 -> 
  custom:video-codec-MediaFoundation-h265: 746d11721c4dcdbdad8f713fa42b33f4 -> 
  custom:video-decoder-ogg-theora: a1e56fd34408186e4bbccfd4996cb3dc -> 
  custom:framework-win-MediaFoundation: 216162199b28c13a410421893ffa2e32 -> 
  custom:CustomObjectIndexerAttribute: 9a22284fe3817be447336de3de66b15e -> 
  custom:container-demuxer-webm: 4f35f7cbe854078d1ac9338744f61a02 -> 
  custom:container-muxer-webm: aa71ff27fc2769a1b78a27578f13a17b -> 
  custom:video-decoder-webm-vp8: 9c59270c3fd7afecdb556c50c9e8de78 -> 
  custom:SearchIndexIgnoredProperties: e643bd26f0fe6173181afceb89e7c659 -> 
  custom:AudioImporter_EditorPlatform: d09bf68614088b80899f8185d706f6e7 -> 
  custom:video-encoder-webm-vp8: eb34c28f22e8b96e1ab97ce403110664 -> 
  custom:audio-decoder-ogg-vorbis: bf7c407c2cedff20999df2af8eb42d56 -> 
  custom:audio-encoder-webm-vorbis: bf7c407c2cedff20999df2af8eb42d56 -> 
========================================================================
Received Import Request.
  Time since last request: 164.971770 seconds.
  path: Assets/Font/伤害数字.ttf
  artifactKey: Guid(95d44a1438b84e51a287538071bc892c) Importer(815301076,1909f56bfc062723c751e8b465ee728b)
Start importing Assets/Font/伤害数字.ttf using Guid(95d44a1438b84e51a287538071bc892c) Importer(815301076,1909f56bfc062723c751e8b465ee728b) [PhysX] Initialized MultithreadedTaskDispatcher with 20 workers.
 -> (artifact id: '81653b78426fedb23bb6363d0c5942b4') in 0.008124 seconds
Number of updated asset objects reloaded before import = 0
Number of asset objects unloaded after import = 1
========================================================================
Received Import Request.
  Time since last request: 0.000015 seconds.
  path: Assets/Font/战斗界面兵力数字.ttf
  artifactKey: Guid(459a043e739244868435e66e03127a56) Importer(815301076,1909f56bfc062723c751e8b465ee728b)
Start importing Assets/Font/战斗界面兵力数字.ttf using Guid(459a043e739244868435e66e03127a56) Importer(815301076,1909f56bfc062723c751e8b465ee728b) [PhysX] Initialized MultithreadedTaskDispatcher with 20 workers.
 -> (artifact id: '7f6b6123f91480d88f29aab4c8b95fa1') in 0.000808 seconds
Number of updated asset objects reloaded before import = 0
Number of asset objects unloaded after import = 1
========================================================================
Received Import Request.
  Time since last request: 0.000010 seconds.
  path: Assets/Font/铜钱数字.ttf
  artifactKey: Guid(301602b75b79471db7e74fc037e873d7) Importer(815301076,1909f56bfc062723c751e8b465ee728b)
Start importing Assets/Font/铜钱数字.ttf using Guid(301602b75b79471db7e74fc037e873d7) Importer(815301076,1909f56bfc062723c751e8b465ee728b) [PhysX] Initialized MultithreadedTaskDispatcher with 20 workers.
 -> (artifact id: '0676dce992fa56bd1138c8fd50cc52ba') in 0.000597 seconds
Number of updated asset objects reloaded before import = 0
Number of asset objects unloaded after import = 1
========================================================================
Received Import Request.
  Time since last request: 0.000008 seconds.
  path: Assets/Font/战斗界面时间数字.ttf
  artifactKey: Guid(786c63451df3475885d9053a46d884a3) Importer(815301076,1909f56bfc062723c751e8b465ee728b)
Start importing Assets/Font/战斗界面时间数字.ttf using Guid(786c63451df3475885d9053a46d884a3) Importer(815301076,1909f56bfc062723c751e8b465ee728b) [PhysX] Initialized MultithreadedTaskDispatcher with 20 workers.
 -> (artifact id: '7ff379bb8817a47139f03f19e31502d1') in 0.000501 seconds
Number of updated asset objects reloaded before import = 0
Number of asset objects unloaded after import = 1
========================================================================
Received Import Request.
  Time since last request: 0.000007 seconds.
  path: Assets/Font/强化等级.ttf
  artifactKey: Guid(116ebfd9e7f64eaba80e904b977abd66) Importer(815301076,1909f56bfc062723c751e8b465ee728b)
Start importing Assets/Font/强化等级.ttf using Guid(116ebfd9e7f64eaba80e904b977abd66) Importer(815301076,1909f56bfc062723c751e8b465ee728b) [PhysX] Initialized MultithreadedTaskDispatcher with 20 workers.
 -> (artifact id: '249ff63dc9dcea28037a944ace1e5464') in 0.000532 seconds
Number of updated asset objects reloaded before import = 0
Number of asset objects unloaded after import = 1
========================================================================
Received Import Request.
  Time since last request: 8.215275 seconds.
  path: Assets/Font
  artifactKey: Guid(90510b8cea383ae4ea4295025190a9af) Importer(815301076,1909f56bfc062723c751e8b465ee728b)
Start importing Assets/Font using Guid(90510b8cea383ae4ea4295025190a9af) Importer(815301076,1909f56bfc062723c751e8b465ee728b) [PhysX] Initialized MultithreadedTaskDispatcher with 20 workers.
 -> (artifact id: '3aa2feeeeb22f93d4eb6461fdc1c145e') in 0.000496 seconds
Number of updated asset objects reloaded before import = 0
Number of asset objects unloaded after import = 0
========================================================================
Received Import Request.
  Time since last request: 251.989114 seconds.
  path: Assets/Font/伤害数字.ttf
  artifactKey: Guid(95d44a1438b84e51a287538071bc892c) Importer(815301076,1909f56bfc062723c751e8b465ee728b)
Start importing Assets/Font/伤害数字.ttf using Guid(95d44a1438b84e51a287538071bc892c) Importer(815301076,1909f56bfc062723c751e8b465ee728b) [PhysX] Initialized MultithreadedTaskDispatcher with 20 workers.
[PhysX] Initialized MultithreadedTaskDispatcher with 20 workers.
[PhysX] Initialized MultithreadedTaskDispatcher with 20 workers.
 -> (artifact id: 'cc4ee1abce1c7fdfbbe07e8b0a56d637') in 0.057488 seconds
Number of updated asset objects reloaded before import = 0
Number of asset objects unloaded after import = 4
========================================================================
Received Import Request.
  Time since last request: 0.000019 seconds.
  path: Assets/Font/战斗界面兵力数字.ttf
  artifactKey: Guid(459a043e739244868435e66e03127a56) Importer(815301076,1909f56bfc062723c751e8b465ee728b)
Start importing Assets/Font/战斗界面兵力数字.ttf using Guid(459a043e739244868435e66e03127a56) Importer(815301076,1909f56bfc062723c751e8b465ee728b) [PhysX] Initialized MultithreadedTaskDispatcher with 20 workers.
[PhysX] Initialized MultithreadedTaskDispatcher with 20 workers.
[PhysX] Initialized MultithreadedTaskDispatcher with 20 workers.
 -> (artifact id: 'f9d030a9cc3700035549f023f26982ac') in 0.028571 seconds
Number of updated asset objects reloaded before import = 0
Number of asset objects unloaded after import = 4
========================================================================
Received Import Request.
  Time since last request: 0.000031 seconds.
  path: Assets/Font/强化等级.ttf
  artifactKey: Guid(116ebfd9e7f64eaba80e904b977abd66) Importer(815301076,1909f56bfc062723c751e8b465ee728b)
Start importing Assets/Font/强化等级.ttf using Guid(116ebfd9e7f64eaba80e904b977abd66) Importer(815301076,1909f56bfc062723c751e8b465ee728b) [PhysX] Initialized MultithreadedTaskDispatcher with 20 workers.
[PhysX] Initialized MultithreadedTaskDispatcher with 20 workers.
[PhysX] Initialized MultithreadedTaskDispatcher with 20 workers.
 -> (artifact id: '80d538b5b5eb6eb550a27cd26ac469b1') in 0.014548 seconds
Number of updated asset objects reloaded before import = 0
Number of asset objects unloaded after import = 4
========================================================================
Received Import Request.
  Time since last request: 66.490018 seconds.
  path: Assets/Resources/将领信息预制件
  artifactKey: Guid(ecdcdda27443f4f46bd494a4d8048f0d) Importer(815301076,1909f56bfc062723c751e8b465ee728b)
Start importing Assets/Resources/将领信息预制件 using Guid(ecdcdda27443f4f46bd494a4d8048f0d) Importer(815301076,1909f56bfc062723c751e8b465ee728b) [PhysX] Initialized MultithreadedTaskDispatcher with 20 workers.
 -> (artifact id: 'aab9237821b13bdc75d1c49d6d51cc7c') in 0.000535 seconds
Number of updated asset objects reloaded before import = 0
Number of asset objects unloaded after import = 0
========================================================================
Received Import Request.
  Time since last request: 0.046967 seconds.
  path: Assets/Resources/将领信息预制件/中预制件.prefab
  artifactKey: Guid(f5744dd48d85449da7e87fe77ede29f8) Importer(815301076,1909f56bfc062723c751e8b465ee728b)
Start importing Assets/Resources/将领信息预制件/中预制件.prefab using Guid(f5744dd48d85449da7e87fe77ede29f8) Importer(815301076,1909f56bfc062723c751e8b465ee728b) [PhysX] Initialized MultithreadedTaskDispatcher with 20 workers.
 -> (artifact id: 'e0f36f6165e6bff3b15095ce81ddbd38') in 0.009140 seconds
Number of updated asset objects reloaded before import = 0
Number of asset objects unloaded after import = 7
========================================================================
Received Import Request.
  Time since last request: 0.000059 seconds.
  path: Assets/Resources/将领信息预制件/将领橙星.prefab
  artifactKey: Guid(e2d7298ea34748c7a254c8aa35383b31) Importer(815301076,1909f56bfc062723c751e8b465ee728b)
Start importing Assets/Resources/将领信息预制件/将领橙星.prefab using Guid(e2d7298ea34748c7a254c8aa35383b31) Importer(815301076,1909f56bfc062723c751e8b465ee728b) [PhysX] Initialized MultithreadedTaskDispatcher with 20 workers.
[PhysX] Initialized MultithreadedTaskDispatcher with 20 workers.
 -> (artifact id: '70881878a05497f224daa1883b2e7291') in 0.017748 seconds
Number of updated asset objects reloaded before import = 0
Number of asset objects unloaded after import = 8
========================================================================
Received Import Request.
  Time since last request: 0.000013 seconds.
  path: Assets/Resources/将领信息预制件/新科技_中.png
  artifactKey: Guid(bb7c4be3a0c74af9b63104138d905bf3) Importer(815301076,1909f56bfc062723c751e8b465ee728b)
Start importing Assets/Resources/将领信息预制件/新科技_中.png using Guid(bb7c4be3a0c74af9b63104138d905bf3) Importer(815301076,1909f56bfc062723c751e8b465ee728b) [PhysX] Initialized MultithreadedTaskDispatcher with 20 workers.
[PhysX] Initialized MultithreadedTaskDispatcher with 20 workers.
 -> (artifact id: 'c906a67f8882b5f13ceddeba5a6b3d9a') in 0.082278 seconds
Number of updated asset objects reloaded before import = 0
Number of asset objects unloaded after import = 11
========================================================================
Received Import Request.
  Time since last request: 0.000017 seconds.
  path: Assets/Resources/将领信息预制件/将领红星.prefab
  artifactKey: Guid(c09e15f3e60f48a4aec452f372d36e53) Importer(815301076,1909f56bfc062723c751e8b465ee728b)
Start importing Assets/Resources/将领信息预制件/将领红星.prefab using Guid(c09e15f3e60f48a4aec452f372d36e53) Importer(815301076,1909f56bfc062723c751e8b465ee728b) [PhysX] Initialized MultithreadedTaskDispatcher with 20 workers.
[PhysX] Initialized MultithreadedTaskDispatcher with 20 workers.
 -> (artifact id: '36da2b0811c2f69f24692dce48f85a45') in 0.011007 seconds
Number of updated asset objects reloaded before import = 0
Number of asset objects unloaded after import = 8
========================================================================
Received Import Request.
  Time since last request: 0.000023 seconds.
  path: Assets/Resources/将领信息预制件/将领血条信息.prefab
  artifactKey: Guid(62face97c1084d1d92f0c9f95b9eee2e) Importer(815301076,1909f56bfc062723c751e8b465ee728b)
Start importing Assets/Resources/将领信息预制件/将领血条信息.prefab using Guid(62face97c1084d1d92f0c9f95b9eee2e) Importer(815301076,1909f56bfc062723c751e8b465ee728b) [PhysX] Initialized MultithreadedTaskDispatcher with 20 workers.
[PhysX] Initialized MultithreadedTaskDispatcher with 20 workers.
 -> (artifact id: 'c31968ab1ca2a6d5752a5f71f10cb78c') in 0.017040 seconds
Number of updated asset objects reloaded before import = 0
Number of asset objects unloaded after import = 35
========================================================================
Received Import Request.
  Time since last request: 0.000015 seconds.
  path: Assets/Resources/将领信息预制件/将领紫星.prefab
  artifactKey: Guid(0cc40d21b87c4f8e9f5eb4f6cca09d47) Importer(815301076,1909f56bfc062723c751e8b465ee728b)
Start importing Assets/Resources/将领信息预制件/将领紫星.prefab using Guid(0cc40d21b87c4f8e9f5eb4f6cca09d47) Importer(815301076,1909f56bfc062723c751e8b465ee728b) [PhysX] Initialized MultithreadedTaskDispatcher with 20 workers.
[PhysX] Initialized MultithreadedTaskDispatcher with 20 workers.
 -> (artifact id: '932fad01c3c9a89550ae24917e5f007d') in 0.007894 seconds
Number of updated asset objects reloaded before import = 0
Number of asset objects unloaded after import = 8
========================================================================
Received Import Request.
  Time since last request: 0.000014 seconds.
  path: Assets/Resources/将领信息预制件/底部特效.prefab
  artifactKey: Guid(f8153febaacc4099925c91659f3b24eb) Importer(815301076,1909f56bfc062723c751e8b465ee728b)
Start importing Assets/Resources/将领信息预制件/底部特效.prefab using Guid(f8153febaacc4099925c91659f3b24eb) Importer(815301076,1909f56bfc062723c751e8b465ee728b) [PhysX] Initialized MultithreadedTaskDispatcher with 20 workers.
 -> (artifact id: 'a66d356b6f99730002772b4df9daf98d') in 0.001366 seconds
Number of updated asset objects reloaded before import = 0
Number of asset objects unloaded after import = 6
========================================================================
Received Import Request.
  Time since last request: 0.000032 seconds.
  path: Assets/Resources/将领信息预制件/将领名字.prefab
  artifactKey: Guid(41339edf92fa4220845a699be47323e2) Importer(815301076,1909f56bfc062723c751e8b465ee728b)
Start importing Assets/Resources/将领信息预制件/将领名字.prefab using Guid(41339edf92fa4220845a699be47323e2) Importer(815301076,1909f56bfc062723c751e8b465ee728b) [PhysX] Initialized MultithreadedTaskDispatcher with 20 workers.
 -> (artifact id: '5ed10428498e002979cee2ea23560572') in 0.003176 seconds
Number of updated asset objects reloaded before import = 0
Number of asset objects unloaded after import = 12
========================================================================
Received Import Request.
  Time since last request: 0.000012 seconds.
  path: Assets/Resources/将领信息预制件/新科技_挡.png
  artifactKey: Guid(ef6563ee2daf4b3f8fe72922cccb10f4) Importer(815301076,1909f56bfc062723c751e8b465ee728b)
Start importing Assets/Resources/将领信息预制件/新科技_挡.png using Guid(ef6563ee2daf4b3f8fe72922cccb10f4) Importer(815301076,1909f56bfc062723c751e8b465ee728b) [PhysX] Initialized MultithreadedTaskDispatcher with 20 workers.
[PhysX] Initialized MultithreadedTaskDispatcher with 20 workers.
 -> (artifact id: '2c1e5738083190ca6b2c240459793316') in 0.022582 seconds
Number of updated asset objects reloaded before import = 0
Number of asset objects unloaded after import = 11
========================================================================
Received Import Request.
  Time since last request: 16.134213 seconds.
  path: Assets/Resources/将领信息预制件/将领血条信息.prefab
  artifactKey: Guid(62face97c1084d1d92f0c9f95b9eee2e) Importer(815301076,1909f56bfc062723c751e8b465ee728b)
Start importing Assets/Resources/将领信息预制件/将领血条信息.prefab using Guid(62face97c1084d1d92f0c9f95b9eee2e) Importer(815301076,1909f56bfc062723c751e8b465ee728b) [PhysX] Initialized MultithreadedTaskDispatcher with 20 workers.
[PhysX] Initialized MultithreadedTaskDispatcher with 20 workers.
 -> (artifact id: 'b8137b2351dd9a9881349d9e6c9a5196') in 0.012085 seconds
Number of updated asset objects reloaded before import = 0
Number of asset objects unloaded after import = 35
========================================================================
Received Import Request.
  Time since last request: 11.259816 seconds.
  path: Assets/Resources/将领信息预制件/将领血条信息.prefab
  artifactKey: Guid(62face97c1084d1d92f0c9f95b9eee2e) Importer(815301076,1909f56bfc062723c751e8b465ee728b)
Start importing Assets/Resources/将领信息预制件/将领血条信息.prefab using Guid(62face97c1084d1d92f0c9f95b9eee2e) Importer(815301076,1909f56bfc062723c751e8b465ee728b) [PhysX] Initialized MultithreadedTaskDispatcher with 20 workers.
[PhysX] Initialized MultithreadedTaskDispatcher with 20 workers.
 -> (artifact id: 'd179bd9701c5a38833942b3305e69fca') in 0.006979 seconds
Number of updated asset objects reloaded before import = 0
Number of asset objects unloaded after import = 35
========================================================================
Received Import Request.
  Time since last request: 4.018590 seconds.
  path: Assets/Resources/将领信息预制件/将领血条信息.prefab
  artifactKey: Guid(62face97c1084d1d92f0c9f95b9eee2e) Importer(815301076,1909f56bfc062723c751e8b465ee728b)
Start importing Assets/Resources/将领信息预制件/将领血条信息.prefab using Guid(62face97c1084d1d92f0c9f95b9eee2e) Importer(815301076,1909f56bfc062723c751e8b465ee728b) [PhysX] Initialized MultithreadedTaskDispatcher with 20 workers.
[PhysX] Initialized MultithreadedTaskDispatcher with 20 workers.
 -> (artifact id: 'fe065ec8e2fa99e89fe507cad82aabe5') in 0.009225 seconds
Number of updated asset objects reloaded before import = 0
Number of asset objects unloaded after import = 35
========================================================================
Received Import Request.
  Time since last request: 9.047873 seconds.
  path: Assets/Resources/等级数字.mat
  artifactKey: Guid(cbcb8abaf38f45d4a9e1e8d5f8a52983) Importer(815301076,1909f56bfc062723c751e8b465ee728b)
Start importing Assets/Resources/等级数字.mat using Guid(cbcb8abaf38f45d4a9e1e8d5f8a52983) Importer(815301076,1909f56bfc062723c751e8b465ee728b) [PhysX] Initialized MultithreadedTaskDispatcher with 20 workers.
[PhysX] Initialized MultithreadedTaskDispatcher with 20 workers.
 -> (artifact id: 'b87980515222ed92cfb05548648789b2') in 0.010456 seconds
Number of updated asset objects reloaded before import = 0
Number of asset objects unloaded after import = 2
========================================================================
Received Import Request.
  Time since last request: 0.000016 seconds.
  path: Assets/Resources/血条.png
  artifactKey: Guid(0985aa019c15474c966270e8a9a0c3ca) Importer(815301076,1909f56bfc062723c751e8b465ee728b)
Start importing Assets/Resources/血条.png using Guid(0985aa019c15474c966270e8a9a0c3ca) Importer(815301076,1909f56bfc062723c751e8b465ee728b) [PhysX] Initialized MultithreadedTaskDispatcher with 20 workers.
[PhysX] Initialized MultithreadedTaskDispatcher with 20 workers.
 -> (artifact id: '835223cf4718e4ca8e5fb140ebf3d4d0') in 0.017981 seconds
Number of updated asset objects reloaded before import = 0
Number of asset objects unloaded after import = 3
========================================================================
Received Import Request.
  Time since last request: 0.347646 seconds.
  path: Assets/Resources/新伤害数字.ttf
  artifactKey: Guid(750e975748784163a6bcf3fee703ca13) Importer(815301076,1909f56bfc062723c751e8b465ee728b)
Start importing Assets/Resources/新伤害数字.ttf using Guid(750e975748784163a6bcf3fee703ca13) Importer(815301076,1909f56bfc062723c751e8b465ee728b) [PhysX] Initialized MultithreadedTaskDispatcher with 20 workers.
 -> (artifact id: '26aeb92ed9a582d19f18d0408f9153fd') in 0.000996 seconds
Number of updated asset objects reloaded before import = 0
Number of asset objects unloaded after import = 1
========================================================================
Received Import Request.
  Time since last request: 44.050116 seconds.
  path: Assets/Font/强化等级.ttf
  artifactKey: Guid(116ebfd9e7f64eaba80e904b977abd66) Importer(815301076,1909f56bfc062723c751e8b465ee728b)
Start importing Assets/Font/强化等级.ttf using Guid(116ebfd9e7f64eaba80e904b977abd66) Importer(815301076,1909f56bfc062723c751e8b465ee728b) [PhysX] Initialized MultithreadedTaskDispatcher with 20 workers.
[PhysX] Initialized MultithreadedTaskDispatcher with 20 workers.
[PhysX] Initialized MultithreadedTaskDispatcher with 20 workers.
 -> (artifact id: '4a87a1fd1f29a7cb9f04b2cd751af59a') in 0.016282 seconds
Number of updated asset objects reloaded before import = 0
Number of asset objects unloaded after import = 4
========================================================================
Received Import Request.
  Time since last request: 0.000116 seconds.
  path: Assets/Font/伤害数字.ttf
  artifactKey: Guid(95d44a1438b84e51a287538071bc892c) Importer(815301076,1909f56bfc062723c751e8b465ee728b)
Start importing Assets/Font/伤害数字.ttf using Guid(95d44a1438b84e51a287538071bc892c) Importer(815301076,1909f56bfc062723c751e8b465ee728b) [PhysX] Initialized MultithreadedTaskDispatcher with 20 workers.
[PhysX] Initialized MultithreadedTaskDispatcher with 20 workers.
[PhysX] Initialized MultithreadedTaskDispatcher with 20 workers.
 -> (artifact id: 'ffc3660880dcc9ee666bf7657dbd0d51') in 0.010326 seconds
Number of updated asset objects reloaded before import = 0
Number of asset objects unloaded after import = 4
========================================================================
Received Import Request.
  Time since last request: 0.000013 seconds.
  path: Assets/Font/战斗界面兵力数字.ttf
  artifactKey: Guid(459a043e739244868435e66e03127a56) Importer(815301076,1909f56bfc062723c751e8b465ee728b)
Start importing Assets/Font/战斗界面兵力数字.ttf using Guid(459a043e739244868435e66e03127a56) Importer(815301076,1909f56bfc062723c751e8b465ee728b) [PhysX] Initialized MultithreadedTaskDispatcher with 20 workers.
[PhysX] Initialized MultithreadedTaskDispatcher with 20 workers.
[PhysX] Initialized MultithreadedTaskDispatcher with 20 workers.
 -> (artifact id: '0e01dc6c7b1e8040ae3a84525cdc6dcc') in 0.018166 seconds
Number of updated asset objects reloaded before import = 0
Number of asset objects unloaded after import = 4
========================================================================
Received Import Request.
  Time since last request: 0.000014 seconds.
  path: Assets/Font/战斗界面时间数字.ttf
  artifactKey: Guid(786c63451df3475885d9053a46d884a3) Importer(815301076,1909f56bfc062723c751e8b465ee728b)
Start importing Assets/Font/战斗界面时间数字.ttf using Guid(786c63451df3475885d9053a46d884a3) Importer(815301076,1909f56bfc062723c751e8b465ee728b) [PhysX] Initialized MultithreadedTaskDispatcher with 20 workers.
[PhysX] Initialized MultithreadedTaskDispatcher with 20 workers.
[PhysX] Initialized MultithreadedTaskDispatcher with 20 workers.
 -> (artifact id: 'ec92520da7a1263430f3b329fe27e2bc') in 0.024077 seconds
Number of updated asset objects reloaded before import = 0
Number of asset objects unloaded after import = 4
========================================================================
Received Import Request.
  Time since last request: 7.829258 seconds.
  path: Assets/Font/强化等级.ttf
  artifactKey: Guid(116ebfd9e7f64eaba80e904b977abd66) Importer(815301076,1909f56bfc062723c751e8b465ee728b)
Start importing Assets/Font/强化等级.ttf using Guid(116ebfd9e7f64eaba80e904b977abd66) Importer(815301076,1909f56bfc062723c751e8b465ee728b) [PhysX] Initialized MultithreadedTaskDispatcher with 20 workers.
[PhysX] Initialized MultithreadedTaskDispatcher with 20 workers.
[PhysX] Initialized MultithreadedTaskDispatcher with 20 workers.
 -> (artifact id: 'cc1154bdd3710bfa100f405a50d86b47') in 0.017442 seconds
Number of updated asset objects reloaded before import = 0
Number of asset objects unloaded after import = 4
========================================================================
Received Import Request.
  Time since last request: 0.000014 seconds.
  path: Assets/Font/将领等级数字.ttf
  artifactKey: Guid(3da8f7b260ef4251b89da21329ad3432) Importer(815301076,1909f56bfc062723c751e8b465ee728b)
Start importing Assets/Font/将领等级数字.ttf using Guid(3da8f7b260ef4251b89da21329ad3432) Importer(815301076,1909f56bfc062723c751e8b465ee728b) [PhysX] Initialized MultithreadedTaskDispatcher with 20 workers.
[PhysX] Initialized MultithreadedTaskDispatcher with 20 workers.
[PhysX] Initialized MultithreadedTaskDispatcher with 20 workers.
 -> (artifact id: '44551630868bfac543868bb448e867f8') in 0.008994 seconds
Number of updated asset objects reloaded before import = 0
Number of asset objects unloaded after import = 4
========================================================================
Received Import Request.
  Time since last request: 0.000013 seconds.
  path: Assets/Font/战斗界面兵力数字.ttf
  artifactKey: Guid(459a043e739244868435e66e03127a56) Importer(815301076,1909f56bfc062723c751e8b465ee728b)
Start importing Assets/Font/战斗界面兵力数字.ttf using Guid(459a043e739244868435e66e03127a56) Importer(815301076,1909f56bfc062723c751e8b465ee728b) [PhysX] Initialized MultithreadedTaskDispatcher with 20 workers.
[PhysX] Initialized MultithreadedTaskDispatcher with 20 workers.
[PhysX] Initialized MultithreadedTaskDispatcher with 20 workers.
 -> (artifact id: '8f71df73ce897c0aabf35e27d2104a69') in 0.044765 seconds
Number of updated asset objects reloaded before import = 0
Number of asset objects unloaded after import = 4
========================================================================
Received Import Request.
  Time since last request: 84.878497 seconds.
  path: Assets/Resources/将领信息预制件/将领血条信息.prefab
  artifactKey: Guid(62face97c1084d1d92f0c9f95b9eee2e) Importer(815301076,1909f56bfc062723c751e8b465ee728b)
Start importing Assets/Resources/将领信息预制件/将领血条信息.prefab using Guid(62face97c1084d1d92f0c9f95b9eee2e) Importer(815301076,1909f56bfc062723c751e8b465ee728b) [PhysX] Initialized MultithreadedTaskDispatcher with 20 workers.
[PhysX] Initialized MultithreadedTaskDispatcher with 20 workers.
 -> (artifact id: 'c6ab54e511a5583b122a6d79da8fcc12') in 0.017098 seconds
Number of updated asset objects reloaded before import = 0
Number of asset objects unloaded after import = 38
========================================================================
Received Import Request.
  Time since last request: 19.805426 seconds.
  path: Assets/Resources/将领信息预制件/伤害显示预制件.prefab
  artifactKey: Guid(d9c6f51634ab4d1aaf43f21304f38496) Importer(815301076,1909f56bfc062723c751e8b465ee728b)
Start importing Assets/Resources/将领信息预制件/伤害显示预制件.prefab using Guid(d9c6f51634ab4d1aaf43f21304f38496) Importer(815301076,1909f56bfc062723c751e8b465ee728b) [PhysX] Initialized MultithreadedTaskDispatcher with 20 workers.
 -> (artifact id: '8090c750878193f1b112d81d5a680d92') in 0.002425 seconds
Number of updated asset objects reloaded before import = 0
Number of asset objects unloaded after import = 13
========================================================================
Received Import Request.
  Time since last request: 4.230148 seconds.
  path: Assets/Resources/将领信息预制件/伤害显示预制件.prefab
  artifactKey: Guid(d9c6f51634ab4d1aaf43f21304f38496) Importer(815301076,1909f56bfc062723c751e8b465ee728b)
Start importing Assets/Resources/将领信息预制件/伤害显示预制件.prefab using Guid(d9c6f51634ab4d1aaf43f21304f38496) Importer(815301076,1909f56bfc062723c751e8b465ee728b) [PhysX] Initialized MultithreadedTaskDispatcher with 20 workers.
 -> (artifact id: 'fd128454b7dfd99e56b30aedaaee5def') in 0.001831 seconds
Number of updated asset objects reloaded before import = 0
Number of asset objects unloaded after import = 13
========================================================================
Received Import Request.
  Time since last request: 2.614103 seconds.
  path: Assets/Resources/将领信息预制件/伤害显示预制件.prefab
  artifactKey: Guid(d9c6f51634ab4d1aaf43f21304f38496) Importer(815301076,1909f56bfc062723c751e8b465ee728b)
Start importing Assets/Resources/将领信息预制件/伤害显示预制件.prefab using Guid(d9c6f51634ab4d1aaf43f21304f38496) Importer(815301076,1909f56bfc062723c751e8b465ee728b) [PhysX] Initialized MultithreadedTaskDispatcher with 20 workers.
 -> (artifact id: '2bad3a52f863aa859bfa98d32f6a78cf') in 0.002272 seconds
Number of updated asset objects reloaded before import = 0
Number of asset objects unloaded after import = 13
========================================================================
Received Import Request.
  Time since last request: 6.240304 seconds.
  path: Assets/Resources/将领信息预制件/伤害显示预制件.prefab
  artifactKey: Guid(d9c6f51634ab4d1aaf43f21304f38496) Importer(815301076,1909f56bfc062723c751e8b465ee728b)
Start importing Assets/Resources/将领信息预制件/伤害显示预制件.prefab using Guid(d9c6f51634ab4d1aaf43f21304f38496) Importer(815301076,1909f56bfc062723c751e8b465ee728b) [PhysX] Initialized MultithreadedTaskDispatcher with 20 workers.
 -> (artifact id: 'e9f5b05ac0b134426dbd001ae1246cec') in 0.001840 seconds
Number of updated asset objects reloaded before import = 0
Number of asset objects unloaded after import = 13
========================================================================
Received Import Request.
  Time since last request: 0.600319 seconds.
  path: Assets/Resources/将领信息预制件/伤害显示预制件.prefab
  artifactKey: Guid(d9c6f51634ab4d1aaf43f21304f38496) Importer(815301076,1909f56bfc062723c751e8b465ee728b)
Start importing Assets/Resources/将领信息预制件/伤害显示预制件.prefab using Guid(d9c6f51634ab4d1aaf43f21304f38496) Importer(815301076,1909f56bfc062723c751e8b465ee728b) [PhysX] Initialized MultithreadedTaskDispatcher with 20 workers.
 -> (artifact id: '9481133c1fd7f356a79f9a295030efd6') in 0.001922 seconds
Number of updated asset objects reloaded before import = 0
Number of asset objects unloaded after import = 13
========================================================================
Received Import Request.
  Time since last request: 6.856203 seconds.
  path: Assets/Resources/将领信息预制件/伤害显示预制件.prefab
  artifactKey: Guid(d9c6f51634ab4d1aaf43f21304f38496) Importer(815301076,1909f56bfc062723c751e8b465ee728b)
Start importing Assets/Resources/将领信息预制件/伤害显示预制件.prefab using Guid(d9c6f51634ab4d1aaf43f21304f38496) Importer(815301076,1909f56bfc062723c751e8b465ee728b) [PhysX] Initialized MultithreadedTaskDispatcher with 20 workers.
 -> (artifact id: 'f192a4ff26799235fb0b41c364bb0257') in 0.001738 seconds
Number of updated asset objects reloaded before import = 0
Number of asset objects unloaded after import = 13
========================================================================
Received Import Request.
  Time since last request: 9.885877 seconds.
  path: Assets/Resources/将领信息预制件/伤害显示预制件.prefab
  artifactKey: Guid(d9c6f51634ab4d1aaf43f21304f38496) Importer(815301076,1909f56bfc062723c751e8b465ee728b)
Start importing Assets/Resources/将领信息预制件/伤害显示预制件.prefab using Guid(d9c6f51634ab4d1aaf43f21304f38496) Importer(815301076,1909f56bfc062723c751e8b465ee728b) [PhysX] Initialized MultithreadedTaskDispatcher with 20 workers.
 -> (artifact id: '0b95730240504c755de02a2b611be153') in 0.002174 seconds
Number of updated asset objects reloaded before import = 0
Number of asset objects unloaded after import = 13
========================================================================
Received Import Request.
  Time since last request: 12.495824 seconds.
  path: Assets/Resources/将领信息预制件/伤害显示预制件.prefab
  artifactKey: Guid(d9c6f51634ab4d1aaf43f21304f38496) Importer(815301076,1909f56bfc062723c751e8b465ee728b)
Start importing Assets/Resources/将领信息预制件/伤害显示预制件.prefab using Guid(d9c6f51634ab4d1aaf43f21304f38496) Importer(815301076,1909f56bfc062723c751e8b465ee728b) [PhysX] Initialized MultithreadedTaskDispatcher with 20 workers.
 -> (artifact id: '685b7eb43bf3ef0c6a531368e34475d8') in 0.001518 seconds
Number of updated asset objects reloaded before import = 0
Number of asset objects unloaded after import = 12
========================================================================
Received Import Request.
  Time since last request: 1.408913 seconds.
  path: Assets/Resources/将领信息预制件/伤害显示预制件.prefab
  artifactKey: Guid(d9c6f51634ab4d1aaf43f21304f38496) Importer(815301076,1909f56bfc062723c751e8b465ee728b)
Start importing Assets/Resources/将领信息预制件/伤害显示预制件.prefab using Guid(d9c6f51634ab4d1aaf43f21304f38496) Importer(815301076,1909f56bfc062723c751e8b465ee728b) [PhysX] Initialized MultithreadedTaskDispatcher with 20 workers.
 -> (artifact id: '0787fc813be8fcbe2cc60a7113318eba') in 0.005921 seconds
Number of updated asset objects reloaded before import = 0
Number of asset objects unloaded after import = 14
========================================================================
Received Import Request.
  Time since last request: 0.597661 seconds.
  path: Assets/Resources/将领信息预制件/伤害显示预制件.prefab
  artifactKey: Guid(d9c6f51634ab4d1aaf43f21304f38496) Importer(815301076,1909f56bfc062723c751e8b465ee728b)
Start importing Assets/Resources/将领信息预制件/伤害显示预制件.prefab using Guid(d9c6f51634ab4d1aaf43f21304f38496) Importer(815301076,1909f56bfc062723c751e8b465ee728b) [PhysX] Initialized MultithreadedTaskDispatcher with 20 workers.
 -> (artifact id: '2420de159834cb3293f8571a09d27940') in 0.002146 seconds
Number of updated asset objects reloaded before import = 0
Number of asset objects unloaded after import = 13
========================================================================
Received Import Request.
  Time since last request: 0.600402 seconds.
  path: Assets/Resources/将领信息预制件/伤害显示预制件.prefab
  artifactKey: Guid(d9c6f51634ab4d1aaf43f21304f38496) Importer(815301076,1909f56bfc062723c751e8b465ee728b)
Start importing Assets/Resources/将领信息预制件/伤害显示预制件.prefab using Guid(d9c6f51634ab4d1aaf43f21304f38496) Importer(815301076,1909f56bfc062723c751e8b465ee728b) [PhysX] Initialized MultithreadedTaskDispatcher with 20 workers.
 -> (artifact id: '546b2e9d8c9d6cc5b1aacd3d75d11fbf') in 0.001964 seconds
Number of updated asset objects reloaded before import = 0
Number of asset objects unloaded after import = 13
========================================================================
Received Import Request.
  Time since last request: 1.411372 seconds.
  path: Assets/Resources/将领信息预制件/伤害显示预制件.prefab
  artifactKey: Guid(d9c6f51634ab4d1aaf43f21304f38496) Importer(815301076,1909f56bfc062723c751e8b465ee728b)
Start importing Assets/Resources/将领信息预制件/伤害显示预制件.prefab using Guid(d9c6f51634ab4d1aaf43f21304f38496) Importer(815301076,1909f56bfc062723c751e8b465ee728b) [PhysX] Initialized MultithreadedTaskDispatcher with 20 workers.
 -> (artifact id: 'bbde1237545ecd7402acaee393a4eb70') in 0.018384 seconds
Number of updated asset objects reloaded before import = 0
Number of asset objects unloaded after import = 14
========================================================================
Received Import Request.
  Time since last request: 1.790690 seconds.
  path: Assets/Resources/将领信息预制件/伤害显示预制件.prefab
  artifactKey: Guid(d9c6f51634ab4d1aaf43f21304f38496) Importer(815301076,1909f56bfc062723c751e8b465ee728b)
Start importing Assets/Resources/将领信息预制件/伤害显示预制件.prefab using Guid(d9c6f51634ab4d1aaf43f21304f38496) Importer(815301076,1909f56bfc062723c751e8b465ee728b) [PhysX] Initialized MultithreadedTaskDispatcher with 20 workers.
 -> (artifact id: 'ccd5be22efaaa8e55eb5c0a2c4ca56f6') in 0.003293 seconds
Number of updated asset objects reloaded before import = 0
Number of asset objects unloaded after import = 14
========================================================================
Received Import Request.
  Time since last request: 2.611577 seconds.
  path: Assets/Resources/将领信息预制件/伤害显示预制件.prefab
  artifactKey: Guid(d9c6f51634ab4d1aaf43f21304f38496) Importer(815301076,1909f56bfc062723c751e8b465ee728b)
Start importing Assets/Resources/将领信息预制件/伤害显示预制件.prefab using Guid(d9c6f51634ab4d1aaf43f21304f38496) Importer(815301076,1909f56bfc062723c751e8b465ee728b) [PhysX] Initialized MultithreadedTaskDispatcher with 20 workers.
 -> (artifact id: 'b5fa3a7ff023a46be33191a4c967640d') in 0.002898 seconds
Number of updated asset objects reloaded before import = 0
Number of asset objects unloaded after import = 14
========================================================================
Received Import Request.
  Time since last request: 0.604443 seconds.
  path: Assets/Resources/将领信息预制件/伤害显示预制件.prefab
  artifactKey: Guid(d9c6f51634ab4d1aaf43f21304f38496) Importer(815301076,1909f56bfc062723c751e8b465ee728b)
Start importing Assets/Resources/将领信息预制件/伤害显示预制件.prefab using Guid(d9c6f51634ab4d1aaf43f21304f38496) Importer(815301076,1909f56bfc062723c751e8b465ee728b) [PhysX] Initialized MultithreadedTaskDispatcher with 20 workers.
 -> (artifact id: '74d66ae3b2c3d653af3c3c3369631646') in 0.003229 seconds
Number of updated asset objects reloaded before import = 0
Number of asset objects unloaded after import = 14
========================================================================
Received Import Request.
  Time since last request: 1.204377 seconds.
  path: Assets/Resources/将领信息预制件/伤害显示预制件.prefab
  artifactKey: Guid(d9c6f51634ab4d1aaf43f21304f38496) Importer(815301076,1909f56bfc062723c751e8b465ee728b)
Start importing Assets/Resources/将领信息预制件/伤害显示预制件.prefab using Guid(d9c6f51634ab4d1aaf43f21304f38496) Importer(815301076,1909f56bfc062723c751e8b465ee728b) [PhysX] Initialized MultithreadedTaskDispatcher with 20 workers.
 -> (artifact id: 'e140b577a34559f17552ac06adcc3ecd') in 0.003684 seconds
Number of updated asset objects reloaded before import = 0
Number of asset objects unloaded after import = 14
========================================================================
Received Import Request.
  Time since last request: 12.495211 seconds.
  path: Assets/Resources/将领信息预制件/伤害显示预制件.prefab
  artifactKey: Guid(d9c6f51634ab4d1aaf43f21304f38496) Importer(815301076,1909f56bfc062723c751e8b465ee728b)
Start importing Assets/Resources/将领信息预制件/伤害显示预制件.prefab using Guid(d9c6f51634ab4d1aaf43f21304f38496) Importer(815301076,1909f56bfc062723c751e8b465ee728b) [PhysX] Initialized MultithreadedTaskDispatcher with 20 workers.
 -> (artifact id: 'fd637320780cbc044c1d5aac7807e42c') in 0.002708 seconds
Number of updated asset objects reloaded before import = 0
Number of asset objects unloaded after import = 14
========================================================================
Received Import Request.
  Time since last request: 2.417302 seconds.
  path: Assets/Resources/将领信息预制件/伤害显示预制件.prefab
  artifactKey: Guid(d9c6f51634ab4d1aaf43f21304f38496) Importer(815301076,1909f56bfc062723c751e8b465ee728b)
Start importing Assets/Resources/将领信息预制件/伤害显示预制件.prefab using Guid(d9c6f51634ab4d1aaf43f21304f38496) Importer(815301076,1909f56bfc062723c751e8b465ee728b) [PhysX] Initialized MultithreadedTaskDispatcher with 20 workers.
 -> (artifact id: '1438c01ec4bcc20ed11ebe768f876a12') in 0.003046 seconds
Number of updated asset objects reloaded before import = 0
Number of asset objects unloaded after import = 14
========================================================================
Received Import Request.
  Time since last request: 1.807983 seconds.
  path: Assets/Resources/将领信息预制件/伤害显示预制件.prefab
  artifactKey: Guid(d9c6f51634ab4d1aaf43f21304f38496) Importer(815301076,1909f56bfc062723c751e8b465ee728b)
Start importing Assets/Resources/将领信息预制件/伤害显示预制件.prefab using Guid(d9c6f51634ab4d1aaf43f21304f38496) Importer(815301076,1909f56bfc062723c751e8b465ee728b) [PhysX] Initialized MultithreadedTaskDispatcher with 20 workers.
 -> (artifact id: 'ca6e981223f744393f52f1a63b74c08e') in 0.003415 seconds
Number of updated asset objects reloaded before import = 0
Number of asset objects unloaded after import = 14
========================================================================
Received Import Request.
  Time since last request: 2.413617 seconds.
  path: Assets/Resources/将领信息预制件/伤害显示预制件.prefab
  artifactKey: Guid(d9c6f51634ab4d1aaf43f21304f38496) Importer(815301076,1909f56bfc062723c751e8b465ee728b)
Start importing Assets/Resources/将领信息预制件/伤害显示预制件.prefab using Guid(d9c6f51634ab4d1aaf43f21304f38496) Importer(815301076,1909f56bfc062723c751e8b465ee728b) [PhysX] Initialized MultithreadedTaskDispatcher with 20 workers.
 -> (artifact id: '6bf3646218403668ef3f6c4e1eba59eb') in 0.003266 seconds
Number of updated asset objects reloaded before import = 0
Number of asset objects unloaded after import = 14
========================================================================
Received Import Request.
  Time since last request: 2.204423 seconds.
  path: Assets/Resources/将领信息预制件/伤害显示预制件.prefab
  artifactKey: Guid(d9c6f51634ab4d1aaf43f21304f38496) Importer(815301076,1909f56bfc062723c751e8b465ee728b)
Start importing Assets/Resources/将领信息预制件/伤害显示预制件.prefab using Guid(d9c6f51634ab4d1aaf43f21304f38496) Importer(815301076,1909f56bfc062723c751e8b465ee728b) [PhysX] Initialized MultithreadedTaskDispatcher with 20 workers.
 -> (artifact id: '4388c2711416b93c809ddb61806a3c4d') in 0.002825 seconds
Number of updated asset objects reloaded before import = 0
Number of asset objects unloaded after import = 15
